"FullName","Name","Length","Attributes"
"C:\Users\flier\OneDrive\תמונות\Samsung Gallery\Android\media\com.whatsapp\WhatsApp\Media\WhatsApp Images\IMG-20170416-WA0002.jpg","IMG-20170416-WA0002.jpg","88959","4199968"
"C:\Users\flier\OneDrive\תמונות\Samsung Gallery\Android\media\com.whatsapp\WhatsApp\Media\WhatsApp Images\IMG-20170416-WA0003.jpg","IMG-20170416-WA0003.jpg","39723","4199968"
"C:\Users\flier\OneDrive\תמונות\Samsung Gallery\Android\media\com.whatsapp\WhatsApp\Media\WhatsApp Images\IMG-20170416-WA0005.jpg","IMG-20170416-WA0005.jpg","25988","4199968"
"C:\Users\flier\OneDrive\תמונות\Samsung Gallery\Android\media\com.whatsapp\WhatsApp\Media\WhatsApp Images\IMG-20170418-WA0002.jpg","IMG-20170418-WA0002.jpg","117766","4199968"
"C:\Users\flier\OneDrive\תמונות\Samsung Gallery\Android\media\com.whatsapp\WhatsApp\Media\WhatsApp Images\IMG-20170418-WA0003.jpg","IMG-20170418-WA0003.jpg","111745","4199968"
"C:\Users\flier\OneDrive\תמונות\Samsung Gallery\Android\media\com.whatsapp\WhatsApp\Media\WhatsApp Images\IMG-20170418-WA0004.jpg","IMG-20170418-WA0004.jpg","65690","4199968"
"C:\Users\flier\OneDrive\תמונות\Samsung Gallery\Android\media\com.whatsapp\WhatsApp\Media\WhatsApp Images\IMG-20170420-WA0001.jpg","IMG-20170420-WA0001.jpg","118505","4199968"
"C:\Users\flier\OneDrive\תמונות\Samsung Gallery\Android\media\com.whatsapp\WhatsApp\Media\WhatsApp Images\IMG-20170420-WA0003.jpg","IMG-20170420-WA0003.jpg","129635","4199968"
"C:\Users\flier\OneDrive\תמונות\Samsung Gallery\Android\media\com.whatsapp\WhatsApp\Media\WhatsApp Images\IMG-20170421-WA0001.jpg","IMG-20170421-WA0001.jpg","5249","4199968"
"C:\Users\flier\OneDrive\תמונות\Samsung Gallery\Android\media\com.whatsapp\WhatsApp\Media\WhatsApp Images\IMG-20170424-WA0007.jpg","IMG-20170424-WA0007.jpg","2183","4199968"
"C:\Users\flier\OneDrive\תמונות\Samsung Gallery\Android\media\com.whatsapp\WhatsApp\Media\WhatsApp Images\IMG-20170426-WA0006.jpg","IMG-20170426-WA0006.jpg","5835","4199968"
"C:\Users\flier\OneDrive\תמונות\Samsung Gallery\Android\media\com.whatsapp\WhatsApp\Media\WhatsApp Images\IMG-20170427-WA0010.jpg","IMG-20170427-WA0010.jpg","194428","4199968"
"C:\Users\flier\OneDrive\תמונות\Samsung Gallery\Android\media\com.whatsapp\WhatsApp\Media\WhatsApp Images\IMG-20170427-WA0011.jpg","IMG-20170427-WA0011.jpg","77525","4199968"
"C:\Users\flier\OneDrive\תמונות\Samsung Gallery\Android\media\com.whatsapp\WhatsApp\Media\WhatsApp Images\IMG-20170427-WA0012.jpg","IMG-20170427-WA0012.jpg","153560","4199968"
"C:\Users\flier\OneDrive\תמונות\Samsung Gallery\Android\media\com.whatsapp\WhatsApp\Media\WhatsApp Images\IMG-20170427-WA0013.jpg","IMG-20170427-WA0013.jpg","140094","4199968"
"C:\Users\flier\OneDrive\תמונות\Samsung Gallery\Android\media\com.whatsapp\WhatsApp\Media\WhatsApp Images\IMG-20170427-WA0014.jpg","IMG-20170427-WA0014.jpg","123105","4199968"
"C:\Users\flier\OneDrive\תמונות\Samsung Gallery\Android\media\com.whatsapp\WhatsApp\Media\WhatsApp Images\IMG-20170427-WA0015.jpg","IMG-20170427-WA0015.jpg","115474","4199968"
"C:\Users\flier\OneDrive\תמונות\Samsung Gallery\Android\media\com.whatsapp\WhatsApp\Media\WhatsApp Images\IMG-20170501-WA0001.jpg","IMG-20170501-WA0001.jpg","144122","4199968"
"C:\Users\flier\OneDrive\תמונות\Samsung Gallery\Android\media\com.whatsapp\WhatsApp\Media\WhatsApp Images\IMG-20170501-WA0002.jpg","IMG-20170501-WA0002.jpg","163493","4199968"
"C:\Users\flier\OneDrive\תמונות\Samsung Gallery\Android\media\com.whatsapp\WhatsApp\Media\WhatsApp Images\IMG-20170501-WA0003.jpg","IMG-20170501-WA0003.jpg","105028","4199968"
"C:\Users\flier\OneDrive\תמונות\Samsung Gallery\Android\media\com.whatsapp\WhatsApp\Media\WhatsApp Images\IMG-20170501-WA0004.jpg","IMG-20170501-WA0004.jpg","148910","4199968"
"C:\Users\flier\OneDrive\תמונות\Samsung Gallery\Android\media\com.whatsapp\WhatsApp\Media\WhatsApp Images\IMG-20170502-WA0002.jpg","IMG-20170502-WA0002.jpg","188107","4199968"
"C:\Users\flier\OneDrive\תמונות\Samsung Gallery\Android\media\com.whatsapp\WhatsApp\Media\WhatsApp Images\IMG-20170503-WA0001.jpg","IMG-20170503-WA0001.jpg","127104","4199968"
"C:\Users\flier\OneDrive\תמונות\Samsung Gallery\Android\media\com.whatsapp\WhatsApp\Media\WhatsApp Images\IMG-20170503-WA0002.jpg","IMG-20170503-WA0002.jpg","108244","4199968"
"C:\Users\flier\OneDrive\תמונות\Samsung Gallery\Android\media\com.whatsapp\WhatsApp\Media\WhatsApp Images\IMG-20170504-WA0001.jpg","IMG-20170504-WA0001.jpg","127861","4199968"
"C:\Users\flier\OneDrive\תמונות\Samsung Gallery\Android\media\com.whatsapp\WhatsApp\Media\WhatsApp Images\IMG-20170504-WA0002.jpg","IMG-20170504-WA0002.jpg","141043","4199968"
"C:\Users\flier\OneDrive\תמונות\Samsung Gallery\Android\media\com.whatsapp\WhatsApp\Media\WhatsApp Images\IMG-20170601-WA0002.jpg","IMG-20170601-WA0002.jpg","241692","4199968"
"C:\Users\flier\OneDrive\תמונות\Samsung Gallery\Android\media\com.whatsapp\WhatsApp\Media\WhatsApp Images\IMG-20170601-WA0003.jpg","IMG-20170601-WA0003.jpg","214726","4199968"
"C:\Users\flier\OneDrive\תמונות\Samsung Gallery\Android\media\com.whatsapp\WhatsApp\Media\WhatsApp Images\IMG-20170601-WA0004.jpg","IMG-20170601-WA0004.jpg","257191","4199968"
"C:\Users\flier\OneDrive\תמונות\Samsung Gallery\Android\media\com.whatsapp\WhatsApp\Media\WhatsApp Images\IMG-20170601-WA0005.jpg","IMG-20170601-WA0005.jpg","239244","4199968"
"C:\Users\flier\OneDrive\תמונות\Samsung Gallery\Android\media\com.whatsapp\WhatsApp\Media\WhatsApp Images\IMG-20170601-WA0006.jpg","IMG-20170601-WA0006.jpg","247974","4199968"
"C:\Users\flier\OneDrive\תמונות\Samsung Gallery\Android\media\com.whatsapp\WhatsApp\Media\WhatsApp Images\IMG-20170608-WA0008.jpg","IMG-20170608-WA0008.jpg","156709","4199968"
"C:\Users\flier\OneDrive\תמונות\Samsung Gallery\Android\media\com.whatsapp\WhatsApp\Media\WhatsApp Images\IMG-20170609-WA0004.jpg","IMG-20170609-WA0004.jpg","163391","4199968"
"C:\Users\flier\OneDrive\תמונות\Samsung Gallery\Android\media\com.whatsapp\WhatsApp\Media\WhatsApp Images\IMG-20170609-WA0005.jpg","IMG-20170609-WA0005.jpg","145720","4199968"
"C:\Users\flier\OneDrive\תמונות\Samsung Gallery\Android\media\com.whatsapp\WhatsApp\Media\WhatsApp Images\IMG-20170619-WA0033.jpg","IMG-20170619-WA0033.jpg","170817","4199968"
"C:\Users\flier\OneDrive\תמונות\Samsung Gallery\Android\media\com.whatsapp\WhatsApp\Media\WhatsApp Images\IMG-20170704-WA0004.jpg","IMG-20170704-WA0004.jpg","228063","4199968"
"C:\Users\flier\OneDrive\תמונות\Samsung Gallery\Android\media\com.whatsapp\WhatsApp\Media\WhatsApp Images\IMG-20170705-WA0001.jpg","IMG-20170705-WA0001.jpg","143246","4199968"
"C:\Users\flier\OneDrive\תמונות\Samsung Gallery\Android\media\com.whatsapp\WhatsApp\Media\WhatsApp Images\IMG-20170706-WA0001.jpg","IMG-20170706-WA0001.jpg","235474","4199968"
"C:\Users\flier\OneDrive\תמונות\Samsung Gallery\Android\media\com.whatsapp\WhatsApp\Media\WhatsApp Images\IMG-20170706-WA0002.jpg","IMG-20170706-WA0002.jpg","188516","4199968"
"C:\Users\flier\OneDrive\תמונות\Samsung Gallery\Android\media\com.whatsapp\WhatsApp\Media\WhatsApp Images\IMG-20170706-WA0003.jpg","IMG-20170706-WA0003.jpg","212497","4199968"
"C:\Users\flier\OneDrive\תמונות\Samsung Gallery\Android\media\com.whatsapp\WhatsApp\Media\WhatsApp Images\IMG-20170706-WA0004.jpg","IMG-20170706-WA0004.jpg","270409","4199968"
"C:\Users\flier\OneDrive\תמונות\Samsung Gallery\Android\media\com.whatsapp\WhatsApp\Media\WhatsApp Images\IMG-20170706-WA0005.jpg","IMG-20170706-WA0005.jpg","282007","4199968"
"C:\Users\flier\OneDrive\תמונות\Samsung Gallery\Android\media\com.whatsapp\WhatsApp\Media\WhatsApp Images\IMG-20170706-WA0006.jpg","IMG-20170706-WA0006.jpg","284754","4199968"
"C:\Users\flier\OneDrive\תמונות\Samsung Gallery\Android\media\com.whatsapp\WhatsApp\Media\WhatsApp Images\IMG-20170709-WA0004.jpg","IMG-20170709-WA0004.jpg","288147","4199968"
"C:\Users\flier\OneDrive\תמונות\Samsung Gallery\Android\media\com.whatsapp\WhatsApp\Media\WhatsApp Images\IMG-20170711-WA0001.jpg","IMG-20170711-WA0001.jpg","264852","4199968"
"C:\Users\flier\OneDrive\תמונות\Samsung Gallery\Android\media\com.whatsapp\WhatsApp\Media\WhatsApp Images\IMG-20170712-WA0001.jpg","IMG-20170712-WA0001.jpg","172353","4199968"
"C:\Users\flier\OneDrive\תמונות\Samsung Gallery\Android\media\com.whatsapp\WhatsApp\Media\WhatsApp Images\IMG-20170716-WA0001.jpg","IMG-20170716-WA0001.jpg","351662","4199968"
"C:\Users\flier\OneDrive\תמונות\Samsung Gallery\Android\media\com.whatsapp\WhatsApp\Media\WhatsApp Images\IMG-20170717-WA0012.jpg","IMG-20170717-WA0012.jpg","184419","4199968"
"C:\Users\flier\OneDrive\תמונות\Samsung Gallery\Android\media\com.whatsapp\WhatsApp\Media\WhatsApp Images\IMG-20170718-WA0002.jpg","IMG-20170718-WA0002.jpg","156550","4199968"
"C:\Users\flier\OneDrive\תמונות\Samsung Gallery\Android\media\com.whatsapp\WhatsApp\Media\WhatsApp Images\IMG-20170718-WA0003.jpg","IMG-20170718-WA0003.jpg","142614","4199968"
"C:\Users\flier\OneDrive\תמונות\Samsung Gallery\Android\media\com.whatsapp\WhatsApp\Media\WhatsApp Images\IMG-20170718-WA0005.jpg","IMG-20170718-WA0005.jpg","172846","4199968"
"C:\Users\flier\OneDrive\תמונות\Samsung Gallery\Android\media\com.whatsapp\WhatsApp\Media\WhatsApp Images\IMG-20170718-WA0013.jpg","IMG-20170718-WA0013.jpg","164439","4199968"
"C:\Users\flier\OneDrive\תמונות\Samsung Gallery\Android\media\com.whatsapp\WhatsApp\Media\WhatsApp Images\IMG-20170718-WA0014.jpg","IMG-20170718-WA0014.jpg","176769","4199968"
"C:\Users\flier\OneDrive\תמונות\Samsung Gallery\Android\media\com.whatsapp\WhatsApp\Media\WhatsApp Images\IMG-20170719-WA0010.jpg","IMG-20170719-WA0010.jpg","158086","4199968"
"C:\Users\flier\OneDrive\תמונות\Samsung Gallery\Android\media\com.whatsapp\WhatsApp\Media\WhatsApp Images\IMG-20170719-WA0011.jpg","IMG-20170719-WA0011.jpg","155003","4199968"
"C:\Users\flier\OneDrive\תמונות\Samsung Gallery\Android\media\com.whatsapp\WhatsApp\Media\WhatsApp Images\IMG-20170719-WA0012.jpg","IMG-20170719-WA0012.jpg","148292","4199968"
"C:\Users\flier\OneDrive\תמונות\Samsung Gallery\Android\media\com.whatsapp\WhatsApp\Media\WhatsApp Images\IMG-20170719-WA0013.jpg","IMG-20170719-WA0013.jpg","145692","4199968"
"C:\Users\flier\OneDrive\תמונות\Samsung Gallery\Android\media\com.whatsapp\WhatsApp\Media\WhatsApp Images\IMG-20170719-WA0014.jpg","IMG-20170719-WA0014.jpg","188303","4199968"
"C:\Users\flier\OneDrive\תמונות\Samsung Gallery\Android\media\com.whatsapp\WhatsApp\Media\WhatsApp Images\IMG-20170720-WA0003.jpg","IMG-20170720-WA0003.jpg","282010","4199968"
"C:\Users\flier\OneDrive\תמונות\Samsung Gallery\Android\media\com.whatsapp\WhatsApp\Media\WhatsApp Images\IMG-20170720-WA0004.jpg","IMG-20170720-WA0004.jpg","178386","4199968"
"C:\Users\flier\OneDrive\תמונות\Samsung Gallery\Android\media\com.whatsapp\WhatsApp\Media\WhatsApp Images\IMG-20170720-WA0005.jpg","IMG-20170720-WA0005.jpg","162167","4199968"
"C:\Users\flier\OneDrive\תמונות\Samsung Gallery\Android\media\com.whatsapp\WhatsApp\Media\WhatsApp Images\IMG-20170720-WA0006.jpg","IMG-20170720-WA0006.jpg","143901","4199968"
"C:\Users\flier\OneDrive\תמונות\Samsung Gallery\Android\media\com.whatsapp\WhatsApp\Media\WhatsApp Images\IMG-20170731-WA0012.jpg","IMG-20170731-WA0012.jpg","161833","4199968"
"C:\Users\flier\OneDrive\תמונות\Samsung Gallery\Android\media\com.whatsapp\WhatsApp\Media\WhatsApp Images\IMG-20170731-WA0013.jpg","IMG-20170731-WA0013.jpg","148535","4199968"
"C:\Users\flier\OneDrive\תמונות\Samsung Gallery\Android\media\com.whatsapp\WhatsApp\Media\WhatsApp Images\IMG-20170801-WA0004.jpg","IMG-20170801-WA0004.jpg","197113","4199968"
"C:\Users\flier\OneDrive\תמונות\Samsung Gallery\Android\media\com.whatsapp\WhatsApp\Media\WhatsApp Images\IMG-20170803-WA0003.jpg","IMG-20170803-WA0003.jpg","147702","4199968"
"C:\Users\flier\OneDrive\תמונות\Samsung Gallery\Android\media\com.whatsapp\WhatsApp\Media\WhatsApp Images\IMG-20170803-WA0004.jpg","IMG-20170803-WA0004.jpg","185164","4199968"
"C:\Users\flier\OneDrive\תמונות\Samsung Gallery\Android\media\com.whatsapp\WhatsApp\Media\WhatsApp Images\IMG-20170803-WA0005.jpg","IMG-20170803-WA0005.jpg","150052","4199968"
"C:\Users\flier\OneDrive\תמונות\Samsung Gallery\Android\media\com.whatsapp\WhatsApp\Media\WhatsApp Images\IMG-20170803-WA0007.jpg","IMG-20170803-WA0007.jpg","182676","4199968"
"C:\Users\flier\OneDrive\תמונות\Samsung Gallery\Android\media\com.whatsapp\WhatsApp\Media\WhatsApp Images\IMG-20170804-WA0001.jpg","IMG-20170804-WA0001.jpg","187226","4199968"
"C:\Users\flier\OneDrive\תמונות\Samsung Gallery\Android\media\com.whatsapp\WhatsApp\Media\WhatsApp Images\IMG-20170804-WA0002.jpg","IMG-20170804-WA0002.jpg","157039","4199968"
"C:\Users\flier\OneDrive\תמונות\Samsung Gallery\Android\media\com.whatsapp\WhatsApp\Media\WhatsApp Images\IMG-20171019-WA0001.jpg","IMG-20171019-WA0001.jpg","301485","4199968"
"C:\Users\flier\OneDrive\תמונות\Samsung Gallery\Android\media\com.whatsapp\WhatsApp\Media\WhatsApp Images\IMG-20171020-WA0000.jpg","IMG-20171020-WA0000.jpg","143436","4199968"
"C:\Users\flier\OneDrive\תמונות\Samsung Gallery\Android\media\com.whatsapp\WhatsApp\Media\WhatsApp Images\IMG-20171020-WA0001.jpg","IMG-20171020-WA0001.jpg","172985","4199968"
"C:\Users\flier\OneDrive\תמונות\Samsung Gallery\Android\media\com.whatsapp\WhatsApp\Media\WhatsApp Images\IMG-20171021-WA0009.jpg","IMG-20171021-WA0009.jpg","174942","4199968"
"C:\Users\flier\OneDrive\תמונות\Samsung Gallery\Android\media\com.whatsapp\WhatsApp\Media\WhatsApp Images\IMG-20171021-WA0010.jpg","IMG-20171021-WA0010.jpg","178452","4199968"
"C:\Users\flier\OneDrive\תמונות\Samsung Gallery\Android\media\com.whatsapp\WhatsApp\Media\WhatsApp Images\IMG-20171022-WA0002.jpg","IMG-20171022-WA0002.jpg","94709","4199968"
"C:\Users\flier\OneDrive\תמונות\Samsung Gallery\Android\media\com.whatsapp\WhatsApp\Media\WhatsApp Images\IMG-20171022-WA0004.jpg","IMG-20171022-WA0004.jpg","19907","4199968"
"C:\Users\flier\OneDrive\תמונות\Samsung Gallery\Android\media\com.whatsapp\WhatsApp\Media\WhatsApp Images\IMG-20171022-WA0005.jpg","IMG-20171022-WA0005.jpg","34016","4199968"
"C:\Users\flier\OneDrive\תמונות\Samsung Gallery\Android\media\com.whatsapp\WhatsApp\Media\WhatsApp Images\IMG-20171023-WA0000.jpg","IMG-20171023-WA0000.jpg","170033","4199968"
"C:\Users\flier\OneDrive\תמונות\Samsung Gallery\Android\media\com.whatsapp\WhatsApp\Media\WhatsApp Images\IMG-20171023-WA0001.jpg","IMG-20171023-WA0001.jpg","183208","4199968"
"C:\Users\flier\OneDrive\תמונות\Samsung Gallery\Android\media\com.whatsapp\WhatsApp\Media\WhatsApp Images\IMG-20171023-WA0002.jpg","IMG-20171023-WA0002.jpg","129439","4199968"
"C:\Users\flier\OneDrive\תמונות\Samsung Gallery\Android\media\com.whatsapp\WhatsApp\Media\WhatsApp Images\IMG-20171023-WA0005.jpg","IMG-20171023-WA0005.jpg","118197","4199968"
"C:\Users\flier\OneDrive\תמונות\Samsung Gallery\Android\media\com.whatsapp\WhatsApp\Media\WhatsApp Images\IMG-20171023-WA0008.jpg","IMG-20171023-WA0008.jpg","237110","4199968"
"C:\Users\flier\OneDrive\תמונות\Samsung Gallery\Android\media\com.whatsapp\WhatsApp\Media\WhatsApp Images\IMG-20171023-WA0011.jpg","IMG-20171023-WA0011.jpg","181222","4199968"
"C:\Users\flier\OneDrive\תמונות\Samsung Gallery\Android\media\com.whatsapp\WhatsApp\Media\WhatsApp Images\IMG-20171024-WA0002.jpg","IMG-20171024-WA0002.jpg","204657","4199968"
"C:\Users\flier\OneDrive\תמונות\Samsung Gallery\Android\media\com.whatsapp\WhatsApp\Media\WhatsApp Images\IMG-20171024-WA0009.jpg","IMG-20171024-WA0009.jpg","218212","4199968"
"C:\Users\flier\OneDrive\תמונות\Samsung Gallery\Android\media\com.whatsapp\WhatsApp\Media\WhatsApp Images\IMG-20171025-WA0003.jpg","IMG-20171025-WA0003.jpg","260944","4199968"
"C:\Users\flier\OneDrive\תמונות\Samsung Gallery\Android\media\com.whatsapp\WhatsApp\Media\WhatsApp Images\IMG-20171026-WA0003.jpg","IMG-20171026-WA0003.jpg","201712","4199968"
"C:\Users\flier\OneDrive\תמונות\Samsung Gallery\Android\media\com.whatsapp\WhatsApp\Media\WhatsApp Images\IMG-20171029-WA0001.jpg","IMG-20171029-WA0001.jpg","28227","4199968"
"C:\Users\flier\OneDrive\תמונות\Samsung Gallery\Android\media\com.whatsapp\WhatsApp\Media\WhatsApp Images\IMG-20171029-WA0008.jpg","IMG-20171029-WA0008.jpg","219686","4199968"
"C:\Users\flier\OneDrive\תמונות\Samsung Gallery\Android\media\com.whatsapp\WhatsApp\Media\WhatsApp Images\IMG-20171029-WA0010.jpg","IMG-20171029-WA0010.jpg","253164","4199968"
"C:\Users\flier\OneDrive\תמונות\Samsung Gallery\Android\media\com.whatsapp\WhatsApp\Media\WhatsApp Images\IMG-20171029-WA0011.jpg","IMG-20171029-WA0011.jpg","157104","4199968"
"C:\Users\flier\OneDrive\תמונות\Samsung Gallery\Android\media\com.whatsapp\WhatsApp\Media\WhatsApp Images\IMG-20171029-WA0012.jpg","IMG-20171029-WA0012.jpg","232091","4199968"
"C:\Users\flier\OneDrive\תמונות\Samsung Gallery\Android\media\com.whatsapp\WhatsApp\Media\WhatsApp Images\IMG-20171030-WA0001.jpg","IMG-20171030-WA0001.jpg","213848","4199968"
"C:\Users\flier\OneDrive\תמונות\Samsung Gallery\Android\media\com.whatsapp\WhatsApp\Media\WhatsApp Images\IMG-20171030-WA0011.jpg","IMG-20171030-WA0011.jpg","141245","4199968"
"C:\Users\flier\OneDrive\תמונות\Samsung Gallery\Android\media\com.whatsapp\WhatsApp\Media\WhatsApp Images\IMG-20171030-WA0012.jpg","IMG-20171030-WA0012.jpg","254453","4199968"
"C:\Users\flier\OneDrive\תמונות\Samsung Gallery\Android\media\com.whatsapp\WhatsApp\Media\WhatsApp Images\IMG-20171102-WA0001.jpg","IMG-20171102-WA0001.jpg","186236","4199968"
"C:\Users\flier\OneDrive\תמונות\Samsung Gallery\Android\media\com.whatsapp\WhatsApp\Media\WhatsApp Images\IMG-20171102-WA0002.jpg","IMG-20171102-WA0002.jpg","174404","4199968"
"C:\Users\flier\OneDrive\תמונות\Samsung Gallery\Android\media\com.whatsapp\WhatsApp\Media\WhatsApp Images\IMG-20171102-WA0003.jpg","IMG-20171102-WA0003.jpg","159167","4199968"
"C:\Users\flier\OneDrive\תמונות\Samsung Gallery\Android\media\com.whatsapp\WhatsApp\Media\WhatsApp Images\IMG-20171102-WA0004.jpg","IMG-20171102-WA0004.jpg","219741","4199968"
"C:\Users\flier\OneDrive\תמונות\Samsung Gallery\Android\media\com.whatsapp\WhatsApp\Media\WhatsApp Images\IMG-20171102-WA0005.jpg","IMG-20171102-WA0005.jpg","177754","4199968"
"C:\Users\flier\OneDrive\תמונות\Samsung Gallery\Android\media\com.whatsapp\WhatsApp\Media\WhatsApp Images\IMG-20171102-WA0007.jpg","IMG-20171102-WA0007.jpg","249437","4199968"
"C:\Users\flier\OneDrive\תמונות\Samsung Gallery\Android\media\com.whatsapp\WhatsApp\Media\WhatsApp Images\IMG-20171106-WA0001.jpg","IMG-20171106-WA0001.jpg","220546","4199968"
"C:\Users\flier\OneDrive\תמונות\Samsung Gallery\Android\media\com.whatsapp\WhatsApp\Media\WhatsApp Images\IMG-20171106-WA0005.jpg","IMG-20171106-WA0005.jpg","216776","4199968"
"C:\Users\flier\OneDrive\תמונות\Samsung Gallery\Android\media\com.whatsapp\WhatsApp\Media\WhatsApp Images\IMG-20171107-WA0002.jpg","IMG-20171107-WA0002.jpg","214536","4199968"
"C:\Users\flier\OneDrive\תמונות\Samsung Gallery\Android\media\com.whatsapp\WhatsApp\Media\WhatsApp Images\IMG-20171109-WA0002.jpg","IMG-20171109-WA0002.jpg","217899","4199968"
"C:\Users\flier\OneDrive\תמונות\Samsung Gallery\Android\media\com.whatsapp\WhatsApp\Media\WhatsApp Images\IMG-20171109-WA0013.jpg","IMG-20171109-WA0013.jpg","235803","4199968"
"C:\Users\flier\OneDrive\תמונות\Samsung Gallery\Android\media\com.whatsapp\WhatsApp\Media\WhatsApp Images\IMG-20171112-WA0000.jpg","IMG-20171112-WA0000.jpg","213811","4199968"
"C:\Users\flier\OneDrive\תמונות\Samsung Gallery\Android\media\com.whatsapp\WhatsApp\Media\WhatsApp Images\IMG-20171112-WA0001.jpg","IMG-20171112-WA0001.jpg","214858","4199968"
"C:\Users\flier\OneDrive\תמונות\Samsung Gallery\Android\media\com.whatsapp\WhatsApp\Media\WhatsApp Images\IMG-20171119-WA0000.jpg","IMG-20171119-WA0000.jpg","296143","4199968"
"C:\Users\flier\OneDrive\תמונות\Samsung Gallery\Android\media\com.whatsapp\WhatsApp\Media\WhatsApp Images\IMG-20171120-WA0007.jpg","IMG-20171120-WA0007.jpg","303565","4199968"
"C:\Users\flier\OneDrive\תמונות\Samsung Gallery\Android\media\com.whatsapp\WhatsApp\Media\WhatsApp Images\IMG-20171122-WA0001.jpg","IMG-20171122-WA0001.jpg","334367","4199968"
"C:\Users\flier\OneDrive\תמונות\Samsung Gallery\Android\media\com.whatsapp\WhatsApp\Media\WhatsApp Images\IMG-20171122-WA0002.jpg","IMG-20171122-WA0002.jpg","178293","4199968"
"C:\Users\flier\OneDrive\תמונות\Samsung Gallery\Android\media\com.whatsapp\WhatsApp\Media\WhatsApp Images\IMG-20171122-WA0006.jpg","IMG-20171122-WA0006.jpg","398924","4199968"
"C:\Users\flier\OneDrive\תמונות\Samsung Gallery\Android\media\com.whatsapp\WhatsApp\Media\WhatsApp Images\IMG-20171127-WA0004.jpg","IMG-20171127-WA0004.jpg","173939","4199968"
"C:\Users\flier\OneDrive\תמונות\Samsung Gallery\Android\media\com.whatsapp\WhatsApp\Media\WhatsApp Images\IMG-20171127-WA0009.jpg","IMG-20171127-WA0009.jpg","451138","4199968"
"C:\Users\flier\OneDrive\תמונות\Samsung Gallery\Android\media\com.whatsapp\WhatsApp\Media\WhatsApp Images\IMG-20171127-WA0010.jpg","IMG-20171127-WA0010.jpg","295009","4199968"
"C:\Users\flier\OneDrive\תמונות\Samsung Gallery\Android\media\com.whatsapp\WhatsApp\Media\WhatsApp Images\IMG-20171127-WA0011.jpg","IMG-20171127-WA0011.jpg","381758","4199968"
"C:\Users\flier\OneDrive\תמונות\Samsung Gallery\Android\media\com.whatsapp\WhatsApp\Media\WhatsApp Images\IMG-20171127-WA0012.jpg","IMG-20171127-WA0012.jpg","380247","4199968"
"C:\Users\flier\OneDrive\תמונות\Samsung Gallery\Android\media\com.whatsapp\WhatsApp\Media\WhatsApp Images\IMG-20171128-WA0004.jpg","IMG-20171128-WA0004.jpg","295868","4199968"
"C:\Users\flier\OneDrive\תמונות\Samsung Gallery\Android\media\com.whatsapp\WhatsApp\Media\WhatsApp Images\IMG-20171129-WA0007.jpg","IMG-20171129-WA0007.jpg","320214","4199968"
"C:\Users\flier\OneDrive\תמונות\Samsung Gallery\Android\media\com.whatsapp\WhatsApp\Media\WhatsApp Images\IMG-20171130-WA0008.jpg","IMG-20171130-WA0008.jpg","323061","4199968"
"C:\Users\flier\OneDrive\תמונות\Samsung Gallery\Android\media\com.whatsapp\WhatsApp\Media\WhatsApp Images\IMG-20171130-WA0010.jpg","IMG-20171130-WA0010.jpg","295060","4199968"
"C:\Users\flier\OneDrive\תמונות\Samsung Gallery\Android\media\com.whatsapp\WhatsApp\Media\WhatsApp Images\IMG-20171130-WA0011.jpg","IMG-20171130-WA0011.jpg","303080","4199968"
"C:\Users\flier\OneDrive\תמונות\Samsung Gallery\Android\media\com.whatsapp\WhatsApp\Media\WhatsApp Images\IMG-20171202-WA0000.jpg","IMG-20171202-WA0000.jpg","355799","4199968"
"C:\Users\flier\OneDrive\תמונות\Samsung Gallery\Android\media\com.whatsapp\WhatsApp\Media\WhatsApp Images\IMG-20171203-WA0001.jpg","IMG-20171203-WA0001.jpg","176590","4199968"
"C:\Users\flier\OneDrive\תמונות\Samsung Gallery\Android\media\com.whatsapp\WhatsApp\Media\WhatsApp Images\IMG-20171203-WA0008.jpg","IMG-20171203-WA0008.jpg","496245","4199968"
"C:\Users\flier\OneDrive\תמונות\Samsung Gallery\Android\media\com.whatsapp\WhatsApp\Media\WhatsApp Images\IMG-20171204-WA0000.jpg","IMG-20171204-WA0000.jpg","299849","4199968"
"C:\Users\flier\OneDrive\תמונות\Samsung Gallery\Android\media\com.whatsapp\WhatsApp\Media\WhatsApp Images\IMG-20171204-WA0001.jpg","IMG-20171204-WA0001.jpg","522907","4199968"
"C:\Users\flier\OneDrive\תמונות\Samsung Gallery\Android\media\com.whatsapp\WhatsApp\Media\WhatsApp Images\IMG-20171204-WA0003.jpg","IMG-20171204-WA0003.jpg","512326","4199968"
"C:\Users\flier\OneDrive\תמונות\Samsung Gallery\Android\media\com.whatsapp\WhatsApp\Media\WhatsApp Images\IMG-20171204-WA0005.jpg","IMG-20171204-WA0005.jpg","157635","4199968"
"C:\Users\flier\OneDrive\תמונות\Samsung Gallery\Android\media\com.whatsapp\WhatsApp\Media\WhatsApp Images\IMG-20171205-WA0005.jpg","IMG-20171205-WA0005.jpg","487869","4199968"
"C:\Users\flier\OneDrive\תמונות\Samsung Gallery\Android\media\com.whatsapp\WhatsApp\Media\WhatsApp Images\IMG-20171205-WA0006.jpg","IMG-20171205-WA0006.jpg","475484","4199968"
"C:\Users\flier\OneDrive\תמונות\Samsung Gallery\Android\media\com.whatsapp\WhatsApp\Media\WhatsApp Images\IMG-20171206-WA0001.jpg","IMG-20171206-WA0001.jpg","157602","4199968"
"C:\Users\flier\OneDrive\תמונות\Samsung Gallery\Android\media\com.whatsapp\WhatsApp\Media\WhatsApp Images\IMG-20171208-WA0000.jpg","IMG-20171208-WA0000.jpg","338252","4199968"
"C:\Users\flier\OneDrive\תמונות\Samsung Gallery\Android\media\com.whatsapp\WhatsApp\Media\WhatsApp Images\IMG-20171210-WA0003.jpg","IMG-20171210-WA0003.jpg","116397","4199968"
"C:\Users\flier\OneDrive\תמונות\Samsung Gallery\Android\media\com.whatsapp\WhatsApp\Media\WhatsApp Images\IMG-20171210-WA0004.jpg","IMG-20171210-WA0004.jpg","192381","4199968"
"C:\Users\flier\OneDrive\תמונות\Samsung Gallery\Android\media\com.whatsapp\WhatsApp\Media\WhatsApp Images\IMG-20171210-WA0005.jpg","IMG-20171210-WA0005.jpg","185797","4199968"
"C:\Users\flier\OneDrive\תמונות\Samsung Gallery\Android\media\com.whatsapp\WhatsApp\Media\WhatsApp Images\IMG-20171210-WA0006.jpg","IMG-20171210-WA0006.jpg","175486","4199968"
"C:\Users\flier\OneDrive\תמונות\Samsung Gallery\Android\media\com.whatsapp\WhatsApp\Media\WhatsApp Images\IMG-20171210-WA0007.jpg","IMG-20171210-WA0007.jpg","317158","4199968"
"C:\Users\flier\OneDrive\תמונות\Samsung Gallery\Android\media\com.whatsapp\WhatsApp\Media\WhatsApp Images\IMG-20171210-WA0011.jpg","IMG-20171210-WA0011.jpg","321949","4199968"
"C:\Users\flier\OneDrive\תמונות\Samsung Gallery\Android\media\com.whatsapp\WhatsApp\Media\WhatsApp Images\IMG-20171210-WA0013.jpg","IMG-20171210-WA0013.jpg","305990","4199968"
"C:\Users\flier\OneDrive\תמונות\Samsung Gallery\Android\media\com.whatsapp\WhatsApp\Media\WhatsApp Images\IMG-20171211-WA0002.jpg","IMG-20171211-WA0002.jpg","196417","4199968"
"C:\Users\flier\OneDrive\תמונות\Samsung Gallery\Android\media\com.whatsapp\WhatsApp\Media\WhatsApp Images\IMG-20171211-WA0004.jpg","IMG-20171211-WA0004.jpg","176317","4199968"
"C:\Users\flier\OneDrive\תמונות\Samsung Gallery\Android\media\com.whatsapp\WhatsApp\Media\WhatsApp Images\IMG-20171211-WA0005.jpg","IMG-20171211-WA0005.jpg","192938","4199968"
"C:\Users\flier\OneDrive\תמונות\Samsung Gallery\Android\media\com.whatsapp\WhatsApp\Media\WhatsApp Images\IMG-20171211-WA0006.jpg","IMG-20171211-WA0006.jpg","304538","4199968"
"C:\Users\flier\OneDrive\תמונות\Samsung Gallery\Android\media\com.whatsapp\WhatsApp\Media\WhatsApp Images\IMG-20171211-WA0008.jpg","IMG-20171211-WA0008.jpg","238808","4199968"
"C:\Users\flier\OneDrive\תמונות\Samsung Gallery\Android\media\com.whatsapp\WhatsApp\Media\WhatsApp Images\IMG-20171211-WA0010.jpg","IMG-20171211-WA0010.jpg","308786","4199968"
"C:\Users\flier\OneDrive\תמונות\Samsung Gallery\Android\media\com.whatsapp\WhatsApp\Media\WhatsApp Images\IMG-20171211-WA0011.jpg","IMG-20171211-WA0011.jpg","332828","4199968"
"C:\Users\flier\OneDrive\תמונות\Samsung Gallery\Android\media\com.whatsapp\WhatsApp\Media\WhatsApp Images\IMG-20171211-WA0014.jpg","IMG-20171211-WA0014.jpg","273522","4199968"
"C:\Users\flier\OneDrive\תמונות\Samsung Gallery\Android\media\com.whatsapp\WhatsApp\Media\WhatsApp Images\IMG-20171212-WA0000.jpg","IMG-20171212-WA0000.jpg","43908","4199968"
"C:\Users\flier\OneDrive\תמונות\Samsung Gallery\Android\media\com.whatsapp\WhatsApp\Media\WhatsApp Images\IMG-20171212-WA0002.jpg","IMG-20171212-WA0002.jpg","285602","4199968"
"C:\Users\flier\OneDrive\תמונות\Samsung Gallery\Android\media\com.whatsapp\WhatsApp\Media\WhatsApp Images\IMG-20171212-WA0003.jpg","IMG-20171212-WA0003.jpg","123326","4199968"
"C:\Users\flier\OneDrive\תמונות\Samsung Gallery\Android\media\com.whatsapp\WhatsApp\Media\WhatsApp Images\IMG-20171212-WA0004.jpg","IMG-20171212-WA0004.jpg","196835","4199968"
"C:\Users\flier\OneDrive\תמונות\Samsung Gallery\Android\media\com.whatsapp\WhatsApp\Media\WhatsApp Images\IMG-20171212-WA0006.jpg","IMG-20171212-WA0006.jpg","315845","4199968"
"C:\Users\flier\OneDrive\תמונות\Samsung Gallery\Android\media\com.whatsapp\WhatsApp\Media\WhatsApp Images\IMG-20171212-WA0007.jpg","IMG-20171212-WA0007.jpg","157087","4199968"
"C:\Users\flier\OneDrive\תמונות\Samsung Gallery\Android\media\com.whatsapp\WhatsApp\Media\WhatsApp Images\IMG-20171213-WA0001.jpg","IMG-20171213-WA0001.jpg","164959","4199968"
"C:\Users\flier\OneDrive\תמונות\Samsung Gallery\Android\media\com.whatsapp\WhatsApp\Media\WhatsApp Images\IMG-20171213-WA0002.jpg","IMG-20171213-WA0002.jpg","152888","4199968"
"C:\Users\flier\OneDrive\תמונות\Samsung Gallery\Android\media\com.whatsapp\WhatsApp\Media\WhatsApp Images\IMG-20171213-WA0003.jpg","IMG-20171213-WA0003.jpg","180914","4199968"
"C:\Users\flier\OneDrive\תמונות\Samsung Gallery\Android\media\com.whatsapp\WhatsApp\Media\WhatsApp Images\IMG-20171213-WA0004.jpg","IMG-20171213-WA0004.jpg","169939","4199968"
"C:\Users\flier\OneDrive\תמונות\Samsung Gallery\Android\media\com.whatsapp\WhatsApp\Media\WhatsApp Images\IMG-20171213-WA0005.jpg","IMG-20171213-WA0005.jpg","154929","4199968"
"C:\Users\flier\OneDrive\תמונות\Samsung Gallery\Android\media\com.whatsapp\WhatsApp\Media\WhatsApp Images\IMG-20171213-WA0006.jpg","IMG-20171213-WA0006.jpg","170559","4199968"
"C:\Users\flier\OneDrive\תמונות\Samsung Gallery\Android\media\com.whatsapp\WhatsApp\Media\WhatsApp Images\IMG-20171213-WA0007.jpg","IMG-20171213-WA0007.jpg","175872","4199968"
"C:\Users\flier\OneDrive\תמונות\Samsung Gallery\Android\media\com.whatsapp\WhatsApp\Media\WhatsApp Images\IMG-20171213-WA0009.jpg","IMG-20171213-WA0009.jpg","361204","4199968"
"C:\Users\flier\OneDrive\תמונות\Samsung Gallery\Android\media\com.whatsapp\WhatsApp\Media\WhatsApp Images\IMG-20171213-WA0010.jpg","IMG-20171213-WA0010.jpg","364695","4199968"
"C:\Users\flier\OneDrive\תמונות\Samsung Gallery\Android\media\com.whatsapp\WhatsApp\Media\WhatsApp Images\IMG-20171214-WA0004.jpg","IMG-20171214-WA0004.jpg","315752","4199968"
"C:\Users\flier\OneDrive\תמונות\Samsung Gallery\Android\media\com.whatsapp\WhatsApp\Media\WhatsApp Images\IMG-20171214-WA0005.jpg","IMG-20171214-WA0005.jpg","297239","4199968"
"C:\Users\flier\OneDrive\תמונות\Samsung Gallery\Android\media\com.whatsapp\WhatsApp\Media\WhatsApp Images\IMG-20171216-WA0000.jpg","IMG-20171216-WA0000.jpg","155494","4199968"
"C:\Users\flier\OneDrive\תמונות\Samsung Gallery\Android\media\com.whatsapp\WhatsApp\Media\WhatsApp Images\IMG-20171216-WA0001.jpg","IMG-20171216-WA0001.jpg","148068","4199968"
"C:\Users\flier\OneDrive\תמונות\Samsung Gallery\Android\media\com.whatsapp\WhatsApp\Media\WhatsApp Images\IMG-20171216-WA0002.jpg","IMG-20171216-WA0002.jpg","214425","4199968"
"C:\Users\flier\OneDrive\תמונות\Samsung Gallery\Android\media\com.whatsapp\WhatsApp\Media\WhatsApp Images\IMG-20171217-WA0000.jpg","IMG-20171217-WA0000.jpg","219123","4199968"
"C:\Users\flier\OneDrive\תמונות\Samsung Gallery\Android\media\com.whatsapp\WhatsApp\Media\WhatsApp Images\IMG-20171217-WA0002.jpg","IMG-20171217-WA0002.jpg","77634","4199968"
"C:\Users\flier\OneDrive\תמונות\Samsung Gallery\Android\media\com.whatsapp\WhatsApp\Media\WhatsApp Images\IMG-20171218-WA0002.jpg","IMG-20171218-WA0002.jpg","114879","4199968"
"C:\Users\flier\OneDrive\תמונות\Samsung Gallery\Android\media\com.whatsapp\WhatsApp\Media\WhatsApp Images\IMG-20171218-WA0005.jpg","IMG-20171218-WA0005.jpg","150901","4199968"
"C:\Users\flier\OneDrive\תמונות\Samsung Gallery\Android\media\com.whatsapp\WhatsApp\Media\WhatsApp Images\IMG-20171219-WA0000.jpg","IMG-20171219-WA0000.jpg","328257","4199968"
"C:\Users\flier\OneDrive\תמונות\Samsung Gallery\Android\media\com.whatsapp\WhatsApp\Media\WhatsApp Images\IMG-20171219-WA0001.jpg","IMG-20171219-WA0001.jpg","294140","4199968"
"C:\Users\flier\OneDrive\תמונות\Samsung Gallery\Android\media\com.whatsapp\WhatsApp\Media\WhatsApp Images\IMG-20171219-WA0002.jpg","IMG-20171219-WA0002.jpg","136384","4199968"
"C:\Users\flier\OneDrive\תמונות\Samsung Gallery\Android\media\com.whatsapp\WhatsApp\Media\WhatsApp Images\IMG-20171219-WA0003.jpg","IMG-20171219-WA0003.jpg","139804","4199968"
"C:\Users\flier\OneDrive\תמונות\Samsung Gallery\Android\media\com.whatsapp\WhatsApp\Media\WhatsApp Images\IMG-20171219-WA0007.jpg","IMG-20171219-WA0007.jpg","215911","4199968"
"C:\Users\flier\OneDrive\תמונות\Samsung Gallery\Android\media\com.whatsapp\WhatsApp\Media\WhatsApp Images\IMG-20171219-WA0008.jpg","IMG-20171219-WA0008.jpg","111744","4199968"
"C:\Users\flier\OneDrive\תמונות\Samsung Gallery\Android\media\com.whatsapp\WhatsApp\Media\WhatsApp Images\IMG-20171219-WA0009.jpg","IMG-20171219-WA0009.jpg","150489","4199968"
"C:\Users\flier\OneDrive\תמונות\Samsung Gallery\Android\media\com.whatsapp\WhatsApp\Media\WhatsApp Images\IMG-20171219-WA0010.jpg","IMG-20171219-WA0010.jpg","213202","4199968"
"C:\Users\flier\OneDrive\תמונות\Samsung Gallery\Android\media\com.whatsapp\WhatsApp\Media\WhatsApp Images\IMG-20171219-WA0011.jpg","IMG-20171219-WA0011.jpg","134840","4199968"
"C:\Users\flier\OneDrive\תמונות\Samsung Gallery\Android\media\com.whatsapp\WhatsApp\Media\WhatsApp Images\IMG-20171220-WA0000.jpg","IMG-20171220-WA0000.jpg","171892","4199968"
"C:\Users\flier\OneDrive\תמונות\Samsung Gallery\Android\media\com.whatsapp\WhatsApp\Media\WhatsApp Images\IMG-20171220-WA0003.jpg","IMG-20171220-WA0003.jpg","338267","4199968"
"C:\Users\flier\OneDrive\תמונות\Samsung Gallery\Android\media\com.whatsapp\WhatsApp\Media\WhatsApp Images\IMG-20171220-WA0004.jpg","IMG-20171220-WA0004.jpg","291378","4199968"
"C:\Users\flier\OneDrive\תמונות\Samsung Gallery\Android\media\com.whatsapp\WhatsApp\Media\WhatsApp Images\IMG-20171221-WA0000.jpg","IMG-20171221-WA0000.jpg","196236","4199968"
"C:\Users\flier\OneDrive\תמונות\Samsung Gallery\Android\media\com.whatsapp\WhatsApp\Media\WhatsApp Images\IMG-20171222-WA0000.jpg","IMG-20171222-WA0000.jpg","320820","4199968"
"C:\Users\flier\OneDrive\תמונות\Samsung Gallery\Android\media\com.whatsapp\WhatsApp\Media\WhatsApp Images\IMG-20171222-WA0001.jpg","IMG-20171222-WA0001.jpg","320820","4199968"
"C:\Users\flier\OneDrive\תמונות\Samsung Gallery\Android\media\com.whatsapp\WhatsApp\Media\WhatsApp Images\IMG-20171222-WA0002.jpg","IMG-20171222-WA0002.jpg","243776","4199968"
"C:\Users\flier\OneDrive\תמונות\Samsung Gallery\Android\media\com.whatsapp\WhatsApp\Media\WhatsApp Images\IMG-20171224-WA0000.jpg","IMG-20171224-WA0000.jpg","216740","4199968"
"C:\Users\flier\OneDrive\תמונות\Samsung Gallery\Android\media\com.whatsapp\WhatsApp\Media\WhatsApp Images\IMG-20171224-WA0002.jpg","IMG-20171224-WA0002.jpg","278152","4199968"
"C:\Users\flier\OneDrive\תמונות\Samsung Gallery\Android\media\com.whatsapp\WhatsApp\Media\WhatsApp Images\IMG-20171224-WA0003.jpg","IMG-20171224-WA0003.jpg","257490","4199968"
"C:\Users\flier\OneDrive\תמונות\Samsung Gallery\Android\media\com.whatsapp\WhatsApp\Media\WhatsApp Images\IMG-20171224-WA0004.jpg","IMG-20171224-WA0004.jpg","341371","4199968"
"C:\Users\flier\OneDrive\תמונות\Samsung Gallery\Android\media\com.whatsapp\WhatsApp\Media\WhatsApp Images\IMG-20171224-WA0005.jpg","IMG-20171224-WA0005.jpg","274573","4199968"
"C:\Users\flier\OneDrive\תמונות\Samsung Gallery\Android\media\com.whatsapp\WhatsApp\Media\WhatsApp Images\IMG-20171224-WA0006.jpg","IMG-20171224-WA0006.jpg","394619","4199968"
"C:\Users\flier\OneDrive\תמונות\Samsung Gallery\Android\media\com.whatsapp\WhatsApp\Media\WhatsApp Images\IMG-20171224-WA0008.jpg","IMG-20171224-WA0008.jpg","313499","4199968"
"C:\Users\flier\OneDrive\תמונות\Samsung Gallery\Android\media\com.whatsapp\WhatsApp\Media\WhatsApp Images\IMG-20171224-WA0009.jpg","IMG-20171224-WA0009.jpg","216795","4199968"
"C:\Users\flier\OneDrive\תמונות\Samsung Gallery\Android\media\com.whatsapp\WhatsApp\Media\WhatsApp Images\IMG-20171224-WA0010.jpg","IMG-20171224-WA0010.jpg","209167","4199968"
"C:\Users\flier\OneDrive\תמונות\Samsung Gallery\Android\media\com.whatsapp\WhatsApp\Media\WhatsApp Images\IMG-20171224-WA0012.jpg","IMG-20171224-WA0012.jpg","291850","4199968"
"C:\Users\flier\OneDrive\תמונות\Samsung Gallery\Android\media\com.whatsapp\WhatsApp\Media\WhatsApp Images\IMG-20171224-WA0013.jpg","IMG-20171224-WA0013.jpg","167660","4199968"
"C:\Users\flier\OneDrive\תמונות\Samsung Gallery\Android\media\com.whatsapp\WhatsApp\Media\WhatsApp Images\IMG-20171224-WA0014.jpg","IMG-20171224-WA0014.jpg","256755","4199968"
"C:\Users\flier\OneDrive\תמונות\Samsung Gallery\Android\media\com.whatsapp\WhatsApp\Media\WhatsApp Images\IMG-20171224-WA0016.jpg","IMG-20171224-WA0016.jpg","364427","4199968"
"C:\Users\flier\OneDrive\תמונות\Samsung Gallery\Android\media\com.whatsapp\WhatsApp\Media\WhatsApp Images\IMG-20171224-WA0017.jpg","IMG-20171224-WA0017.jpg","29554","4199968"
"C:\Users\flier\OneDrive\תמונות\Samsung Gallery\Android\media\com.whatsapp\WhatsApp\Media\WhatsApp Images\IMG-20171224-WA0020.jpg","IMG-20171224-WA0020.jpg","186208","4199968"
"C:\Users\flier\OneDrive\תמונות\Samsung Gallery\Android\media\com.whatsapp\WhatsApp\Media\WhatsApp Images\IMG-20171224-WA0021.jpg","IMG-20171224-WA0021.jpg","140802","4199968"
"C:\Users\flier\OneDrive\תמונות\Samsung Gallery\Android\media\com.whatsapp\WhatsApp\Media\WhatsApp Images\IMG-20171224-WA0023.jpg","IMG-20171224-WA0023.jpg","154934","4199968"
"C:\Users\flier\OneDrive\תמונות\Samsung Gallery\Android\media\com.whatsapp\WhatsApp\Media\WhatsApp Images\IMG-20171224-WA0024.jpg","IMG-20171224-WA0024.jpg","131008","4199968"
"C:\Users\flier\OneDrive\תמונות\Samsung Gallery\Android\media\com.whatsapp\WhatsApp\Media\WhatsApp Images\IMG-20171224-WA0030.jpg","IMG-20171224-WA0030.jpg","22252","4199968"
"C:\Users\flier\OneDrive\תמונות\Samsung Gallery\Android\media\com.whatsapp\WhatsApp\Media\WhatsApp Images\IMG-20171224-WA0032.jpg","IMG-20171224-WA0032.jpg","50859","4199968"
"C:\Users\flier\OneDrive\תמונות\Samsung Gallery\Android\media\com.whatsapp\WhatsApp\Media\WhatsApp Images\IMG-20171224-WA0033.jpg","IMG-20171224-WA0033.jpg","305547","4199968"
"C:\Users\flier\OneDrive\תמונות\Samsung Gallery\Android\media\com.whatsapp\WhatsApp\Media\WhatsApp Images\IMG-20171224-WA0036.jpg","IMG-20171224-WA0036.jpg","253571","4199968"
"C:\Users\flier\OneDrive\תמונות\Samsung Gallery\Android\media\com.whatsapp\WhatsApp\Media\WhatsApp Images\IMG-20171225-WA0000.jpg","IMG-20171225-WA0000.jpg","74512","4199968"
"C:\Users\flier\OneDrive\תמונות\Samsung Gallery\Android\media\com.whatsapp\WhatsApp\Media\WhatsApp Images\IMG-20171225-WA0001.jpg","IMG-20171225-WA0001.jpg","156917","4199968"
"C:\Users\flier\OneDrive\תמונות\Samsung Gallery\Android\media\com.whatsapp\WhatsApp\Media\WhatsApp Images\IMG-20171225-WA0002.jpg","IMG-20171225-WA0002.jpg","162936","4199968"
"C:\Users\flier\OneDrive\תמונות\Samsung Gallery\Android\media\com.whatsapp\WhatsApp\Media\WhatsApp Images\IMG-20171225-WA0003.jpg","IMG-20171225-WA0003.jpg","212377","4199968"
"C:\Users\flier\OneDrive\תמונות\Samsung Gallery\Android\media\com.whatsapp\WhatsApp\Media\WhatsApp Images\IMG-20171225-WA0005.jpg","IMG-20171225-WA0005.jpg","323254","4199968"
"C:\Users\flier\OneDrive\תמונות\Samsung Gallery\Android\media\com.whatsapp\WhatsApp\Media\WhatsApp Images\IMG-20171225-WA0006.jpg","IMG-20171225-WA0006.jpg","310474","4199968"
"C:\Users\flier\OneDrive\תמונות\Samsung Gallery\Android\media\com.whatsapp\WhatsApp\Media\WhatsApp Images\IMG-20171225-WA0007.jpg","IMG-20171225-WA0007.jpg","241714","4199968"
"C:\Users\flier\OneDrive\תמונות\Samsung Gallery\Android\media\com.whatsapp\WhatsApp\Media\WhatsApp Images\IMG-20171225-WA0008.jpg","IMG-20171225-WA0008.jpg","344202","4199968"
"C:\Users\flier\OneDrive\תמונות\Samsung Gallery\Android\media\com.whatsapp\WhatsApp\Media\WhatsApp Images\IMG-20171225-WA0009.jpg","IMG-20171225-WA0009.jpg","235228","4199968"
"C:\Users\flier\OneDrive\תמונות\Samsung Gallery\Android\media\com.whatsapp\WhatsApp\Media\WhatsApp Images\IMG-20171225-WA0010.jpg","IMG-20171225-WA0010.jpg","489956","4199968"
"C:\Users\flier\OneDrive\תמונות\Samsung Gallery\Android\media\com.whatsapp\WhatsApp\Media\WhatsApp Images\IMG-20171225-WA0011.jpg","IMG-20171225-WA0011.jpg","489511","4199968"
"C:\Users\flier\OneDrive\תמונות\Samsung Gallery\Android\media\com.whatsapp\WhatsApp\Media\WhatsApp Images\IMG-20171225-WA0012.jpg","IMG-20171225-WA0012.jpg","202505","4199968"
"C:\Users\flier\OneDrive\תמונות\Samsung Gallery\Android\media\com.whatsapp\WhatsApp\Media\WhatsApp Images\IMG-20171228-WA0000.jpg","IMG-20171228-WA0000.jpg","441684","4199968"
"C:\Users\flier\OneDrive\תמונות\Samsung Gallery\Android\media\com.whatsapp\WhatsApp\Media\WhatsApp Images\IMG-20171228-WA0001.jpg","IMG-20171228-WA0001.jpg","389858","4199968"
"C:\Users\flier\OneDrive\תמונות\Samsung Gallery\Android\media\com.whatsapp\WhatsApp\Media\WhatsApp Images\IMG-20171228-WA0002.jpg","IMG-20171228-WA0002.jpg","374288","4199968"
"C:\Users\flier\OneDrive\תמונות\Samsung Gallery\Android\media\com.whatsapp\WhatsApp\Media\WhatsApp Images\IMG-20171228-WA0003.jpg","IMG-20171228-WA0003.jpg","441684","4199968"
"C:\Users\flier\OneDrive\תמונות\Samsung Gallery\Android\media\com.whatsapp\WhatsApp\Media\WhatsApp Images\IMG-20171228-WA0008.jpg","IMG-20171228-WA0008.jpg","45506","4199968"
"C:\Users\flier\OneDrive\תמונות\Samsung Gallery\Android\media\com.whatsapp\WhatsApp\Media\WhatsApp Images\IMG-20171228-WA0011.jpg","IMG-20171228-WA0011.jpg","114639","4199968"
"C:\Users\flier\OneDrive\תמונות\Samsung Gallery\Android\media\com.whatsapp\WhatsApp\Media\WhatsApp Images\IMG-20171228-WA0013.jpg","IMG-20171228-WA0013.jpg","493128","4199968"
"C:\Users\flier\OneDrive\תמונות\Samsung Gallery\Android\media\com.whatsapp\WhatsApp\Media\WhatsApp Images\IMG-20171228-WA0014.jpg","IMG-20171228-WA0014.jpg","439746","4199968"
"C:\Users\flier\OneDrive\תמונות\Samsung Gallery\Android\media\com.whatsapp\WhatsApp\Media\WhatsApp Images\IMG-20171228-WA0015.jpg","IMG-20171228-WA0015.jpg","182864","4199968"
"C:\Users\flier\OneDrive\תמונות\Samsung Gallery\Android\media\com.whatsapp\WhatsApp\Media\WhatsApp Images\IMG-20171230-WA0000.jpg","IMG-20171230-WA0000.jpg","351048","4199968"
"C:\Users\flier\OneDrive\תמונות\Samsung Gallery\Android\media\com.whatsapp\WhatsApp\Media\WhatsApp Images\IMG-20171230-WA0002.jpg","IMG-20171230-WA0002.jpg","157677","4199968"
"C:\Users\flier\OneDrive\תמונות\Samsung Gallery\Android\media\com.whatsapp\WhatsApp\Media\WhatsApp Images\IMG-20171230-WA0003.jpg","IMG-20171230-WA0003.jpg","57266","4199968"
"C:\Users\flier\OneDrive\תמונות\Samsung Gallery\Android\media\com.whatsapp\WhatsApp\Media\WhatsApp Images\IMG-20171231-WA0001.jpg","IMG-20171231-WA0001.jpg","430294","4199968"
"C:\Users\flier\OneDrive\תמונות\Samsung Gallery\Android\media\com.whatsapp\WhatsApp\Media\WhatsApp Images\IMG-20171231-WA0002.jpg","IMG-20171231-WA0002.jpg","438993","4199968"
"C:\Users\flier\OneDrive\תמונות\Samsung Gallery\Android\media\com.whatsapp\WhatsApp\Media\WhatsApp Images\IMG-20171231-WA0003.jpg","IMG-20171231-WA0003.jpg","483739","4199968"
"C:\Users\flier\OneDrive\תמונות\Samsung Gallery\Android\media\com.whatsapp\WhatsApp\Media\WhatsApp Images\IMG-20171231-WA0004.jpg","IMG-20171231-WA0004.jpg","181014","4199968"
"C:\Users\flier\OneDrive\תמונות\Samsung Gallery\Android\media\com.whatsapp\WhatsApp\Media\WhatsApp Images\IMG-20171231-WA0008.jpg","IMG-20171231-WA0008.jpg","48575","4199968"
"C:\Users\flier\OneDrive\תמונות\Samsung Gallery\Android\media\com.whatsapp\WhatsApp\Media\WhatsApp Images\IMG-20171231-WA0010.jpg","IMG-20171231-WA0010.jpg","128326","4199968"
"C:\Users\flier\OneDrive\תמונות\Samsung Gallery\Android\media\com.whatsapp\WhatsApp\Media\WhatsApp Images\IMG-20180101-WA0001.jpg","IMG-20180101-WA0001.jpg","106523","4199968"
"C:\Users\flier\OneDrive\תמונות\Samsung Gallery\Android\media\com.whatsapp\WhatsApp\Media\WhatsApp Images\IMG-20180102-WA0001.jpg","IMG-20180102-WA0001.jpg","490809","4199968"
"C:\Users\flier\OneDrive\תמונות\Samsung Gallery\Android\media\com.whatsapp\WhatsApp\Media\WhatsApp Images\IMG-20180103-WA0000.jpg","IMG-20180103-WA0000.jpg","126054","4199968"
"C:\Users\flier\OneDrive\תמונות\Samsung Gallery\Android\media\com.whatsapp\WhatsApp\Media\WhatsApp Images\IMG-20180103-WA0001.jpg","IMG-20180103-WA0001.jpg","126054","4199968"
"C:\Users\flier\OneDrive\תמונות\Samsung Gallery\Android\media\com.whatsapp\WhatsApp\Media\WhatsApp Images\IMG-20180104-WA0002.jpg","IMG-20180104-WA0002.jpg","41503","4199968"
"C:\Users\flier\OneDrive\תמונות\Samsung Gallery\Android\media\com.whatsapp\WhatsApp\Media\WhatsApp Images\IMG-20180105-WA0000.jpg","IMG-20180105-WA0000.jpg","42749","4199968"
"C:\Users\flier\OneDrive\תמונות\Samsung Gallery\Android\media\com.whatsapp\WhatsApp\Media\WhatsApp Images\IMG-20180106-WA0007.jpg","IMG-20180106-WA0007.jpg","128167","4199968"
"C:\Users\flier\OneDrive\תמונות\Samsung Gallery\Android\media\com.whatsapp\WhatsApp\Media\WhatsApp Images\IMG-20180107-WA0000.jpg","IMG-20180107-WA0000.jpg","70452","4199968"
"C:\Users\flier\OneDrive\תמונות\Samsung Gallery\Android\media\com.whatsapp\WhatsApp\Media\WhatsApp Images\IMG-20180107-WA0002.jpg","IMG-20180107-WA0002.jpg","37498","4199968"
"C:\Users\flier\OneDrive\תמונות\Samsung Gallery\Android\media\com.whatsapp\WhatsApp\Media\WhatsApp Images\IMG-20180107-WA0012.jpg","IMG-20180107-WA0012.jpg","361197","4199968"
"C:\Users\flier\OneDrive\תמונות\Samsung Gallery\Android\media\com.whatsapp\WhatsApp\Media\WhatsApp Images\IMG-20180108-WA0000.jpg","IMG-20180108-WA0000.jpg","183975","4199968"
"C:\Users\flier\OneDrive\תמונות\Samsung Gallery\Android\media\com.whatsapp\WhatsApp\Media\WhatsApp Images\IMG-20180109-WA0001.jpg","IMG-20180109-WA0001.jpg","162001","4199968"
"C:\Users\flier\OneDrive\תמונות\Samsung Gallery\Android\media\com.whatsapp\WhatsApp\Media\WhatsApp Images\IMG-20180109-WA0004.jpg","IMG-20180109-WA0004.jpg","156827","4199968"
"C:\Users\flier\OneDrive\תמונות\Samsung Gallery\Android\media\com.whatsapp\WhatsApp\Media\WhatsApp Images\IMG-20180109-WA0013.jpg","IMG-20180109-WA0013.jpg","520726","4199968"
"C:\Users\flier\OneDrive\תמונות\Samsung Gallery\Android\media\com.whatsapp\WhatsApp\Media\WhatsApp Images\IMG-20180109-WA0014.jpg","IMG-20180109-WA0014.jpg","512840","4199968"
"C:\Users\flier\OneDrive\תמונות\Samsung Gallery\Android\media\com.whatsapp\WhatsApp\Media\WhatsApp Images\IMG-20180109-WA0015.jpg","IMG-20180109-WA0015.jpg","468918","4199968"
"C:\Users\flier\OneDrive\תמונות\Samsung Gallery\Android\media\com.whatsapp\WhatsApp\Media\WhatsApp Images\IMG-20180109-WA0016.jpg","IMG-20180109-WA0016.jpg","504610","4199968"
"C:\Users\flier\OneDrive\תמונות\Samsung Gallery\Android\media\com.whatsapp\WhatsApp\Media\WhatsApp Images\IMG-20180109-WA0020.jpg","IMG-20180109-WA0020.jpg","355579","4199968"
"C:\Users\flier\OneDrive\תמונות\Samsung Gallery\Android\media\com.whatsapp\WhatsApp\Media\WhatsApp Images\IMG-20180109-WA0024.jpg","IMG-20180109-WA0024.jpg","353770","4199968"
"C:\Users\flier\OneDrive\תמונות\Samsung Gallery\Android\media\com.whatsapp\WhatsApp\Media\WhatsApp Images\IMG-20180110-WA0007.jpg","IMG-20180110-WA0007.jpg","380293","4199968"
"C:\Users\flier\OneDrive\תמונות\Samsung Gallery\Android\media\com.whatsapp\WhatsApp\Media\WhatsApp Images\IMG-20180111-WA0008.jpg","IMG-20180111-WA0008.jpg","361490","4199968"
"C:\Users\flier\OneDrive\תמונות\Samsung Gallery\Android\media\com.whatsapp\WhatsApp\Media\WhatsApp Images\IMG-20180114-WA0000.jpg","IMG-20180114-WA0000.jpg","350963","4199968"
"C:\Users\flier\OneDrive\תמונות\Samsung Gallery\Android\media\com.whatsapp\WhatsApp\Media\WhatsApp Images\IMG-20180114-WA0002.jpg","IMG-20180114-WA0002.jpg","462798","4199968"
"C:\Users\flier\OneDrive\תמונות\Samsung Gallery\Android\media\com.whatsapp\WhatsApp\Media\WhatsApp Images\IMG-20180114-WA0012.jpg","IMG-20180114-WA0012.jpg","493227","4199968"
"C:\Users\flier\OneDrive\תמונות\Samsung Gallery\Android\media\com.whatsapp\WhatsApp\Media\WhatsApp Images\IMG-20180114-WA0014.jpg","IMG-20180114-WA0014.jpg","429597","4199968"
"C:\Users\flier\OneDrive\תמונות\Samsung Gallery\Android\media\com.whatsapp\WhatsApp\Media\WhatsApp Images\IMG-20180115-WA0000.jpg","IMG-20180115-WA0000.jpg","481172","4199968"
"C:\Users\flier\OneDrive\תמונות\Samsung Gallery\Android\media\com.whatsapp\WhatsApp\Media\WhatsApp Images\IMG-20180115-WA0016.jpg","IMG-20180115-WA0016.jpg","189544","4199968"
"C:\Users\flier\OneDrive\תמונות\Samsung Gallery\Android\media\com.whatsapp\WhatsApp\Media\WhatsApp Images\IMG-20180115-WA0017.jpg","IMG-20180115-WA0017.jpg","139626","4199968"
"C:\Users\flier\OneDrive\תמונות\Samsung Gallery\Android\media\com.whatsapp\WhatsApp\Media\WhatsApp Images\IMG-20180115-WA0018.jpg","IMG-20180115-WA0018.jpg","210134","4199968"
"C:\Users\flier\OneDrive\תמונות\Samsung Gallery\Android\media\com.whatsapp\WhatsApp\Media\WhatsApp Images\IMG-20180115-WA0019.jpg","IMG-20180115-WA0019.jpg","323376","4199968"
"C:\Users\flier\OneDrive\תמונות\Samsung Gallery\Android\media\com.whatsapp\WhatsApp\Media\WhatsApp Images\IMG-20180116-WA0000.jpg","IMG-20180116-WA0000.jpg","247509","4199968"
"C:\Users\flier\OneDrive\תמונות\Samsung Gallery\Android\media\com.whatsapp\WhatsApp\Media\WhatsApp Images\IMG-20180116-WA0001.jpg","IMG-20180116-WA0001.jpg","312078","4199968"
"C:\Users\flier\OneDrive\תמונות\Samsung Gallery\Android\media\com.whatsapp\WhatsApp\Media\WhatsApp Images\IMG-20180116-WA0002.jpg","IMG-20180116-WA0002.jpg","209995","4199968"
"C:\Users\flier\OneDrive\תמונות\Samsung Gallery\Android\media\com.whatsapp\WhatsApp\Media\WhatsApp Images\IMG-20180116-WA0003.jpg","IMG-20180116-WA0003.jpg","266140","4199968"
"C:\Users\flier\OneDrive\תמונות\Samsung Gallery\Android\media\com.whatsapp\WhatsApp\Media\WhatsApp Images\IMG-20180117-WA0000.jpg","IMG-20180117-WA0000.jpg","300767","4199968"
"C:\Users\flier\OneDrive\תמונות\Samsung Gallery\Android\media\com.whatsapp\WhatsApp\Media\WhatsApp Images\IMG-20180117-WA0001.jpg","IMG-20180117-WA0001.jpg","264979","4199968"
"C:\Users\flier\OneDrive\תמונות\Samsung Gallery\Android\media\com.whatsapp\WhatsApp\Media\WhatsApp Images\IMG-20180117-WA0002.jpg","IMG-20180117-WA0002.jpg","236388","4199968"
"C:\Users\flier\OneDrive\תמונות\Samsung Gallery\Android\media\com.whatsapp\WhatsApp\Media\WhatsApp Images\IMG-20180117-WA0009.jpg","IMG-20180117-WA0009.jpg","261349","4199968"
"C:\Users\flier\OneDrive\תמונות\Samsung Gallery\Android\media\com.whatsapp\WhatsApp\Media\WhatsApp Images\IMG-20180117-WA0012.jpg","IMG-20180117-WA0012.jpg","318234","4199968"
"C:\Users\flier\OneDrive\תמונות\Samsung Gallery\Android\media\com.whatsapp\WhatsApp\Media\WhatsApp Images\IMG-20180117-WA0014.jpg","IMG-20180117-WA0014.jpg","304438","4199968"
"C:\Users\flier\OneDrive\תמונות\Samsung Gallery\Android\media\com.whatsapp\WhatsApp\Media\WhatsApp Images\IMG-20180117-WA0015.jpg","IMG-20180117-WA0015.jpg","192683","4199968"
"C:\Users\flier\OneDrive\תמונות\Samsung Gallery\Android\media\com.whatsapp\WhatsApp\Media\WhatsApp Images\IMG-20180117-WA0016.jpg","IMG-20180117-WA0016.jpg","203815","4199968"
"C:\Users\flier\OneDrive\תמונות\Samsung Gallery\Android\media\com.whatsapp\WhatsApp\Media\WhatsApp Images\IMG-20180118-WA0000.jpg","IMG-20180118-WA0000.jpg","279564","4199968"
"C:\Users\flier\OneDrive\תמונות\Samsung Gallery\Android\media\com.whatsapp\WhatsApp\Media\WhatsApp Images\IMG-20180118-WA0001.jpg","IMG-20180118-WA0001.jpg","435397","4199968"
"C:\Users\flier\OneDrive\תמונות\Samsung Gallery\Android\media\com.whatsapp\WhatsApp\Media\WhatsApp Images\IMG-20180118-WA0003.jpg","IMG-20180118-WA0003.jpg","155739","4199968"
"C:\Users\flier\OneDrive\תמונות\Samsung Gallery\Android\media\com.whatsapp\WhatsApp\Media\WhatsApp Images\IMG-20180118-WA0004.jpg","IMG-20180118-WA0004.jpg","158876","4199968"
"C:\Users\flier\OneDrive\תמונות\Samsung Gallery\Android\media\com.whatsapp\WhatsApp\Media\WhatsApp Images\IMG-20180118-WA0005.jpg","IMG-20180118-WA0005.jpg","187302","4199968"
"C:\Users\flier\OneDrive\תמונות\Samsung Gallery\Android\media\com.whatsapp\WhatsApp\Media\WhatsApp Images\IMG-20180118-WA0006.jpg","IMG-20180118-WA0006.jpg","202318","4199968"
"C:\Users\flier\OneDrive\תמונות\Samsung Gallery\Android\media\com.whatsapp\WhatsApp\Media\WhatsApp Images\IMG-20180118-WA0007.jpg","IMG-20180118-WA0007.jpg","251124","4199968"
"C:\Users\flier\OneDrive\תמונות\Samsung Gallery\Android\media\com.whatsapp\WhatsApp\Media\WhatsApp Images\IMG-20180119-WA0000.jpg","IMG-20180119-WA0000.jpg","77047","4199968"
"C:\Users\flier\OneDrive\תמונות\Samsung Gallery\Android\media\com.whatsapp\WhatsApp\Media\WhatsApp Images\IMG-20180120-WA0000.jpg","IMG-20180120-WA0000.jpg","214021","4199968"
"C:\Users\flier\OneDrive\תמונות\Samsung Gallery\Android\media\com.whatsapp\WhatsApp\Media\WhatsApp Images\IMG-20180120-WA0001.jpg","IMG-20180120-WA0001.jpg","92594","4199968"
"C:\Users\flier\OneDrive\תמונות\Samsung Gallery\Android\media\com.whatsapp\WhatsApp\Media\WhatsApp Images\IMG-20180121-WA0000.jpg","IMG-20180121-WA0000.jpg","244561","4199968"
"C:\Users\flier\OneDrive\תמונות\Samsung Gallery\Android\media\com.whatsapp\WhatsApp\Media\WhatsApp Images\IMG-20180121-WA0006.jpg","IMG-20180121-WA0006.jpg","296810","4199968"
"C:\Users\flier\OneDrive\תמונות\Samsung Gallery\Android\media\com.whatsapp\WhatsApp\Media\WhatsApp Images\IMG-20180121-WA0007.jpg","IMG-20180121-WA0007.jpg","399907","4199968"
"C:\Users\flier\OneDrive\תמונות\Samsung Gallery\Android\media\com.whatsapp\WhatsApp\Media\WhatsApp Images\IMG-20180121-WA0009.jpg","IMG-20180121-WA0009.jpg","327334","4199968"
"C:\Users\flier\OneDrive\תמונות\Samsung Gallery\Android\media\com.whatsapp\WhatsApp\Media\WhatsApp Images\IMG-20180121-WA0012.jpg","IMG-20180121-WA0012.jpg","340674","4199968"
"C:\Users\flier\OneDrive\תמונות\Samsung Gallery\Android\media\com.whatsapp\WhatsApp\Media\WhatsApp Images\IMG-20180121-WA0014.jpg","IMG-20180121-WA0014.jpg","286095","4199968"
"C:\Users\flier\OneDrive\תמונות\Samsung Gallery\Android\media\com.whatsapp\WhatsApp\Media\WhatsApp Images\IMG-20180122-WA0001.jpg","IMG-20180122-WA0001.jpg","262612","4199968"
"C:\Users\flier\OneDrive\תמונות\Samsung Gallery\Android\media\com.whatsapp\WhatsApp\Media\WhatsApp Images\IMG-20180122-WA0002.jpg","IMG-20180122-WA0002.jpg","219365","4199968"
"C:\Users\flier\OneDrive\תמונות\Samsung Gallery\Android\media\com.whatsapp\WhatsApp\Media\WhatsApp Images\IMG-20180122-WA0005.jpg","IMG-20180122-WA0005.jpg","139523","4199968"
"C:\Users\flier\OneDrive\תמונות\Samsung Gallery\Android\media\com.whatsapp\WhatsApp\Media\WhatsApp Images\IMG-20180122-WA0006.jpg","IMG-20180122-WA0006.jpg","355328","4199968"
"C:\Users\flier\OneDrive\תמונות\Samsung Gallery\Android\media\com.whatsapp\WhatsApp\Media\WhatsApp Images\IMG-20180122-WA0007.jpg","IMG-20180122-WA0007.jpg","76306","4199968"
"C:\Users\flier\OneDrive\תמונות\Samsung Gallery\Android\media\com.whatsapp\WhatsApp\Media\WhatsApp Images\IMG-20180122-WA0009.jpg","IMG-20180122-WA0009.jpg","251482","4199968"
"C:\Users\flier\OneDrive\תמונות\Samsung Gallery\Android\media\com.whatsapp\WhatsApp\Media\WhatsApp Images\IMG-20180122-WA0010.jpg","IMG-20180122-WA0010.jpg","338641","4199968"
"C:\Users\flier\OneDrive\תמונות\Samsung Gallery\Android\media\com.whatsapp\WhatsApp\Media\WhatsApp Images\IMG-20180122-WA0011.jpg","IMG-20180122-WA0011.jpg","348034","4199968"
"C:\Users\flier\OneDrive\תמונות\Samsung Gallery\Android\media\com.whatsapp\WhatsApp\Media\WhatsApp Images\IMG-20180122-WA0012.jpg","IMG-20180122-WA0012.jpg","321717","4199968"
"C:\Users\flier\OneDrive\תמונות\Samsung Gallery\Android\media\com.whatsapp\WhatsApp\Media\WhatsApp Images\IMG-20180122-WA0020.jpg","IMG-20180122-WA0020.jpg","323842","4199968"
"C:\Users\flier\OneDrive\תמונות\Samsung Gallery\Android\media\com.whatsapp\WhatsApp\Media\WhatsApp Images\IMG-20180122-WA0021.jpg","IMG-20180122-WA0021.jpg","335404","4199968"
"C:\Users\flier\OneDrive\תמונות\Samsung Gallery\Android\media\com.whatsapp\WhatsApp\Media\WhatsApp Images\IMG-20180123-WA0000.jpg","IMG-20180123-WA0000.jpg","326798","4199968"
"C:\Users\flier\OneDrive\תמונות\Samsung Gallery\Android\media\com.whatsapp\WhatsApp\Media\WhatsApp Images\IMG-20180123-WA0003.jpg","IMG-20180123-WA0003.jpg","326376","4199968"
"C:\Users\flier\OneDrive\תמונות\Samsung Gallery\Android\media\com.whatsapp\WhatsApp\Media\WhatsApp Images\IMG-20180123-WA0005.jpg","IMG-20180123-WA0005.jpg","342121","4199968"
"C:\Users\flier\OneDrive\תמונות\Samsung Gallery\Android\media\com.whatsapp\WhatsApp\Media\WhatsApp Images\IMG-20180123-WA0010.jpg","IMG-20180123-WA0010.jpg","298840","4199968"
"C:\Users\flier\OneDrive\תמונות\Samsung Gallery\Android\media\com.whatsapp\WhatsApp\Media\WhatsApp Images\IMG-20180124-WA0000.jpg","IMG-20180124-WA0000.jpg","231621","4199968"
"C:\Users\flier\OneDrive\תמונות\Samsung Gallery\Android\media\com.whatsapp\WhatsApp\Media\WhatsApp Images\IMG-20180124-WA0003.jpg","IMG-20180124-WA0003.jpg","297551","4199968"
"C:\Users\flier\OneDrive\תמונות\Samsung Gallery\Android\media\com.whatsapp\WhatsApp\Media\WhatsApp Images\IMG-20180124-WA0004.jpg","IMG-20180124-WA0004.jpg","207855","4199968"
"C:\Users\flier\OneDrive\תמונות\Samsung Gallery\Android\media\com.whatsapp\WhatsApp\Media\WhatsApp Images\IMG-20180125-WA0001.jpg","IMG-20180125-WA0001.jpg","161797","4199968"
"C:\Users\flier\OneDrive\תמונות\Samsung Gallery\Android\media\com.whatsapp\WhatsApp\Media\WhatsApp Images\IMG-20180125-WA0003.jpg","IMG-20180125-WA0003.jpg","73671","4199968"
"C:\Users\flier\OneDrive\תמונות\Samsung Gallery\Android\media\com.whatsapp\WhatsApp\Media\WhatsApp Images\IMG-20180126-WA0000.jpg","IMG-20180126-WA0000.jpg","12646","4199968"
"C:\Users\flier\OneDrive\תמונות\Samsung Gallery\Android\media\com.whatsapp\WhatsApp\Media\WhatsApp Images\IMG-20180127-WA0000.jpg","IMG-20180127-WA0000.jpg","51929","4199968"
"C:\Users\flier\OneDrive\תמונות\Samsung Gallery\Android\media\com.whatsapp\WhatsApp\Media\WhatsApp Images\IMG-20180128-WA0000.jpg","IMG-20180128-WA0000.jpg","156406","4199968"
"C:\Users\flier\OneDrive\תמונות\Samsung Gallery\Android\media\com.whatsapp\WhatsApp\Media\WhatsApp Images\IMG-20180129-WA0000.jpg","IMG-20180129-WA0000.jpg","208746","4199968"
"C:\Users\flier\OneDrive\תמונות\Samsung Gallery\Android\media\com.whatsapp\WhatsApp\Media\WhatsApp Images\IMG-20180129-WA0004.jpg","IMG-20180129-WA0004.jpg","195700","4199968"
"C:\Users\flier\OneDrive\תמונות\Samsung Gallery\Android\media\com.whatsapp\WhatsApp\Media\WhatsApp Images\IMG-20180129-WA0007.jpg","IMG-20180129-WA0007.jpg","127781","4199968"
"C:\Users\flier\OneDrive\תמונות\Samsung Gallery\Android\media\com.whatsapp\WhatsApp\Media\WhatsApp Images\IMG-20180201-WA0000.jpg","IMG-20180201-WA0000.jpg","210279","4199968"
"C:\Users\flier\OneDrive\תמונות\Samsung Gallery\Android\media\com.whatsapp\WhatsApp\Media\WhatsApp Images\IMG-20180201-WA0001.jpg","IMG-20180201-WA0001.jpg","37611","4199968"
"C:\Users\flier\OneDrive\תמונות\Samsung Gallery\Android\media\com.whatsapp\WhatsApp\Media\WhatsApp Images\IMG-20180202-WA0000.jpg","IMG-20180202-WA0000.jpg","221424","4199968"
"C:\Users\flier\OneDrive\תמונות\Samsung Gallery\Android\media\com.whatsapp\WhatsApp\Media\WhatsApp Images\IMG-20180202-WA0004.jpg","IMG-20180202-WA0004.jpg","160675","4199968"
"C:\Users\flier\OneDrive\תמונות\Samsung Gallery\Android\media\com.whatsapp\WhatsApp\Media\WhatsApp Images\IMG-20180203-WA0000.jpg","IMG-20180203-WA0000.jpg","159497","4199968"
"C:\Users\flier\OneDrive\תמונות\Samsung Gallery\Android\media\com.whatsapp\WhatsApp\Media\WhatsApp Images\IMG-20180203-WA0001.jpg","IMG-20180203-WA0001.jpg","112552","4199968"
"C:\Users\flier\OneDrive\תמונות\Samsung Gallery\Android\media\com.whatsapp\WhatsApp\Media\WhatsApp Images\IMG-20180203-WA0002.jpg","IMG-20180203-WA0002.jpg","93979","4199968"
"C:\Users\flier\OneDrive\תמונות\Samsung Gallery\Android\media\com.whatsapp\WhatsApp\Media\WhatsApp Images\IMG-20180203-WA0004.jpg","IMG-20180203-WA0004.jpg","180364","4199968"
"C:\Users\flier\OneDrive\תמונות\Samsung Gallery\Android\media\com.whatsapp\WhatsApp\Media\WhatsApp Images\IMG-20180204-WA0001.jpg","IMG-20180204-WA0001.jpg","207337","4199968"
"C:\Users\flier\OneDrive\תמונות\Samsung Gallery\Android\media\com.whatsapp\WhatsApp\Media\WhatsApp Images\IMG-20180204-WA0002.jpg","IMG-20180204-WA0002.jpg","216787","4199968"
"C:\Users\flier\OneDrive\תמונות\Samsung Gallery\Android\media\com.whatsapp\WhatsApp\Media\WhatsApp Images\IMG-20180204-WA0006.jpg","IMG-20180204-WA0006.jpg","156102","4199968"
"C:\Users\flier\OneDrive\תמונות\Samsung Gallery\Android\media\com.whatsapp\WhatsApp\Media\WhatsApp Images\IMG-20180205-WA0001.jpg","IMG-20180205-WA0001.jpg","129336","4199968"
"C:\Users\flier\OneDrive\תמונות\Samsung Gallery\Android\media\com.whatsapp\WhatsApp\Media\WhatsApp Images\IMG-20180205-WA0003.jpg","IMG-20180205-WA0003.jpg","176722","4199968"
"C:\Users\flier\OneDrive\תמונות\Samsung Gallery\Android\media\com.whatsapp\WhatsApp\Media\WhatsApp Images\IMG-20180205-WA0013.jpg","IMG-20180205-WA0013.jpg","202056","4199968"
"C:\Users\flier\OneDrive\תמונות\Samsung Gallery\Android\media\com.whatsapp\WhatsApp\Media\WhatsApp Images\IMG-20180206-WA0001.jpg","IMG-20180206-WA0001.jpg","55191","4199968"
"C:\Users\flier\OneDrive\תמונות\Samsung Gallery\Android\media\com.whatsapp\WhatsApp\Media\WhatsApp Images\IMG-20180206-WA0003.jpg","IMG-20180206-WA0003.jpg","173164","4199968"
"C:\Users\flier\OneDrive\תמונות\Samsung Gallery\Android\media\com.whatsapp\WhatsApp\Media\WhatsApp Images\IMG-20180206-WA0005.jpg","IMG-20180206-WA0005.jpg","161568","4199968"
"C:\Users\flier\OneDrive\תמונות\Samsung Gallery\Android\media\com.whatsapp\WhatsApp\Media\WhatsApp Images\IMG-20180206-WA0006.jpg","IMG-20180206-WA0006.jpg","89716","4199968"
"C:\Users\flier\OneDrive\תמונות\Samsung Gallery\Android\media\com.whatsapp\WhatsApp\Media\WhatsApp Images\IMG-20180206-WA0007.jpg","IMG-20180206-WA0007.jpg","208042","4199968"
"C:\Users\flier\OneDrive\תמונות\Samsung Gallery\Android\media\com.whatsapp\WhatsApp\Media\WhatsApp Images\IMG-20180207-WA0002.jpg","IMG-20180207-WA0002.jpg","184252","4199968"
"C:\Users\flier\OneDrive\תמונות\Samsung Gallery\Android\media\com.whatsapp\WhatsApp\Media\WhatsApp Images\IMG-20180208-WA0006.jpg","IMG-20180208-WA0006.jpg","151185","4199968"
"C:\Users\flier\OneDrive\תמונות\Samsung Gallery\Android\media\com.whatsapp\WhatsApp\Media\WhatsApp Images\IMG-20180208-WA0012.jpg","IMG-20180208-WA0012.jpg","157097","4199968"
"C:\Users\flier\OneDrive\תמונות\Samsung Gallery\Android\media\com.whatsapp\WhatsApp\Media\WhatsApp Images\IMG-20180208-WA0016.jpg","IMG-20180208-WA0016.jpg","194967","4199968"
"C:\Users\flier\OneDrive\תמונות\Samsung Gallery\Android\media\com.whatsapp\WhatsApp\Media\WhatsApp Images\IMG-20180211-WA0004.jpg","IMG-20180211-WA0004.jpg","97323","4199968"
"C:\Users\flier\OneDrive\תמונות\Samsung Gallery\Android\media\com.whatsapp\WhatsApp\Media\WhatsApp Images\IMG-20180212-WA0004.jpg","IMG-20180212-WA0004.jpg","152040","4199968"
"C:\Users\flier\OneDrive\תמונות\Samsung Gallery\Android\media\com.whatsapp\WhatsApp\Media\WhatsApp Images\IMG-20180214-WA0000.jpg","IMG-20180214-WA0000.jpg","84947","4199968"
"C:\Users\flier\OneDrive\תמונות\Samsung Gallery\Android\media\com.whatsapp\WhatsApp\Media\WhatsApp Images\IMG-20180214-WA0002.jpg","IMG-20180214-WA0002.jpg","107133","4199968"
"C:\Users\flier\OneDrive\תמונות\Samsung Gallery\Android\media\com.whatsapp\WhatsApp\Media\WhatsApp Images\IMG-20180214-WA0005.jpg","IMG-20180214-WA0005.jpg","301038","4199968"
"C:\Users\flier\OneDrive\תמונות\Samsung Gallery\Android\media\com.whatsapp\WhatsApp\Media\WhatsApp Images\IMG-20180214-WA0007.jpg","IMG-20180214-WA0007.jpg","19872","4199968"
"C:\Users\flier\OneDrive\תמונות\Samsung Gallery\Android\media\com.whatsapp\WhatsApp\Media\WhatsApp Images\IMG-20180215-WA0008.jpg","IMG-20180215-WA0008.jpg","167362","4199968"
"C:\Users\flier\OneDrive\תמונות\Samsung Gallery\Android\media\com.whatsapp\WhatsApp\Media\WhatsApp Images\IMG-20180215-WA0009.jpg","IMG-20180215-WA0009.jpg","168205","4199968"
"C:\Users\flier\OneDrive\תמונות\Samsung Gallery\Android\media\com.whatsapp\WhatsApp\Media\WhatsApp Images\IMG-20180215-WA0010.jpg","IMG-20180215-WA0010.jpg","177497","4199968"
"C:\Users\flier\OneDrive\תמונות\Samsung Gallery\Android\media\com.whatsapp\WhatsApp\Media\WhatsApp Images\IMG-20180215-WA0011.jpg","IMG-20180215-WA0011.jpg","166901","4199968"
"C:\Users\flier\OneDrive\תמונות\Samsung Gallery\Android\media\com.whatsapp\WhatsApp\Media\WhatsApp Images\IMG-20180217-WA0000.jpg","IMG-20180217-WA0000.jpg","144712","4199968"
"C:\Users\flier\OneDrive\תמונות\Samsung Gallery\Android\media\com.whatsapp\WhatsApp\Media\WhatsApp Images\IMG-20180217-WA0001.jpg","IMG-20180217-WA0001.jpg","126682","4199968"
"C:\Users\flier\OneDrive\תמונות\Samsung Gallery\Android\media\com.whatsapp\WhatsApp\Media\WhatsApp Images\IMG-20180217-WA0002.jpg","IMG-20180217-WA0002.jpg","212951","4199968"
"C:\Users\flier\OneDrive\תמונות\Samsung Gallery\Android\media\com.whatsapp\WhatsApp\Media\WhatsApp Images\IMG-20180217-WA0004.jpg","IMG-20180217-WA0004.jpg","202171","4199968"
"C:\Users\flier\OneDrive\תמונות\Samsung Gallery\Android\media\com.whatsapp\WhatsApp\Media\WhatsApp Images\IMG-20180217-WA0005.jpg","IMG-20180217-WA0005.jpg","187764","4199968"
"C:\Users\flier\OneDrive\תמונות\Samsung Gallery\Android\media\com.whatsapp\WhatsApp\Media\WhatsApp Images\IMG-20180219-WA0001.jpg","IMG-20180219-WA0001.jpg","174381","4199968"
"C:\Users\flier\OneDrive\תמונות\Samsung Gallery\Android\media\com.whatsapp\WhatsApp\Media\WhatsApp Images\IMG-20180219-WA0002.jpg","IMG-20180219-WA0002.jpg","154569","4199968"
"C:\Users\flier\OneDrive\תמונות\Samsung Gallery\Android\media\com.whatsapp\WhatsApp\Media\WhatsApp Images\IMG-20180220-WA0000.jpg","IMG-20180220-WA0000.jpg","156043","4199968"
"C:\Users\flier\OneDrive\תמונות\Samsung Gallery\Android\media\com.whatsapp\WhatsApp\Media\WhatsApp Images\IMG-20180221-WA0000.jpg","IMG-20180221-WA0000.jpg","269068","4199968"
"C:\Users\flier\OneDrive\תמונות\Samsung Gallery\Android\media\com.whatsapp\WhatsApp\Media\WhatsApp Images\IMG-20180221-WA0002.jpg","IMG-20180221-WA0002.jpg","294833","4199968"
"C:\Users\flier\OneDrive\תמונות\Samsung Gallery\Android\media\com.whatsapp\WhatsApp\Media\WhatsApp Images\IMG-20180221-WA0003.jpg","IMG-20180221-WA0003.jpg","313970","4199968"
"C:\Users\flier\OneDrive\תמונות\Samsung Gallery\Android\media\com.whatsapp\WhatsApp\Media\WhatsApp Images\IMG-20180222-WA0002.jpg","IMG-20180222-WA0002.jpg","313451","4199968"
"C:\Users\flier\OneDrive\תמונות\Samsung Gallery\Android\media\com.whatsapp\WhatsApp\Media\WhatsApp Images\IMG-20180222-WA0004.jpg","IMG-20180222-WA0004.jpg","125004","4199968"
"C:\Users\flier\OneDrive\תמונות\Samsung Gallery\Android\media\com.whatsapp\WhatsApp\Media\WhatsApp Images\IMG-20180223-WA0000.jpg","IMG-20180223-WA0000.jpg","314638","4199968"
"C:\Users\flier\OneDrive\תמונות\Samsung Gallery\Android\media\com.whatsapp\WhatsApp\Media\WhatsApp Images\IMG-20180223-WA0001.jpg","IMG-20180223-WA0001.jpg","293174","4199968"
"C:\Users\flier\OneDrive\תמונות\Samsung Gallery\Android\media\com.whatsapp\WhatsApp\Media\WhatsApp Images\IMG-20180223-WA0003.jpg","IMG-20180223-WA0003.jpg","340948","4199968"
"C:\Users\flier\OneDrive\תמונות\Samsung Gallery\Android\media\com.whatsapp\WhatsApp\Media\WhatsApp Images\IMG-20180225-WA0002.jpg","IMG-20180225-WA0002.jpg","286535","4199968"
"C:\Users\flier\OneDrive\תמונות\Samsung Gallery\Android\media\com.whatsapp\WhatsApp\Media\WhatsApp Images\IMG-20180225-WA0006.jpg","IMG-20180225-WA0006.jpg","339320","4199968"
"C:\Users\flier\OneDrive\תמונות\Samsung Gallery\Android\media\com.whatsapp\WhatsApp\Media\WhatsApp Images\IMG-20180225-WA0007.jpg","IMG-20180225-WA0007.jpg","290611","4199968"
"C:\Users\flier\OneDrive\תמונות\Samsung Gallery\Android\media\com.whatsapp\WhatsApp\Media\WhatsApp Images\IMG-20180225-WA0009.jpg","IMG-20180225-WA0009.jpg","143936","4199968"
"C:\Users\flier\OneDrive\תמונות\Samsung Gallery\Android\media\com.whatsapp\WhatsApp\Media\WhatsApp Images\IMG-20180226-WA0001.jpg","IMG-20180226-WA0001.jpg","163500","4199968"
"C:\Users\flier\OneDrive\תמונות\Samsung Gallery\Android\media\com.whatsapp\WhatsApp\Media\WhatsApp Images\IMG-20180226-WA0002.jpg","IMG-20180226-WA0002.jpg","146534","4199968"
"C:\Users\flier\OneDrive\תמונות\Samsung Gallery\Android\media\com.whatsapp\WhatsApp\Media\WhatsApp Images\IMG-20180226-WA0008.jpg","IMG-20180226-WA0008.jpg","314302","4199968"
"C:\Users\flier\OneDrive\תמונות\Samsung Gallery\Android\media\com.whatsapp\WhatsApp\Media\WhatsApp Images\IMG-20180226-WA0010.jpg","IMG-20180226-WA0010.jpg","331310","4199968"
"C:\Users\flier\OneDrive\תמונות\Samsung Gallery\Android\media\com.whatsapp\WhatsApp\Media\WhatsApp Images\IMG-20180226-WA0013.jpg","IMG-20180226-WA0013.jpg","315944","4199968"
"C:\Users\flier\OneDrive\תמונות\Samsung Gallery\Android\media\com.whatsapp\WhatsApp\Media\WhatsApp Images\IMG-20180227-WA0003.jpg","IMG-20180227-WA0003.jpg","307606","4199968"
"C:\Users\flier\OneDrive\תמונות\Samsung Gallery\Android\media\com.whatsapp\WhatsApp\Media\WhatsApp Images\IMG-20180227-WA0006.jpg","IMG-20180227-WA0006.jpg","299899","4199968"
"C:\Users\flier\OneDrive\תמונות\Samsung Gallery\Android\media\com.whatsapp\WhatsApp\Media\WhatsApp Images\IMG-20180227-WA0008.jpg","IMG-20180227-WA0008.jpg","310193","4199968"
"C:\Users\flier\OneDrive\תמונות\Samsung Gallery\Android\media\com.whatsapp\WhatsApp\Media\WhatsApp Images\IMG-20180228-WA0000.jpg","IMG-20180228-WA0000.jpg","159565","4199968"
"C:\Users\flier\OneDrive\תמונות\Samsung Gallery\Android\media\com.whatsapp\WhatsApp\Media\WhatsApp Images\IMG-20180228-WA0005.jpg","IMG-20180228-WA0005.jpg","273998","4199968"
"C:\Users\flier\OneDrive\תמונות\Samsung Gallery\Android\media\com.whatsapp\WhatsApp\Media\WhatsApp Images\IMG-20180228-WA0006.jpg","IMG-20180228-WA0006.jpg","278467","4199968"
"C:\Users\flier\OneDrive\תמונות\Samsung Gallery\Android\media\com.whatsapp\WhatsApp\Media\WhatsApp Images\IMG-20180301-WA0002.jpg","IMG-20180301-WA0002.jpg","180427","4199968"
"C:\Users\flier\OneDrive\תמונות\Samsung Gallery\Android\media\com.whatsapp\WhatsApp\Media\WhatsApp Images\IMG-20180301-WA0006.jpg","IMG-20180301-WA0006.jpg","313737","4199968"
"C:\Users\flier\OneDrive\תמונות\Samsung Gallery\Android\media\com.whatsapp\WhatsApp\Media\WhatsApp Images\IMG-20180301-WA0009.jpg","IMG-20180301-WA0009.jpg","304655","4199968"
"C:\Users\flier\OneDrive\תמונות\Samsung Gallery\Android\media\com.whatsapp\WhatsApp\Media\WhatsApp Images\IMG-20180301-WA0012.jpg","IMG-20180301-WA0012.jpg","285901","4199968"
"C:\Users\flier\OneDrive\תמונות\Samsung Gallery\Android\media\com.whatsapp\WhatsApp\Media\WhatsApp Images\IMG-20180302-WA0000.jpg","IMG-20180302-WA0000.jpg","196439","4199968"
"C:\Users\flier\OneDrive\תמונות\Samsung Gallery\Android\media\com.whatsapp\WhatsApp\Media\WhatsApp Images\IMG-20180302-WA0001.jpg","IMG-20180302-WA0001.jpg","157934","4199968"
"C:\Users\flier\OneDrive\תמונות\Samsung Gallery\Android\media\com.whatsapp\WhatsApp\Media\WhatsApp Images\IMG-20180302-WA0003.jpg","IMG-20180302-WA0003.jpg","288035","4199968"
"C:\Users\flier\OneDrive\תמונות\Samsung Gallery\Android\media\com.whatsapp\WhatsApp\Media\WhatsApp Images\IMG-20180304-WA0003.jpg","IMG-20180304-WA0003.jpg","324405","4199968"
"C:\Users\flier\OneDrive\תמונות\Samsung Gallery\Android\media\com.whatsapp\WhatsApp\Media\WhatsApp Images\IMG-20180304-WA0004.jpg","IMG-20180304-WA0004.jpg","313119","4199968"
"C:\Users\flier\OneDrive\תמונות\Samsung Gallery\Android\media\com.whatsapp\WhatsApp\Media\WhatsApp Images\IMG-20180304-WA0007.jpg","IMG-20180304-WA0007.jpg","331973","4199968"
"C:\Users\flier\OneDrive\תמונות\Samsung Gallery\Android\media\com.whatsapp\WhatsApp\Media\WhatsApp Images\IMG-20180305-WA0002.jpg","IMG-20180305-WA0002.jpg","328418","4199968"
"C:\Users\flier\OneDrive\תמונות\Samsung Gallery\Android\media\com.whatsapp\WhatsApp\Media\WhatsApp Images\IMG-20180305-WA0006.jpg","IMG-20180305-WA0006.jpg","285341","4199968"
"C:\Users\flier\OneDrive\תמונות\Samsung Gallery\Android\media\com.whatsapp\WhatsApp\Media\WhatsApp Images\IMG-20180305-WA0007.jpg","IMG-20180305-WA0007.jpg","324434","4199968"
"C:\Users\flier\OneDrive\תמונות\Samsung Gallery\Android\media\com.whatsapp\WhatsApp\Media\WhatsApp Images\IMG-20180305-WA0008.jpg","IMG-20180305-WA0008.jpg","273902","4199968"
"C:\Users\flier\OneDrive\תמונות\Samsung Gallery\Android\media\com.whatsapp\WhatsApp\Media\WhatsApp Images\IMG-20180306-WA0000.jpg","IMG-20180306-WA0000.jpg","292951","4199968"
"C:\Users\flier\OneDrive\תמונות\Samsung Gallery\Android\media\com.whatsapp\WhatsApp\Media\WhatsApp Images\IMG-20180306-WA0001.jpg","IMG-20180306-WA0001.jpg","251814","4199968"
"C:\Users\flier\OneDrive\תמונות\Samsung Gallery\Android\media\com.whatsapp\WhatsApp\Media\WhatsApp Images\IMG-20180306-WA0017.jpg","IMG-20180306-WA0017.jpg","320693","4199968"
"C:\Users\flier\OneDrive\תמונות\Samsung Gallery\Android\media\com.whatsapp\WhatsApp\Media\WhatsApp Images\IMG-20180307-WA0002.jpg","IMG-20180307-WA0002.jpg","315873","4199968"
"C:\Users\flier\OneDrive\תמונות\Samsung Gallery\Android\media\com.whatsapp\WhatsApp\Media\WhatsApp Images\IMG-20180307-WA0004.jpg","IMG-20180307-WA0004.jpg","322883","4199968"
"C:\Users\flier\OneDrive\תמונות\Samsung Gallery\Android\media\com.whatsapp\WhatsApp\Media\WhatsApp Images\IMG-20180307-WA0007.jpg","IMG-20180307-WA0007.jpg","276413","4199968"
"C:\Users\flier\OneDrive\תמונות\Samsung Gallery\Android\media\com.whatsapp\WhatsApp\Media\WhatsApp Images\IMG-20180308-WA0006.jpg","IMG-20180308-WA0006.jpg","303760","4199968"
"C:\Users\flier\OneDrive\תמונות\Samsung Gallery\Android\media\com.whatsapp\WhatsApp\Media\WhatsApp Images\IMG-20180308-WA0007.jpg","IMG-20180308-WA0007.jpg","316256","4199968"
"C:\Users\flier\OneDrive\תמונות\Samsung Gallery\Android\media\com.whatsapp\WhatsApp\Media\WhatsApp Images\IMG-20180308-WA0008.jpg","IMG-20180308-WA0008.jpg","313823","4199968"
"C:\Users\flier\OneDrive\תמונות\Samsung Gallery\Android\media\com.whatsapp\WhatsApp\Media\WhatsApp Images\IMG-20180311-WA0000.jpg","IMG-20180311-WA0000.jpg","281003","4199968"
"C:\Users\flier\OneDrive\תמונות\Samsung Gallery\Android\media\com.whatsapp\WhatsApp\Media\WhatsApp Images\IMG-20180311-WA0013.jpg","IMG-20180311-WA0013.jpg","297170","4199968"
"C:\Users\flier\OneDrive\תמונות\Samsung Gallery\Android\media\com.whatsapp\WhatsApp\Media\WhatsApp Images\IMG-20180313-WA0000.jpg","IMG-20180313-WA0000.jpg","270688","4199968"
"C:\Users\flier\OneDrive\תמונות\Samsung Gallery\Android\media\com.whatsapp\WhatsApp\Media\WhatsApp Images\IMG-20180313-WA0005.jpg","IMG-20180313-WA0005.jpg","119364","4199968"
"C:\Users\flier\OneDrive\תמונות\Samsung Gallery\Android\media\com.whatsapp\WhatsApp\Media\WhatsApp Images\IMG-20180313-WA0006.jpg","IMG-20180313-WA0006.jpg","231019","4199968"
"C:\Users\flier\OneDrive\תמונות\Samsung Gallery\Android\media\com.whatsapp\WhatsApp\Media\WhatsApp Images\IMG-20180313-WA0007.jpg","IMG-20180313-WA0007.jpg","194736","4199968"
"C:\Users\flier\OneDrive\תמונות\Samsung Gallery\Android\media\com.whatsapp\WhatsApp\Media\WhatsApp Images\IMG-20180313-WA0008.jpg","IMG-20180313-WA0008.jpg","227740","4199968"
"C:\Users\flier\OneDrive\תמונות\Samsung Gallery\Android\media\com.whatsapp\WhatsApp\Media\WhatsApp Images\IMG-20180315-WA0001.jpg","IMG-20180315-WA0001.jpg","278994","4199968"
"C:\Users\flier\OneDrive\תמונות\Samsung Gallery\Android\media\com.whatsapp\WhatsApp\Media\WhatsApp Images\IMG-20180315-WA0002.jpg","IMG-20180315-WA0002.jpg","236435","4199968"
"C:\Users\flier\OneDrive\תמונות\Samsung Gallery\Android\media\com.whatsapp\WhatsApp\Media\WhatsApp Images\IMG-20180315-WA0004.jpg","IMG-20180315-WA0004.jpg","229736","4199968"
"C:\Users\flier\OneDrive\תמונות\Samsung Gallery\Android\media\com.whatsapp\WhatsApp\Media\WhatsApp Images\IMG-20180315-WA0005.jpg","IMG-20180315-WA0005.jpg","222532","4199968"
"C:\Users\flier\OneDrive\תמונות\Samsung Gallery\Android\media\com.whatsapp\WhatsApp\Media\WhatsApp Images\IMG-20180315-WA0008.jpg","IMG-20180315-WA0008.jpg","248270","4199968"
"C:\Users\flier\OneDrive\תמונות\Samsung Gallery\Android\media\com.whatsapp\WhatsApp\Media\WhatsApp Images\IMG-20180315-WA0009.jpg","IMG-20180315-WA0009.jpg","212850","4199968"
"C:\Users\flier\OneDrive\תמונות\Samsung Gallery\Android\media\com.whatsapp\WhatsApp\Media\WhatsApp Images\IMG-20180315-WA0010.jpg","IMG-20180315-WA0010.jpg","263009","4199968"
"C:\Users\flier\OneDrive\תמונות\Samsung Gallery\Android\media\com.whatsapp\WhatsApp\Media\WhatsApp Images\IMG-20180315-WA0013.jpg","IMG-20180315-WA0013.jpg","202166","4199968"
"C:\Users\flier\OneDrive\תמונות\Samsung Gallery\Android\media\com.whatsapp\WhatsApp\Media\WhatsApp Images\IMG-20180316-WA0004.jpeg","IMG-20180316-WA0004.jpeg","683656","4199968"
"C:\Users\flier\OneDrive\תמונות\Samsung Gallery\Android\media\com.whatsapp\WhatsApp\Media\WhatsApp Images\IMG-20180316-WA0005.jpeg","IMG-20180316-WA0005.jpeg","850141","4199968"
"C:\Users\flier\OneDrive\תמונות\Samsung Gallery\Android\media\com.whatsapp\WhatsApp\Media\WhatsApp Images\IMG-20180316-WA0006.jpeg","IMG-20180316-WA0006.jpeg","850081","4199968"
"C:\Users\flier\OneDrive\תמונות\Samsung Gallery\Android\media\com.whatsapp\WhatsApp\Media\WhatsApp Images\IMG-20180318-WA0000.jpg","IMG-20180318-WA0000.jpg","254704","4199968"
"C:\Users\flier\OneDrive\תמונות\Samsung Gallery\Android\media\com.whatsapp\WhatsApp\Media\WhatsApp Images\IMG-20180318-WA0010.jpg","IMG-20180318-WA0010.jpg","319852","4199968"
"C:\Users\flier\OneDrive\תמונות\Samsung Gallery\Android\media\com.whatsapp\WhatsApp\Media\WhatsApp Images\IMG-20180319-WA0007.jpg","IMG-20180319-WA0007.jpg","141196","4199968"
"C:\Users\flier\OneDrive\תמונות\Samsung Gallery\Android\media\com.whatsapp\WhatsApp\Media\WhatsApp Images\IMG-20180320-WA0000.jpg","IMG-20180320-WA0000.jpg","133628","4199968"
"C:\Users\flier\OneDrive\תמונות\Samsung Gallery\Android\media\com.whatsapp\WhatsApp\Media\WhatsApp Images\IMG-20180320-WA0001.jpg","IMG-20180320-WA0001.jpg","145894","4199968"
"C:\Users\flier\OneDrive\תמונות\Samsung Gallery\Android\media\com.whatsapp\WhatsApp\Media\WhatsApp Images\IMG-20180320-WA0002.jpg","IMG-20180320-WA0002.jpg","109589","4199968"
"C:\Users\flier\OneDrive\תמונות\Samsung Gallery\Android\media\com.whatsapp\WhatsApp\Media\WhatsApp Images\IMG-20180320-WA0003.jpg","IMG-20180320-WA0003.jpg","116688","4199968"
"C:\Users\flier\OneDrive\תמונות\Samsung Gallery\Android\media\com.whatsapp\WhatsApp\Media\WhatsApp Images\IMG-20180320-WA0008.jpeg","IMG-20180320-WA0008.jpeg","952661","4199968"
"C:\Users\flier\OneDrive\תמונות\Samsung Gallery\Android\media\com.whatsapp\WhatsApp\Media\WhatsApp Images\IMG-20180321-WA0001.jpg","IMG-20180321-WA0001.jpg","117372","4199968"
"C:\Users\flier\OneDrive\תמונות\Samsung Gallery\Android\media\com.whatsapp\WhatsApp\Media\WhatsApp Images\IMG-20180321-WA0002.jpg","IMG-20180321-WA0002.jpg","139410","4199968"
"C:\Users\flier\OneDrive\תמונות\Samsung Gallery\Android\media\com.whatsapp\WhatsApp\Media\WhatsApp Images\IMG-20180321-WA0003.jpg","IMG-20180321-WA0003.jpg","123320","4199968"
"C:\Users\flier\OneDrive\תמונות\Samsung Gallery\Android\media\com.whatsapp\WhatsApp\Media\WhatsApp Images\IMG-20180321-WA0004.jpg","IMG-20180321-WA0004.jpg","175138","4199968"
"C:\Users\flier\OneDrive\תמונות\Samsung Gallery\Android\media\com.whatsapp\WhatsApp\Media\WhatsApp Images\IMG-20180321-WA0005.jpg","IMG-20180321-WA0005.jpg","152559","4199968"
"C:\Users\flier\OneDrive\תמונות\Samsung Gallery\Android\media\com.whatsapp\WhatsApp\Media\WhatsApp Images\IMG-20180326-WA0000.jpg","IMG-20180326-WA0000.jpg","78348","4199968"
"C:\Users\flier\OneDrive\תמונות\Samsung Gallery\Android\media\com.whatsapp\WhatsApp\Media\WhatsApp Images\IMG-20180327-WA0000.jpg","IMG-20180327-WA0000.jpg","15280","4199968"
"C:\Users\flier\OneDrive\תמונות\Samsung Gallery\Android\media\com.whatsapp\WhatsApp\Media\WhatsApp Images\IMG-20180327-WA0001.jpg","IMG-20180327-WA0001.jpg","11007","4199968"
"C:\Users\flier\OneDrive\תמונות\Samsung Gallery\Android\media\com.whatsapp\WhatsApp\Media\WhatsApp Images\IMG-20180327-WA0003.jpg","IMG-20180327-WA0003.jpg","100505","4199968"
"C:\Users\flier\OneDrive\תמונות\Samsung Gallery\Android\media\com.whatsapp\WhatsApp\Media\WhatsApp Images\IMG-20180327-WA0004.jpg","IMG-20180327-WA0004.jpg","111047","4199968"
"C:\Users\flier\OneDrive\תמונות\Samsung Gallery\Android\media\com.whatsapp\WhatsApp\Media\WhatsApp Images\IMG-20180327-WA0005.jpg","IMG-20180327-WA0005.jpg","167336","4199968"
"C:\Users\flier\OneDrive\תמונות\Samsung Gallery\Android\media\com.whatsapp\WhatsApp\Media\WhatsApp Images\IMG-20180327-WA0006.jpg","IMG-20180327-WA0006.jpg","141729","4199968"
"C:\Users\flier\OneDrive\תמונות\Samsung Gallery\Android\media\com.whatsapp\WhatsApp\Media\WhatsApp Images\IMG-20180327-WA0014.jpg","IMG-20180327-WA0014.jpg","370111","4199968"
"C:\Users\flier\OneDrive\תמונות\Samsung Gallery\Android\media\com.whatsapp\WhatsApp\Media\WhatsApp Images\IMG-20180327-WA0015.jpg","IMG-20180327-WA0015.jpg","274881","4199968"
"C:\Users\flier\OneDrive\תמונות\Samsung Gallery\Android\media\com.whatsapp\WhatsApp\Media\WhatsApp Images\IMG-20180327-WA0016.jpg","IMG-20180327-WA0016.jpg","355599","4199968"
"C:\Users\flier\OneDrive\תמונות\Samsung Gallery\Android\media\com.whatsapp\WhatsApp\Media\WhatsApp Images\IMG-20180327-WA0017.jpg","IMG-20180327-WA0017.jpg","356773","4199968"
"C:\Users\flier\OneDrive\תמונות\Samsung Gallery\Android\media\com.whatsapp\WhatsApp\Media\WhatsApp Images\IMG-20180327-WA0018.jpg","IMG-20180327-WA0018.jpg","382247","4199968"
"C:\Users\flier\OneDrive\תמונות\Samsung Gallery\Android\media\com.whatsapp\WhatsApp\Media\WhatsApp Images\IMG-20180327-WA0021.jpg","IMG-20180327-WA0021.jpg","300027","4199968"
"C:\Users\flier\OneDrive\תמונות\Samsung Gallery\Android\media\com.whatsapp\WhatsApp\Media\WhatsApp Images\IMG-20180327-WA0024.jpg","IMG-20180327-WA0024.jpg","314631","4199968"
"C:\Users\flier\OneDrive\תמונות\Samsung Gallery\Android\media\com.whatsapp\WhatsApp\Media\WhatsApp Images\IMG-20180328-WA0015.jpg","IMG-20180328-WA0015.jpg","391090","4199968"
"C:\Users\flier\OneDrive\תמונות\Samsung Gallery\Android\media\com.whatsapp\WhatsApp\Media\WhatsApp Images\IMG-20180328-WA0016.jpg","IMG-20180328-WA0016.jpg","298224","4199968"
"C:\Users\flier\OneDrive\תמונות\Samsung Gallery\Android\media\com.whatsapp\WhatsApp\Media\WhatsApp Images\IMG-20180328-WA0017.jpg","IMG-20180328-WA0017.jpg","599068","4199968"
"C:\Users\flier\OneDrive\תמונות\Samsung Gallery\Android\media\com.whatsapp\WhatsApp\Media\WhatsApp Images\IMG-20180328-WA0018.jpg","IMG-20180328-WA0018.jpg","562404","4199968"
"C:\Users\flier\OneDrive\תמונות\Samsung Gallery\Android\media\com.whatsapp\WhatsApp\Media\WhatsApp Images\IMG-20180328-WA0019.jpg","IMG-20180328-WA0019.jpg","466104","4199968"
"C:\Users\flier\OneDrive\תמונות\Samsung Gallery\Android\media\com.whatsapp\WhatsApp\Media\WhatsApp Images\IMG-20180328-WA0020.jpg","IMG-20180328-WA0020.jpg","466292","4199968"
"C:\Users\flier\OneDrive\תמונות\Samsung Gallery\Android\media\com.whatsapp\WhatsApp\Media\WhatsApp Images\IMG-20180328-WA0021.jpg","IMG-20180328-WA0021.jpg","391093","4199968"
"C:\Users\flier\OneDrive\תמונות\Samsung Gallery\Android\media\com.whatsapp\WhatsApp\Media\WhatsApp Images\IMG-20180328-WA0022.jpg","IMG-20180328-WA0022.jpg","384323","4199968"
"C:\Users\flier\OneDrive\תמונות\Samsung Gallery\Android\media\com.whatsapp\WhatsApp\Media\WhatsApp Images\IMG-20180328-WA0040.jpg","IMG-20180328-WA0040.jpg","335614","4199968"
"C:\Users\flier\OneDrive\תמונות\Samsung Gallery\Android\media\com.whatsapp\WhatsApp\Media\WhatsApp Images\IMG-20180328-WA0042.jpg","IMG-20180328-WA0042.jpg","336156","4199968"
"C:\Users\flier\OneDrive\תמונות\Samsung Gallery\Android\media\com.whatsapp\WhatsApp\Media\WhatsApp Images\IMG-20180328-WA0044.jpg","IMG-20180328-WA0044.jpg","317844","4199968"
"C:\Users\flier\OneDrive\תמונות\Samsung Gallery\Android\media\com.whatsapp\WhatsApp\Media\WhatsApp Images\IMG-20180329-WA0000.jpg","IMG-20180329-WA0000.jpg","255110","4199968"
"C:\Users\flier\OneDrive\תמונות\Samsung Gallery\Android\media\com.whatsapp\WhatsApp\Media\WhatsApp Images\IMG-20180329-WA0003.jpg","IMG-20180329-WA0003.jpg","306237","4199968"
"C:\Users\flier\OneDrive\תמונות\Samsung Gallery\Android\media\com.whatsapp\WhatsApp\Media\WhatsApp Images\IMG-20180329-WA0004.jpg","IMG-20180329-WA0004.jpg","334550","4199968"
"C:\Users\flier\OneDrive\תמונות\Samsung Gallery\Android\media\com.whatsapp\WhatsApp\Media\WhatsApp Images\IMG-20180329-WA0008.jpg","IMG-20180329-WA0008.jpg","341379","4199968"
"C:\Users\flier\OneDrive\תמונות\Samsung Gallery\Android\media\com.whatsapp\WhatsApp\Media\WhatsApp Images\IMG-20180329-WA0009.jpg","IMG-20180329-WA0009.jpg","308623","4199968"
"C:\Users\flier\OneDrive\תמונות\Samsung Gallery\Android\media\com.whatsapp\WhatsApp\Media\WhatsApp Images\IMG-20180329-WA0010.jpg","IMG-20180329-WA0010.jpg","275702","4199968"
"C:\Users\flier\OneDrive\תמונות\Samsung Gallery\Android\media\com.whatsapp\WhatsApp\Media\WhatsApp Images\IMG-20180330-WA0003.jpg","IMG-20180330-WA0003.jpg","355114","4199968"
"C:\Users\flier\OneDrive\תמונות\Samsung Gallery\Android\media\com.whatsapp\WhatsApp\Media\WhatsApp Images\IMG-20180330-WA0004.jpg","IMG-20180330-WA0004.jpg","377403","4199968"
"C:\Users\flier\OneDrive\תמונות\Samsung Gallery\Android\media\com.whatsapp\WhatsApp\Media\WhatsApp Images\IMG-20180401-WA0000.jpg","IMG-20180401-WA0000.jpg","303401","4199968"
"C:\Users\flier\OneDrive\תמונות\Samsung Gallery\Android\media\com.whatsapp\WhatsApp\Media\WhatsApp Images\IMG-20180402-WA0001.jpg","IMG-20180402-WA0001.jpg","228866","4199968"
"C:\Users\flier\OneDrive\תמונות\Samsung Gallery\Android\media\com.whatsapp\WhatsApp\Media\WhatsApp Images\IMG-20180404-WA0003.jpg","IMG-20180404-WA0003.jpg","244951","4199968"
"C:\Users\flier\OneDrive\תמונות\Samsung Gallery\Android\media\com.whatsapp\WhatsApp\Media\WhatsApp Images\IMG-20180404-WA0004.jpg","IMG-20180404-WA0004.jpg","264369","4199968"
"C:\Users\flier\OneDrive\תמונות\Samsung Gallery\Android\media\com.whatsapp\WhatsApp\Media\WhatsApp Images\IMG-20180404-WA0005.jpg","IMG-20180404-WA0005.jpg","349122","4199968"
"C:\Users\flier\OneDrive\תמונות\Samsung Gallery\Android\media\com.whatsapp\WhatsApp\Media\WhatsApp Images\IMG-20180404-WA0006.jpg","IMG-20180404-WA0006.jpg","310723","4199968"
"C:\Users\flier\OneDrive\תמונות\Samsung Gallery\Android\media\com.whatsapp\WhatsApp\Media\WhatsApp Images\IMG-20180408-WA0002.jpg","IMG-20180408-WA0002.jpg","344964","4199968"
"C:\Users\flier\OneDrive\תמונות\Samsung Gallery\Android\media\com.whatsapp\WhatsApp\Media\WhatsApp Images\IMG-20180408-WA0005.jpg","IMG-20180408-WA0005.jpg","319799","4199968"
"C:\Users\flier\OneDrive\תמונות\Samsung Gallery\Android\media\com.whatsapp\WhatsApp\Media\WhatsApp Images\IMG-20180408-WA0009.jpg","IMG-20180408-WA0009.jpg","298080","4199968"
"C:\Users\flier\OneDrive\תמונות\Samsung Gallery\Android\media\com.whatsapp\WhatsApp\Media\WhatsApp Images\IMG-20180408-WA0013.jpg","IMG-20180408-WA0013.jpg","333389","4199968"
"C:\Users\flier\OneDrive\תמונות\Samsung Gallery\Android\media\com.whatsapp\WhatsApp\Media\WhatsApp Images\IMG-20180409-WA0000.jpg","IMG-20180409-WA0000.jpg","324136","4199968"
"C:\Users\flier\OneDrive\תמונות\Samsung Gallery\Android\media\com.whatsapp\WhatsApp\Media\WhatsApp Images\IMG-20180409-WA0001.jpg","IMG-20180409-WA0001.jpg","455363","4199968"
"C:\Users\flier\OneDrive\תמונות\Samsung Gallery\Android\media\com.whatsapp\WhatsApp\Media\WhatsApp Images\IMG-20180409-WA0002.jpg","IMG-20180409-WA0002.jpg","216826","4199968"
"C:\Users\flier\OneDrive\תמונות\Samsung Gallery\Android\media\com.whatsapp\WhatsApp\Media\WhatsApp Images\IMG-20180409-WA0003.jpg","IMG-20180409-WA0003.jpg","183698","4199968"
"C:\Users\flier\OneDrive\תמונות\Samsung Gallery\Android\media\com.whatsapp\WhatsApp\Media\WhatsApp Images\IMG-20180409-WA0004.jpg","IMG-20180409-WA0004.jpg","445533","4199968"
"C:\Users\flier\OneDrive\תמונות\Samsung Gallery\Android\media\com.whatsapp\WhatsApp\Media\WhatsApp Images\IMG-20180409-WA0005.jpg","IMG-20180409-WA0005.jpg","327358","4199968"
"C:\Users\flier\OneDrive\תמונות\Samsung Gallery\Android\media\com.whatsapp\WhatsApp\Media\WhatsApp Images\IMG-20180409-WA0006.jpg","IMG-20180409-WA0006.jpg","394466","4199968"
"C:\Users\flier\OneDrive\תמונות\Samsung Gallery\Android\media\com.whatsapp\WhatsApp\Media\WhatsApp Images\IMG-20180409-WA0007.jpg","IMG-20180409-WA0007.jpg","298288","4199968"
"C:\Users\flier\OneDrive\תמונות\Samsung Gallery\Android\media\com.whatsapp\WhatsApp\Media\WhatsApp Images\IMG-20180409-WA0008.jpg","IMG-20180409-WA0008.jpg","357353","4199968"
"C:\Users\flier\OneDrive\תמונות\Samsung Gallery\Android\media\com.whatsapp\WhatsApp\Media\WhatsApp Images\IMG-20180409-WA0009.jpg","IMG-20180409-WA0009.jpg","328336","4199968"
"C:\Users\flier\OneDrive\תמונות\Samsung Gallery\Android\media\com.whatsapp\WhatsApp\Media\WhatsApp Images\IMG-20180409-WA0011.jpg","IMG-20180409-WA0011.jpg","286490","4199968"
"C:\Users\flier\OneDrive\תמונות\Samsung Gallery\Android\media\com.whatsapp\WhatsApp\Media\WhatsApp Images\IMG-20180409-WA0013.jpg","IMG-20180409-WA0013.jpg","306417","4199968"
"C:\Users\flier\OneDrive\תמונות\Samsung Gallery\Android\media\com.whatsapp\WhatsApp\Media\WhatsApp Images\IMG-20180410-WA0000.jpg","IMG-20180410-WA0000.jpg","243646","4199968"
"C:\Users\flier\OneDrive\תמונות\Samsung Gallery\Android\media\com.whatsapp\WhatsApp\Media\WhatsApp Images\IMG-20180410-WA0001.jpg","IMG-20180410-WA0001.jpg","219825","4199968"
"C:\Users\flier\OneDrive\תמונות\Samsung Gallery\Android\media\com.whatsapp\WhatsApp\Media\WhatsApp Images\IMG-20180410-WA0002.jpg","IMG-20180410-WA0002.jpg","220335","4199968"
"C:\Users\flier\OneDrive\תמונות\Samsung Gallery\Android\media\com.whatsapp\WhatsApp\Media\WhatsApp Images\IMG-20180410-WA0003.jpg","IMG-20180410-WA0003.jpg","253275","4199968"
"C:\Users\flier\OneDrive\תמונות\Samsung Gallery\Android\media\com.whatsapp\WhatsApp\Media\WhatsApp Images\IMG-20180410-WA0004.jpg","IMG-20180410-WA0004.jpg","183200","4199968"
"C:\Users\flier\OneDrive\תמונות\Samsung Gallery\Android\media\com.whatsapp\WhatsApp\Media\WhatsApp Images\IMG-20180410-WA0007.jpg","IMG-20180410-WA0007.jpg","312080","4199968"
"C:\Users\flier\OneDrive\תמונות\Samsung Gallery\Android\media\com.whatsapp\WhatsApp\Media\WhatsApp Images\IMG-20180410-WA0010.jpg","IMG-20180410-WA0010.jpg","234432","4199968"
"C:\Users\flier\OneDrive\תמונות\Samsung Gallery\Android\media\com.whatsapp\WhatsApp\Media\WhatsApp Images\IMG-20180410-WA0011.jpg","IMG-20180410-WA0011.jpg","328865","4199968"
"C:\Users\flier\OneDrive\תמונות\Samsung Gallery\Android\media\com.whatsapp\WhatsApp\Media\WhatsApp Images\IMG-20180410-WA0015.jpg","IMG-20180410-WA0015.jpg","333867","4199968"
"C:\Users\flier\OneDrive\תמונות\Samsung Gallery\Android\media\com.whatsapp\WhatsApp\Media\WhatsApp Images\IMG-20180410-WA0017.jpg","IMG-20180410-WA0017.jpg","281653","4199968"
"C:\Users\flier\OneDrive\תמונות\Samsung Gallery\Android\media\com.whatsapp\WhatsApp\Media\WhatsApp Images\IMG-20180410-WA0020.jpg","IMG-20180410-WA0020.jpg","323540","4199968"
"C:\Users\flier\OneDrive\תמונות\Samsung Gallery\Android\media\com.whatsapp\WhatsApp\Media\WhatsApp Images\IMG-20180411-WA0001.jpg","IMG-20180411-WA0001.jpg","349337","4199968"
"C:\Users\flier\OneDrive\תמונות\Samsung Gallery\Android\media\com.whatsapp\WhatsApp\Media\WhatsApp Images\IMG-20180411-WA0004.jpg","IMG-20180411-WA0004.jpg","376261","4199968"
"C:\Users\flier\OneDrive\תמונות\Samsung Gallery\Android\media\com.whatsapp\WhatsApp\Media\WhatsApp Images\IMG-20180411-WA0005.jpg","IMG-20180411-WA0005.jpg","323937","4199968"
"C:\Users\flier\OneDrive\תמונות\Samsung Gallery\Android\media\com.whatsapp\WhatsApp\Media\WhatsApp Images\IMG-20180411-WA0007.jpg","IMG-20180411-WA0007.jpg","283242","4199968"
"C:\Users\flier\OneDrive\תמונות\Samsung Gallery\Android\media\com.whatsapp\WhatsApp\Media\WhatsApp Images\IMG-20180411-WA0010.jpg","IMG-20180411-WA0010.jpg","276361","4199968"
"C:\Users\flier\OneDrive\תמונות\Samsung Gallery\Android\media\com.whatsapp\WhatsApp\Media\WhatsApp Images\IMG-20180411-WA0012.jpg","IMG-20180411-WA0012.jpg","212104","4199968"
"C:\Users\flier\OneDrive\תמונות\Samsung Gallery\Android\media\com.whatsapp\WhatsApp\Media\WhatsApp Images\IMG-20180411-WA0016.jpg","IMG-20180411-WA0016.jpg","292725","4199968"
"C:\Users\flier\OneDrive\תמונות\Samsung Gallery\Android\media\com.whatsapp\WhatsApp\Media\WhatsApp Images\IMG-20180412-WA0000.jpg","IMG-20180412-WA0000.jpg","143551","4199968"
"C:\Users\flier\OneDrive\תמונות\Samsung Gallery\Android\media\com.whatsapp\WhatsApp\Media\WhatsApp Images\IMG-20180412-WA0001.jpg","IMG-20180412-WA0001.jpg","136154","4199968"
"C:\Users\flier\OneDrive\תמונות\Samsung Gallery\Android\media\com.whatsapp\WhatsApp\Media\WhatsApp Images\IMG-20180412-WA0002.jpg","IMG-20180412-WA0002.jpg","153240","4199968"
"C:\Users\flier\OneDrive\תמונות\Samsung Gallery\Android\media\com.whatsapp\WhatsApp\Media\WhatsApp Images\IMG-20180412-WA0003.jpg","IMG-20180412-WA0003.jpg","143848","4199968"
"C:\Users\flier\OneDrive\תמונות\Samsung Gallery\Android\media\com.whatsapp\WhatsApp\Media\WhatsApp Images\IMG-20180412-WA0004.jpg","IMG-20180412-WA0004.jpg","158083","4199968"
"C:\Users\flier\OneDrive\תמונות\Samsung Gallery\Android\media\com.whatsapp\WhatsApp\Media\WhatsApp Images\IMG-20180412-WA0005.jpg","IMG-20180412-WA0005.jpg","341871","4199968"
"C:\Users\flier\OneDrive\תמונות\Samsung Gallery\Android\media\com.whatsapp\WhatsApp\Media\WhatsApp Images\IMG-20180412-WA0008.jpg","IMG-20180412-WA0008.jpg","393473","4199968"
"C:\Users\flier\OneDrive\תמונות\Samsung Gallery\Android\media\com.whatsapp\WhatsApp\Media\WhatsApp Images\IMG-20180415-WA0000.jpg","IMG-20180415-WA0000.jpg","240169","4199968"
"C:\Users\flier\OneDrive\תמונות\Samsung Gallery\Android\media\com.whatsapp\WhatsApp\Media\WhatsApp Images\IMG-20180415-WA0002.jpg","IMG-20180415-WA0002.jpg","295757","4199968"
"C:\Users\flier\OneDrive\תמונות\Samsung Gallery\Android\media\com.whatsapp\WhatsApp\Media\WhatsApp Images\IMG-20180415-WA0004.jpg","IMG-20180415-WA0004.jpg","231468","4199968"
"C:\Users\flier\OneDrive\תמונות\Samsung Gallery\Android\media\com.whatsapp\WhatsApp\Media\WhatsApp Images\IMG-20180415-WA0006.jpg","IMG-20180415-WA0006.jpg","352016","4199968"
"C:\Users\flier\OneDrive\תמונות\Samsung Gallery\Android\media\com.whatsapp\WhatsApp\Media\WhatsApp Images\IMG-20180416-WA0000.jpg","IMG-20180416-WA0000.jpg","223254","4199968"
"C:\Users\flier\OneDrive\תמונות\Samsung Gallery\Android\media\com.whatsapp\WhatsApp\Media\WhatsApp Images\IMG-20180416-WA0003.jpg","IMG-20180416-WA0003.jpg","347947","4199968"
"C:\Users\flier\OneDrive\תמונות\Samsung Gallery\Android\media\com.whatsapp\WhatsApp\Media\WhatsApp Images\IMG-20180416-WA0006.jpg","IMG-20180416-WA0006.jpg","336268","4199968"
"C:\Users\flier\OneDrive\תמונות\Samsung Gallery\Android\media\com.whatsapp\WhatsApp\Media\WhatsApp Images\IMG-20180416-WA0007.jpg","IMG-20180416-WA0007.jpg","68517","4199968"
"C:\Users\flier\OneDrive\תמונות\Samsung Gallery\Android\media\com.whatsapp\WhatsApp\Media\WhatsApp Images\IMG-20180416-WA0012.jpg","IMG-20180416-WA0012.jpg","360100","4199968"
"C:\Users\flier\OneDrive\תמונות\Samsung Gallery\Android\media\com.whatsapp\WhatsApp\Media\WhatsApp Images\IMG-20180416-WA0014.jpg","IMG-20180416-WA0014.jpg","326294","4199968"
"C:\Users\flier\OneDrive\תמונות\Samsung Gallery\Android\media\com.whatsapp\WhatsApp\Media\WhatsApp Images\IMG-20180417-WA0000.jpg","IMG-20180417-WA0000.jpg","273776","4199968"
"C:\Users\flier\OneDrive\תמונות\Samsung Gallery\Android\media\com.whatsapp\WhatsApp\Media\WhatsApp Images\IMG-20180417-WA0002.jpg","IMG-20180417-WA0002.jpg","200124","4199968"
"C:\Users\flier\OneDrive\תמונות\Samsung Gallery\Android\media\com.whatsapp\WhatsApp\Media\WhatsApp Images\IMG-20180417-WA0003.jpg","IMG-20180417-WA0003.jpg","223303","4199968"
"C:\Users\flier\OneDrive\תמונות\Samsung Gallery\Android\media\com.whatsapp\WhatsApp\Media\WhatsApp Images\IMG-20180417-WA0004.jpg","IMG-20180417-WA0004.jpg","202646","4199968"
"C:\Users\flier\OneDrive\תמונות\Samsung Gallery\Android\media\com.whatsapp\WhatsApp\Media\WhatsApp Images\IMG-20180417-WA0005.jpg","IMG-20180417-WA0005.jpg","215018","4199968"
"C:\Users\flier\OneDrive\תמונות\Samsung Gallery\Android\media\com.whatsapp\WhatsApp\Media\WhatsApp Images\IMG-20180417-WA0006.jpg","IMG-20180417-WA0006.jpg","208737","4199968"
"C:\Users\flier\OneDrive\תמונות\Samsung Gallery\Android\media\com.whatsapp\WhatsApp\Media\WhatsApp Images\IMG-20180417-WA0007.jpg","IMG-20180417-WA0007.jpg","171440","4199968"
"C:\Users\flier\OneDrive\תמונות\Samsung Gallery\Android\media\com.whatsapp\WhatsApp\Media\WhatsApp Images\IMG-20180417-WA0008.jpg","IMG-20180417-WA0008.jpg","173024","4199968"
"C:\Users\flier\OneDrive\תמונות\Samsung Gallery\Android\media\com.whatsapp\WhatsApp\Media\WhatsApp Images\IMG-20180417-WA0009.jpg","IMG-20180417-WA0009.jpg","168145","4199968"
"C:\Users\flier\OneDrive\תמונות\Samsung Gallery\Android\media\com.whatsapp\WhatsApp\Media\WhatsApp Images\IMG-20180417-WA0010.jpg","IMG-20180417-WA0010.jpg","157057","4199968"
"C:\Users\flier\OneDrive\תמונות\Samsung Gallery\Android\media\com.whatsapp\WhatsApp\Media\WhatsApp Images\IMG-20180417-WA0012.jpg","IMG-20180417-WA0012.jpg","296833","4199968"
"C:\Users\flier\OneDrive\תמונות\Samsung Gallery\Android\media\com.whatsapp\WhatsApp\Media\WhatsApp Images\IMG-20180417-WA0013.jpg","IMG-20180417-WA0013.jpg","413271","4199968"
"C:\Users\flier\OneDrive\תמונות\Samsung Gallery\Android\media\com.whatsapp\WhatsApp\Media\WhatsApp Images\IMG-20180417-WA0015.jpg","IMG-20180417-WA0015.jpg","391496","4199968"
"C:\Users\flier\OneDrive\תמונות\Samsung Gallery\Android\media\com.whatsapp\WhatsApp\Media\WhatsApp Images\IMG-20180418-WA0000.jpg","IMG-20180418-WA0000.jpg","219317","4199968"
"C:\Users\flier\OneDrive\תמונות\Samsung Gallery\Android\media\com.whatsapp\WhatsApp\Media\WhatsApp Images\IMG-20180418-WA0001.jpg","IMG-20180418-WA0001.jpg","101751","4199968"
"C:\Users\flier\OneDrive\תמונות\Samsung Gallery\Android\media\com.whatsapp\WhatsApp\Media\WhatsApp Images\IMG-20180418-WA0006.jpg","IMG-20180418-WA0006.jpg","146795","4199968"
"C:\Users\flier\OneDrive\תמונות\Samsung Gallery\Android\media\com.whatsapp\WhatsApp\Media\WhatsApp Images\IMG-20180418-WA0010.jpeg","IMG-20180418-WA0010.jpeg","1019310","4199968"
"C:\Users\flier\OneDrive\תמונות\Samsung Gallery\Android\media\com.whatsapp\WhatsApp\Media\WhatsApp Images\IMG-20180419-WA0006.jpg","IMG-20180419-WA0006.jpg","311107","4199968"
"C:\Users\flier\OneDrive\תמונות\Samsung Gallery\Android\media\com.whatsapp\WhatsApp\Media\WhatsApp Images\IMG-20180419-WA0009.jpg","IMG-20180419-WA0009.jpg","281967","4199968"
"C:\Users\flier\OneDrive\תמונות\Samsung Gallery\Android\media\com.whatsapp\WhatsApp\Media\WhatsApp Images\IMG-20180420-WA0000.jpg","IMG-20180420-WA0000.jpg","245219","4199968"
"C:\Users\flier\OneDrive\תמונות\Samsung Gallery\Android\media\com.whatsapp\WhatsApp\Media\WhatsApp Images\IMG-20180422-WA0000.jpg","IMG-20180422-WA0000.jpg","213010","4199968"
"C:\Users\flier\OneDrive\תמונות\Samsung Gallery\Android\media\com.whatsapp\WhatsApp\Media\WhatsApp Images\IMG-20180422-WA0001.jpg","IMG-20180422-WA0001.jpg","221708","4199968"
"C:\Users\flier\OneDrive\תמונות\Samsung Gallery\Android\media\com.whatsapp\WhatsApp\Media\WhatsApp Images\IMG-20180422-WA0005.jpg","IMG-20180422-WA0005.jpg","270649","4199968"
"C:\Users\flier\OneDrive\תמונות\Samsung Gallery\Android\media\com.whatsapp\WhatsApp\Media\WhatsApp Images\IMG-20180422-WA0006.jpg","IMG-20180422-WA0006.jpg","402546","4199968"
"C:\Users\flier\OneDrive\תמונות\Samsung Gallery\Android\media\com.whatsapp\WhatsApp\Media\WhatsApp Images\IMG-20180422-WA0007.jpg","IMG-20180422-WA0007.jpg","523021","4199968"
"C:\Users\flier\OneDrive\תמונות\Samsung Gallery\Android\media\com.whatsapp\WhatsApp\Media\WhatsApp Images\IMG-20180422-WA0008.jpg","IMG-20180422-WA0008.jpg","314804","4199968"
"C:\Users\flier\OneDrive\תמונות\Samsung Gallery\Android\media\com.whatsapp\WhatsApp\Media\WhatsApp Images\IMG-20180422-WA0009.jpg","IMG-20180422-WA0009.jpg","531814","4199968"
"C:\Users\flier\OneDrive\תמונות\Samsung Gallery\Android\media\com.whatsapp\WhatsApp\Media\WhatsApp Images\IMG-20180422-WA0010.jpg","IMG-20180422-WA0010.jpg","363262","4199968"
"C:\Users\flier\OneDrive\תמונות\Samsung Gallery\Android\media\com.whatsapp\WhatsApp\Media\WhatsApp Images\IMG-20180422-WA0011.jpg","IMG-20180422-WA0011.jpg","294008","4199968"
"C:\Users\flier\OneDrive\תמונות\Samsung Gallery\Android\media\com.whatsapp\WhatsApp\Media\WhatsApp Images\IMG-20180422-WA0012.jpg","IMG-20180422-WA0012.jpg","436550","4199968"
"C:\Users\flier\OneDrive\תמונות\Samsung Gallery\Android\media\com.whatsapp\WhatsApp\Media\WhatsApp Images\IMG-20180422-WA0013.jpg","IMG-20180422-WA0013.jpg","390247","4199968"
"C:\Users\flier\OneDrive\תמונות\Samsung Gallery\Android\media\com.whatsapp\WhatsApp\Media\WhatsApp Images\IMG-20180422-WA0014.jpg","IMG-20180422-WA0014.jpg","450456","4199968"
"C:\Users\flier\OneDrive\תמונות\Samsung Gallery\Android\media\com.whatsapp\WhatsApp\Media\WhatsApp Images\IMG-20180422-WA0015.jpg","IMG-20180422-WA0015.jpg","395447","4199968"
"C:\Users\flier\OneDrive\תמונות\Samsung Gallery\Android\media\com.whatsapp\WhatsApp\Media\WhatsApp Images\IMG-20180422-WA0016.jpg","IMG-20180422-WA0016.jpg","569680","4199968"
"C:\Users\flier\OneDrive\תמונות\Samsung Gallery\Android\media\com.whatsapp\WhatsApp\Media\WhatsApp Images\IMG-20180422-WA0017.jpg","IMG-20180422-WA0017.jpg","590457","4199968"
"C:\Users\flier\OneDrive\תמונות\Samsung Gallery\Android\media\com.whatsapp\WhatsApp\Media\WhatsApp Images\IMG-20180422-WA0018.jpg","IMG-20180422-WA0018.jpg","243687","4199968"
"C:\Users\flier\OneDrive\תמונות\Samsung Gallery\Android\media\com.whatsapp\WhatsApp\Media\WhatsApp Images\IMG-20180422-WA0019.jpg","IMG-20180422-WA0019.jpg","229826","4199968"
"C:\Users\flier\OneDrive\תמונות\Samsung Gallery\Android\media\com.whatsapp\WhatsApp\Media\WhatsApp Images\IMG-20180422-WA0020.jpg","IMG-20180422-WA0020.jpg","209950","4199968"
"C:\Users\flier\OneDrive\תמונות\Samsung Gallery\Android\media\com.whatsapp\WhatsApp\Media\WhatsApp Images\IMG-20180423-WA0002.jpg","IMG-20180423-WA0002.jpg","346483","4199968"
"C:\Users\flier\OneDrive\תמונות\Samsung Gallery\Android\media\com.whatsapp\WhatsApp\Media\WhatsApp Images\IMG-20180423-WA0003.jpg","IMG-20180423-WA0003.jpg","96333","4199968"
"C:\Users\flier\OneDrive\תמונות\Samsung Gallery\Android\media\com.whatsapp\WhatsApp\Media\WhatsApp Images\IMG-20180423-WA0004.jpg","IMG-20180423-WA0004.jpg","93688","4199968"
"C:\Users\flier\OneDrive\תמונות\Samsung Gallery\Android\media\com.whatsapp\WhatsApp\Media\WhatsApp Images\IMG-20180423-WA0005.jpg","IMG-20180423-WA0005.jpg","160386","4199968"
"C:\Users\flier\OneDrive\תמונות\Samsung Gallery\Android\media\com.whatsapp\WhatsApp\Media\WhatsApp Images\IMG-20180423-WA0006.jpg","IMG-20180423-WA0006.jpg","248141","4199968"
"C:\Users\flier\OneDrive\תמונות\Samsung Gallery\Android\media\com.whatsapp\WhatsApp\Media\WhatsApp Images\IMG-20180423-WA0007.jpg","IMG-20180423-WA0007.jpg","239977","4199968"
"C:\Users\flier\OneDrive\תמונות\Samsung Gallery\Android\media\com.whatsapp\WhatsApp\Media\WhatsApp Images\IMG-20180424-WA0002.jpg","IMG-20180424-WA0002.jpg","159704","4199968"
"C:\Users\flier\OneDrive\תמונות\Samsung Gallery\Android\media\com.whatsapp\WhatsApp\Media\WhatsApp Images\IMG-20180424-WA0010.jpg","IMG-20180424-WA0010.jpg","69321","4199968"
"C:\Users\flier\OneDrive\תמונות\Samsung Gallery\Android\media\com.whatsapp\WhatsApp\Media\WhatsApp Images\IMG-20180424-WA0011.jpg","IMG-20180424-WA0011.jpg","106646","4199968"
"C:\Users\flier\OneDrive\תמונות\Samsung Gallery\Android\media\com.whatsapp\WhatsApp\Media\WhatsApp Images\IMG-20180424-WA0012.jpg","IMG-20180424-WA0012.jpg","129850","4199968"
"C:\Users\flier\OneDrive\תמונות\Samsung Gallery\Android\media\com.whatsapp\WhatsApp\Media\WhatsApp Images\IMG-20180424-WA0013.jpg","IMG-20180424-WA0013.jpg","87336","4199968"
"C:\Users\flier\OneDrive\תמונות\Samsung Gallery\Android\media\com.whatsapp\WhatsApp\Media\WhatsApp Images\IMG-20180424-WA0014.jpg","IMG-20180424-WA0014.jpg","129455","4199968"
"C:\Users\flier\OneDrive\תמונות\Samsung Gallery\Android\media\com.whatsapp\WhatsApp\Media\WhatsApp Images\IMG-20180424-WA0015.jpg","IMG-20180424-WA0015.jpg","152111","4199968"
"C:\Users\flier\OneDrive\תמונות\Samsung Gallery\Android\media\com.whatsapp\WhatsApp\Media\WhatsApp Images\IMG-20180424-WA0016.jpg","IMG-20180424-WA0016.jpg","113694","4199968"
"C:\Users\flier\OneDrive\תמונות\Samsung Gallery\Android\media\com.whatsapp\WhatsApp\Media\WhatsApp Images\IMG-20180424-WA0025.jpg","IMG-20180424-WA0025.jpg","171828","4199968"
"C:\Users\flier\OneDrive\תמונות\Samsung Gallery\Android\media\com.whatsapp\WhatsApp\Media\WhatsApp Images\IMG-20180425-WA0001.jpg","IMG-20180425-WA0001.jpg","94914","4199968"
"C:\Users\flier\OneDrive\תמונות\Samsung Gallery\Android\media\com.whatsapp\WhatsApp\Media\WhatsApp Images\IMG-20180425-WA0005.jpg","IMG-20180425-WA0005.jpg","208756","4199968"
"C:\Users\flier\OneDrive\תמונות\Samsung Gallery\Android\media\com.whatsapp\WhatsApp\Media\WhatsApp Images\IMG-20180425-WA0006.jpg","IMG-20180425-WA0006.jpg","257535","4199968"
"C:\Users\flier\OneDrive\תמונות\Samsung Gallery\Android\media\com.whatsapp\WhatsApp\Media\WhatsApp Images\IMG-20180426-WA0001.jpg","IMG-20180426-WA0001.jpg","335852","4199968"
"C:\Users\flier\OneDrive\תמונות\Samsung Gallery\Android\media\com.whatsapp\WhatsApp\Media\WhatsApp Images\IMG-20180426-WA0004.jpg","IMG-20180426-WA0004.jpg","266194","4199968"
"C:\Users\flier\OneDrive\תמונות\Samsung Gallery\Android\media\com.whatsapp\WhatsApp\Media\WhatsApp Images\IMG-20180426-WA0005.jpg","IMG-20180426-WA0005.jpg","306893","4199968"
"C:\Users\flier\OneDrive\תמונות\Samsung Gallery\Android\media\com.whatsapp\WhatsApp\Media\WhatsApp Images\IMG-20180426-WA0006.jpg","IMG-20180426-WA0006.jpg","187723","4199968"
"C:\Users\flier\OneDrive\תמונות\Samsung Gallery\Android\media\com.whatsapp\WhatsApp\Media\WhatsApp Images\IMG-20180426-WA0007.jpg","IMG-20180426-WA0007.jpg","179139","4199968"
"C:\Users\flier\OneDrive\תמונות\Samsung Gallery\Android\media\com.whatsapp\WhatsApp\Media\WhatsApp Images\IMG-20180427-WA0002.jpg","IMG-20180427-WA0002.jpg","91494","4199968"
"C:\Users\flier\OneDrive\תמונות\Samsung Gallery\Android\media\com.whatsapp\WhatsApp\Media\WhatsApp Images\IMG-20180427-WA0003.jpg","IMG-20180427-WA0003.jpg","299304","4199968"
"C:\Users\flier\OneDrive\תמונות\Samsung Gallery\Android\media\com.whatsapp\WhatsApp\Media\WhatsApp Images\IMG-20180427-WA0009.jpg","IMG-20180427-WA0009.jpg","239317","4199968"
"C:\Users\flier\OneDrive\תמונות\Samsung Gallery\Android\media\com.whatsapp\WhatsApp\Media\WhatsApp Images\IMG-20180427-WA0010.jpg","IMG-20180427-WA0010.jpg","195274","4199968"
"C:\Users\flier\OneDrive\תמונות\Samsung Gallery\Android\media\com.whatsapp\WhatsApp\Media\WhatsApp Images\IMG-20180427-WA0011.jpg","IMG-20180427-WA0011.jpg","181054","4199968"
"C:\Users\flier\OneDrive\תמונות\Samsung Gallery\Android\media\com.whatsapp\WhatsApp\Media\WhatsApp Images\IMG-20180427-WA0012.jpg","IMG-20180427-WA0012.jpg","206244","4199968"
"C:\Users\flier\OneDrive\תמונות\Samsung Gallery\Android\media\com.whatsapp\WhatsApp\Media\WhatsApp Images\IMG-20180427-WA0013.jpg","IMG-20180427-WA0013.jpg","239317","4199968"
"C:\Users\flier\OneDrive\תמונות\Samsung Gallery\Android\media\com.whatsapp\WhatsApp\Media\WhatsApp Images\IMG-20180427-WA0014.jpg","IMG-20180427-WA0014.jpg","195274","4199968"
"C:\Users\flier\OneDrive\תמונות\Samsung Gallery\Android\media\com.whatsapp\WhatsApp\Media\WhatsApp Images\IMG-20180427-WA0015.jpg","IMG-20180427-WA0015.jpg","181054","4199968"
"C:\Users\flier\OneDrive\תמונות\Samsung Gallery\Android\media\com.whatsapp\WhatsApp\Media\WhatsApp Images\IMG-20180427-WA0016.jpg","IMG-20180427-WA0016.jpg","206244","4199968"
"C:\Users\flier\OneDrive\תמונות\Samsung Gallery\Android\media\com.whatsapp\WhatsApp\Media\WhatsApp Images\IMG-20180427-WA0022.jpg","IMG-20180427-WA0022.jpg","61081","4199968"
"C:\Users\flier\OneDrive\תמונות\Samsung Gallery\Android\media\com.whatsapp\WhatsApp\Media\WhatsApp Images\IMG-20180429-WA0000.jpg","IMG-20180429-WA0000.jpg","186446","4199968"
"C:\Users\flier\OneDrive\תמונות\Samsung Gallery\Android\media\com.whatsapp\WhatsApp\Media\WhatsApp Images\IMG-20180429-WA0004.jpg","IMG-20180429-WA0004.jpg","116660","4199968"
"C:\Users\flier\OneDrive\תמונות\Samsung Gallery\Android\media\com.whatsapp\WhatsApp\Media\WhatsApp Images\IMG-20180429-WA0009.jpg","IMG-20180429-WA0009.jpg","361065","4199968"
"C:\Users\flier\OneDrive\תמונות\Samsung Gallery\Android\media\com.whatsapp\WhatsApp\Media\WhatsApp Images\IMG-20180429-WA0013.jpg","IMG-20180429-WA0013.jpg","343567","4199968"
"C:\Users\flier\OneDrive\תמונות\Samsung Gallery\Android\media\com.whatsapp\WhatsApp\Media\WhatsApp Images\IMG-20180429-WA0016.jpg","IMG-20180429-WA0016.jpg","363176","4199968"
"C:\Users\flier\OneDrive\תמונות\Samsung Gallery\Android\media\com.whatsapp\WhatsApp\Media\WhatsApp Images\IMG-20180429-WA0017.jpg","IMG-20180429-WA0017.jpg","305693","4199968"
"C:\Users\flier\OneDrive\תמונות\Samsung Gallery\Android\media\com.whatsapp\WhatsApp\Media\WhatsApp Images\IMG-20180429-WA0020.jpg","IMG-20180429-WA0020.jpg","154301","4199968"
"C:\Users\flier\OneDrive\תמונות\Samsung Gallery\Android\media\com.whatsapp\WhatsApp\Media\WhatsApp Images\IMG-20180430-WA0001.jpg","IMG-20180430-WA0001.jpg","351437","4199968"
"C:\Users\flier\OneDrive\תמונות\Samsung Gallery\Android\media\com.whatsapp\WhatsApp\Media\WhatsApp Images\IMG-20180430-WA0003.jpg","IMG-20180430-WA0003.jpg","325617","4199968"
"C:\Users\flier\OneDrive\תמונות\Samsung Gallery\Android\media\com.whatsapp\WhatsApp\Media\WhatsApp Images\IMG-20180430-WA0004.jpg","IMG-20180430-WA0004.jpg","338770","4199968"
"C:\Users\flier\OneDrive\תמונות\Samsung Gallery\Android\media\com.whatsapp\WhatsApp\Media\WhatsApp Images\IMG-20180430-WA0005.jpg","IMG-20180430-WA0005.jpg","328542","4199968"
"C:\Users\flier\OneDrive\תמונות\Samsung Gallery\Android\media\com.whatsapp\WhatsApp\Media\WhatsApp Images\IMG-20180430-WA0006.jpg","IMG-20180430-WA0006.jpg","345482","4199968"
"C:\Users\flier\OneDrive\תמונות\Samsung Gallery\Android\media\com.whatsapp\WhatsApp\Media\WhatsApp Images\IMG-20180430-WA0007.jpg","IMG-20180430-WA0007.jpg","352869","4199968"
"C:\Users\flier\OneDrive\תמונות\Samsung Gallery\Android\media\com.whatsapp\WhatsApp\Media\WhatsApp Images\IMG-20180430-WA0008.jpg","IMG-20180430-WA0008.jpg","249422","4199968"
"C:\Users\flier\OneDrive\תמונות\Samsung Gallery\Android\media\com.whatsapp\WhatsApp\Media\WhatsApp Images\IMG-20180501-WA0001.jpg","IMG-20180501-WA0001.jpg","145288","4199968"
"C:\Users\flier\OneDrive\תמונות\Samsung Gallery\Android\media\com.whatsapp\WhatsApp\Media\WhatsApp Images\IMG-20180501-WA0005.jpg","IMG-20180501-WA0005.jpg","364988","4199968"
"C:\Users\flier\OneDrive\תמונות\Samsung Gallery\Android\media\com.whatsapp\WhatsApp\Media\WhatsApp Images\IMG-20180501-WA0010.jpg","IMG-20180501-WA0010.jpg","17816","4199968"
"C:\Users\flier\OneDrive\תמונות\Samsung Gallery\Android\media\com.whatsapp\WhatsApp\Media\WhatsApp Images\IMG-20180501-WA0011.jpg","IMG-20180501-WA0011.jpg","237001","4199968"
"C:\Users\flier\OneDrive\תמונות\Samsung Gallery\Android\media\com.whatsapp\WhatsApp\Media\WhatsApp Images\IMG-20180501-WA0012.jpg","IMG-20180501-WA0012.jpg","355791","4199968"
"C:\Users\flier\OneDrive\תמונות\Samsung Gallery\Android\media\com.whatsapp\WhatsApp\Media\WhatsApp Images\IMG-20180501-WA0013.jpg","IMG-20180501-WA0013.jpg","358764","4199968"
"C:\Users\flier\OneDrive\תמונות\Samsung Gallery\Android\media\com.whatsapp\WhatsApp\Media\WhatsApp Images\IMG-20180501-WA0018.jpg","IMG-20180501-WA0018.jpg","373686","4199968"
"C:\Users\flier\OneDrive\תמונות\Samsung Gallery\Android\media\com.whatsapp\WhatsApp\Media\WhatsApp Images\IMG-20180502-WA0002.jpg","IMG-20180502-WA0002.jpg","92211","4199968"
"C:\Users\flier\OneDrive\תמונות\Samsung Gallery\Android\media\com.whatsapp\WhatsApp\Media\WhatsApp Images\IMG-20180502-WA0003.jpg","IMG-20180502-WA0003.jpg","137316","4199968"
"C:\Users\flier\OneDrive\תמונות\Samsung Gallery\Android\media\com.whatsapp\WhatsApp\Media\WhatsApp Images\IMG-20180502-WA0004.jpg","IMG-20180502-WA0004.jpg","142773","4199968"
"C:\Users\flier\OneDrive\תמונות\Samsung Gallery\Android\media\com.whatsapp\WhatsApp\Media\WhatsApp Images\IMG-20180502-WA0005.jpg","IMG-20180502-WA0005.jpg","358630","4199968"
"C:\Users\flier\OneDrive\תמונות\Samsung Gallery\Android\media\com.whatsapp\WhatsApp\Media\WhatsApp Images\IMG-20180502-WA0007.jpg","IMG-20180502-WA0007.jpg","331317","4199968"
"C:\Users\flier\OneDrive\תמונות\Samsung Gallery\Android\media\com.whatsapp\WhatsApp\Media\WhatsApp Images\IMG-20180502-WA0008.jpg","IMG-20180502-WA0008.jpg","216171","4199968"
"C:\Users\flier\OneDrive\תמונות\Samsung Gallery\Android\media\com.whatsapp\WhatsApp\Media\WhatsApp Images\IMG-20180502-WA0009.jpg","IMG-20180502-WA0009.jpg","361008","4199968"
"C:\Users\flier\OneDrive\תמונות\Samsung Gallery\Android\media\com.whatsapp\WhatsApp\Media\WhatsApp Images\IMG-20180502-WA0011.jpg","IMG-20180502-WA0011.jpg","362574","4199968"
"C:\Users\flier\OneDrive\תמונות\Samsung Gallery\Android\media\com.whatsapp\WhatsApp\Media\WhatsApp Images\IMG-20180503-WA0000.jpg","IMG-20180503-WA0000.jpg","71049","4199968"
"C:\Users\flier\OneDrive\תמונות\Samsung Gallery\Android\media\com.whatsapp\WhatsApp\Media\WhatsApp Images\IMG-20180503-WA0002.jpg","IMG-20180503-WA0002.jpg","273796","4199968"
"C:\Users\flier\OneDrive\תמונות\Samsung Gallery\Android\media\com.whatsapp\WhatsApp\Media\WhatsApp Images\IMG-20180503-WA0004.jpg","IMG-20180503-WA0004.jpg","331744","4199968"
"C:\Users\flier\OneDrive\תמונות\Samsung Gallery\Android\media\com.whatsapp\WhatsApp\Media\WhatsApp Images\IMG-20180503-WA0007.jpg","IMG-20180503-WA0007.jpg","337613","4199968"
"C:\Users\flier\OneDrive\תמונות\Samsung Gallery\Android\media\com.whatsapp\WhatsApp\Media\WhatsApp Images\IMG-20180504-WA0000.jpg","IMG-20180504-WA0000.jpg","257716","4199968"
"C:\Users\flier\OneDrive\תמונות\Samsung Gallery\Android\media\com.whatsapp\WhatsApp\Media\WhatsApp Images\IMG-20180504-WA0001.jpg","IMG-20180504-WA0001.jpg","349000","4199968"
"C:\Users\flier\OneDrive\תמונות\Samsung Gallery\Android\media\com.whatsapp\WhatsApp\Media\WhatsApp Images\IMG-20180504-WA0002.jpg","IMG-20180504-WA0002.jpg","379868","4199968"
"C:\Users\flier\OneDrive\תמונות\Samsung Gallery\Android\media\com.whatsapp\WhatsApp\Media\WhatsApp Images\IMG-20180504-WA0003.jpg","IMG-20180504-WA0003.jpg","341598","4199968"
"C:\Users\flier\OneDrive\תמונות\Samsung Gallery\Android\media\com.whatsapp\WhatsApp\Media\WhatsApp Images\IMG-20180504-WA0004.jpg","IMG-20180504-WA0004.jpg","286254","4199968"
"C:\Users\flier\OneDrive\תמונות\Samsung Gallery\Android\media\com.whatsapp\WhatsApp\Media\WhatsApp Images\IMG-20180504-WA0005.jpg","IMG-20180504-WA0005.jpg","361948","4199968"
"C:\Users\flier\OneDrive\תמונות\Samsung Gallery\Android\media\com.whatsapp\WhatsApp\Media\WhatsApp Images\IMG-20180504-WA0006.jpg","IMG-20180504-WA0006.jpg","350624","4199968"
"C:\Users\flier\OneDrive\תמונות\Samsung Gallery\Android\media\com.whatsapp\WhatsApp\Media\WhatsApp Images\IMG-20180504-WA0007.jpg","IMG-20180504-WA0007.jpg","382270","4199968"
"C:\Users\flier\OneDrive\תמונות\Samsung Gallery\Android\media\com.whatsapp\WhatsApp\Media\WhatsApp Images\IMG-20180504-WA0008.jpg","IMG-20180504-WA0008.jpg","366138","4199968"
"C:\Users\flier\OneDrive\תמונות\Samsung Gallery\Android\media\com.whatsapp\WhatsApp\Media\WhatsApp Images\IMG-20180504-WA0009.jpg","IMG-20180504-WA0009.jpg","368943","4199968"
"C:\Users\flier\OneDrive\תמונות\Samsung Gallery\Android\media\com.whatsapp\WhatsApp\Media\WhatsApp Images\IMG-20180504-WA0010.jpg","IMG-20180504-WA0010.jpg","370894","4199968"
"C:\Users\flier\OneDrive\תמונות\Samsung Gallery\Android\media\com.whatsapp\WhatsApp\Media\WhatsApp Images\IMG-20180504-WA0011.jpg","IMG-20180504-WA0011.jpg","310591","4199968"
"C:\Users\flier\OneDrive\תמונות\Samsung Gallery\Android\media\com.whatsapp\WhatsApp\Media\WhatsApp Images\IMG-20180504-WA0012.jpg","IMG-20180504-WA0012.jpg","427774","4199968"
"C:\Users\flier\OneDrive\תמונות\Samsung Gallery\Android\media\com.whatsapp\WhatsApp\Media\WhatsApp Images\IMG-20180504-WA0013.jpg","IMG-20180504-WA0013.jpg","196520","4199968"
"C:\Users\flier\OneDrive\תמונות\Samsung Gallery\Android\media\com.whatsapp\WhatsApp\Media\WhatsApp Images\IMG-20180504-WA0014.jpg","IMG-20180504-WA0014.jpg","360158","4199968"
"C:\Users\flier\OneDrive\תמונות\Samsung Gallery\Android\media\com.whatsapp\WhatsApp\Media\WhatsApp Images\IMG-20180504-WA0015.jpg","IMG-20180504-WA0015.jpg","346507","4199968"
"C:\Users\flier\OneDrive\תמונות\Samsung Gallery\Android\media\com.whatsapp\WhatsApp\Media\WhatsApp Images\IMG-20180504-WA0016.jpg","IMG-20180504-WA0016.jpg","413168","4199968"
"C:\Users\flier\OneDrive\תמונות\Samsung Gallery\Android\media\com.whatsapp\WhatsApp\Media\WhatsApp Images\IMG-20180504-WA0017.jpg","IMG-20180504-WA0017.jpg","361359","4199968"
"C:\Users\flier\OneDrive\תמונות\Samsung Gallery\Android\media\com.whatsapp\WhatsApp\Media\WhatsApp Images\IMG-20180504-WA0018.jpg","IMG-20180504-WA0018.jpg","504522","4199968"
"C:\Users\flier\OneDrive\תמונות\Samsung Gallery\Android\media\com.whatsapp\WhatsApp\Media\WhatsApp Images\IMG-20180504-WA0019.jpg","IMG-20180504-WA0019.jpg","448641","4199968"
"C:\Users\flier\OneDrive\תמונות\Samsung Gallery\Android\media\com.whatsapp\WhatsApp\Media\WhatsApp Images\IMG-20180504-WA0020.jpg","IMG-20180504-WA0020.jpg","343463","4199968"
"C:\Users\flier\OneDrive\תמונות\Samsung Gallery\Android\media\com.whatsapp\WhatsApp\Media\WhatsApp Images\IMG-20180504-WA0021.jpg","IMG-20180504-WA0021.jpg","407132","4199968"
"C:\Users\flier\OneDrive\תמונות\Samsung Gallery\Android\media\com.whatsapp\WhatsApp\Media\WhatsApp Images\IMG-20180504-WA0022.jpg","IMG-20180504-WA0022.jpg","404662","4199968"
"C:\Users\flier\OneDrive\תמונות\Samsung Gallery\Android\media\com.whatsapp\WhatsApp\Media\WhatsApp Images\IMG-20180504-WA0023.jpg","IMG-20180504-WA0023.jpg","337541","4199968"
"C:\Users\flier\OneDrive\תמונות\Samsung Gallery\Android\media\com.whatsapp\WhatsApp\Media\WhatsApp Images\IMG-20180504-WA0024.jpg","IMG-20180504-WA0024.jpg","400224","4199968"
"C:\Users\flier\OneDrive\תמונות\Samsung Gallery\Android\media\com.whatsapp\WhatsApp\Media\WhatsApp Images\IMG-20180504-WA0025.jpg","IMG-20180504-WA0025.jpg","173108","4199968"
"C:\Users\flier\OneDrive\תמונות\Samsung Gallery\Android\media\com.whatsapp\WhatsApp\Media\WhatsApp Images\IMG-20180504-WA0026.jpg","IMG-20180504-WA0026.jpg","180174","4199968"
"C:\Users\flier\OneDrive\תמונות\Samsung Gallery\Android\media\com.whatsapp\WhatsApp\Media\WhatsApp Images\IMG-20180504-WA0027.jpg","IMG-20180504-WA0027.jpg","373815","4199968"
"C:\Users\flier\OneDrive\תמונות\Samsung Gallery\Android\media\com.whatsapp\WhatsApp\Media\WhatsApp Images\IMG-20180504-WA0028.jpg","IMG-20180504-WA0028.jpg","381476","4199968"
"C:\Users\flier\OneDrive\תמונות\Samsung Gallery\Android\media\com.whatsapp\WhatsApp\Media\WhatsApp Images\IMG-20180504-WA0029.jpg","IMG-20180504-WA0029.jpg","366013","4199968"
"C:\Users\flier\OneDrive\תמונות\Samsung Gallery\Android\media\com.whatsapp\WhatsApp\Media\WhatsApp Images\IMG-20180504-WA0030.jpg","IMG-20180504-WA0030.jpg","397810","4199968"
"C:\Users\flier\OneDrive\תמונות\Samsung Gallery\Android\media\com.whatsapp\WhatsApp\Media\WhatsApp Images\IMG-20180504-WA0031.jpg","IMG-20180504-WA0031.jpg","469840","4199968"
"C:\Users\flier\OneDrive\תמונות\Samsung Gallery\Android\media\com.whatsapp\WhatsApp\Media\WhatsApp Images\IMG-20180504-WA0033.jpg","IMG-20180504-WA0033.jpg","84019","4199968"
"C:\Users\flier\OneDrive\תמונות\Samsung Gallery\Android\media\com.whatsapp\WhatsApp\Media\WhatsApp Images\IMG-20180505-WA0000.jpg","IMG-20180505-WA0000.jpg","88707","4199968"
"C:\Users\flier\OneDrive\תמונות\Samsung Gallery\Android\media\com.whatsapp\WhatsApp\Media\WhatsApp Images\IMG-20180506-WA0001.jpg","IMG-20180506-WA0001.jpg","140780","4199968"
"C:\Users\flier\OneDrive\תמונות\Samsung Gallery\Android\media\com.whatsapp\WhatsApp\Media\WhatsApp Images\IMG-20180506-WA0004.jpg","IMG-20180506-WA0004.jpg","225500","4199968"
"C:\Users\flier\OneDrive\תמונות\Samsung Gallery\Android\media\com.whatsapp\WhatsApp\Media\WhatsApp Images\IMG-20180506-WA0012.jpg","IMG-20180506-WA0012.jpg","378772","4199968"
"C:\Users\flier\OneDrive\תמונות\Samsung Gallery\Android\media\com.whatsapp\WhatsApp\Media\WhatsApp Images\IMG-20180506-WA0022.jpg","IMG-20180506-WA0022.jpg","254582","4199968"
"C:\Users\flier\OneDrive\תמונות\Samsung Gallery\Android\media\com.whatsapp\WhatsApp\Media\WhatsApp Images\IMG-20180506-WA0023.jpg","IMG-20180506-WA0023.jpg","306957","4199968"
"C:\Users\flier\OneDrive\תמונות\Samsung Gallery\Android\media\com.whatsapp\WhatsApp\Media\WhatsApp Images\IMG-20180506-WA0025.jpg","IMG-20180506-WA0025.jpg","260426","4199968"
"C:\Users\flier\OneDrive\תמונות\Samsung Gallery\Android\media\com.whatsapp\WhatsApp\Media\WhatsApp Images\IMG-20180506-WA0031.jpg","IMG-20180506-WA0031.jpg","220677","4199968"
"C:\Users\flier\OneDrive\תמונות\Samsung Gallery\Android\media\com.whatsapp\WhatsApp\Media\WhatsApp Images\IMG-20180506-WA0032.jpg","IMG-20180506-WA0032.jpg","342357","4199968"
"C:\Users\flier\OneDrive\תמונות\Samsung Gallery\Android\media\com.whatsapp\WhatsApp\Media\WhatsApp Images\IMG-20180506-WA0033.jpg","IMG-20180506-WA0033.jpg","252602","4199968"
"C:\Users\flier\OneDrive\תמונות\Samsung Gallery\Android\media\com.whatsapp\WhatsApp\Media\WhatsApp Images\IMG-20180506-WA0042.jpg","IMG-20180506-WA0042.jpg","252602","4199968"
"C:\Users\flier\OneDrive\תמונות\Samsung Gallery\Android\media\com.whatsapp\WhatsApp\Media\WhatsApp Images\IMG-20180506-WA0043.jpg","IMG-20180506-WA0043.jpg","325926","4199968"
"C:\Users\flier\OneDrive\תמונות\Samsung Gallery\Android\media\com.whatsapp\WhatsApp\Media\WhatsApp Images\IMG-20180506-WA0044.jpg","IMG-20180506-WA0044.jpg","303919","4199968"
"C:\Users\flier\OneDrive\תמונות\Samsung Gallery\Android\media\com.whatsapp\WhatsApp\Media\WhatsApp Images\IMG-20180506-WA0045.jpg","IMG-20180506-WA0045.jpg","215949","4199968"
"C:\Users\flier\OneDrive\תמונות\Samsung Gallery\Android\media\com.whatsapp\WhatsApp\Media\WhatsApp Images\IMG-20180506-WA0048.jpg","IMG-20180506-WA0048.jpg","330684","4199968"
"C:\Users\flier\OneDrive\תמונות\Samsung Gallery\Android\media\com.whatsapp\WhatsApp\Media\WhatsApp Images\IMG-20180506-WA0049.jpg","IMG-20180506-WA0049.jpg","340550","4199968"
"C:\Users\flier\OneDrive\תמונות\Samsung Gallery\Android\media\com.whatsapp\WhatsApp\Media\WhatsApp Images\IMG-20180507-WA0000.jpg","IMG-20180507-WA0000.jpg","335367","4199968"
"C:\Users\flier\OneDrive\תמונות\Samsung Gallery\Android\media\com.whatsapp\WhatsApp\Media\WhatsApp Images\IMG-20180507-WA0001.jpg","IMG-20180507-WA0001.jpg","296835","4199968"
"C:\Users\flier\OneDrive\תמונות\Samsung Gallery\Android\media\com.whatsapp\WhatsApp\Media\WhatsApp Images\IMG-20180507-WA0005.jpg","IMG-20180507-WA0005.jpg","150461","4199968"
"C:\Users\flier\OneDrive\תמונות\Samsung Gallery\Android\media\com.whatsapp\WhatsApp\Media\WhatsApp Images\IMG-20180507-WA0006.jpg","IMG-20180507-WA0006.jpg","176907","4199968"
"C:\Users\flier\OneDrive\תמונות\Samsung Gallery\Android\media\com.whatsapp\WhatsApp\Media\WhatsApp Images\IMG-20180507-WA0007.jpg","IMG-20180507-WA0007.jpg","213273","4199968"
"C:\Users\flier\OneDrive\תמונות\Samsung Gallery\Android\media\com.whatsapp\WhatsApp\Media\WhatsApp Images\IMG-20180507-WA0008.jpg","IMG-20180507-WA0008.jpg","232166","4199968"
"C:\Users\flier\OneDrive\תמונות\Samsung Gallery\Android\media\com.whatsapp\WhatsApp\Media\WhatsApp Images\IMG-20180507-WA0009.jpg","IMG-20180507-WA0009.jpg","232860","4199968"
"C:\Users\flier\OneDrive\תמונות\Samsung Gallery\Android\media\com.whatsapp\WhatsApp\Media\WhatsApp Images\IMG-20180507-WA0010.jpg","IMG-20180507-WA0010.jpg","219840","4199968"
"C:\Users\flier\OneDrive\תמונות\Samsung Gallery\Android\media\com.whatsapp\WhatsApp\Media\WhatsApp Images\IMG-20180507-WA0011.jpg","IMG-20180507-WA0011.jpg","237274","4199968"
"C:\Users\flier\OneDrive\תמונות\Samsung Gallery\Android\media\com.whatsapp\WhatsApp\Media\WhatsApp Images\IMG-20180507-WA0012.jpg","IMG-20180507-WA0012.jpg","220295","4199968"
"C:\Users\flier\OneDrive\תמונות\Samsung Gallery\Android\media\com.whatsapp\WhatsApp\Media\WhatsApp Images\IMG-20180507-WA0013.jpg","IMG-20180507-WA0013.jpg","234043","4199968"
"C:\Users\flier\OneDrive\תמונות\Samsung Gallery\Android\media\com.whatsapp\WhatsApp\Media\WhatsApp Images\IMG-20180507-WA0014.jpg","IMG-20180507-WA0014.jpg","222863","4199968"
"C:\Users\flier\OneDrive\תמונות\Samsung Gallery\Android\media\com.whatsapp\WhatsApp\Media\WhatsApp Images\IMG-20180507-WA0015.jpg","IMG-20180507-WA0015.jpg","146706","4199968"
"C:\Users\flier\OneDrive\תמונות\Samsung Gallery\Android\media\com.whatsapp\WhatsApp\Media\WhatsApp Images\IMG-20180507-WA0016.jpg","IMG-20180507-WA0016.jpg","227987","4199968"
"C:\Users\flier\OneDrive\תמונות\Samsung Gallery\Android\media\com.whatsapp\WhatsApp\Media\WhatsApp Images\IMG-20180507-WA0017.jpg","IMG-20180507-WA0017.jpg","198276","4199968"
"C:\Users\flier\OneDrive\תמונות\Samsung Gallery\Android\media\com.whatsapp\WhatsApp\Media\WhatsApp Images\IMG-20180507-WA0018.jpg","IMG-20180507-WA0018.jpg","213497","4199968"
"C:\Users\flier\OneDrive\תמונות\Samsung Gallery\Android\media\com.whatsapp\WhatsApp\Media\WhatsApp Images\IMG-20180507-WA0019.jpg","IMG-20180507-WA0019.jpg","154533","4199968"
"C:\Users\flier\OneDrive\תמונות\Samsung Gallery\Android\media\com.whatsapp\WhatsApp\Media\WhatsApp Images\IMG-20180507-WA0020.jpg","IMG-20180507-WA0020.jpg","159700","4199968"
"C:\Users\flier\OneDrive\תמונות\Samsung Gallery\Android\media\com.whatsapp\WhatsApp\Media\WhatsApp Images\IMG-20180507-WA0021.jpg","IMG-20180507-WA0021.jpg","156735","4199968"
"C:\Users\flier\OneDrive\תמונות\Samsung Gallery\Android\media\com.whatsapp\WhatsApp\Media\WhatsApp Images\IMG-20180507-WA0022.jpg","IMG-20180507-WA0022.jpg","170806","4199968"
"C:\Users\flier\OneDrive\תמונות\Samsung Gallery\Android\media\com.whatsapp\WhatsApp\Media\WhatsApp Images\IMG-20180507-WA0023.jpg","IMG-20180507-WA0023.jpg","174710","4199968"
"C:\Users\flier\OneDrive\תמונות\Samsung Gallery\Android\media\com.whatsapp\WhatsApp\Media\WhatsApp Images\IMG-20180507-WA0024.jpg","IMG-20180507-WA0024.jpg","150809","4199968"
"C:\Users\flier\OneDrive\תמונות\Samsung Gallery\Android\media\com.whatsapp\WhatsApp\Media\WhatsApp Images\IMG-20180507-WA0025.jpg","IMG-20180507-WA0025.jpg","223192","4199968"
"C:\Users\flier\OneDrive\תמונות\Samsung Gallery\Android\media\com.whatsapp\WhatsApp\Media\WhatsApp Images\IMG-20180507-WA0026.jpg","IMG-20180507-WA0026.jpg","342034","4199968"
"C:\Users\flier\OneDrive\תמונות\Samsung Gallery\Android\media\com.whatsapp\WhatsApp\Media\WhatsApp Images\IMG-20180507-WA0029.jpg","IMG-20180507-WA0029.jpg","344279","4199968"
"C:\Users\flier\OneDrive\תמונות\Samsung Gallery\Android\media\com.whatsapp\WhatsApp\Media\WhatsApp Images\IMG-20180507-WA0031.jpg","IMG-20180507-WA0031.jpg","331462","4199968"
"C:\Users\flier\OneDrive\תמונות\Samsung Gallery\Android\media\com.whatsapp\WhatsApp\Media\WhatsApp Images\IMG-20180507-WA0035.jpg","IMG-20180507-WA0035.jpg","354597","4199968"
"C:\Users\flier\OneDrive\תמונות\Samsung Gallery\Android\media\com.whatsapp\WhatsApp\Media\WhatsApp Images\IMG-20180507-WA0036.jpg","IMG-20180507-WA0036.jpg","284928","4199968"
"C:\Users\flier\OneDrive\תמונות\Samsung Gallery\Android\media\com.whatsapp\WhatsApp\Media\WhatsApp Images\IMG-20180508-WA0000.jpg","IMG-20180508-WA0000.jpg","184854","4199968"
"C:\Users\flier\OneDrive\תמונות\Samsung Gallery\Android\media\com.whatsapp\WhatsApp\Media\WhatsApp Images\IMG-20180508-WA0001.jpg","IMG-20180508-WA0001.jpg","201243","4199968"
"C:\Users\flier\OneDrive\תמונות\Samsung Gallery\Android\media\com.whatsapp\WhatsApp\Media\WhatsApp Images\IMG-20180508-WA0002.jpg","IMG-20180508-WA0002.jpg","146532","4199968"
"C:\Users\flier\OneDrive\תמונות\Samsung Gallery\Android\media\com.whatsapp\WhatsApp\Media\WhatsApp Images\IMG-20180508-WA0005.jpg","IMG-20180508-WA0005.jpg","174566","4199968"
"C:\Users\flier\OneDrive\תמונות\Samsung Gallery\Android\media\com.whatsapp\WhatsApp\Media\WhatsApp Images\IMG-20180508-WA0007.jpg","IMG-20180508-WA0007.jpg","296303","4199968"
"C:\Users\flier\OneDrive\תמונות\Samsung Gallery\Android\media\com.whatsapp\WhatsApp\Media\WhatsApp Images\IMG-20180508-WA0013.jpg","IMG-20180508-WA0013.jpg","333553","4199968"
"C:\Users\flier\OneDrive\תמונות\Samsung Gallery\Android\media\com.whatsapp\WhatsApp\Media\WhatsApp Images\IMG-20180508-WA0019.jpg","IMG-20180508-WA0019.jpg","367208","4199968"
"C:\Users\flier\OneDrive\תמונות\Samsung Gallery\Android\media\com.whatsapp\WhatsApp\Media\WhatsApp Images\IMG-20180508-WA0020.jpg","IMG-20180508-WA0020.jpg","338444","4199968"
"C:\Users\flier\OneDrive\תמונות\Samsung Gallery\Android\media\com.whatsapp\WhatsApp\Media\WhatsApp Images\IMG-20180509-WA0000.jpg","IMG-20180509-WA0000.jpg","242827","4199968"
"C:\Users\flier\OneDrive\תמונות\Samsung Gallery\Android\media\com.whatsapp\WhatsApp\Media\WhatsApp Images\IMG-20180509-WA0003.jpg","IMG-20180509-WA0003.jpg","248865","4199968"
"C:\Users\flier\OneDrive\תמונות\Samsung Gallery\Android\media\com.whatsapp\WhatsApp\Media\WhatsApp Images\IMG-20180509-WA0005.jpg","IMG-20180509-WA0005.jpg","350549","4199968"
"C:\Users\flier\OneDrive\תמונות\Samsung Gallery\Android\media\com.whatsapp\WhatsApp\Media\WhatsApp Images\IMG-20180509-WA0010.jpg","IMG-20180509-WA0010.jpg","326757","4199968"
"C:\Users\flier\OneDrive\תמונות\Samsung Gallery\Android\media\com.whatsapp\WhatsApp\Media\WhatsApp Images\IMG-20180509-WA0012.jpg","IMG-20180509-WA0012.jpg","379636","4199968"
"C:\Users\flier\OneDrive\תמונות\Samsung Gallery\Android\media\com.whatsapp\WhatsApp\Media\WhatsApp Images\IMG-20180509-WA0013.jpg","IMG-20180509-WA0013.jpg","323829","4199968"
"C:\Users\flier\OneDrive\תמונות\Samsung Gallery\Android\media\com.whatsapp\WhatsApp\Media\WhatsApp Images\IMG-20180509-WA0014.jpg","IMG-20180509-WA0014.jpg","63180","4199968"
"C:\Users\flier\OneDrive\תמונות\Samsung Gallery\Android\media\com.whatsapp\WhatsApp\Media\WhatsApp Images\IMG-20180509-WA0020.jpg","IMG-20180509-WA0020.jpg","338429","4199968"
"C:\Users\flier\OneDrive\תמונות\Samsung Gallery\Android\media\com.whatsapp\WhatsApp\Media\WhatsApp Images\IMG-20180509-WA0023.jpg","IMG-20180509-WA0023.jpg","352304","4199968"
"C:\Users\flier\OneDrive\תמונות\Samsung Gallery\Android\media\com.whatsapp\WhatsApp\Media\WhatsApp Images\IMG-20180509-WA0024.jpg","IMG-20180509-WA0024.jpg","341752","4199968"
"C:\Users\flier\OneDrive\תמונות\Samsung Gallery\Android\media\com.whatsapp\WhatsApp\Media\WhatsApp Images\IMG-20180510-WA0000.jpg","IMG-20180510-WA0000.jpg","184689","4199968"
"C:\Users\flier\OneDrive\תמונות\Samsung Gallery\Android\media\com.whatsapp\WhatsApp\Media\WhatsApp Images\IMG-20180510-WA0001.jpg","IMG-20180510-WA0001.jpg","138377","4199968"
"C:\Users\flier\OneDrive\תמונות\Samsung Gallery\Android\media\com.whatsapp\WhatsApp\Media\WhatsApp Images\IMG-20180511-WA0000.jpg","IMG-20180511-WA0000.jpg","290514","4199968"
"C:\Users\flier\OneDrive\תמונות\Samsung Gallery\Android\media\com.whatsapp\WhatsApp\Media\WhatsApp Images\IMG-20180511-WA0001.jpg","IMG-20180511-WA0001.jpg","143413","4199968"
"C:\Users\flier\OneDrive\תמונות\Samsung Gallery\Android\media\com.whatsapp\WhatsApp\Media\WhatsApp Images\IMG-20180512-WA0000.jpg","IMG-20180512-WA0000.jpg","69019","4199968"
"C:\Users\flier\OneDrive\תמונות\Samsung Gallery\Android\media\com.whatsapp\WhatsApp\Media\WhatsApp Images\IMG-20180512-WA0005.jpg","IMG-20180512-WA0005.jpg","182240","4199968"
"C:\Users\flier\OneDrive\תמונות\Samsung Gallery\Android\media\com.whatsapp\WhatsApp\Media\WhatsApp Images\IMG-20180512-WA0006.jpg","IMG-20180512-WA0006.jpg","158813","4199968"
"C:\Users\flier\OneDrive\תמונות\Samsung Gallery\Android\media\com.whatsapp\WhatsApp\Media\WhatsApp Images\IMG-20180513-WA0000.jpg","IMG-20180513-WA0000.jpg","135544","4199968"
"C:\Users\flier\OneDrive\תמונות\Samsung Gallery\Android\media\com.whatsapp\WhatsApp\Media\WhatsApp Images\IMG-20180513-WA0002.jpg","IMG-20180513-WA0002.jpg","38674","4199968"
"C:\Users\flier\OneDrive\תמונות\Samsung Gallery\Android\media\com.whatsapp\WhatsApp\Media\WhatsApp Images\IMG-20180513-WA0003.jpg","IMG-20180513-WA0003.jpg","240813","4199968"
"C:\Users\flier\OneDrive\תמונות\Samsung Gallery\Android\media\com.whatsapp\WhatsApp\Media\WhatsApp Images\IMG-20180513-WA0010.jpg","IMG-20180513-WA0010.jpg","192423","4199968"
"C:\Users\flier\OneDrive\תמונות\Samsung Gallery\Android\media\com.whatsapp\WhatsApp\Media\WhatsApp Images\IMG-20180513-WA0012.jpg","IMG-20180513-WA0012.jpg","207006","4199968"
"C:\Users\flier\OneDrive\תמונות\Samsung Gallery\Android\media\com.whatsapp\WhatsApp\Media\WhatsApp Images\IMG-20180514-WA0001.jpg","IMG-20180514-WA0001.jpg","142888","4199968"
"C:\Users\flier\OneDrive\תמונות\Samsung Gallery\Android\media\com.whatsapp\WhatsApp\Media\WhatsApp Images\IMG-20180515-WA0003.jpg","IMG-20180515-WA0003.jpg","204685","4199968"
"C:\Users\flier\OneDrive\תמונות\Samsung Gallery\Android\media\com.whatsapp\WhatsApp\Media\WhatsApp Images\IMG-20180515-WA0004.jpg","IMG-20180515-WA0004.jpg","135741","4199968"
"C:\Users\flier\OneDrive\תמונות\Samsung Gallery\Android\media\com.whatsapp\WhatsApp\Media\WhatsApp Images\IMG-20180515-WA0005.jpg","IMG-20180515-WA0005.jpg","176551","4199968"
"C:\Users\flier\OneDrive\תמונות\Samsung Gallery\Android\media\com.whatsapp\WhatsApp\Media\WhatsApp Images\IMG-20180515-WA0007.jpg","IMG-20180515-WA0007.jpg","192969","4199968"
"C:\Users\flier\OneDrive\תמונות\Samsung Gallery\Android\media\com.whatsapp\WhatsApp\Media\WhatsApp Images\IMG-20180515-WA0008.jpg","IMG-20180515-WA0008.jpg","94173","4199968"
"C:\Users\flier\OneDrive\תמונות\Samsung Gallery\Android\media\com.whatsapp\WhatsApp\Media\WhatsApp Images\IMG-20180515-WA0009.jpg","IMG-20180515-WA0009.jpg","121308","4199968"
"C:\Users\flier\OneDrive\תמונות\Samsung Gallery\Android\media\com.whatsapp\WhatsApp\Media\WhatsApp Images\IMG-20180515-WA0010.jpg","IMG-20180515-WA0010.jpg","195037","4199968"
"C:\Users\flier\OneDrive\תמונות\Samsung Gallery\Android\media\com.whatsapp\WhatsApp\Media\WhatsApp Images\IMG-20180515-WA0011.jpg","IMG-20180515-WA0011.jpg","147361","4199968"
"C:\Users\flier\OneDrive\תמונות\Samsung Gallery\Android\media\com.whatsapp\WhatsApp\Media\WhatsApp Images\IMG-20180515-WA0012.jpg","IMG-20180515-WA0012.jpg","122242","4199968"
"C:\Users\flier\OneDrive\תמונות\Samsung Gallery\Android\media\com.whatsapp\WhatsApp\Media\WhatsApp Images\IMG-20180515-WA0013.jpg","IMG-20180515-WA0013.jpg","205214","4199968"
"C:\Users\flier\OneDrive\תמונות\Samsung Gallery\Android\media\com.whatsapp\WhatsApp\Media\WhatsApp Images\IMG-20180515-WA0014.jpg","IMG-20180515-WA0014.jpg","133391","4199968"
"C:\Users\flier\OneDrive\תמונות\Samsung Gallery\Android\media\com.whatsapp\WhatsApp\Media\WhatsApp Images\IMG-20180515-WA0015.jpg","IMG-20180515-WA0015.jpg","181541","4199968"
"C:\Users\flier\OneDrive\תמונות\Samsung Gallery\Android\media\com.whatsapp\WhatsApp\Media\WhatsApp Images\IMG-20180515-WA0016.jpg","IMG-20180515-WA0016.jpg","146963","4199968"
"C:\Users\flier\OneDrive\תמונות\Samsung Gallery\Android\media\com.whatsapp\WhatsApp\Media\WhatsApp Images\IMG-20180515-WA0017.jpg","IMG-20180515-WA0017.jpg","139679","4199968"
"C:\Users\flier\OneDrive\תמונות\Samsung Gallery\Android\media\com.whatsapp\WhatsApp\Media\WhatsApp Images\IMG-20180515-WA0018.jpg","IMG-20180515-WA0018.jpg","146397","4199968"
"C:\Users\flier\OneDrive\תמונות\Samsung Gallery\Android\media\com.whatsapp\WhatsApp\Media\WhatsApp Images\IMG-20180515-WA0019.jpg","IMG-20180515-WA0019.jpg","151981","4199968"
"C:\Users\flier\OneDrive\תמונות\Samsung Gallery\Android\media\com.whatsapp\WhatsApp\Media\WhatsApp Images\IMG-20180515-WA0020.jpg","IMG-20180515-WA0020.jpg","129677","4199968"
"C:\Users\flier\OneDrive\תמונות\Samsung Gallery\Android\media\com.whatsapp\WhatsApp\Media\WhatsApp Images\IMG-20180515-WA0021.jpg","IMG-20180515-WA0021.jpg","225371","4199968"
"C:\Users\flier\OneDrive\תמונות\Samsung Gallery\Android\media\com.whatsapp\WhatsApp\Media\WhatsApp Images\IMG-20180515-WA0022.jpg","IMG-20180515-WA0022.jpg","225371","4199968"
"C:\Users\flier\OneDrive\תמונות\Samsung Gallery\Android\media\com.whatsapp\WhatsApp\Media\WhatsApp Images\IMG-20180515-WA0024.jpg","IMG-20180515-WA0024.jpg","87726","4199968"
"C:\Users\flier\OneDrive\תמונות\Samsung Gallery\Android\media\com.whatsapp\WhatsApp\Media\WhatsApp Images\IMG-20180516-WA0000.jpg","IMG-20180516-WA0000.jpg","268541","4199968"
"C:\Users\flier\OneDrive\תמונות\Samsung Gallery\Android\media\com.whatsapp\WhatsApp\Media\WhatsApp Images\IMG-20180516-WA0001.jpg","IMG-20180516-WA0001.jpg","162037","4199968"
"C:\Users\flier\OneDrive\תמונות\Samsung Gallery\Android\media\com.whatsapp\WhatsApp\Media\WhatsApp Images\IMG-20180516-WA0002.jpg","IMG-20180516-WA0002.jpg","206794","4199968"
"C:\Users\flier\OneDrive\תמונות\Samsung Gallery\Android\media\com.whatsapp\WhatsApp\Media\WhatsApp Images\IMG-20180517-WA0000.jpg","IMG-20180517-WA0000.jpg","126779","4199968"
"C:\Users\flier\OneDrive\תמונות\Samsung Gallery\Android\media\com.whatsapp\WhatsApp\Media\WhatsApp Images\IMG-20180517-WA0005.jpg","IMG-20180517-WA0005.jpg","250811","4199968"
"C:\Users\flier\OneDrive\תמונות\Samsung Gallery\Android\media\com.whatsapp\WhatsApp\Media\WhatsApp Images\IMG-20180517-WA0008.jpg","IMG-20180517-WA0008.jpg","126830","4199968"
"C:\Users\flier\OneDrive\תמונות\Samsung Gallery\Android\media\com.whatsapp\WhatsApp\Media\WhatsApp Images\IMG-20180517-WA0009.jpg","IMG-20180517-WA0009.jpg","190435","4199968"
"C:\Users\flier\OneDrive\תמונות\Samsung Gallery\Android\media\com.whatsapp\WhatsApp\Media\WhatsApp Images\IMG-20180517-WA0011.jpg","IMG-20180517-WA0011.jpg","209657","4199968"
"C:\Users\flier\OneDrive\תמונות\Samsung Gallery\Android\media\com.whatsapp\WhatsApp\Media\WhatsApp Images\IMG-20180517-WA0014.jpg","IMG-20180517-WA0014.jpg","128309","4199968"
"C:\Users\flier\OneDrive\תמונות\Samsung Gallery\Android\media\com.whatsapp\WhatsApp\Media\WhatsApp Images\IMG-20180518-WA0001.jpg","IMG-20180518-WA0001.jpg","100117","4199968"
"C:\Users\flier\OneDrive\תמונות\Samsung Gallery\Android\media\com.whatsapp\WhatsApp\Media\WhatsApp Images\IMG-20180518-WA0002.jpg","IMG-20180518-WA0002.jpg","127506","4199968"
"C:\Users\flier\OneDrive\תמונות\Samsung Gallery\Android\media\com.whatsapp\WhatsApp\Media\WhatsApp Images\IMG-20180518-WA0003.jpg","IMG-20180518-WA0003.jpg","144979","4199968"
"C:\Users\flier\OneDrive\תמונות\Samsung Gallery\Android\media\com.whatsapp\WhatsApp\Media\WhatsApp Images\IMG-20180518-WA0004.jpg","IMG-20180518-WA0004.jpg","120362","4199968"
"C:\Users\flier\OneDrive\תמונות\Samsung Gallery\Android\media\com.whatsapp\WhatsApp\Media\WhatsApp Images\IMG-20180518-WA0005.jpg","IMG-20180518-WA0005.jpg","104332","4199968"
"C:\Users\flier\OneDrive\תמונות\Samsung Gallery\Android\media\com.whatsapp\WhatsApp\Media\WhatsApp Images\IMG-20180518-WA0006.jpg","IMG-20180518-WA0006.jpg","160365","4199968"
"C:\Users\flier\OneDrive\תמונות\Samsung Gallery\Android\media\com.whatsapp\WhatsApp\Media\WhatsApp Images\IMG-20180518-WA0007.jpg","IMG-20180518-WA0007.jpg","340970","4199968"
"C:\Users\flier\OneDrive\תמונות\Samsung Gallery\Android\media\com.whatsapp\WhatsApp\Media\WhatsApp Images\IMG-20180518-WA0008.jpg","IMG-20180518-WA0008.jpg","360166","4199968"
"C:\Users\flier\OneDrive\תמונות\Samsung Gallery\Android\media\com.whatsapp\WhatsApp\Media\WhatsApp Images\IMG-20180520-WA0000.jpg","IMG-20180520-WA0000.jpg","38543","4199968"
"C:\Users\flier\OneDrive\תמונות\Samsung Gallery\Android\media\com.whatsapp\WhatsApp\Media\WhatsApp Images\IMG-20180520-WA0005.jpg","IMG-20180520-WA0005.jpg","191225","4199968"
"C:\Users\flier\OneDrive\תמונות\Samsung Gallery\Android\media\com.whatsapp\WhatsApp\Media\WhatsApp Images\IMG-20180521-WA0000.jpg","IMG-20180521-WA0000.jpg","121955","4199968"
"C:\Users\flier\OneDrive\תמונות\Samsung Gallery\Android\media\com.whatsapp\WhatsApp\Media\WhatsApp Images\IMG-20180521-WA0001.jpg","IMG-20180521-WA0001.jpg","180069","4199968"
"C:\Users\flier\OneDrive\תמונות\Samsung Gallery\Android\media\com.whatsapp\WhatsApp\Media\WhatsApp Images\IMG-20180521-WA0002.jpg","IMG-20180521-WA0002.jpg","198422","4199968"
"C:\Users\flier\OneDrive\תמונות\Samsung Gallery\Android\media\com.whatsapp\WhatsApp\Media\WhatsApp Images\IMG-20180521-WA0003.jpg","IMG-20180521-WA0003.jpg","179384","4199968"
"C:\Users\flier\OneDrive\תמונות\Samsung Gallery\Android\media\com.whatsapp\WhatsApp\Media\WhatsApp Images\IMG-20180521-WA0004.jpg","IMG-20180521-WA0004.jpg","200624","4199968"
"C:\Users\flier\OneDrive\תמונות\Samsung Gallery\Android\media\com.whatsapp\WhatsApp\Media\WhatsApp Images\IMG-20180521-WA0006.jpg","IMG-20180521-WA0006.jpg","181074","4199968"
"C:\Users\flier\OneDrive\תמונות\Samsung Gallery\Android\media\com.whatsapp\WhatsApp\Media\WhatsApp Images\IMG-20180521-WA0007.jpg","IMG-20180521-WA0007.jpg","195284","4199968"
"C:\Users\flier\OneDrive\תמונות\Samsung Gallery\Android\media\com.whatsapp\WhatsApp\Media\WhatsApp Images\IMG-20180522-WA0003.jpg","IMG-20180522-WA0003.jpg","178555","4199968"
"C:\Users\flier\OneDrive\תמונות\Samsung Gallery\Android\media\com.whatsapp\WhatsApp\Media\WhatsApp Images\IMG-20180522-WA0006.jpg","IMG-20180522-WA0006.jpg","114463","4199968"
"C:\Users\flier\OneDrive\תמונות\Samsung Gallery\Android\media\com.whatsapp\WhatsApp\Media\WhatsApp Images\IMG-20180522-WA0008.jpg","IMG-20180522-WA0008.jpg","209643","4199968"
"C:\Users\flier\OneDrive\תמונות\Samsung Gallery\Android\media\com.whatsapp\WhatsApp\Media\WhatsApp Images\IMG-20180522-WA0010.jpg","IMG-20180522-WA0010.jpg","104282","4199968"
"C:\Users\flier\OneDrive\תמונות\Samsung Gallery\Android\media\com.whatsapp\WhatsApp\Media\WhatsApp Images\IMG-20180522-WA0011.jpg","IMG-20180522-WA0011.jpg","135370","4199968"
"C:\Users\flier\OneDrive\תמונות\Samsung Gallery\Android\media\com.whatsapp\WhatsApp\Media\WhatsApp Images\IMG-20180523-WA0000.jpg","IMG-20180523-WA0000.jpg","60063","4199968"
"C:\Users\flier\OneDrive\תמונות\Samsung Gallery\Android\media\com.whatsapp\WhatsApp\Media\WhatsApp Images\IMG-20180523-WA0005.jpg","IMG-20180523-WA0005.jpg","231878","4199968"
"C:\Users\flier\OneDrive\תמונות\Samsung Gallery\Android\media\com.whatsapp\WhatsApp\Media\WhatsApp Images\IMG-20180523-WA0010.jpg","IMG-20180523-WA0010.jpg","195835","4199968"
"C:\Users\flier\OneDrive\תמונות\Samsung Gallery\Android\media\com.whatsapp\WhatsApp\Media\WhatsApp Images\IMG-20180523-WA0011.jpg","IMG-20180523-WA0011.jpg","207156","4199968"
"C:\Users\flier\OneDrive\תמונות\Samsung Gallery\Android\media\com.whatsapp\WhatsApp\Media\WhatsApp Images\IMG-20180524-WA0000.jpg","IMG-20180524-WA0000.jpg","353048","4199968"
"C:\Users\flier\OneDrive\תמונות\Samsung Gallery\Android\media\com.whatsapp\WhatsApp\Media\WhatsApp Images\IMG-20180524-WA0001.jpg","IMG-20180524-WA0001.jpg","163716","4199968"
"C:\Users\flier\OneDrive\תמונות\Samsung Gallery\Android\media\com.whatsapp\WhatsApp\Media\WhatsApp Images\IMG-20180524-WA0002.jpg","IMG-20180524-WA0002.jpg","83623","4199968"
"C:\Users\flier\OneDrive\תמונות\Samsung Gallery\Android\media\com.whatsapp\WhatsApp\Media\WhatsApp Images\IMG-20180524-WA0005.jpg","IMG-20180524-WA0005.jpg","176491","4199968"
"C:\Users\flier\OneDrive\תמונות\Samsung Gallery\Android\media\com.whatsapp\WhatsApp\Media\WhatsApp Images\IMG-20180524-WA0010.jpg","IMG-20180524-WA0010.jpg","178608","4199968"
"C:\Users\flier\OneDrive\תמונות\Samsung Gallery\Android\media\com.whatsapp\WhatsApp\Media\WhatsApp Images\IMG-20180524-WA0011.jpg","IMG-20180524-WA0011.jpg","282252","4199968"
"C:\Users\flier\OneDrive\תמונות\Samsung Gallery\Android\media\com.whatsapp\WhatsApp\Media\WhatsApp Images\IMG-20180524-WA0012.jpg","IMG-20180524-WA0012.jpg","165657","4199968"
"C:\Users\flier\OneDrive\תמונות\Samsung Gallery\Android\media\com.whatsapp\WhatsApp\Media\WhatsApp Images\IMG-20180527-WA0000.jpg","IMG-20180527-WA0000.jpg","170747","4199968"
"C:\Users\flier\OneDrive\תמונות\Samsung Gallery\Android\media\com.whatsapp\WhatsApp\Media\WhatsApp Images\IMG-20180527-WA0001.jpg","IMG-20180527-WA0001.jpg","114066","4199968"
"C:\Users\flier\OneDrive\תמונות\Samsung Gallery\Android\media\com.whatsapp\WhatsApp\Media\WhatsApp Images\IMG-20180527-WA0006.jpg","IMG-20180527-WA0006.jpg","359881","4199968"
"C:\Users\flier\OneDrive\תמונות\Samsung Gallery\Android\media\com.whatsapp\WhatsApp\Media\WhatsApp Images\IMG-20180527-WA0007.jpg","IMG-20180527-WA0007.jpg","404662","4199968"
"C:\Users\flier\OneDrive\תמונות\Samsung Gallery\Android\media\com.whatsapp\WhatsApp\Media\WhatsApp Images\IMG-20180527-WA0008.jpg","IMG-20180527-WA0008.jpg","420932","4199968"
"C:\Users\flier\OneDrive\תמונות\Samsung Gallery\Android\media\com.whatsapp\WhatsApp\Media\WhatsApp Images\IMG-20180527-WA0009.jpg","IMG-20180527-WA0009.jpg","345193","4199968"
"C:\Users\flier\OneDrive\תמונות\Samsung Gallery\Android\media\com.whatsapp\WhatsApp\Media\WhatsApp Images\IMG-20180527-WA0013.jpg","IMG-20180527-WA0013.jpg","399467","4199968"
"C:\Users\flier\OneDrive\תמונות\Samsung Gallery\Android\media\com.whatsapp\WhatsApp\Media\WhatsApp Images\IMG-20180527-WA0014.jpg","IMG-20180527-WA0014.jpg","367134","4199968"
"C:\Users\flier\OneDrive\תמונות\Samsung Gallery\Android\media\com.whatsapp\WhatsApp\Media\WhatsApp Images\IMG-20180527-WA0016.jpg","IMG-20180527-WA0016.jpg","413283","4199968"
"C:\Users\flier\OneDrive\תמונות\Samsung Gallery\Android\media\com.whatsapp\WhatsApp\Media\WhatsApp Images\IMG-20180528-WA0000.jpg","IMG-20180528-WA0000.jpg","189164","4199968"
"C:\Users\flier\OneDrive\תמונות\Samsung Gallery\Android\media\com.whatsapp\WhatsApp\Media\WhatsApp Images\IMG-20180528-WA0003.jpg","IMG-20180528-WA0003.jpg","376539","4199968"
"C:\Users\flier\OneDrive\תמונות\Samsung Gallery\Android\media\com.whatsapp\WhatsApp\Media\WhatsApp Images\IMG-20180528-WA0005.jpg","IMG-20180528-WA0005.jpg","385002","4199968"
"C:\Users\flier\OneDrive\תמונות\Samsung Gallery\Android\media\com.whatsapp\WhatsApp\Media\WhatsApp Images\IMG-20180528-WA0007.jpg","IMG-20180528-WA0007.jpg","392695","4199968"
"C:\Users\flier\OneDrive\תמונות\Samsung Gallery\Android\media\com.whatsapp\WhatsApp\Media\WhatsApp Images\IMG-20180528-WA0011.jpg","IMG-20180528-WA0011.jpg","409714","4199968"
"C:\Users\flier\OneDrive\תמונות\Samsung Gallery\Android\media\com.whatsapp\WhatsApp\Media\WhatsApp Images\IMG-20180529-WA0000.jpg","IMG-20180529-WA0000.jpg","209611","4199968"
"C:\Users\flier\OneDrive\תמונות\Samsung Gallery\Android\media\com.whatsapp\WhatsApp\Media\WhatsApp Images\IMG-20180530-WA0000.jpg","IMG-20180530-WA0000.jpg","184522","4199968"
"C:\Users\flier\OneDrive\תמונות\Samsung Gallery\Android\media\com.whatsapp\WhatsApp\Media\WhatsApp Images\IMG-20180530-WA0002.jpg","IMG-20180530-WA0002.jpg","419378","4199968"
"C:\Users\flier\OneDrive\תמונות\Samsung Gallery\Android\media\com.whatsapp\WhatsApp\Media\WhatsApp Images\IMG-20180530-WA0004.jpg","IMG-20180530-WA0004.jpg","361618","4199968"
"C:\Users\flier\OneDrive\תמונות\Samsung Gallery\Android\media\com.whatsapp\WhatsApp\Media\WhatsApp Images\IMG-20180531-WA0000.jpg","IMG-20180531-WA0000.jpg","23330","4199968"
"C:\Users\flier\OneDrive\תמונות\Samsung Gallery\Android\media\com.whatsapp\WhatsApp\Media\WhatsApp Images\IMG-20180531-WA0001.jpg","IMG-20180531-WA0001.jpg","85077","4199968"
"C:\Users\flier\OneDrive\תמונות\Samsung Gallery\Android\media\com.whatsapp\WhatsApp\Media\WhatsApp Images\IMG-20180531-WA0002.jpg","IMG-20180531-WA0002.jpg","224348","4199968"
"C:\Users\flier\OneDrive\תמונות\Samsung Gallery\Android\media\com.whatsapp\WhatsApp\Media\WhatsApp Images\IMG-20180531-WA0003.jpg","IMG-20180531-WA0003.jpg","145191","4199968"
"C:\Users\flier\OneDrive\תמונות\Samsung Gallery\Android\media\com.whatsapp\WhatsApp\Media\WhatsApp Images\IMG-20180531-WA0004.jpg","IMG-20180531-WA0004.jpg","419951","4199968"
"C:\Users\flier\OneDrive\תמונות\Samsung Gallery\Android\media\com.whatsapp\WhatsApp\Media\WhatsApp Images\IMG-20180531-WA0008.jpg","IMG-20180531-WA0008.jpg","370007","4199968"
"C:\Users\flier\OneDrive\תמונות\Samsung Gallery\Android\media\com.whatsapp\WhatsApp\Media\WhatsApp Images\IMG-20180531-WA0009.jpg","IMG-20180531-WA0009.jpg","498833","4199968"
"C:\Users\flier\OneDrive\תמונות\Samsung Gallery\Android\media\com.whatsapp\WhatsApp\Media\WhatsApp Images\IMG-20180531-WA0010.jpg","IMG-20180531-WA0010.jpg","385352","4199968"
"C:\Users\flier\OneDrive\תמונות\Samsung Gallery\Android\media\com.whatsapp\WhatsApp\Media\WhatsApp Images\IMG-20180531-WA0011.jpg","IMG-20180531-WA0011.jpg","498833","4199968"
"C:\Users\flier\OneDrive\תמונות\Samsung Gallery\Android\media\com.whatsapp\WhatsApp\Media\WhatsApp Images\IMG-20180601-WA0000.jpg","IMG-20180601-WA0000.jpg","188800","4199968"
"C:\Users\flier\OneDrive\תמונות\Samsung Gallery\Android\media\com.whatsapp\WhatsApp\Media\WhatsApp Images\IMG-20180601-WA0001.jpg","IMG-20180601-WA0001.jpg","128682","4199968"
"C:\Users\flier\OneDrive\תמונות\Samsung Gallery\Android\media\com.whatsapp\WhatsApp\Media\WhatsApp Images\IMG-20180603-WA0000.jpg","IMG-20180603-WA0000.jpg","454493","4199968"
"C:\Users\flier\OneDrive\תמונות\Samsung Gallery\Android\media\com.whatsapp\WhatsApp\Media\WhatsApp Images\IMG-20180603-WA0002.jpg","IMG-20180603-WA0002.jpg","391108","4199968"
"C:\Users\flier\OneDrive\תמונות\Samsung Gallery\Android\media\com.whatsapp\WhatsApp\Media\WhatsApp Images\IMG-20180603-WA0003.jpg","IMG-20180603-WA0003.jpg","266750","4199968"
"C:\Users\flier\OneDrive\תמונות\Samsung Gallery\Android\media\com.whatsapp\WhatsApp\Media\WhatsApp Images\IMG-20180604-WA0001.jpg","IMG-20180604-WA0001.jpg","424640","4199968"
"C:\Users\flier\OneDrive\תמונות\Samsung Gallery\Android\media\com.whatsapp\WhatsApp\Media\WhatsApp Images\IMG-20180604-WA0004.jpg","IMG-20180604-WA0004.jpg","230303","4199968"
"C:\Users\flier\OneDrive\תמונות\Samsung Gallery\Android\media\com.whatsapp\WhatsApp\Media\WhatsApp Images\IMG-20180604-WA0005.jpg","IMG-20180604-WA0005.jpg","175867","4199968"
"C:\Users\flier\OneDrive\תמונות\Samsung Gallery\Android\media\com.whatsapp\WhatsApp\Media\WhatsApp Images\IMG-20180604-WA0006.jpg","IMG-20180604-WA0006.jpg","349543","4199968"
"C:\Users\flier\OneDrive\תמונות\Samsung Gallery\Android\media\com.whatsapp\WhatsApp\Media\WhatsApp Images\IMG-20180604-WA0007.jpg","IMG-20180604-WA0007.jpg","236200","4199968"
"C:\Users\flier\OneDrive\תמונות\Samsung Gallery\Android\media\com.whatsapp\WhatsApp\Media\WhatsApp Images\IMG-20180604-WA0008.jpg","IMG-20180604-WA0008.jpg","224203","4199968"
"C:\Users\flier\OneDrive\תמונות\Samsung Gallery\Android\media\com.whatsapp\WhatsApp\Media\WhatsApp Images\IMG-20180604-WA0009.jpg","IMG-20180604-WA0009.jpg","229533","4199968"
"C:\Users\flier\OneDrive\תמונות\Samsung Gallery\Android\media\com.whatsapp\WhatsApp\Media\WhatsApp Images\IMG-20180604-WA0010.jpg","IMG-20180604-WA0010.jpg","249540","4199968"
"C:\Users\flier\OneDrive\תמונות\Samsung Gallery\Android\media\com.whatsapp\WhatsApp\Media\WhatsApp Images\IMG-20180604-WA0011.jpg","IMG-20180604-WA0011.jpg","230571","4199968"
"C:\Users\flier\OneDrive\תמונות\Samsung Gallery\Android\media\com.whatsapp\WhatsApp\Media\WhatsApp Images\IMG-20180604-WA0014.jpg","IMG-20180604-WA0014.jpg","213517","4199968"
"C:\Users\flier\OneDrive\תמונות\Samsung Gallery\Android\media\com.whatsapp\WhatsApp\Media\WhatsApp Images\IMG-20180605-WA0002.jpg","IMG-20180605-WA0002.jpg","250812","4199968"
"C:\Users\flier\OneDrive\תמונות\Samsung Gallery\Android\media\com.whatsapp\WhatsApp\Media\WhatsApp Images\IMG-20180606-WA0001.jpg","IMG-20180606-WA0001.jpg","277996","4199968"
"C:\Users\flier\OneDrive\תמונות\Samsung Gallery\Android\media\com.whatsapp\WhatsApp\Media\WhatsApp Images\IMG-20180606-WA0004.jpg","IMG-20180606-WA0004.jpg","495393","4199968"
"C:\Users\flier\OneDrive\תמונות\Samsung Gallery\Android\media\com.whatsapp\WhatsApp\Media\WhatsApp Images\IMG-20180606-WA0005.jpg","IMG-20180606-WA0005.jpg","536599","4199968"
"C:\Users\flier\OneDrive\תמונות\Samsung Gallery\Android\media\com.whatsapp\WhatsApp\Media\WhatsApp Images\IMG-20180606-WA0006.jpg","IMG-20180606-WA0006.jpg","201464","4199968"
"C:\Users\flier\OneDrive\תמונות\Samsung Gallery\Android\media\com.whatsapp\WhatsApp\Media\WhatsApp Images\IMG-20180606-WA0007.jpg","IMG-20180606-WA0007.jpg","232310","4199968"
"C:\Users\flier\OneDrive\תמונות\Samsung Gallery\Android\media\com.whatsapp\WhatsApp\Media\WhatsApp Images\IMG-20180606-WA0009.jpg","IMG-20180606-WA0009.jpg","42815","4199968"
"C:\Users\flier\OneDrive\תמונות\Samsung Gallery\Android\media\com.whatsapp\WhatsApp\Media\WhatsApp Images\IMG-20180607-WA0000.jpg","IMG-20180607-WA0000.jpg","136203","4199968"
"C:\Users\flier\OneDrive\תמונות\Samsung Gallery\Android\media\com.whatsapp\WhatsApp\Media\WhatsApp Images\IMG-20180607-WA0001.jpg","IMG-20180607-WA0001.jpg","307928","4199968"
"C:\Users\flier\OneDrive\תמונות\Samsung Gallery\Android\media\com.whatsapp\WhatsApp\Media\WhatsApp Images\IMG-20180607-WA0002.jpg","IMG-20180607-WA0002.jpg","444732","4199968"
"C:\Users\flier\OneDrive\תמונות\Samsung Gallery\Android\media\com.whatsapp\WhatsApp\Media\WhatsApp Images\IMG-20180608-WA0000.jpg","IMG-20180608-WA0000.jpg","513373","4199968"
"C:\Users\flier\OneDrive\תמונות\Samsung Gallery\Android\media\com.whatsapp\WhatsApp\Media\WhatsApp Images\IMG-20180608-WA0005.jpg","IMG-20180608-WA0005.jpg","88919","4199968"
"C:\Users\flier\OneDrive\תמונות\Samsung Gallery\Android\media\com.whatsapp\WhatsApp\Media\WhatsApp Images\IMG-20180610-WA0000.jpg","IMG-20180610-WA0000.jpg","362531","4199968"
"C:\Users\flier\OneDrive\תמונות\Samsung Gallery\Android\media\com.whatsapp\WhatsApp\Media\WhatsApp Images\IMG-20180610-WA0002.jpg","IMG-20180610-WA0002.jpg","67944","4199968"
"C:\Users\flier\OneDrive\תמונות\Samsung Gallery\Android\media\com.whatsapp\WhatsApp\Media\WhatsApp Images\IMG-20180610-WA0004.jpg","IMG-20180610-WA0004.jpg","212031","4199968"
"C:\Users\flier\OneDrive\תמונות\Samsung Gallery\Android\media\com.whatsapp\WhatsApp\Media\WhatsApp Images\IMG-20180610-WA0006.jpg","IMG-20180610-WA0006.jpg","138340","4199968"
"C:\Users\flier\OneDrive\תמונות\Samsung Gallery\Android\media\com.whatsapp\WhatsApp\Media\WhatsApp Images\IMG-20180610-WA0008.jpg","IMG-20180610-WA0008.jpg","194662","4199968"
"C:\Users\flier\OneDrive\תמונות\Samsung Gallery\Android\media\com.whatsapp\WhatsApp\Media\WhatsApp Images\IMG-20180610-WA0009.jpg","IMG-20180610-WA0009.jpg","78888","4199968"
"C:\Users\flier\OneDrive\תמונות\Samsung Gallery\Android\media\com.whatsapp\WhatsApp\Media\WhatsApp Images\IMG-20180611-WA0001.jpg","IMG-20180611-WA0001.jpg","415745","4199968"
"C:\Users\flier\OneDrive\תמונות\Samsung Gallery\Android\media\com.whatsapp\WhatsApp\Media\WhatsApp Images\IMG-20180611-WA0004.jpg","IMG-20180611-WA0004.jpg","147207","4199968"
"C:\Users\flier\OneDrive\תמונות\Samsung Gallery\Android\media\com.whatsapp\WhatsApp\Media\WhatsApp Images\IMG-20180611-WA0005.jpg","IMG-20180611-WA0005.jpg","210201","4199968"
"C:\Users\flier\OneDrive\תמונות\Samsung Gallery\Android\media\com.whatsapp\WhatsApp\Media\WhatsApp Images\IMG-20180611-WA0006.jpg","IMG-20180611-WA0006.jpg","219425","4199968"
"C:\Users\flier\OneDrive\תמונות\Samsung Gallery\Android\media\com.whatsapp\WhatsApp\Media\WhatsApp Images\IMG-20180611-WA0007.jpg","IMG-20180611-WA0007.jpg","241691","4199968"
"C:\Users\flier\OneDrive\תמונות\Samsung Gallery\Android\media\com.whatsapp\WhatsApp\Media\WhatsApp Images\IMG-20180611-WA0008.jpg","IMG-20180611-WA0008.jpg","120319","4199968"
"C:\Users\flier\OneDrive\תמונות\Samsung Gallery\Android\media\com.whatsapp\WhatsApp\Media\WhatsApp Images\IMG-20180611-WA0010.jpg","IMG-20180611-WA0010.jpg","176436","4199968"
"C:\Users\flier\OneDrive\תמונות\Samsung Gallery\Android\media\com.whatsapp\WhatsApp\Media\WhatsApp Images\IMG-20180611-WA0014.jpg","IMG-20180611-WA0014.jpg","71279","4199968"
"C:\Users\flier\OneDrive\תמונות\Samsung Gallery\Android\media\com.whatsapp\WhatsApp\Media\WhatsApp Images\IMG-20180611-WA0015.jpg","IMG-20180611-WA0015.jpg","108770","4199968"
"C:\Users\flier\OneDrive\תמונות\Samsung Gallery\Android\media\com.whatsapp\WhatsApp\Media\WhatsApp Images\IMG-20180611-WA0017.jpg","IMG-20180611-WA0017.jpg","56464","4199968"
"C:\Users\flier\OneDrive\תמונות\Samsung Gallery\Android\media\com.whatsapp\WhatsApp\Media\WhatsApp Images\IMG-20180611-WA0022.jpg","IMG-20180611-WA0022.jpg","122875","4199968"
"C:\Users\flier\OneDrive\תמונות\Samsung Gallery\Android\media\com.whatsapp\WhatsApp\Media\WhatsApp Images\IMG-20180612-WA0006.jpg","IMG-20180612-WA0006.jpg","120475","4199968"
"C:\Users\flier\OneDrive\תמונות\Samsung Gallery\Android\media\com.whatsapp\WhatsApp\Media\WhatsApp Images\IMG-20180613-WA0000.jpg","IMG-20180613-WA0000.jpg","425212","4199968"
"C:\Users\flier\OneDrive\תמונות\Samsung Gallery\Android\media\com.whatsapp\WhatsApp\Media\WhatsApp Images\IMG-20180613-WA0003.jpg","IMG-20180613-WA0003.jpg","196138","4199968"
"C:\Users\flier\OneDrive\תמונות\Samsung Gallery\Android\media\com.whatsapp\WhatsApp\Media\WhatsApp Images\IMG-20180613-WA0004.jpg","IMG-20180613-WA0004.jpg","76720","4199968"
"C:\Users\flier\OneDrive\תמונות\Samsung Gallery\Android\media\com.whatsapp\WhatsApp\Media\WhatsApp Images\IMG-20180613-WA0010.jpg","IMG-20180613-WA0010.jpg","167574","4199968"
"C:\Users\flier\OneDrive\תמונות\Samsung Gallery\Android\media\com.whatsapp\WhatsApp\Media\WhatsApp Images\IMG-20180613-WA0013.jpg","IMG-20180613-WA0013.jpg","190149","4199968"
"C:\Users\flier\OneDrive\תמונות\Samsung Gallery\Android\media\com.whatsapp\WhatsApp\Media\WhatsApp Images\IMG-20180613-WA0014.jpg","IMG-20180613-WA0014.jpg","19389","4199968"
"C:\Users\flier\OneDrive\תמונות\Samsung Gallery\Android\media\com.whatsapp\WhatsApp\Media\WhatsApp Images\IMG-20180613-WA0015.jpg","IMG-20180613-WA0015.jpg","150749","4199968"
"C:\Users\flier\OneDrive\תמונות\Samsung Gallery\Android\media\com.whatsapp\WhatsApp\Media\WhatsApp Images\IMG-20180613-WA0017.jpg","IMG-20180613-WA0017.jpg","189218","4199968"
"C:\Users\flier\OneDrive\תמונות\Samsung Gallery\Android\media\com.whatsapp\WhatsApp\Media\WhatsApp Images\IMG-20180613-WA0018.jpg","IMG-20180613-WA0018.jpg","152071","4199968"
"C:\Users\flier\OneDrive\תמונות\Samsung Gallery\Android\media\com.whatsapp\WhatsApp\Media\WhatsApp Images\IMG-20180614-WA0000.jpg","IMG-20180614-WA0000.jpg","340945","4199968"
"C:\Users\flier\OneDrive\תמונות\Samsung Gallery\Android\media\com.whatsapp\WhatsApp\Media\WhatsApp Images\IMG-20180614-WA0002.jpg","IMG-20180614-WA0002.jpg","389878","4199968"
"C:\Users\flier\OneDrive\תמונות\Samsung Gallery\Android\media\com.whatsapp\WhatsApp\Media\WhatsApp Images\IMG-20180614-WA0003.jpg","IMG-20180614-WA0003.jpg","103337","4199968"
"C:\Users\flier\OneDrive\תמונות\Samsung Gallery\Android\media\com.whatsapp\WhatsApp\Media\WhatsApp Images\IMG-20180614-WA0005.jpg","IMG-20180614-WA0005.jpg","62435","4199968"
"C:\Users\flier\OneDrive\תמונות\Samsung Gallery\Android\media\com.whatsapp\WhatsApp\Media\WhatsApp Images\IMG-20180614-WA0006.jpg","IMG-20180614-WA0006.jpg","62275","4199968"
"C:\Users\flier\OneDrive\תמונות\Samsung Gallery\Android\media\com.whatsapp\WhatsApp\Media\WhatsApp Images\IMG-20180614-WA0007.jpg","IMG-20180614-WA0007.jpg","124053","4199968"
"C:\Users\flier\OneDrive\תמונות\Samsung Gallery\Android\media\com.whatsapp\WhatsApp\Media\WhatsApp Images\IMG-20180614-WA0010.jpg","IMG-20180614-WA0010.jpg","187011","4199968"
"C:\Users\flier\OneDrive\תמונות\Samsung Gallery\Android\media\com.whatsapp\WhatsApp\Media\WhatsApp Images\IMG-20180614-WA0012.jpg","IMG-20180614-WA0012.jpg","201908","4199968"
"C:\Users\flier\OneDrive\תמונות\Samsung Gallery\Android\media\com.whatsapp\WhatsApp\Media\WhatsApp Images\IMG-20180615-WA0002.jpg","IMG-20180615-WA0002.jpg","125571","4199968"
"C:\Users\flier\OneDrive\תמונות\Samsung Gallery\Android\media\com.whatsapp\WhatsApp\Media\WhatsApp Images\IMG-20180615-WA0004.jpg","IMG-20180615-WA0004.jpg","325555","4199968"
"C:\Users\flier\OneDrive\תמונות\Samsung Gallery\Android\media\com.whatsapp\WhatsApp\Media\WhatsApp Images\IMG-20180615-WA0005.jpg","IMG-20180615-WA0005.jpg","325442","4199968"
"C:\Users\flier\OneDrive\תמונות\Samsung Gallery\Android\media\com.whatsapp\WhatsApp\Media\WhatsApp Images\IMG-20180615-WA0006.jpg","IMG-20180615-WA0006.jpg","282400","4199968"
"C:\Users\flier\OneDrive\תמונות\Samsung Gallery\Android\media\com.whatsapp\WhatsApp\Media\WhatsApp Images\IMG-20180615-WA0007.jpg","IMG-20180615-WA0007.jpg","343033","4199968"
"C:\Users\flier\OneDrive\תמונות\Samsung Gallery\Android\media\com.whatsapp\WhatsApp\Media\WhatsApp Images\IMG-20180615-WA0008.jpg","IMG-20180615-WA0008.jpg","359466","4199968"
"C:\Users\flier\OneDrive\תמונות\Samsung Gallery\Android\media\com.whatsapp\WhatsApp\Media\WhatsApp Images\IMG-20180615-WA0009.jpg","IMG-20180615-WA0009.jpg","392804","4199968"
"C:\Users\flier\OneDrive\תמונות\Samsung Gallery\Android\media\com.whatsapp\WhatsApp\Media\WhatsApp Images\IMG-20180615-WA0010.jpg","IMG-20180615-WA0010.jpg","258529","4199968"
"C:\Users\flier\OneDrive\תמונות\Samsung Gallery\Android\media\com.whatsapp\WhatsApp\Media\WhatsApp Images\IMG-20180615-WA0011.jpg","IMG-20180615-WA0011.jpg","368617","4199968"
"C:\Users\flier\OneDrive\תמונות\Samsung Gallery\Android\media\com.whatsapp\WhatsApp\Media\WhatsApp Images\IMG-20180615-WA0012.jpg","IMG-20180615-WA0012.jpg","283590","4199968"
"C:\Users\flier\OneDrive\תמונות\Samsung Gallery\Android\media\com.whatsapp\WhatsApp\Media\WhatsApp Images\IMG-20180615-WA0013.jpg","IMG-20180615-WA0013.jpg","325424","4199968"
"C:\Users\flier\OneDrive\תמונות\Samsung Gallery\Android\media\com.whatsapp\WhatsApp\Media\WhatsApp Images\IMG-20180615-WA0014.jpg","IMG-20180615-WA0014.jpg","363294","4199968"
"C:\Users\flier\OneDrive\תמונות\Samsung Gallery\Android\media\com.whatsapp\WhatsApp\Media\WhatsApp Images\IMG-20180615-WA0016.jpg","IMG-20180615-WA0016.jpg","281198","4199968"
"C:\Users\flier\OneDrive\תמונות\Samsung Gallery\Android\media\com.whatsapp\WhatsApp\Media\WhatsApp Images\IMG-20180615-WA0017.jpg","IMG-20180615-WA0017.jpg","249055","4199968"
"C:\Users\flier\OneDrive\תמונות\Samsung Gallery\Android\media\com.whatsapp\WhatsApp\Media\WhatsApp Images\IMG-20180615-WA0018.jpg","IMG-20180615-WA0018.jpg","254190","4199968"
"C:\Users\flier\OneDrive\תמונות\Samsung Gallery\Android\media\com.whatsapp\WhatsApp\Media\WhatsApp Images\IMG-20180615-WA0019.jpg","IMG-20180615-WA0019.jpg","264944","4199968"
"C:\Users\flier\OneDrive\תמונות\Samsung Gallery\Android\media\com.whatsapp\WhatsApp\Media\WhatsApp Images\IMG-20180615-WA0020.jpg","IMG-20180615-WA0020.jpg","249191","4199968"
"C:\Users\flier\OneDrive\תמונות\Samsung Gallery\Android\media\com.whatsapp\WhatsApp\Media\WhatsApp Images\IMG-20180615-WA0021.jpg","IMG-20180615-WA0021.jpg","284521","4199968"
"C:\Users\flier\OneDrive\תמונות\Samsung Gallery\Android\media\com.whatsapp\WhatsApp\Media\WhatsApp Images\IMG-20180615-WA0022.jpg","IMG-20180615-WA0022.jpg","244025","4199968"
"C:\Users\flier\OneDrive\תמונות\Samsung Gallery\Android\media\com.whatsapp\WhatsApp\Media\WhatsApp Images\IMG-20180615-WA0023.jpg","IMG-20180615-WA0023.jpg","236802","4199968"
"C:\Users\flier\OneDrive\תמונות\Samsung Gallery\Android\media\com.whatsapp\WhatsApp\Media\WhatsApp Images\IMG-20180615-WA0024.jpg","IMG-20180615-WA0024.jpg","282079","4199968"
"C:\Users\flier\OneDrive\תמונות\Samsung Gallery\Android\media\com.whatsapp\WhatsApp\Media\WhatsApp Images\IMG-20180615-WA0025.jpg","IMG-20180615-WA0025.jpg","239327","4199968"
"C:\Users\flier\OneDrive\תמונות\Samsung Gallery\Android\media\com.whatsapp\WhatsApp\Media\WhatsApp Images\IMG-20180615-WA0026.jpg","IMG-20180615-WA0026.jpg","233255","4199968"
"C:\Users\flier\OneDrive\תמונות\Samsung Gallery\Android\media\com.whatsapp\WhatsApp\Media\WhatsApp Images\IMG-20180615-WA0027.jpg","IMG-20180615-WA0027.jpg","305147","4199968"
"C:\Users\flier\OneDrive\תמונות\Samsung Gallery\Android\media\com.whatsapp\WhatsApp\Media\WhatsApp Images\IMG-20180615-WA0028.jpg","IMG-20180615-WA0028.jpg","271674","4199968"
"C:\Users\flier\OneDrive\תמונות\Samsung Gallery\Android\media\com.whatsapp\WhatsApp\Media\WhatsApp Images\IMG-20180615-WA0029.jpg","IMG-20180615-WA0029.jpg","293476","4199968"
"C:\Users\flier\OneDrive\תמונות\Samsung Gallery\Android\media\com.whatsapp\WhatsApp\Media\WhatsApp Images\IMG-20180615-WA0030.jpg","IMG-20180615-WA0030.jpg","300576","4199968"
"C:\Users\flier\OneDrive\תמונות\Samsung Gallery\Android\media\com.whatsapp\WhatsApp\Media\WhatsApp Images\IMG-20180615-WA0031.jpg","IMG-20180615-WA0031.jpg","305031","4199968"
"C:\Users\flier\OneDrive\תמונות\Samsung Gallery\Android\media\com.whatsapp\WhatsApp\Media\WhatsApp Images\IMG-20180615-WA0032.jpg","IMG-20180615-WA0032.jpg","254057","4199968"
"C:\Users\flier\OneDrive\תמונות\Samsung Gallery\Android\media\com.whatsapp\WhatsApp\Media\WhatsApp Images\IMG-20180615-WA0033.jpg","IMG-20180615-WA0033.jpg","261076","4199968"
"C:\Users\flier\OneDrive\תמונות\Samsung Gallery\Android\media\com.whatsapp\WhatsApp\Media\WhatsApp Images\IMG-20180615-WA0036.jpg","IMG-20180615-WA0036.jpg","65387","4199968"
"C:\Users\flier\OneDrive\תמונות\Samsung Gallery\Android\media\com.whatsapp\WhatsApp\Media\WhatsApp Images\IMG-20180616-WA0002.jpg","IMG-20180616-WA0002.jpg","182135","4199968"
"C:\Users\flier\OneDrive\תמונות\Samsung Gallery\Android\media\com.whatsapp\WhatsApp\Media\WhatsApp Images\IMG-20180616-WA0003.jpg","IMG-20180616-WA0003.jpg","139634","4199968"
"C:\Users\flier\OneDrive\תמונות\Samsung Gallery\Android\media\com.whatsapp\WhatsApp\Media\WhatsApp Images\IMG-20180617-WA0002.jpg","IMG-20180617-WA0002.jpg","194286","4199968"
"C:\Users\flier\OneDrive\תמונות\Samsung Gallery\Android\media\com.whatsapp\WhatsApp\Media\WhatsApp Images\IMG-20180617-WA0004.jpg","IMG-20180617-WA0004.jpg","364187","4199968"
"C:\Users\flier\OneDrive\תמונות\Samsung Gallery\Android\media\com.whatsapp\WhatsApp\Media\WhatsApp Images\IMG-20180617-WA0005.jpg","IMG-20180617-WA0005.jpg","131259","4199968"
"C:\Users\flier\OneDrive\תמונות\Samsung Gallery\Android\media\com.whatsapp\WhatsApp\Media\WhatsApp Images\IMG-20180617-WA0006.jpg","IMG-20180617-WA0006.jpg","450681","4199968"
"C:\Users\flier\OneDrive\תמונות\Samsung Gallery\Android\media\com.whatsapp\WhatsApp\Media\WhatsApp Images\IMG-20180617-WA0008.jpg","IMG-20180617-WA0008.jpg","424677","4199968"
"C:\Users\flier\OneDrive\תמונות\Samsung Gallery\Android\media\com.whatsapp\WhatsApp\Media\WhatsApp Images\IMG-20180617-WA0009.jpg","IMG-20180617-WA0009.jpg","385713","4199968"
"C:\Users\flier\OneDrive\תמונות\Samsung Gallery\Android\media\com.whatsapp\WhatsApp\Media\WhatsApp Images\IMG-20180617-WA0010.jpg","IMG-20180617-WA0010.jpg","451845","4199968"
"C:\Users\flier\OneDrive\תמונות\Samsung Gallery\Android\media\com.whatsapp\WhatsApp\Media\WhatsApp Images\IMG-20180617-WA0011.jpg","IMG-20180617-WA0011.jpg","46431","4199968"
"C:\Users\flier\OneDrive\תמונות\Samsung Gallery\Android\media\com.whatsapp\WhatsApp\Media\WhatsApp Images\IMG-20180618-WA0000.jpg","IMG-20180618-WA0000.jpg","175620","4199968"
"C:\Users\flier\OneDrive\תמונות\Samsung Gallery\Android\media\com.whatsapp\WhatsApp\Media\WhatsApp Images\IMG-20180618-WA0001.jpg","IMG-20180618-WA0001.jpg","241771","4199968"
"C:\Users\flier\OneDrive\תמונות\Samsung Gallery\Android\media\com.whatsapp\WhatsApp\Media\WhatsApp Images\IMG-20180618-WA0003.jpg","IMG-20180618-WA0003.jpg","117134","4199968"
"C:\Users\flier\OneDrive\תמונות\Samsung Gallery\Android\media\com.whatsapp\WhatsApp\Media\WhatsApp Images\IMG-20180618-WA0004.jpg","IMG-20180618-WA0004.jpg","83346","4199968"
"C:\Users\flier\OneDrive\תמונות\Samsung Gallery\Android\media\com.whatsapp\WhatsApp\Media\WhatsApp Images\IMG-20180618-WA0012.jpg","IMG-20180618-WA0012.jpg","221409","4199968"
"C:\Users\flier\OneDrive\תמונות\Samsung Gallery\Android\media\com.whatsapp\WhatsApp\Media\WhatsApp Images\IMG-20180618-WA0017.jpg","IMG-20180618-WA0017.jpg","134611","4199968"
"C:\Users\flier\OneDrive\תמונות\Samsung Gallery\Android\media\com.whatsapp\WhatsApp\Media\WhatsApp Images\IMG-20180618-WA0018.jpg","IMG-20180618-WA0018.jpg","403009","4199968"
"C:\Users\flier\OneDrive\תמונות\Samsung Gallery\Android\media\com.whatsapp\WhatsApp\Media\WhatsApp Images\IMG-20180618-WA0021.jpg","IMG-20180618-WA0021.jpg","431780","4199968"
"C:\Users\flier\OneDrive\תמונות\Samsung Gallery\Android\media\com.whatsapp\WhatsApp\Media\WhatsApp Images\IMG-20180618-WA0023.jpg","IMG-20180618-WA0023.jpg","397912","4199968"
"C:\Users\flier\OneDrive\תמונות\Samsung Gallery\Android\media\com.whatsapp\WhatsApp\Media\WhatsApp Images\IMG-20180619-WA0000.jpg","IMG-20180619-WA0000.jpg","166399","4199968"
"C:\Users\flier\OneDrive\תמונות\Samsung Gallery\Android\media\com.whatsapp\WhatsApp\Media\WhatsApp Images\IMG-20180619-WA0002.jpg","IMG-20180619-WA0002.jpg","213743","4199968"
"C:\Users\flier\OneDrive\תמונות\Samsung Gallery\Android\media\com.whatsapp\WhatsApp\Media\WhatsApp Images\IMG-20180619-WA0003.jpg","IMG-20180619-WA0003.jpg","97760","4199968"
"C:\Users\flier\OneDrive\תמונות\Samsung Gallery\Android\media\com.whatsapp\WhatsApp\Media\WhatsApp Images\IMG-20180619-WA0011.jpg","IMG-20180619-WA0011.jpg","189613","4199968"
"C:\Users\flier\OneDrive\תמונות\Samsung Gallery\Android\media\com.whatsapp\WhatsApp\Media\WhatsApp Images\IMG-20180619-WA0013.jpg","IMG-20180619-WA0013.jpg","165583","4199968"
"C:\Users\flier\OneDrive\תמונות\Samsung Gallery\Android\media\com.whatsapp\WhatsApp\Media\WhatsApp Images\IMG-20180619-WA0020.jpg","IMG-20180619-WA0020.jpg","369122","4199968"
"C:\Users\flier\OneDrive\תמונות\Samsung Gallery\Android\media\com.whatsapp\WhatsApp\Media\WhatsApp Images\IMG-20180619-WA0021.jpg","IMG-20180619-WA0021.jpg","69754","4199968"
"C:\Users\flier\OneDrive\תמונות\Samsung Gallery\Android\media\com.whatsapp\WhatsApp\Media\WhatsApp Images\IMG-20180619-WA0022.jpg","IMG-20180619-WA0022.jpg","522604","4199968"
"C:\Users\flier\OneDrive\תמונות\Samsung Gallery\Android\media\com.whatsapp\WhatsApp\Media\WhatsApp Images\IMG-20180619-WA0024.jpg","IMG-20180619-WA0024.jpg","396503","4199968"
"C:\Users\flier\OneDrive\תמונות\Samsung Gallery\Android\media\com.whatsapp\WhatsApp\Media\WhatsApp Images\IMG-20180619-WA0025.jpg","IMG-20180619-WA0025.jpg","444235","4199968"
"C:\Users\flier\OneDrive\תמונות\Samsung Gallery\Android\media\com.whatsapp\WhatsApp\Media\WhatsApp Images\IMG-20180620-WA0000.jpg","IMG-20180620-WA0000.jpg","160523","4199968"
"C:\Users\flier\OneDrive\תמונות\Samsung Gallery\Android\media\com.whatsapp\WhatsApp\Media\WhatsApp Images\IMG-20180620-WA0001.jpg","IMG-20180620-WA0001.jpg","253515","4199968"
"C:\Users\flier\OneDrive\תמונות\Samsung Gallery\Android\media\com.whatsapp\WhatsApp\Media\WhatsApp Images\IMG-20180620-WA0003.jpg","IMG-20180620-WA0003.jpg","70604","4199968"
"C:\Users\flier\OneDrive\תמונות\Samsung Gallery\Android\media\com.whatsapp\WhatsApp\Media\WhatsApp Images\IMG-20180620-WA0007.jpg","IMG-20180620-WA0007.jpg","148661","4199968"
"C:\Users\flier\OneDrive\תמונות\Samsung Gallery\Android\media\com.whatsapp\WhatsApp\Media\WhatsApp Images\IMG-20180620-WA0010.jpg","IMG-20180620-WA0010.jpg","405551","4199968"
"C:\Users\flier\OneDrive\תמונות\Samsung Gallery\Android\media\com.whatsapp\WhatsApp\Media\WhatsApp Images\IMG-20180620-WA0012.jpg","IMG-20180620-WA0012.jpg","174110","4199968"
"C:\Users\flier\OneDrive\תמונות\Samsung Gallery\Android\media\com.whatsapp\WhatsApp\Media\WhatsApp Images\IMG-20180621-WA0002.jpg","IMG-20180621-WA0002.jpg","92718","4199968"
"C:\Users\flier\OneDrive\תמונות\Samsung Gallery\Android\media\com.whatsapp\WhatsApp\Media\WhatsApp Images\IMG-20180621-WA0003.jpg","IMG-20180621-WA0003.jpg","136279","4199968"
"C:\Users\flier\OneDrive\תמונות\Samsung Gallery\Android\media\com.whatsapp\WhatsApp\Media\WhatsApp Images\IMG-20180621-WA0005.jpg","IMG-20180621-WA0005.jpg","168870","4199968"
"C:\Users\flier\OneDrive\תמונות\Samsung Gallery\Android\media\com.whatsapp\WhatsApp\Media\WhatsApp Images\IMG-20180621-WA0006.jpg","IMG-20180621-WA0006.jpg","226128","4199968"
"C:\Users\flier\OneDrive\תמונות\Samsung Gallery\Android\media\com.whatsapp\WhatsApp\Media\WhatsApp Images\IMG-20180621-WA0010.jpg","IMG-20180621-WA0010.jpg","123811","4199968"
"C:\Users\flier\OneDrive\תמונות\Samsung Gallery\Android\media\com.whatsapp\WhatsApp\Media\WhatsApp Images\IMG-20180621-WA0011.jpg","IMG-20180621-WA0011.jpg","288068","4199968"
"C:\Users\flier\OneDrive\תמונות\Samsung Gallery\Android\media\com.whatsapp\WhatsApp\Media\WhatsApp Images\IMG-20180621-WA0019.jpg","IMG-20180621-WA0019.jpg","222240","4199968"
"C:\Users\flier\OneDrive\תמונות\Samsung Gallery\Android\media\com.whatsapp\WhatsApp\Media\WhatsApp Images\IMG-20180621-WA0020.jpg","IMG-20180621-WA0020.jpg","173004","4199968"
"C:\Users\flier\OneDrive\תמונות\Samsung Gallery\Android\media\com.whatsapp\WhatsApp\Media\WhatsApp Images\IMG-20180621-WA0021.jpg","IMG-20180621-WA0021.jpg","75013","4199968"
"C:\Users\flier\OneDrive\תמונות\Samsung Gallery\Android\media\com.whatsapp\WhatsApp\Media\WhatsApp Images\IMG-20180621-WA0022.jpg","IMG-20180621-WA0022.jpg","377985","4199968"
"C:\Users\flier\OneDrive\תמונות\Samsung Gallery\Android\media\com.whatsapp\WhatsApp\Media\WhatsApp Images\IMG-20180621-WA0023.jpg","IMG-20180621-WA0023.jpg","43187","4199968"
"C:\Users\flier\OneDrive\תמונות\Samsung Gallery\Android\media\com.whatsapp\WhatsApp\Media\WhatsApp Images\IMG-20180621-WA0024.jpg","IMG-20180621-WA0024.jpg","57841","4199968"
"C:\Users\flier\OneDrive\תמונות\Samsung Gallery\Android\media\com.whatsapp\WhatsApp\Media\WhatsApp Images\IMG-20180621-WA0025.jpg","IMG-20180621-WA0025.jpg","439031","4199968"
"C:\Users\flier\OneDrive\תמונות\Samsung Gallery\Android\media\com.whatsapp\WhatsApp\Media\WhatsApp Images\IMG-20180621-WA0029.jpg","IMG-20180621-WA0029.jpg","429753","4199968"
"C:\Users\flier\OneDrive\תמונות\Samsung Gallery\Android\media\com.whatsapp\WhatsApp\Media\WhatsApp Images\IMG-20180621-WA0031.jpg","IMG-20180621-WA0031.jpg","433806","4199968"
"C:\Users\flier\OneDrive\תמונות\Samsung Gallery\Android\media\com.whatsapp\WhatsApp\Media\WhatsApp Images\IMG-20180621-WA0032.jpg","IMG-20180621-WA0032.jpg","461464","4199968"
"C:\Users\flier\OneDrive\תמונות\Samsung Gallery\Android\media\com.whatsapp\WhatsApp\Media\WhatsApp Images\IMG-20180621-WA0033.jpg","IMG-20180621-WA0033.jpg","453007","4199968"
"C:\Users\flier\OneDrive\תמונות\Samsung Gallery\Android\media\com.whatsapp\WhatsApp\Media\WhatsApp Images\IMG-20180621-WA0034.jpg","IMG-20180621-WA0034.jpg","467521","4199968"
"C:\Users\flier\OneDrive\תמונות\Samsung Gallery\Android\media\com.whatsapp\WhatsApp\Media\WhatsApp Images\IMG-20180621-WA0036.jpg","IMG-20180621-WA0036.jpg","26715","4199968"
"C:\Users\flier\OneDrive\תמונות\Samsung Gallery\Android\media\com.whatsapp\WhatsApp\Media\WhatsApp Images\IMG-20180621-WA0037.jpg","IMG-20180621-WA0037.jpg","34839","4199968"
"C:\Users\flier\OneDrive\תמונות\Samsung Gallery\Android\media\com.whatsapp\WhatsApp\Media\WhatsApp Images\IMG-20180621-WA0038.jpg","IMG-20180621-WA0038.jpg","89582","4199968"
"C:\Users\flier\OneDrive\תמונות\Samsung Gallery\Android\media\com.whatsapp\WhatsApp\Media\WhatsApp Images\IMG-20180621-WA0039.jpg","IMG-20180621-WA0039.jpg","131020","4199968"
"C:\Users\flier\OneDrive\תמונות\Samsung Gallery\Android\media\com.whatsapp\WhatsApp\Media\WhatsApp Images\IMG-20180621-WA0040.jpg","IMG-20180621-WA0040.jpg","95333","4199968"
"C:\Users\flier\OneDrive\תמונות\Samsung Gallery\Android\media\com.whatsapp\WhatsApp\Media\WhatsApp Images\IMG-20180621-WA0041.jpg","IMG-20180621-WA0041.jpg","94256","4199968"
"C:\Users\flier\OneDrive\תמונות\Samsung Gallery\Android\media\com.whatsapp\WhatsApp\Media\WhatsApp Images\IMG-20180622-WA0001.jpg","IMG-20180622-WA0001.jpg","199468","4199968"
"C:\Users\flier\OneDrive\תמונות\Samsung Gallery\Android\media\com.whatsapp\WhatsApp\Media\WhatsApp Images\IMG-20180624-WA0001.jpg","IMG-20180624-WA0001.jpg","49890","4199968"
"C:\Users\flier\OneDrive\תמונות\Samsung Gallery\Android\media\com.whatsapp\WhatsApp\Media\WhatsApp Images\IMG-20180624-WA0002.jpg","IMG-20180624-WA0002.jpg","164767","4199968"
"C:\Users\flier\OneDrive\תמונות\Samsung Gallery\Android\media\com.whatsapp\WhatsApp\Media\WhatsApp Images\IMG-20180624-WA0003.jpg","IMG-20180624-WA0003.jpg","215133","4199968"
"C:\Users\flier\OneDrive\תמונות\Samsung Gallery\Android\media\com.whatsapp\WhatsApp\Media\WhatsApp Images\IMG-20180625-WA0001.jpg","IMG-20180625-WA0001.jpg","232123","4199968"
"C:\Users\flier\OneDrive\תמונות\Samsung Gallery\Android\media\com.whatsapp\WhatsApp\Media\WhatsApp Images\IMG-20180625-WA0003.jpg","IMG-20180625-WA0003.jpg","137468","4199968"
"C:\Users\flier\OneDrive\תמונות\Samsung Gallery\Android\media\com.whatsapp\WhatsApp\Media\WhatsApp Images\IMG-20180625-WA0004.jpg","IMG-20180625-WA0004.jpg","185545","4199968"
"C:\Users\flier\OneDrive\תמונות\Samsung Gallery\Android\media\com.whatsapp\WhatsApp\Media\WhatsApp Images\IMG-20180626-WA0000.jpg","IMG-20180626-WA0000.jpg","170522","4199968"
"C:\Users\flier\OneDrive\תמונות\Samsung Gallery\Android\media\com.whatsapp\WhatsApp\Media\WhatsApp Images\IMG-20180626-WA0001.jpg","IMG-20180626-WA0001.jpg","33420","4199968"
"C:\Users\flier\OneDrive\תמונות\Samsung Gallery\Android\media\com.whatsapp\WhatsApp\Media\WhatsApp Images\IMG-20180627-WA0001.jpg","IMG-20180627-WA0001.jpg","31418","4199968"
"C:\Users\flier\OneDrive\תמונות\Samsung Gallery\Android\media\com.whatsapp\WhatsApp\Media\WhatsApp Images\IMG-20180627-WA0012.jpg","IMG-20180627-WA0012.jpg","126208","4199968"
"C:\Users\flier\OneDrive\תמונות\Samsung Gallery\Android\media\com.whatsapp\WhatsApp\Media\WhatsApp Images\IMG-20180627-WA0016.jpg","IMG-20180627-WA0016.jpg","51281","4199968"
"C:\Users\flier\OneDrive\תמונות\Samsung Gallery\Android\media\com.whatsapp\WhatsApp\Media\WhatsApp Images\IMG-20180627-WA0017.jpg","IMG-20180627-WA0017.jpg","110803","4199968"
"C:\Users\flier\OneDrive\תמונות\Samsung Gallery\Android\media\com.whatsapp\WhatsApp\Media\WhatsApp Images\IMG-20180627-WA0019.jpg","IMG-20180627-WA0019.jpg","191384","4199968"
"C:\Users\flier\OneDrive\תמונות\Samsung Gallery\Android\media\com.whatsapp\WhatsApp\Media\WhatsApp Images\IMG-20180628-WA0001.jpg","IMG-20180628-WA0001.jpg","261048","4199968"
"C:\Users\flier\OneDrive\תמונות\Samsung Gallery\Android\media\com.whatsapp\WhatsApp\Media\WhatsApp Images\IMG-20180630-WA0006.jpg","IMG-20180630-WA0006.jpg","70328","4199968"
"C:\Users\flier\OneDrive\תמונות\Samsung Gallery\Android\media\com.whatsapp\WhatsApp\Media\WhatsApp Images\IMG-20180630-WA0007.jpg","IMG-20180630-WA0007.jpg","70328","4199968"
"C:\Users\flier\OneDrive\תמונות\Samsung Gallery\Android\media\com.whatsapp\WhatsApp\Media\WhatsApp Images\IMG-20180701-WA0003.jpg","IMG-20180701-WA0003.jpg","164310","4199968"
"C:\Users\flier\OneDrive\תמונות\Samsung Gallery\Android\media\com.whatsapp\WhatsApp\Media\WhatsApp Images\IMG-20180701-WA0005.jpg","IMG-20180701-WA0005.jpg","174056","4199968"
"C:\Users\flier\OneDrive\תמונות\Samsung Gallery\Android\media\com.whatsapp\WhatsApp\Media\WhatsApp Images\IMG-20180701-WA0009.jpg","IMG-20180701-WA0009.jpg","216447","4199968"
"C:\Users\flier\OneDrive\תמונות\Samsung Gallery\Android\media\com.whatsapp\WhatsApp\Media\WhatsApp Images\IMG-20180701-WA0010.jpg","IMG-20180701-WA0010.jpg","173170","4199968"
"C:\Users\flier\OneDrive\תמונות\Samsung Gallery\Android\media\com.whatsapp\WhatsApp\Media\WhatsApp Images\IMG-20180701-WA0012.jpg","IMG-20180701-WA0012.jpg","192981","4199968"
"C:\Users\flier\OneDrive\תמונות\Samsung Gallery\Android\media\com.whatsapp\WhatsApp\Media\WhatsApp Images\IMG-20180701-WA0013.jpg","IMG-20180701-WA0013.jpg","166649","4199968"
"C:\Users\flier\OneDrive\תמונות\Samsung Gallery\Android\media\com.whatsapp\WhatsApp\Media\WhatsApp Images\IMG-20180701-WA0016.jpg","IMG-20180701-WA0016.jpg","147374","4199968"
"C:\Users\flier\OneDrive\תמונות\Samsung Gallery\Android\media\com.whatsapp\WhatsApp\Media\WhatsApp Images\IMG-20180701-WA0018.jpg","IMG-20180701-WA0018.jpg","194681","4199968"
"C:\Users\flier\OneDrive\תמונות\Samsung Gallery\Android\media\com.whatsapp\WhatsApp\Media\WhatsApp Images\IMG-20180702-WA0001.jpg","IMG-20180702-WA0001.jpg","77314","4199968"
"C:\Users\flier\OneDrive\תמונות\Samsung Gallery\Android\media\com.whatsapp\WhatsApp\Media\WhatsApp Images\IMG-20180702-WA0003.jpg","IMG-20180702-WA0003.jpg","179223","4199968"
"C:\Users\flier\OneDrive\תמונות\Samsung Gallery\Android\media\com.whatsapp\WhatsApp\Media\WhatsApp Images\IMG-20180702-WA0004.jpg","IMG-20180702-WA0004.jpg","47306","4199968"
"C:\Users\flier\OneDrive\תמונות\Samsung Gallery\Android\media\com.whatsapp\WhatsApp\Media\WhatsApp Images\IMG-20180702-WA0006.jpg","IMG-20180702-WA0006.jpg","153302","4199968"
"C:\Users\flier\OneDrive\תמונות\Samsung Gallery\Android\media\com.whatsapp\WhatsApp\Media\WhatsApp Images\IMG-20180702-WA0008.jpg","IMG-20180702-WA0008.jpg","160845","4199968"
"C:\Users\flier\OneDrive\תמונות\Samsung Gallery\Android\media\com.whatsapp\WhatsApp\Media\WhatsApp Images\IMG-20180703-WA0000.jpg","IMG-20180703-WA0000.jpg","151887","4199968"
"C:\Users\flier\OneDrive\תמונות\Samsung Gallery\Android\media\com.whatsapp\WhatsApp\Media\WhatsApp Images\IMG-20180703-WA0005.jpg","IMG-20180703-WA0005.jpg","156662","4199968"
"C:\Users\flier\OneDrive\תמונות\Samsung Gallery\Android\media\com.whatsapp\WhatsApp\Media\WhatsApp Images\IMG-20180703-WA0006.jpg","IMG-20180703-WA0006.jpg","157841","4199968"
"C:\Users\flier\OneDrive\תמונות\Samsung Gallery\Android\media\com.whatsapp\WhatsApp\Media\WhatsApp Images\IMG-20180704-WA0001.jpg","IMG-20180704-WA0001.jpg","110912","4199968"
"C:\Users\flier\OneDrive\תמונות\Samsung Gallery\Android\media\com.whatsapp\WhatsApp\Media\WhatsApp Images\IMG-20180704-WA0009.jpg","IMG-20180704-WA0009.jpg","151214","4199968"
"C:\Users\flier\OneDrive\תמונות\Samsung Gallery\Android\media\com.whatsapp\WhatsApp\Media\WhatsApp Images\IMG-20180705-WA0000.jpg","IMG-20180705-WA0000.jpg","121563","4199968"
"C:\Users\flier\OneDrive\תמונות\Samsung Gallery\Android\media\com.whatsapp\WhatsApp\Media\WhatsApp Images\IMG-20180705-WA0003.jpg","IMG-20180705-WA0003.jpg","167741","4199968"
"C:\Users\flier\OneDrive\תמונות\Samsung Gallery\Android\media\com.whatsapp\WhatsApp\Media\WhatsApp Images\IMG-20180705-WA0005.jpg","IMG-20180705-WA0005.jpg","161522","4199968"
"C:\Users\flier\OneDrive\תמונות\Samsung Gallery\Android\media\com.whatsapp\WhatsApp\Media\WhatsApp Images\IMG-20180707-WA0000.jpg","IMG-20180707-WA0000.jpg","94215","4199968"
"C:\Users\flier\OneDrive\תמונות\Samsung Gallery\Android\media\com.whatsapp\WhatsApp\Media\WhatsApp Images\IMG-20180707-WA0001.jpg","IMG-20180707-WA0001.jpg","242760","4199968"
"C:\Users\flier\OneDrive\תמונות\Samsung Gallery\Android\media\com.whatsapp\WhatsApp\Media\WhatsApp Images\IMG-20180707-WA0004.jpg","IMG-20180707-WA0004.jpg","355373","4199968"
"C:\Users\flier\OneDrive\תמונות\Samsung Gallery\Android\media\com.whatsapp\WhatsApp\Media\WhatsApp Images\IMG-20180707-WA0005.jpg","IMG-20180707-WA0005.jpg","305389","4199968"
"C:\Users\flier\OneDrive\תמונות\Samsung Gallery\Android\media\com.whatsapp\WhatsApp\Media\WhatsApp Images\IMG-20180707-WA0006.jpg","IMG-20180707-WA0006.jpg","323393","4199968"
"C:\Users\flier\OneDrive\תמונות\Samsung Gallery\Android\media\com.whatsapp\WhatsApp\Media\WhatsApp Images\IMG-20180707-WA0007.jpg","IMG-20180707-WA0007.jpg","251923","4199968"
"C:\Users\flier\OneDrive\תמונות\Samsung Gallery\Android\media\com.whatsapp\WhatsApp\Media\WhatsApp Images\IMG-20180707-WA0008.jpg","IMG-20180707-WA0008.jpg","154806","4199968"
"C:\Users\flier\OneDrive\תמונות\Samsung Gallery\Android\media\com.whatsapp\WhatsApp\Media\WhatsApp Images\IMG-20180707-WA0009.jpg","IMG-20180707-WA0009.jpg","121534","4199968"
"C:\Users\flier\OneDrive\תמונות\Samsung Gallery\Android\media\com.whatsapp\WhatsApp\Media\WhatsApp Images\IMG-20180707-WA0010.jpg","IMG-20180707-WA0010.jpg","262660","4199968"
"C:\Users\flier\OneDrive\תמונות\Samsung Gallery\Android\media\com.whatsapp\WhatsApp\Media\WhatsApp Images\IMG-20180707-WA0011.jpg","IMG-20180707-WA0011.jpg","394691","4199968"
"C:\Users\flier\OneDrive\תמונות\Samsung Gallery\Android\media\com.whatsapp\WhatsApp\Media\WhatsApp Images\IMG-20180707-WA0012.jpg","IMG-20180707-WA0012.jpg","172152","4199968"
"C:\Users\flier\OneDrive\תמונות\Samsung Gallery\Android\media\com.whatsapp\WhatsApp\Media\WhatsApp Images\IMG-20180707-WA0013.jpg","IMG-20180707-WA0013.jpg","252103","4199968"
"C:\Users\flier\OneDrive\תמונות\Samsung Gallery\Android\media\com.whatsapp\WhatsApp\Media\WhatsApp Images\IMG-20180707-WA0014.jpg","IMG-20180707-WA0014.jpg","152115","4199968"
"C:\Users\flier\OneDrive\תמונות\Samsung Gallery\Android\media\com.whatsapp\WhatsApp\Media\WhatsApp Images\IMG-20180707-WA0015.jpg","IMG-20180707-WA0015.jpg","399903","4199968"
"C:\Users\flier\OneDrive\תמונות\Samsung Gallery\Android\media\com.whatsapp\WhatsApp\Media\WhatsApp Images\IMG-20180707-WA0016.jpg","IMG-20180707-WA0016.jpg","324083","4199968"
"C:\Users\flier\OneDrive\תמונות\Samsung Gallery\Android\media\com.whatsapp\WhatsApp\Media\WhatsApp Images\IMG-20180708-WA0000.jpg","IMG-20180708-WA0000.jpg","210579","4199968"
"C:\Users\flier\OneDrive\תמונות\Samsung Gallery\Android\media\com.whatsapp\WhatsApp\Media\WhatsApp Images\IMG-20180708-WA0001.jpg","IMG-20180708-WA0001.jpg","148335","4199968"
"C:\Users\flier\OneDrive\תמונות\Samsung Gallery\Android\media\com.whatsapp\WhatsApp\Media\WhatsApp Images\IMG-20180708-WA0003.jpg","IMG-20180708-WA0003.jpg","212351","4199968"
"C:\Users\flier\OneDrive\תמונות\Samsung Gallery\Android\media\com.whatsapp\WhatsApp\Media\WhatsApp Images\IMG-20180708-WA0006.jpg","IMG-20180708-WA0006.jpg","169285","4199968"
"C:\Users\flier\OneDrive\תמונות\Samsung Gallery\Android\media\com.whatsapp\WhatsApp\Media\WhatsApp Images\IMG-20180708-WA0011.jpg","IMG-20180708-WA0011.jpg","158609","4199968"
"C:\Users\flier\OneDrive\תמונות\Samsung Gallery\Android\media\com.whatsapp\WhatsApp\Media\WhatsApp Images\IMG-20180709-WA0000.jpg","IMG-20180709-WA0000.jpg","173186","4199968"
"C:\Users\flier\OneDrive\תמונות\Samsung Gallery\Android\media\com.whatsapp\WhatsApp\Media\WhatsApp Images\IMG-20180709-WA0003.jpg","IMG-20180709-WA0003.jpg","161791","4199968"
"C:\Users\flier\OneDrive\תמונות\Samsung Gallery\Android\media\com.whatsapp\WhatsApp\Media\WhatsApp Images\IMG-20180709-WA0006.jpg","IMG-20180709-WA0006.jpg","180034","4199968"
"C:\Users\flier\OneDrive\תמונות\Samsung Gallery\Android\media\com.whatsapp\WhatsApp\Media\WhatsApp Images\IMG-20180709-WA0009.jpg","IMG-20180709-WA0009.jpg","180136","4199968"
"C:\Users\flier\OneDrive\תמונות\Samsung Gallery\Android\media\com.whatsapp\WhatsApp\Media\WhatsApp Images\IMG-20180710-WA0000.jpg","IMG-20180710-WA0000.jpg","151610","4199968"
"C:\Users\flier\OneDrive\תמונות\Samsung Gallery\Android\media\com.whatsapp\WhatsApp\Media\WhatsApp Images\IMG-20180710-WA0002.jpg","IMG-20180710-WA0002.jpg","86293","4199968"
"C:\Users\flier\OneDrive\תמונות\Samsung Gallery\Android\media\com.whatsapp\WhatsApp\Media\WhatsApp Images\IMG-20180711-WA0000.jpg","IMG-20180711-WA0000.jpg","130161","4199968"
"C:\Users\flier\OneDrive\תמונות\Samsung Gallery\Android\media\com.whatsapp\WhatsApp\Media\WhatsApp Images\IMG-20180711-WA0001.jpg","IMG-20180711-WA0001.jpg","130936","4199968"
"C:\Users\flier\OneDrive\תמונות\Samsung Gallery\Android\media\com.whatsapp\WhatsApp\Media\WhatsApp Images\IMG-20180711-WA0003.jpg","IMG-20180711-WA0003.jpg","114352","4199968"
"C:\Users\flier\OneDrive\תמונות\Samsung Gallery\Android\media\com.whatsapp\WhatsApp\Media\WhatsApp Images\IMG-20180711-WA0004.jpg","IMG-20180711-WA0004.jpg","111734","4199968"
"C:\Users\flier\OneDrive\תמונות\Samsung Gallery\Android\media\com.whatsapp\WhatsApp\Media\WhatsApp Images\IMG-20180711-WA0005.jpg","IMG-20180711-WA0005.jpg","163665","4199968"
"C:\Users\flier\OneDrive\תמונות\Samsung Gallery\Android\media\com.whatsapp\WhatsApp\Media\WhatsApp Images\IMG-20180711-WA0006.jpg","IMG-20180711-WA0006.jpg","162966","4199968"
"C:\Users\flier\OneDrive\תמונות\Samsung Gallery\Android\media\com.whatsapp\WhatsApp\Media\WhatsApp Images\IMG-20180711-WA0007.jpg","IMG-20180711-WA0007.jpg","178818","4199968"
"C:\Users\flier\OneDrive\תמונות\Samsung Gallery\Android\media\com.whatsapp\WhatsApp\Media\WhatsApp Images\IMG-20180711-WA0008.jpg","IMG-20180711-WA0008.jpg","200388","4199968"
"C:\Users\flier\OneDrive\תמונות\Samsung Gallery\Android\media\com.whatsapp\WhatsApp\Media\WhatsApp Images\IMG-20180712-WA0000.jpg","IMG-20180712-WA0000.jpg","198003","4199968"
"C:\Users\flier\OneDrive\תמונות\Samsung Gallery\Android\media\com.whatsapp\WhatsApp\Media\WhatsApp Images\IMG-20180712-WA0003.jpg","IMG-20180712-WA0003.jpg","123282","4199968"
"C:\Users\flier\OneDrive\תמונות\Samsung Gallery\Android\media\com.whatsapp\WhatsApp\Media\WhatsApp Images\IMG-20180712-WA0005.jpg","IMG-20180712-WA0005.jpg","194618","4199968"
"C:\Users\flier\OneDrive\תמונות\Samsung Gallery\Android\media\com.whatsapp\WhatsApp\Media\WhatsApp Images\IMG-20180712-WA0007.jpg","IMG-20180712-WA0007.jpg","200235","4199968"
"C:\Users\flier\OneDrive\תמונות\Samsung Gallery\Android\media\com.whatsapp\WhatsApp\Media\WhatsApp Images\IMG-20180712-WA0010.jpg","IMG-20180712-WA0010.jpg","44586","4199968"
"C:\Users\flier\OneDrive\תמונות\Samsung Gallery\Android\media\com.whatsapp\WhatsApp\Media\WhatsApp Images\IMG-20180715-WA0000.jpg","IMG-20180715-WA0000.jpg","209827","4199968"
"C:\Users\flier\OneDrive\תמונות\Samsung Gallery\Android\media\com.whatsapp\WhatsApp\Media\WhatsApp Images\IMG-20180715-WA0003.jpg","IMG-20180715-WA0003.jpg","100195","4199968"
"C:\Users\flier\OneDrive\תמונות\Samsung Gallery\Android\media\com.whatsapp\WhatsApp\Media\WhatsApp Images\IMG-20180715-WA0004.jpg","IMG-20180715-WA0004.jpg","109558","4199968"
"C:\Users\flier\OneDrive\תמונות\Samsung Gallery\Android\media\com.whatsapp\WhatsApp\Media\WhatsApp Images\IMG-20180715-WA0007.jpg","IMG-20180715-WA0007.jpg","212119","4199968"
"C:\Users\flier\OneDrive\תמונות\Samsung Gallery\Android\media\com.whatsapp\WhatsApp\Media\WhatsApp Images\IMG-20180716-WA0001.jpg","IMG-20180716-WA0001.jpg","221432","4199968"
"C:\Users\flier\OneDrive\תמונות\Samsung Gallery\Android\media\com.whatsapp\WhatsApp\Media\WhatsApp Images\IMG-20180716-WA0003.jpg","IMG-20180716-WA0003.jpg","187993","4199968"
"C:\Users\flier\OneDrive\תמונות\Samsung Gallery\Android\media\com.whatsapp\WhatsApp\Media\WhatsApp Images\IMG-20180716-WA0004.jpg","IMG-20180716-WA0004.jpg","236802","4199968"
"C:\Users\flier\OneDrive\תמונות\Samsung Gallery\Android\media\com.whatsapp\WhatsApp\Media\WhatsApp Images\IMG-20180716-WA0007.jpg","IMG-20180716-WA0007.jpg","296553","4199968"
"C:\Users\flier\OneDrive\תמונות\Samsung Gallery\Android\media\com.whatsapp\WhatsApp\Media\WhatsApp Images\IMG-20180717-WA0000.jpg","IMG-20180717-WA0000.jpg","348432","4199968"
"C:\Users\flier\OneDrive\תמונות\Samsung Gallery\Android\media\com.whatsapp\WhatsApp\Media\WhatsApp Images\IMG-20180717-WA0001.jpg","IMG-20180717-WA0001.jpg","321833","4199968"
"C:\Users\flier\OneDrive\תמונות\Samsung Gallery\Android\media\com.whatsapp\WhatsApp\Media\WhatsApp Images\IMG-20180717-WA0002.jpg","IMG-20180717-WA0002.jpg","98469","4199968"
"C:\Users\flier\OneDrive\תמונות\Samsung Gallery\Android\media\com.whatsapp\WhatsApp\Media\WhatsApp Images\IMG-20180719-WA0000.jpg","IMG-20180719-WA0000.jpg","384011","4199968"
"C:\Users\flier\OneDrive\תמונות\Samsung Gallery\Android\media\com.whatsapp\WhatsApp\Media\WhatsApp Images\IMG-20180719-WA0002.jpg","IMG-20180719-WA0002.jpg","117219","4199968"
"C:\Users\flier\OneDrive\תמונות\Samsung Gallery\Android\media\com.whatsapp\WhatsApp\Media\WhatsApp Images\IMG-20180720-WA0000.jpg","IMG-20180720-WA0000.jpg","200187","4199968"
"C:\Users\flier\OneDrive\תמונות\Samsung Gallery\Android\media\com.whatsapp\WhatsApp\Media\WhatsApp Images\IMG-20180720-WA0001.jpg","IMG-20180720-WA0001.jpg","184725","4199968"
"C:\Users\flier\OneDrive\תמונות\Samsung Gallery\Android\media\com.whatsapp\WhatsApp\Media\WhatsApp Images\IMG-20180720-WA0002.jpg","IMG-20180720-WA0002.jpg","63384","4199968"
"C:\Users\flier\OneDrive\תמונות\Samsung Gallery\Android\media\com.whatsapp\WhatsApp\Media\WhatsApp Images\IMG-20180720-WA0004.jpg","IMG-20180720-WA0004.jpg","176699","4199968"
"C:\Users\flier\OneDrive\תמונות\Samsung Gallery\Android\media\com.whatsapp\WhatsApp\Media\WhatsApp Images\IMG-20180720-WA0005.jpg","IMG-20180720-WA0005.jpg","145634","4199968"
"C:\Users\flier\OneDrive\תמונות\Samsung Gallery\Android\media\com.whatsapp\WhatsApp\Media\WhatsApp Images\IMG-20180720-WA0006.jpg","IMG-20180720-WA0006.jpg","163740","4199968"
"C:\Users\flier\OneDrive\תמונות\Samsung Gallery\Android\media\com.whatsapp\WhatsApp\Media\WhatsApp Images\IMG-20180720-WA0007.jpg","IMG-20180720-WA0007.jpg","182275","4199968"
"C:\Users\flier\OneDrive\תמונות\Samsung Gallery\Android\media\com.whatsapp\WhatsApp\Media\WhatsApp Images\IMG-20180720-WA0008.jpg","IMG-20180720-WA0008.jpg","41066","4199968"
"C:\Users\flier\OneDrive\תמונות\Samsung Gallery\Android\media\com.whatsapp\WhatsApp\Media\WhatsApp Images\IMG-20180721-WA0002.jpg","IMG-20180721-WA0002.jpg","87417","4199968"
"C:\Users\flier\OneDrive\תמונות\Samsung Gallery\Android\media\com.whatsapp\WhatsApp\Media\WhatsApp Images\IMG-20180722-WA0000.jpg","IMG-20180722-WA0000.jpg","371049","4199968"
"C:\Users\flier\OneDrive\תמונות\Samsung Gallery\Android\media\com.whatsapp\WhatsApp\Media\WhatsApp Images\IMG-20180722-WA0003.jpg","IMG-20180722-WA0003.jpg","71292","4199968"
"C:\Users\flier\OneDrive\תמונות\Samsung Gallery\Android\media\com.whatsapp\WhatsApp\Media\WhatsApp Images\IMG-20180722-WA0004.jpg","IMG-20180722-WA0004.jpg","135364","4199968"
"C:\Users\flier\OneDrive\תמונות\Samsung Gallery\Android\media\com.whatsapp\WhatsApp\Media\WhatsApp Images\IMG-20180722-WA0007.jpg","IMG-20180722-WA0007.jpg","169553","4199968"
"C:\Users\flier\OneDrive\תמונות\Samsung Gallery\Android\media\com.whatsapp\WhatsApp\Media\WhatsApp Images\IMG-20180722-WA0009.jpg","IMG-20180722-WA0009.jpg","99317","4199968"
"C:\Users\flier\OneDrive\תמונות\Samsung Gallery\Android\media\com.whatsapp\WhatsApp\Media\WhatsApp Images\IMG-20180722-WA0010.jpg","IMG-20180722-WA0010.jpg","173069","4199968"
"C:\Users\flier\OneDrive\תמונות\Samsung Gallery\Android\media\com.whatsapp\WhatsApp\Media\WhatsApp Images\IMG-20180722-WA0011.jpg","IMG-20180722-WA0011.jpg","78225","4199968"
"C:\Users\flier\OneDrive\תמונות\Samsung Gallery\Android\media\com.whatsapp\WhatsApp\Media\WhatsApp Images\IMG-20180722-WA0012.jpg","IMG-20180722-WA0012.jpg","157013","4199968"
"C:\Users\flier\OneDrive\תמונות\Samsung Gallery\Android\media\com.whatsapp\WhatsApp\Media\WhatsApp Images\IMG-20180722-WA0013.jpg","IMG-20180722-WA0013.jpg","181906","4199968"
"C:\Users\flier\OneDrive\תמונות\Samsung Gallery\Android\media\com.whatsapp\WhatsApp\Media\WhatsApp Images\IMG-20180723-WA0000.jpg","IMG-20180723-WA0000.jpg","150903","4199968"
"C:\Users\flier\OneDrive\תמונות\Samsung Gallery\Android\media\com.whatsapp\WhatsApp\Media\WhatsApp Images\IMG-20180723-WA0001.jpg","IMG-20180723-WA0001.jpg","77843","4199968"
"C:\Users\flier\OneDrive\תמונות\Samsung Gallery\Android\media\com.whatsapp\WhatsApp\Media\WhatsApp Images\IMG-20180723-WA0002.jpg","IMG-20180723-WA0002.jpg","155448","4199968"
"C:\Users\flier\OneDrive\תמונות\Samsung Gallery\Android\media\com.whatsapp\WhatsApp\Media\WhatsApp Images\IMG-20180723-WA0003.jpg","IMG-20180723-WA0003.jpg","184489","4199968"
"C:\Users\flier\OneDrive\תמונות\Samsung Gallery\Android\media\com.whatsapp\WhatsApp\Media\WhatsApp Images\IMG-20180723-WA0004.jpg","IMG-20180723-WA0004.jpg","149151","4199968"
"C:\Users\flier\OneDrive\תמונות\Samsung Gallery\Android\media\com.whatsapp\WhatsApp\Media\WhatsApp Images\IMG-20180724-WA0000.jpg","IMG-20180724-WA0000.jpg","128451","4199968"
"C:\Users\flier\OneDrive\תמונות\Samsung Gallery\Android\media\com.whatsapp\WhatsApp\Media\WhatsApp Images\IMG-20180724-WA0001.jpg","IMG-20180724-WA0001.jpg","110980","4199968"
"C:\Users\flier\OneDrive\תמונות\Samsung Gallery\Android\media\com.whatsapp\WhatsApp\Media\WhatsApp Images\IMG-20180724-WA0003.jpg","IMG-20180724-WA0003.jpg","150274","4199968"
"C:\Users\flier\OneDrive\תמונות\Samsung Gallery\Android\media\com.whatsapp\WhatsApp\Media\WhatsApp Images\IMG-20180724-WA0004.jpg","IMG-20180724-WA0004.jpg","138222","4199968"
"C:\Users\flier\OneDrive\תמונות\Samsung Gallery\Android\media\com.whatsapp\WhatsApp\Media\WhatsApp Images\IMG-20180725-WA0003.jpg","IMG-20180725-WA0003.jpg","151374","4199968"
"C:\Users\flier\OneDrive\תמונות\Samsung Gallery\Android\media\com.whatsapp\WhatsApp\Media\WhatsApp Images\IMG-20180725-WA0004.jpg","IMG-20180725-WA0004.jpg","108345","4199968"
"C:\Users\flier\OneDrive\תמונות\Samsung Gallery\Android\media\com.whatsapp\WhatsApp\Media\WhatsApp Images\IMG-20180725-WA0005.jpg","IMG-20180725-WA0005.jpg","145972","4199968"
"C:\Users\flier\OneDrive\תמונות\Samsung Gallery\Android\media\com.whatsapp\WhatsApp\Media\WhatsApp Images\IMG-20180725-WA0006.jpg","IMG-20180725-WA0006.jpg","168798","4199968"
"C:\Users\flier\OneDrive\תמונות\Samsung Gallery\Android\media\com.whatsapp\WhatsApp\Media\WhatsApp Images\IMG-20180725-WA0007.jpg","IMG-20180725-WA0007.jpg","145241","4199968"
"C:\Users\flier\OneDrive\תמונות\Samsung Gallery\Android\media\com.whatsapp\WhatsApp\Media\WhatsApp Images\IMG-20180725-WA0008.jpg","IMG-20180725-WA0008.jpg","152155","4199968"
"C:\Users\flier\OneDrive\תמונות\Samsung Gallery\Android\media\com.whatsapp\WhatsApp\Media\WhatsApp Images\IMG-20180725-WA0009.jpg","IMG-20180725-WA0009.jpg","153318","4199968"
"C:\Users\flier\OneDrive\תמונות\Samsung Gallery\Android\media\com.whatsapp\WhatsApp\Media\WhatsApp Images\IMG-20180725-WA0010.jpg","IMG-20180725-WA0010.jpg","182130","4199968"
"C:\Users\flier\OneDrive\תמונות\Samsung Gallery\Android\media\com.whatsapp\WhatsApp\Media\WhatsApp Images\IMG-20180726-WA0001.jpg","IMG-20180726-WA0001.jpg","350722","4199968"
"C:\Users\flier\OneDrive\תמונות\Samsung Gallery\Android\media\com.whatsapp\WhatsApp\Media\WhatsApp Images\IMG-20180726-WA0005.jpg","IMG-20180726-WA0005.jpg","170483","4199968"
"C:\Users\flier\OneDrive\תמונות\Samsung Gallery\Android\media\com.whatsapp\WhatsApp\Media\WhatsApp Images\IMG-20180726-WA0007.jpg","IMG-20180726-WA0007.jpg","151994","4199968"
"C:\Users\flier\OneDrive\תמונות\Samsung Gallery\Android\media\com.whatsapp\WhatsApp\Media\WhatsApp Images\IMG-20180726-WA0008.jpg","IMG-20180726-WA0008.jpg","161174","4199968"
"C:\Users\flier\OneDrive\תמונות\Samsung Gallery\Android\media\com.whatsapp\WhatsApp\Media\WhatsApp Images\IMG-20180727-WA0000.jpg","IMG-20180727-WA0000.jpg","416143","4199968"
"C:\Users\flier\OneDrive\תמונות\Samsung Gallery\Android\media\com.whatsapp\WhatsApp\Media\WhatsApp Images\IMG-20180728-WA0002.jpg","IMG-20180728-WA0002.jpg","83198","4199968"
"C:\Users\flier\OneDrive\תמונות\Samsung Gallery\Android\media\com.whatsapp\WhatsApp\Media\WhatsApp Images\IMG-20180728-WA0003.jpg","IMG-20180728-WA0003.jpg","136437","4199968"
"C:\Users\flier\OneDrive\תמונות\Samsung Gallery\Android\media\com.whatsapp\WhatsApp\Media\WhatsApp Images\IMG-20180729-WA0000.jpg","IMG-20180729-WA0000.jpg","162058","4199968"
"C:\Users\flier\OneDrive\תמונות\Samsung Gallery\Android\media\com.whatsapp\WhatsApp\Media\WhatsApp Images\IMG-20180729-WA0003.jpeg","IMG-20180729-WA0003.jpeg","1075431","4199968"
"C:\Users\flier\OneDrive\תמונות\Samsung Gallery\Android\media\com.whatsapp\WhatsApp\Media\WhatsApp Images\IMG-20180729-WA0005.jpg","IMG-20180729-WA0005.jpg","72269","4199968"
"C:\Users\flier\OneDrive\תמונות\Samsung Gallery\Android\media\com.whatsapp\WhatsApp\Media\WhatsApp Images\IMG-20180729-WA0006.jpg","IMG-20180729-WA0006.jpg","113074","4199968"
"C:\Users\flier\OneDrive\תמונות\Samsung Gallery\Android\media\com.whatsapp\WhatsApp\Media\WhatsApp Images\IMG-20180729-WA0007.jpg","IMG-20180729-WA0007.jpg","187764","4199968"
"C:\Users\flier\OneDrive\תמונות\Samsung Gallery\Android\media\com.whatsapp\WhatsApp\Media\WhatsApp Images\IMG-20180729-WA0009.jpeg","IMG-20180729-WA0009.jpeg","1068456","4199968"
"C:\Users\flier\OneDrive\תמונות\Samsung Gallery\Android\media\com.whatsapp\WhatsApp\Media\WhatsApp Images\IMG-20180729-WA0011.jpg","IMG-20180729-WA0011.jpg","71582","4199968"
"C:\Users\flier\OneDrive\תמונות\Samsung Gallery\Android\media\com.whatsapp\WhatsApp\Media\WhatsApp Images\IMG-20180729-WA0012.jpg","IMG-20180729-WA0012.jpg","152107","4199968"
"C:\Users\flier\OneDrive\תמונות\Samsung Gallery\Android\media\com.whatsapp\WhatsApp\Media\WhatsApp Images\IMG-20180729-WA0013.jpg","IMG-20180729-WA0013.jpg","101366","4199968"
"C:\Users\flier\OneDrive\תמונות\Samsung Gallery\Android\media\com.whatsapp\WhatsApp\Media\WhatsApp Images\IMG-20180730-WA0000.jpg","IMG-20180730-WA0000.jpg","154534","4199968"
"C:\Users\flier\OneDrive\תמונות\Samsung Gallery\Android\media\com.whatsapp\WhatsApp\Media\WhatsApp Images\IMG-20180730-WA0003.jpg","IMG-20180730-WA0003.jpg","44593","4199968"
"C:\Users\flier\OneDrive\תמונות\Samsung Gallery\Android\media\com.whatsapp\WhatsApp\Media\WhatsApp Images\IMG-20180730-WA0004.jpg","IMG-20180730-WA0004.jpg","135836","4199968"
"C:\Users\flier\OneDrive\תמונות\Samsung Gallery\Android\media\com.whatsapp\WhatsApp\Media\WhatsApp Images\IMG-20180730-WA0005.jpg","IMG-20180730-WA0005.jpg","207087","4199968"
"C:\Users\flier\OneDrive\תמונות\Samsung Gallery\Android\media\com.whatsapp\WhatsApp\Media\WhatsApp Images\IMG-20180730-WA0007.jpg","IMG-20180730-WA0007.jpg","137396","4199968"
"C:\Users\flier\OneDrive\תמונות\Samsung Gallery\Android\media\com.whatsapp\WhatsApp\Media\WhatsApp Images\IMG-20180730-WA0008.jpg","IMG-20180730-WA0008.jpg","331529","4199968"
"C:\Users\flier\OneDrive\תמונות\Samsung Gallery\Android\media\com.whatsapp\WhatsApp\Media\WhatsApp Images\IMG-20180730-WA0010.jpg","IMG-20180730-WA0010.jpg","373516","4199968"
"C:\Users\flier\OneDrive\תמונות\Samsung Gallery\Android\media\com.whatsapp\WhatsApp\Media\WhatsApp Images\IMG-20180730-WA0013.jpg","IMG-20180730-WA0013.jpg","379609","4199968"
"C:\Users\flier\OneDrive\תמונות\Samsung Gallery\Android\media\com.whatsapp\WhatsApp\Media\WhatsApp Images\IMG-20180730-WA0014.jpg","IMG-20180730-WA0014.jpg","207897","4199968"
"C:\Users\flier\OneDrive\תמונות\Samsung Gallery\Android\media\com.whatsapp\WhatsApp\Media\WhatsApp Images\IMG-20180730-WA0016.jpg","IMG-20180730-WA0016.jpg","374698","4199968"
"C:\Users\flier\OneDrive\תמונות\Samsung Gallery\Android\media\com.whatsapp\WhatsApp\Media\WhatsApp Images\IMG-20180730-WA0020.jpg","IMG-20180730-WA0020.jpg","358502","4199968"
"C:\Users\flier\OneDrive\תמונות\Samsung Gallery\Android\media\com.whatsapp\WhatsApp\Media\WhatsApp Images\IMG-20180731-WA0000.jpg","IMG-20180731-WA0000.jpg","133335","4199968"
"C:\Users\flier\OneDrive\תמונות\Samsung Gallery\Android\media\com.whatsapp\WhatsApp\Media\WhatsApp Images\IMG-20180731-WA0002.jpg","IMG-20180731-WA0002.jpg","357518","4199968"
"C:\Users\flier\OneDrive\תמונות\Samsung Gallery\Android\media\com.whatsapp\WhatsApp\Media\WhatsApp Images\IMG-20180731-WA0005.jpg","IMG-20180731-WA0005.jpg","362744","4199968"
"C:\Users\flier\OneDrive\תמונות\Samsung Gallery\Android\media\com.whatsapp\WhatsApp\Media\WhatsApp Images\IMG-20180731-WA0007.jpg","IMG-20180731-WA0007.jpg","369886","4199968"
"C:\Users\flier\OneDrive\תמונות\Samsung Gallery\Android\media\com.whatsapp\WhatsApp\Media\WhatsApp Images\IMG-20180801-WA0001.jpg","IMG-20180801-WA0001.jpg","219745","4199968"
"C:\Users\flier\OneDrive\תמונות\Samsung Gallery\Android\media\com.whatsapp\WhatsApp\Media\WhatsApp Images\IMG-20180801-WA0002.jpg","IMG-20180801-WA0002.jpg","309805","4199968"
"C:\Users\flier\OneDrive\תמונות\Samsung Gallery\Android\media\com.whatsapp\WhatsApp\Media\WhatsApp Images\IMG-20180801-WA0004.jpg","IMG-20180801-WA0004.jpg","70219","4199968"
"C:\Users\flier\OneDrive\תמונות\Samsung Gallery\Android\media\com.whatsapp\WhatsApp\Media\WhatsApp Images\IMG-20180801-WA0005.jpg","IMG-20180801-WA0005.jpg","73282","4199968"
"C:\Users\flier\OneDrive\תמונות\Samsung Gallery\Android\media\com.whatsapp\WhatsApp\Media\WhatsApp Images\IMG-20180802-WA0000.jpg","IMG-20180802-WA0000.jpg","154945","4199968"
"C:\Users\flier\OneDrive\תמונות\Samsung Gallery\Android\media\com.whatsapp\WhatsApp\Media\WhatsApp Images\IMG-20180803-WA0001.jpg","IMG-20180803-WA0001.jpg","116601","4199968"
"C:\Users\flier\OneDrive\תמונות\Samsung Gallery\Android\media\com.whatsapp\WhatsApp\Media\WhatsApp Images\IMG-20180803-WA0003.jpg","IMG-20180803-WA0003.jpg","136470","4199968"
"C:\Users\flier\OneDrive\תמונות\Samsung Gallery\Android\media\com.whatsapp\WhatsApp\Media\WhatsApp Images\IMG-20180805-WA0001.jpg","IMG-20180805-WA0001.jpg","58282","4199968"
"C:\Users\flier\OneDrive\תמונות\Samsung Gallery\Android\media\com.whatsapp\WhatsApp\Media\WhatsApp Images\IMG-20180805-WA0002.jpg","IMG-20180805-WA0002.jpg","87556","4199968"
"C:\Users\flier\OneDrive\תמונות\Samsung Gallery\Android\media\com.whatsapp\WhatsApp\Media\WhatsApp Images\IMG-20180805-WA0003.jpg","IMG-20180805-WA0003.jpg","82786","4199968"
"C:\Users\flier\OneDrive\תמונות\Samsung Gallery\Android\media\com.whatsapp\WhatsApp\Media\WhatsApp Images\IMG-20180805-WA0004.jpg","IMG-20180805-WA0004.jpg","122550","4199968"
"C:\Users\flier\OneDrive\תמונות\Samsung Gallery\Android\media\com.whatsapp\WhatsApp\Media\WhatsApp Images\IMG-20180805-WA0007.jpg","IMG-20180805-WA0007.jpg","40080","4199968"
"C:\Users\flier\OneDrive\תמונות\Samsung Gallery\Android\media\com.whatsapp\WhatsApp\Media\WhatsApp Images\IMG-20180806-WA0001.jpg","IMG-20180806-WA0001.jpg","226920","4199968"
"C:\Users\flier\OneDrive\תמונות\Samsung Gallery\Android\media\com.whatsapp\WhatsApp\Media\WhatsApp Images\IMG-20180808-WA0004.jpg","IMG-20180808-WA0004.jpg","52943","4199968"
"C:\Users\flier\OneDrive\תמונות\Samsung Gallery\Android\media\com.whatsapp\WhatsApp\Media\WhatsApp Images\IMG-20180809-WA0000.jpg","IMG-20180809-WA0000.jpg","93524","4199968"
"C:\Users\flier\OneDrive\תמונות\Samsung Gallery\Android\media\com.whatsapp\WhatsApp\Media\WhatsApp Images\IMG-20180809-WA0001.jpg","IMG-20180809-WA0001.jpg","105650","4199968"
"C:\Users\flier\OneDrive\תמונות\Samsung Gallery\Android\media\com.whatsapp\WhatsApp\Media\WhatsApp Images\IMG-20180810-WA0000.jpg","IMG-20180810-WA0000.jpg","168285","4199968"
"C:\Users\flier\OneDrive\תמונות\Samsung Gallery\Android\media\com.whatsapp\WhatsApp\Media\WhatsApp Images\IMG-20180810-WA0001.jpg","IMG-20180810-WA0001.jpg","111620","4199968"
"C:\Users\flier\OneDrive\תמונות\Samsung Gallery\Android\media\com.whatsapp\WhatsApp\Media\WhatsApp Images\IMG-20180810-WA0003.jpg","IMG-20180810-WA0003.jpg","503342","4199968"
"C:\Users\flier\OneDrive\תמונות\Samsung Gallery\Android\media\com.whatsapp\WhatsApp\Media\WhatsApp Images\IMG-20180810-WA0004.jpg","IMG-20180810-WA0004.jpg","150469","4199968"
"C:\Users\flier\OneDrive\תמונות\Samsung Gallery\Android\media\com.whatsapp\WhatsApp\Media\WhatsApp Images\IMG-20180810-WA0005.jpg","IMG-20180810-WA0005.jpg","255392","4199968"
"C:\Users\flier\OneDrive\תמונות\Samsung Gallery\Android\media\com.whatsapp\WhatsApp\Media\WhatsApp Images\IMG-20180812-WA0000.jpg","IMG-20180812-WA0000.jpg","259282","4199968"
"C:\Users\flier\OneDrive\תמונות\Samsung Gallery\Android\media\com.whatsapp\WhatsApp\Media\WhatsApp Images\IMG-20180813-WA0000.jpg","IMG-20180813-WA0000.jpg","56223","4199968"
"C:\Users\flier\OneDrive\תמונות\Samsung Gallery\Android\media\com.whatsapp\WhatsApp\Media\WhatsApp Images\IMG-20180813-WA0002.jpg","IMG-20180813-WA0002.jpg","350527","4199968"
"C:\Users\flier\OneDrive\תמונות\Samsung Gallery\Android\media\com.whatsapp\WhatsApp\Media\WhatsApp Images\IMG-20180813-WA0003.jpg","IMG-20180813-WA0003.jpg","484150","4199968"
"C:\Users\flier\OneDrive\תמונות\Samsung Gallery\Android\media\com.whatsapp\WhatsApp\Media\WhatsApp Images\IMG-20180813-WA0004.jpg","IMG-20180813-WA0004.jpg","281356","4199968"
"C:\Users\flier\OneDrive\תמונות\Samsung Gallery\Android\media\com.whatsapp\WhatsApp\Media\WhatsApp Images\IMG-20180813-WA0006.jpg","IMG-20180813-WA0006.jpg","162979","4199968"
"C:\Users\flier\OneDrive\תמונות\Samsung Gallery\Android\media\com.whatsapp\WhatsApp\Media\WhatsApp Images\IMG-20180813-WA0007.jpg","IMG-20180813-WA0007.jpg","165538","4199968"
"C:\Users\flier\OneDrive\תמונות\Samsung Gallery\Android\media\com.whatsapp\WhatsApp\Media\WhatsApp Images\IMG-20180814-WA0000.jpg","IMG-20180814-WA0000.jpg","78222","4199968"
"C:\Users\flier\OneDrive\תמונות\Samsung Gallery\Android\media\com.whatsapp\WhatsApp\Media\WhatsApp Images\IMG-20180814-WA0001.jpg","IMG-20180814-WA0001.jpg","122879","4199968"
"C:\Users\flier\OneDrive\תמונות\Samsung Gallery\Android\media\com.whatsapp\WhatsApp\Media\WhatsApp Images\IMG-20180815-WA0000.jpg","IMG-20180815-WA0000.jpg","378894","4199968"
"C:\Users\flier\OneDrive\תמונות\Samsung Gallery\Android\media\com.whatsapp\WhatsApp\Media\WhatsApp Images\IMG-20180815-WA0001.jpg","IMG-20180815-WA0001.jpg","357226","4199968"
"C:\Users\flier\OneDrive\תמונות\Samsung Gallery\Android\media\com.whatsapp\WhatsApp\Media\WhatsApp Images\IMG-20180815-WA0002.jpg","IMG-20180815-WA0002.jpg","55998","4199968"
"C:\Users\flier\OneDrive\תמונות\Samsung Gallery\Android\media\com.whatsapp\WhatsApp\Media\WhatsApp Images\IMG-20180815-WA0003.jpg","IMG-20180815-WA0003.jpg","125722","4199968"
"C:\Users\flier\OneDrive\תמונות\Samsung Gallery\Android\media\com.whatsapp\WhatsApp\Media\WhatsApp Images\IMG-20180815-WA0004.jpg","IMG-20180815-WA0004.jpg","146681","4199968"
"C:\Users\flier\OneDrive\תמונות\Samsung Gallery\Android\media\com.whatsapp\WhatsApp\Media\WhatsApp Images\IMG-20180816-WA0001.jpg","IMG-20180816-WA0001.jpg","162955","4199968"
"C:\Users\flier\OneDrive\תמונות\Samsung Gallery\Android\media\com.whatsapp\WhatsApp\Media\WhatsApp Images\IMG-20180817-WA0000.jpg","IMG-20180817-WA0000.jpg","288053","4199968"
"C:\Users\flier\OneDrive\תמונות\Samsung Gallery\Android\media\com.whatsapp\WhatsApp\Media\WhatsApp Images\IMG-20180817-WA0003.jpg","IMG-20180817-WA0003.jpg","151588","4199968"
"C:\Users\flier\OneDrive\תמונות\Samsung Gallery\Android\media\com.whatsapp\WhatsApp\Media\WhatsApp Images\IMG-20180817-WA0004.jpg","IMG-20180817-WA0004.jpg","196048","4199968"
"C:\Users\flier\OneDrive\תמונות\Samsung Gallery\Android\media\com.whatsapp\WhatsApp\Media\WhatsApp Images\IMG-20180819-WA0000.jpg","IMG-20180819-WA0000.jpg","337603","4199968"
"C:\Users\flier\OneDrive\תמונות\Samsung Gallery\Android\media\com.whatsapp\WhatsApp\Media\WhatsApp Images\IMG-20180819-WA0003.jpg","IMG-20180819-WA0003.jpg","282310","4199968"
"C:\Users\flier\OneDrive\תמונות\Samsung Gallery\Android\media\com.whatsapp\WhatsApp\Media\WhatsApp Images\IMG-20180819-WA0009.jpg","IMG-20180819-WA0009.jpg","190843","4199968"
"C:\Users\flier\OneDrive\תמונות\Samsung Gallery\Android\media\com.whatsapp\WhatsApp\Media\WhatsApp Images\IMG-20180819-WA0011.jpg","IMG-20180819-WA0011.jpg","152397","4199968"
"C:\Users\flier\OneDrive\תמונות\Samsung Gallery\Android\media\com.whatsapp\WhatsApp\Media\WhatsApp Images\IMG-20180819-WA0012.jpg","IMG-20180819-WA0012.jpg","223736","4199968"
"C:\Users\flier\OneDrive\תמונות\Samsung Gallery\Android\media\com.whatsapp\WhatsApp\Media\WhatsApp Images\IMG-20180819-WA0013.jpg","IMG-20180819-WA0013.jpg","131052","4199968"
"C:\Users\flier\OneDrive\תמונות\Samsung Gallery\Android\media\com.whatsapp\WhatsApp\Media\WhatsApp Images\IMG-20180819-WA0014.jpg","IMG-20180819-WA0014.jpg","127034","4199968"
"C:\Users\flier\OneDrive\תמונות\Samsung Gallery\Android\media\com.whatsapp\WhatsApp\Media\WhatsApp Images\IMG-20180819-WA0015.jpg","IMG-20180819-WA0015.jpg","152523","4199968"
"C:\Users\flier\OneDrive\תמונות\Samsung Gallery\Android\media\com.whatsapp\WhatsApp\Media\WhatsApp Images\IMG-20180819-WA0016.jpg","IMG-20180819-WA0016.jpg","120263","4199968"
"C:\Users\flier\OneDrive\תמונות\Samsung Gallery\Android\media\com.whatsapp\WhatsApp\Media\WhatsApp Images\IMG-20180819-WA0017.jpg","IMG-20180819-WA0017.jpg","177480","4199968"
"C:\Users\flier\OneDrive\תמונות\Samsung Gallery\Android\media\com.whatsapp\WhatsApp\Media\WhatsApp Images\IMG-20180819-WA0018.jpg","IMG-20180819-WA0018.jpg","219876","4199968"
"C:\Users\flier\OneDrive\תמונות\Samsung Gallery\Android\media\com.whatsapp\WhatsApp\Media\WhatsApp Images\IMG-20180819-WA0019.jpg","IMG-20180819-WA0019.jpg","271572","4199968"
"C:\Users\flier\OneDrive\תמונות\Samsung Gallery\Android\media\com.whatsapp\WhatsApp\Media\WhatsApp Images\IMG-20180819-WA0020.jpg","IMG-20180819-WA0020.jpg","227421","4199968"
"C:\Users\flier\OneDrive\תמונות\Samsung Gallery\Android\media\com.whatsapp\WhatsApp\Media\WhatsApp Images\IMG-20180820-WA0001.jpg","IMG-20180820-WA0001.jpg","352253","4199968"
"C:\Users\flier\OneDrive\תמונות\Samsung Gallery\Android\media\com.whatsapp\WhatsApp\Media\WhatsApp Images\IMG-20180820-WA0003.jpg","IMG-20180820-WA0003.jpg","126423","4199968"
"C:\Users\flier\OneDrive\תמונות\Samsung Gallery\Android\media\com.whatsapp\WhatsApp\Media\WhatsApp Images\IMG-20180821-WA0000.jpg","IMG-20180821-WA0000.jpg","78026","4199968"
"C:\Users\flier\OneDrive\תמונות\Samsung Gallery\Android\media\com.whatsapp\WhatsApp\Media\WhatsApp Images\IMG-20180821-WA0001.jpg","IMG-20180821-WA0001.jpg","30465","4199968"
"C:\Users\flier\OneDrive\תמונות\Samsung Gallery\Android\media\com.whatsapp\WhatsApp\Media\WhatsApp Images\IMG-20180821-WA0002.jpg","IMG-20180821-WA0002.jpg","24672","4199968"
"C:\Users\flier\OneDrive\תמונות\Samsung Gallery\Android\media\com.whatsapp\WhatsApp\Media\WhatsApp Images\IMG-20180821-WA0003.jpg","IMG-20180821-WA0003.jpg","114526","4199968"
"C:\Users\flier\OneDrive\תמונות\Samsung Gallery\Android\media\com.whatsapp\WhatsApp\Media\WhatsApp Images\IMG-20180821-WA0004.jpg","IMG-20180821-WA0004.jpg","13378","4199968"
"C:\Users\flier\OneDrive\תמונות\Samsung Gallery\Android\media\com.whatsapp\WhatsApp\Media\WhatsApp Images\IMG-20180821-WA0005.jpg","IMG-20180821-WA0005.jpg","22134","4199968"
"C:\Users\flier\OneDrive\תמונות\Samsung Gallery\Android\media\com.whatsapp\WhatsApp\Media\WhatsApp Images\IMG-20180821-WA0006.jpg","IMG-20180821-WA0006.jpg","24051","4199968"
"C:\Users\flier\OneDrive\תמונות\Samsung Gallery\Android\media\com.whatsapp\WhatsApp\Media\WhatsApp Images\IMG-20180821-WA0007.jpg","IMG-20180821-WA0007.jpg","75321","4199968"
"C:\Users\flier\OneDrive\תמונות\Samsung Gallery\Android\media\com.whatsapp\WhatsApp\Media\WhatsApp Images\IMG-20180821-WA0008.jpg","IMG-20180821-WA0008.jpg","45197","4199968"
"C:\Users\flier\OneDrive\תמונות\Samsung Gallery\Android\media\com.whatsapp\WhatsApp\Media\WhatsApp Images\IMG-20180821-WA0009.jpg","IMG-20180821-WA0009.jpg","222828","4199968"
"C:\Users\flier\OneDrive\תמונות\Samsung Gallery\Android\media\com.whatsapp\WhatsApp\Media\WhatsApp Images\IMG-20180821-WA0010.jpg","IMG-20180821-WA0010.jpg","41818","4199968"
"C:\Users\flier\OneDrive\תמונות\Samsung Gallery\Android\media\com.whatsapp\WhatsApp\Media\WhatsApp Images\IMG-20180821-WA0011.jpg","IMG-20180821-WA0011.jpg","41611","4199968"
"C:\Users\flier\OneDrive\תמונות\Samsung Gallery\Android\media\com.whatsapp\WhatsApp\Media\WhatsApp Images\IMG-20180822-WA0000.jpg","IMG-20180822-WA0000.jpg","272622","4199968"
"C:\Users\flier\OneDrive\תמונות\Samsung Gallery\Android\media\com.whatsapp\WhatsApp\Media\WhatsApp Images\IMG-20180822-WA0002.jpg","IMG-20180822-WA0002.jpg","326735","4199968"
"C:\Users\flier\OneDrive\תמונות\Samsung Gallery\Android\media\com.whatsapp\WhatsApp\Media\WhatsApp Images\IMG-20180822-WA0005.jpg","IMG-20180822-WA0005.jpg","140503","4199968"
"C:\Users\flier\OneDrive\תמונות\Samsung Gallery\Android\media\com.whatsapp\WhatsApp\Media\WhatsApp Images\IMG-20180822-WA0006.jpg","IMG-20180822-WA0006.jpg","93567","4199968"
"C:\Users\flier\OneDrive\תמונות\Samsung Gallery\Android\media\com.whatsapp\WhatsApp\Media\WhatsApp Images\IMG-20180822-WA0007.jpg","IMG-20180822-WA0007.jpg","118213","4199968"
"C:\Users\flier\OneDrive\תמונות\Samsung Gallery\Android\media\com.whatsapp\WhatsApp\Media\WhatsApp Images\IMG-20180822-WA0008.jpg","IMG-20180822-WA0008.jpg","208944","4199968"
"C:\Users\flier\OneDrive\תמונות\Samsung Gallery\Android\media\com.whatsapp\WhatsApp\Media\WhatsApp Images\IMG-20180822-WA0009.jpg","IMG-20180822-WA0009.jpg","236847","4199968"
"C:\Users\flier\OneDrive\תמונות\Samsung Gallery\Android\media\com.whatsapp\WhatsApp\Media\WhatsApp Images\IMG-20180822-WA0010.jpg","IMG-20180822-WA0010.jpg","269033","4199968"
"C:\Users\flier\OneDrive\תמונות\Samsung Gallery\Android\media\com.whatsapp\WhatsApp\Media\WhatsApp Images\IMG-20180822-WA0011.jpg","IMG-20180822-WA0011.jpg","285126","4199968"
"C:\Users\flier\OneDrive\תמונות\Samsung Gallery\Android\media\com.whatsapp\WhatsApp\Media\WhatsApp Images\IMG-20180822-WA0012.jpg","IMG-20180822-WA0012.jpg","180727","4199968"
"C:\Users\flier\OneDrive\תמונות\Samsung Gallery\Android\media\com.whatsapp\WhatsApp\Media\WhatsApp Images\IMG-20180822-WA0013.jpg","IMG-20180822-WA0013.jpg","316389","4199968"
"C:\Users\flier\OneDrive\תמונות\Samsung Gallery\Android\media\com.whatsapp\WhatsApp\Media\WhatsApp Images\IMG-20180822-WA0014.jpg","IMG-20180822-WA0014.jpg","217729","4199968"
"C:\Users\flier\OneDrive\תמונות\Samsung Gallery\Android\media\com.whatsapp\WhatsApp\Media\WhatsApp Images\IMG-20180822-WA0015.jpg","IMG-20180822-WA0015.jpg","136160","4199968"
"C:\Users\flier\OneDrive\תמונות\Samsung Gallery\Android\media\com.whatsapp\WhatsApp\Media\WhatsApp Images\IMG-20180822-WA0016.jpg","IMG-20180822-WA0016.jpg","222474","4199968"
"C:\Users\flier\OneDrive\תמונות\Samsung Gallery\Android\media\com.whatsapp\WhatsApp\Media\WhatsApp Images\IMG-20180822-WA0017.jpg","IMG-20180822-WA0017.jpg","217110","4199968"
"C:\Users\flier\OneDrive\תמונות\Samsung Gallery\Android\media\com.whatsapp\WhatsApp\Media\WhatsApp Images\IMG-20180822-WA0018.jpg","IMG-20180822-WA0018.jpg","219365","4199968"
"C:\Users\flier\OneDrive\תמונות\Samsung Gallery\Android\media\com.whatsapp\WhatsApp\Media\WhatsApp Images\IMG-20180823-WA0000.jpg","IMG-20180823-WA0000.jpg","116425","4199968"
"C:\Users\flier\OneDrive\תמונות\Samsung Gallery\Android\media\com.whatsapp\WhatsApp\Media\WhatsApp Images\IMG-20180823-WA0002.jpg","IMG-20180823-WA0002.jpg","307240","4199968"
"C:\Users\flier\OneDrive\תמונות\Samsung Gallery\Android\media\com.whatsapp\WhatsApp\Media\WhatsApp Images\IMG-20180823-WA0004.jpg","IMG-20180823-WA0004.jpg","307240","4199968"
"C:\Users\flier\OneDrive\תמונות\Samsung Gallery\Android\media\com.whatsapp\WhatsApp\Media\WhatsApp Images\IMG-20180823-WA0006.jpg","IMG-20180823-WA0006.jpg","112673","4199968"
"C:\Users\flier\OneDrive\תמונות\Samsung Gallery\Android\media\com.whatsapp\WhatsApp\Media\WhatsApp Images\IMG-20180823-WA0007.jpg","IMG-20180823-WA0007.jpg","92010","4199968"
"C:\Users\flier\OneDrive\תמונות\Samsung Gallery\Android\media\com.whatsapp\WhatsApp\Media\WhatsApp Images\IMG-20180823-WA0011.jpg","IMG-20180823-WA0011.jpg","97748","4199968"
"C:\Users\flier\OneDrive\תמונות\Samsung Gallery\Android\media\com.whatsapp\WhatsApp\Media\WhatsApp Images\IMG-20180824-WA0000.jpg","IMG-20180824-WA0000.jpg","334502","4199968"
"C:\Users\flier\OneDrive\תמונות\Samsung Gallery\Android\media\com.whatsapp\WhatsApp\Media\WhatsApp Images\IMG-20180824-WA0002.jpg","IMG-20180824-WA0002.jpg","101948","4199968"
"C:\Users\flier\OneDrive\תמונות\Samsung Gallery\Android\media\com.whatsapp\WhatsApp\Media\WhatsApp Images\IMG-20180824-WA0006.jpg","IMG-20180824-WA0006.jpg","136919","4199968"
"C:\Users\flier\OneDrive\תמונות\Samsung Gallery\Android\media\com.whatsapp\WhatsApp\Media\WhatsApp Images\IMG-20180824-WA0007.jpg","IMG-20180824-WA0007.jpg","195327","4199968"
"C:\Users\flier\OneDrive\תמונות\Samsung Gallery\Android\media\com.whatsapp\WhatsApp\Media\WhatsApp Images\IMG-20180824-WA0008.jpg","IMG-20180824-WA0008.jpg","189355","4199968"
"C:\Users\flier\OneDrive\תמונות\Samsung Gallery\Android\media\com.whatsapp\WhatsApp\Media\WhatsApp Images\IMG-20180824-WA0009.jpg","IMG-20180824-WA0009.jpg","255933","4199968"
"C:\Users\flier\OneDrive\תמונות\Samsung Gallery\Android\media\com.whatsapp\WhatsApp\Media\WhatsApp Images\IMG-20180825-WA0000.jpg","IMG-20180825-WA0000.jpg","388951","4199968"
"C:\Users\flier\OneDrive\תמונות\Samsung Gallery\Android\media\com.whatsapp\WhatsApp\Media\WhatsApp Images\IMG-20180828-WA0008.jpg","IMG-20180828-WA0008.jpg","70967","4199968"
"C:\Users\flier\OneDrive\תמונות\Samsung Gallery\Android\media\com.whatsapp\WhatsApp\Media\WhatsApp Images\IMG-20180829-WA0002.jpeg","IMG-20180829-WA0002.jpeg","887041","4199968"
"C:\Users\flier\OneDrive\תמונות\Samsung Gallery\Android\media\com.whatsapp\WhatsApp\Media\WhatsApp Images\IMG-20180829-WA0004.jpg","IMG-20180829-WA0004.jpg","138625","4199968"
"C:\Users\flier\OneDrive\תמונות\Samsung Gallery\Android\media\com.whatsapp\WhatsApp\Media\WhatsApp Images\IMG-20180830-WA0000.jpg","IMG-20180830-WA0000.jpg","251337","4199968"
"C:\Users\flier\OneDrive\תמונות\Samsung Gallery\Android\media\com.whatsapp\WhatsApp\Media\WhatsApp Images\IMG-20180830-WA0001.jpg","IMG-20180830-WA0001.jpg","253171","4199968"
"C:\Users\flier\OneDrive\תמונות\Samsung Gallery\Android\media\com.whatsapp\WhatsApp\Media\WhatsApp Images\IMG-20180830-WA0002.jpg","IMG-20180830-WA0002.jpg","281033","4199968"
"C:\Users\flier\OneDrive\תמונות\Samsung Gallery\Android\media\com.whatsapp\WhatsApp\Media\WhatsApp Images\IMG-20180830-WA0003.jpg","IMG-20180830-WA0003.jpg","277261","4199968"
"C:\Users\flier\OneDrive\תמונות\Samsung Gallery\Android\media\com.whatsapp\WhatsApp\Media\WhatsApp Images\IMG-20180830-WA0004.jpg","IMG-20180830-WA0004.jpg","206436","4199968"
"C:\Users\flier\OneDrive\תמונות\Samsung Gallery\Android\media\com.whatsapp\WhatsApp\Media\WhatsApp Images\IMG-20180830-WA0005.jpg","IMG-20180830-WA0005.jpg","270783","4199968"
"C:\Users\flier\OneDrive\תמונות\Samsung Gallery\Android\media\com.whatsapp\WhatsApp\Media\WhatsApp Images\IMG-20180830-WA0006.jpg","IMG-20180830-WA0006.jpg","342664","4199968"
"C:\Users\flier\OneDrive\תמונות\Samsung Gallery\Android\media\com.whatsapp\WhatsApp\Media\WhatsApp Images\IMG-20180830-WA0007.jpg","IMG-20180830-WA0007.jpg","275102","4199968"
"C:\Users\flier\OneDrive\תמונות\Samsung Gallery\Android\media\com.whatsapp\WhatsApp\Media\WhatsApp Images\IMG-20180830-WA0008.jpg","IMG-20180830-WA0008.jpg","96040","4199968"
"C:\Users\flier\OneDrive\תמונות\Samsung Gallery\Android\media\com.whatsapp\WhatsApp\Media\WhatsApp Images\IMG-20180831-WA0000.jpg","IMG-20180831-WA0000.jpg","313176","4199968"
"C:\Users\flier\OneDrive\תמונות\Samsung Gallery\Android\media\com.whatsapp\WhatsApp\Media\WhatsApp Images\IMG-20180901-WA0000.jpg","IMG-20180901-WA0000.jpg","150395","4199968"
"C:\Users\flier\OneDrive\תמונות\Samsung Gallery\Android\media\com.whatsapp\WhatsApp\Media\WhatsApp Images\IMG-20180901-WA0001.jpg","IMG-20180901-WA0001.jpg","68854","4199968"
"C:\Users\flier\OneDrive\תמונות\Samsung Gallery\Android\media\com.whatsapp\WhatsApp\Media\WhatsApp Images\IMG-20180901-WA0002.jpg","IMG-20180901-WA0002.jpg","114682","4199968"
"C:\Users\flier\OneDrive\תמונות\Samsung Gallery\Android\media\com.whatsapp\WhatsApp\Media\WhatsApp Images\IMG-20180902-WA0002.jpg","IMG-20180902-WA0002.jpg","163859","4199968"
"C:\Users\flier\OneDrive\תמונות\Samsung Gallery\Android\media\com.whatsapp\WhatsApp\Media\WhatsApp Images\IMG-20180904-WA0001.jpg","IMG-20180904-WA0001.jpg","172478","4199968"
"C:\Users\flier\OneDrive\תמונות\Samsung Gallery\Android\media\com.whatsapp\WhatsApp\Media\WhatsApp Images\IMG-20180904-WA0002.jpg","IMG-20180904-WA0002.jpg","143373","4199968"
"C:\Users\flier\OneDrive\תמונות\Samsung Gallery\Android\media\com.whatsapp\WhatsApp\Media\WhatsApp Images\IMG-20180904-WA0003.jpg","IMG-20180904-WA0003.jpg","304848","4199968"
"C:\Users\flier\OneDrive\תמונות\Samsung Gallery\Android\media\com.whatsapp\WhatsApp\Media\WhatsApp Images\IMG-20180904-WA0004.jpg","IMG-20180904-WA0004.jpg","266618","4199968"
"C:\Users\flier\OneDrive\תמונות\Samsung Gallery\Android\media\com.whatsapp\WhatsApp\Media\WhatsApp Images\IMG-20180904-WA0005.jpg","IMG-20180904-WA0005.jpg","190672","4199968"
"C:\Users\flier\OneDrive\תמונות\Samsung Gallery\Android\media\com.whatsapp\WhatsApp\Media\WhatsApp Images\IMG-20180904-WA0006.jpg","IMG-20180904-WA0006.jpg","217007","4199968"
"C:\Users\flier\OneDrive\תמונות\Samsung Gallery\Android\media\com.whatsapp\WhatsApp\Media\WhatsApp Images\IMG-20180905-WA0007.jpg","IMG-20180905-WA0007.jpg","71971","4199968"
"C:\Users\flier\OneDrive\תמונות\Samsung Gallery\Android\media\com.whatsapp\WhatsApp\Media\WhatsApp Images\IMG-20180905-WA0009.jpg","IMG-20180905-WA0009.jpg","32311","4199968"
"C:\Users\flier\OneDrive\תמונות\Samsung Gallery\Android\media\com.whatsapp\WhatsApp\Media\WhatsApp Images\IMG-20180905-WA0010.jpg","IMG-20180905-WA0010.jpg","183557","4199968"
"C:\Users\flier\OneDrive\תמונות\Samsung Gallery\Android\media\com.whatsapp\WhatsApp\Media\WhatsApp Images\IMG-20180906-WA0006.jpg","IMG-20180906-WA0006.jpg","231570","4199968"
"C:\Users\flier\OneDrive\תמונות\Samsung Gallery\Android\media\com.whatsapp\WhatsApp\Media\WhatsApp Images\IMG-20180907-WA0007.jpg","IMG-20180907-WA0007.jpg","358636","4199968"
"C:\Users\flier\OneDrive\תמונות\Samsung Gallery\Android\media\com.whatsapp\WhatsApp\Media\WhatsApp Images\IMG-20180908-WA0001.jpg","IMG-20180908-WA0001.jpg","24094","4199968"
"C:\Users\flier\OneDrive\תמונות\Samsung Gallery\Android\media\com.whatsapp\WhatsApp\Media\WhatsApp Images\IMG-20180909-WA0005.jpg","IMG-20180909-WA0005.jpg","96406","4199968"
"C:\Users\flier\OneDrive\תמונות\Samsung Gallery\Android\media\com.whatsapp\WhatsApp\Media\WhatsApp Images\IMG-20180909-WA0006.jpg","IMG-20180909-WA0006.jpg","250324","4199968"
"C:\Users\flier\OneDrive\תמונות\Samsung Gallery\Android\media\com.whatsapp\WhatsApp\Media\WhatsApp Images\IMG-20180909-WA0012.jpg","IMG-20180909-WA0012.jpg","374381","4199968"
"C:\Users\flier\OneDrive\תמונות\Samsung Gallery\Android\media\com.whatsapp\WhatsApp\Media\WhatsApp Images\IMG-20180909-WA0013.jpg","IMG-20180909-WA0013.jpg","36249","4199968"
"C:\Users\flier\OneDrive\תמונות\Samsung Gallery\Android\media\com.whatsapp\WhatsApp\Media\WhatsApp Images\IMG-20180909-WA0014.jpg","IMG-20180909-WA0014.jpg","144166","4199968"
"C:\Users\flier\OneDrive\תמונות\Samsung Gallery\Android\media\com.whatsapp\WhatsApp\Media\WhatsApp Images\IMG-20180909-WA0015.jpg","IMG-20180909-WA0015.jpg","205808","4199968"
"C:\Users\flier\OneDrive\תמונות\Samsung Gallery\Android\media\com.whatsapp\WhatsApp\Media\WhatsApp Images\IMG-20180909-WA0016.jpg","IMG-20180909-WA0016.jpg","158349","4199968"
"C:\Users\flier\OneDrive\תמונות\Samsung Gallery\Android\media\com.whatsapp\WhatsApp\Media\WhatsApp Images\IMG-20180909-WA0017.jpg","IMG-20180909-WA0017.jpg","221786","4199968"
"C:\Users\flier\OneDrive\תמונות\Samsung Gallery\Android\media\com.whatsapp\WhatsApp\Media\WhatsApp Images\IMG-20180909-WA0018.jpg","IMG-20180909-WA0018.jpg","215176","4199968"
"C:\Users\flier\OneDrive\תמונות\Samsung Gallery\Android\media\com.whatsapp\WhatsApp\Media\WhatsApp Images\IMG-20180909-WA0019.jpg","IMG-20180909-WA0019.jpg","192576","4199968"
"C:\Users\flier\OneDrive\תמונות\Samsung Gallery\Android\media\com.whatsapp\WhatsApp\Media\WhatsApp Images\IMG-20180909-WA0020.jpg","IMG-20180909-WA0020.jpg","174976","4199968"
"C:\Users\flier\OneDrive\תמונות\Samsung Gallery\Android\media\com.whatsapp\WhatsApp\Media\WhatsApp Images\IMG-20180909-WA0021.jpg","IMG-20180909-WA0021.jpg","184852","4199968"
"C:\Users\flier\OneDrive\תמונות\Samsung Gallery\Android\media\com.whatsapp\WhatsApp\Media\WhatsApp Images\IMG-20180909-WA0022.jpg","IMG-20180909-WA0022.jpg","295253","4199968"
"C:\Users\flier\OneDrive\תמונות\Samsung Gallery\Android\media\com.whatsapp\WhatsApp\Media\WhatsApp Images\IMG-20180909-WA0023.jpg","IMG-20180909-WA0023.jpg","113631","4199968"
"C:\Users\flier\OneDrive\תמונות\Samsung Gallery\Android\media\com.whatsapp\WhatsApp\Media\WhatsApp Images\IMG-20180909-WA0024.jpg","IMG-20180909-WA0024.jpg","210212","4199968"
"C:\Users\flier\OneDrive\תמונות\Samsung Gallery\Android\media\com.whatsapp\WhatsApp\Media\WhatsApp Images\IMG-20180909-WA0026.jpg","IMG-20180909-WA0026.jpg","201971","4199968"
"C:\Users\flier\OneDrive\תמונות\Samsung Gallery\Android\media\com.whatsapp\WhatsApp\Media\WhatsApp Images\IMG-20180909-WA0027.jpg","IMG-20180909-WA0027.jpg","187111","4199968"
"C:\Users\flier\OneDrive\תמונות\Samsung Gallery\Android\media\com.whatsapp\WhatsApp\Media\WhatsApp Images\IMG-20180911-WA0003.jpg","IMG-20180911-WA0003.jpg","30245","4199968"
"C:\Users\flier\OneDrive\תמונות\Samsung Gallery\Android\media\com.whatsapp\WhatsApp\Media\WhatsApp Images\IMG-20180913-WA0002.jpg","IMG-20180913-WA0002.jpg","273572","4199968"
"C:\Users\flier\OneDrive\תמונות\Samsung Gallery\Android\media\com.whatsapp\WhatsApp\Media\WhatsApp Images\IMG-20180914-WA0002.jpg","IMG-20180914-WA0002.jpg","280251","4199968"
"C:\Users\flier\OneDrive\תמונות\Samsung Gallery\Android\media\com.whatsapp\WhatsApp\Media\WhatsApp Images\IMG-20180918-WA0000.jpg","IMG-20180918-WA0000.jpg","8382","4199968"
"C:\Users\flier\OneDrive\תמונות\Samsung Gallery\Android\media\com.whatsapp\WhatsApp\Media\WhatsApp Images\IMG-20180918-WA0001.jpg","IMG-20180918-WA0001.jpg","36658","4199968"
"C:\Users\flier\OneDrive\תמונות\Samsung Gallery\Android\media\com.whatsapp\WhatsApp\Media\WhatsApp Images\IMG-20180918-WA0003.jpg","IMG-20180918-WA0003.jpg","280782","4199968"
"C:\Users\flier\OneDrive\תמונות\Samsung Gallery\Android\media\com.whatsapp\WhatsApp\Media\WhatsApp Images\IMG-20180920-WA0000.jpg","IMG-20180920-WA0000.jpg","244555","4199968"
"C:\Users\flier\OneDrive\תמונות\Samsung Gallery\Android\media\com.whatsapp\WhatsApp\Media\WhatsApp Images\IMG-20180920-WA0001.jpg","IMG-20180920-WA0001.jpg","385596","4199968"
"C:\Users\flier\OneDrive\תמונות\Samsung Gallery\Android\media\com.whatsapp\WhatsApp\Media\WhatsApp Images\IMG-20180920-WA0002.jpg","IMG-20180920-WA0002.jpg","553500","4199968"
"C:\Users\flier\OneDrive\תמונות\Samsung Gallery\Android\media\com.whatsapp\WhatsApp\Media\WhatsApp Images\IMG-20180920-WA0003.jpg","IMG-20180920-WA0003.jpg","469750","4199968"
"C:\Users\flier\OneDrive\תמונות\Samsung Gallery\Android\media\com.whatsapp\WhatsApp\Media\WhatsApp Images\IMG-20180920-WA0004.jpg","IMG-20180920-WA0004.jpg","471954","4199968"
"C:\Users\flier\OneDrive\תמונות\Samsung Gallery\Android\media\com.whatsapp\WhatsApp\Media\WhatsApp Images\IMG-20180920-WA0005.jpg","IMG-20180920-WA0005.jpg","451459","4199968"
"C:\Users\flier\OneDrive\תמונות\Samsung Gallery\Android\media\com.whatsapp\WhatsApp\Media\WhatsApp Images\IMG-20180920-WA0006.jpg","IMG-20180920-WA0006.jpg","423386","4199968"
"C:\Users\flier\OneDrive\תמונות\Samsung Gallery\Android\media\com.whatsapp\WhatsApp\Media\WhatsApp Images\IMG-20180920-WA0007.jpg","IMG-20180920-WA0007.jpg","226960","4199968"
"C:\Users\flier\OneDrive\תמונות\Samsung Gallery\Android\media\com.whatsapp\WhatsApp\Media\WhatsApp Images\IMG-20180920-WA0008.jpg","IMG-20180920-WA0008.jpg","221274","4199968"
"C:\Users\flier\OneDrive\תמונות\Samsung Gallery\Android\media\com.whatsapp\WhatsApp\Media\WhatsApp Images\IMG-20180920-WA0009.jpg","IMG-20180920-WA0009.jpg","178278","4199968"
"C:\Users\flier\OneDrive\תמונות\Samsung Gallery\Android\media\com.whatsapp\WhatsApp\Media\WhatsApp Images\IMG-20180920-WA0010.jpg","IMG-20180920-WA0010.jpg","312365","4199968"
"C:\Users\flier\OneDrive\תמונות\Samsung Gallery\Android\media\com.whatsapp\WhatsApp\Media\WhatsApp Images\IMG-20180920-WA0011.jpg","IMG-20180920-WA0011.jpg","69499","4199968"
"C:\Users\flier\OneDrive\תמונות\Samsung Gallery\Android\media\com.whatsapp\WhatsApp\Media\WhatsApp Images\IMG-20180921-WA0000.jpg","IMG-20180921-WA0000.jpg","104340","4199968"
"C:\Users\flier\OneDrive\תמונות\Samsung Gallery\Android\media\com.whatsapp\WhatsApp\Media\WhatsApp Images\IMG-20180923-WA0000.jpg","IMG-20180923-WA0000.jpg","355504","4199968"
"C:\Users\flier\OneDrive\תמונות\Samsung Gallery\Android\media\com.whatsapp\WhatsApp\Media\WhatsApp Images\IMG-20180923-WA0001.jpg","IMG-20180923-WA0001.jpg","361315","4199968"
"C:\Users\flier\OneDrive\תמונות\Samsung Gallery\Android\media\com.whatsapp\WhatsApp\Media\WhatsApp Images\IMG-20180923-WA0002.jpg","IMG-20180923-WA0002.jpg","377554","4199968"
"C:\Users\flier\OneDrive\תמונות\Samsung Gallery\Android\media\com.whatsapp\WhatsApp\Media\WhatsApp Images\IMG-20180923-WA0003.jpg","IMG-20180923-WA0003.jpg","288857","4199968"
"C:\Users\flier\OneDrive\תמונות\Samsung Gallery\Android\media\com.whatsapp\WhatsApp\Media\WhatsApp Images\IMG-20180924-WA0004.jpg","IMG-20180924-WA0004.jpg","152228","4199968"
"C:\Users\flier\OneDrive\תמונות\Samsung Gallery\Android\media\com.whatsapp\WhatsApp\Media\WhatsApp Images\IMG-20180924-WA0005.jpg","IMG-20180924-WA0005.jpg","155684","4199968"
"C:\Users\flier\OneDrive\תמונות\Samsung Gallery\Android\media\com.whatsapp\WhatsApp\Media\WhatsApp Images\IMG-20180924-WA0006.jpg","IMG-20180924-WA0006.jpg","163975","4199968"
"C:\Users\flier\OneDrive\תמונות\Samsung Gallery\Android\media\com.whatsapp\WhatsApp\Media\WhatsApp Images\IMG-20180924-WA0007.jpg","IMG-20180924-WA0007.jpg","127622","4199968"
"C:\Users\flier\OneDrive\תמונות\Samsung Gallery\Android\media\com.whatsapp\WhatsApp\Media\WhatsApp Images\IMG-20180924-WA0008.jpg","IMG-20180924-WA0008.jpg","97404","4199968"
"C:\Users\flier\OneDrive\תמונות\Samsung Gallery\Android\media\com.whatsapp\WhatsApp\Media\WhatsApp Images\IMG-20180924-WA0009.jpg","IMG-20180924-WA0009.jpg","368382","4199968"
"C:\Users\flier\OneDrive\תמונות\Samsung Gallery\Android\media\com.whatsapp\WhatsApp\Media\WhatsApp Images\IMG-20180924-WA0010.jpg","IMG-20180924-WA0010.jpg","227437","4199968"
"C:\Users\flier\OneDrive\תמונות\Samsung Gallery\Android\media\com.whatsapp\WhatsApp\Media\WhatsApp Images\IMG-20180925-WA0000.jpg","IMG-20180925-WA0000.jpg","343165","4199968"
"C:\Users\flier\OneDrive\תמונות\Samsung Gallery\Android\media\com.whatsapp\WhatsApp\Media\WhatsApp Images\IMG-20180925-WA0001.jpg","IMG-20180925-WA0001.jpg","317623","4199968"
"C:\Users\flier\OneDrive\תמונות\Samsung Gallery\Android\media\com.whatsapp\WhatsApp\Media\WhatsApp Images\IMG-20180925-WA0002.jpg","IMG-20180925-WA0002.jpg","384969","4199968"
"C:\Users\flier\OneDrive\תמונות\Samsung Gallery\Android\media\com.whatsapp\WhatsApp\Media\WhatsApp Images\IMG-20180925-WA0003.jpg","IMG-20180925-WA0003.jpg","360414","4199968"
"C:\Users\flier\OneDrive\תמונות\Samsung Gallery\Android\media\com.whatsapp\WhatsApp\Media\WhatsApp Images\IMG-20180925-WA0004.jpg","IMG-20180925-WA0004.jpg","326396","4199968"
"C:\Users\flier\OneDrive\תמונות\Samsung Gallery\Android\media\com.whatsapp\WhatsApp\Media\WhatsApp Images\IMG-20180925-WA0005.jpg","IMG-20180925-WA0005.jpg","313333","4199968"
"C:\Users\flier\OneDrive\תמונות\Samsung Gallery\Android\media\com.whatsapp\WhatsApp\Media\WhatsApp Images\IMG-20180925-WA0006.jpg","IMG-20180925-WA0006.jpg","338397","4199968"
"C:\Users\flier\OneDrive\תמונות\Samsung Gallery\Android\media\com.whatsapp\WhatsApp\Media\WhatsApp Images\IMG-20180926-WA0000.jpg","IMG-20180926-WA0000.jpg","223660","4199968"
"C:\Users\flier\OneDrive\תמונות\Samsung Gallery\Android\media\com.whatsapp\WhatsApp\Media\WhatsApp Images\IMG-20180926-WA0003.jpg","IMG-20180926-WA0003.jpg","173568","4199968"
"C:\Users\flier\OneDrive\תמונות\Samsung Gallery\Android\media\com.whatsapp\WhatsApp\Media\WhatsApp Images\IMG-20180926-WA0004.jpg","IMG-20180926-WA0004.jpg","195301","4199968"
"C:\Users\flier\OneDrive\תמונות\Samsung Gallery\Android\media\com.whatsapp\WhatsApp\Media\WhatsApp Images\IMG-20180926-WA0005.jpg","IMG-20180926-WA0005.jpg","154563","4199968"
"C:\Users\flier\OneDrive\תמונות\Samsung Gallery\Android\media\com.whatsapp\WhatsApp\Media\WhatsApp Images\IMG-20180928-WA0000.jpg","IMG-20180928-WA0000.jpg","226349","4199968"
"C:\Users\flier\OneDrive\תמונות\Samsung Gallery\Android\media\com.whatsapp\WhatsApp\Media\WhatsApp Images\IMG-20180928-WA0001.jpg","IMG-20180928-WA0001.jpg","288045","4199968"
"C:\Users\flier\OneDrive\תמונות\Samsung Gallery\Android\media\com.whatsapp\WhatsApp\Media\WhatsApp Images\IMG-20180928-WA0002.jpg","IMG-20180928-WA0002.jpg","272753","4199968"
"C:\Users\flier\OneDrive\תמונות\Samsung Gallery\Android\media\com.whatsapp\WhatsApp\Media\WhatsApp Images\IMG-20180928-WA0003.jpg","IMG-20180928-WA0003.jpg","256241","4199968"
"C:\Users\flier\OneDrive\תמונות\Samsung Gallery\Android\media\com.whatsapp\WhatsApp\Media\WhatsApp Images\IMG-20180929-WA0002.jpg","IMG-20180929-WA0002.jpg","190477","4199968"
"C:\Users\flier\OneDrive\תמונות\Samsung Gallery\Android\media\com.whatsapp\WhatsApp\Media\WhatsApp Images\IMG-20181004-WA0000.jpg","IMG-20181004-WA0000.jpg","118093","4199968"
"C:\Users\flier\OneDrive\תמונות\Samsung Gallery\Android\media\com.whatsapp\WhatsApp\Media\WhatsApp Images\IMG-20181004-WA0001.jpg","IMG-20181004-WA0001.jpg","66683","4199968"
"C:\Users\flier\OneDrive\תמונות\Samsung Gallery\Android\media\com.whatsapp\WhatsApp\Media\WhatsApp Images\IMG-20181004-WA0002.jpg","IMG-20181004-WA0002.jpg","227032","4199968"
"C:\Users\flier\OneDrive\תמונות\Samsung Gallery\Android\media\com.whatsapp\WhatsApp\Media\WhatsApp Images\IMG-20181004-WA0003.jpg","IMG-20181004-WA0003.jpg","163728","4199968"
"C:\Users\flier\OneDrive\תמונות\Samsung Gallery\Android\media\com.whatsapp\WhatsApp\Media\WhatsApp Images\IMG-20181005-WA0000.jpg","IMG-20181005-WA0000.jpg","185262","4199968"
"C:\Users\flier\OneDrive\תמונות\Samsung Gallery\Android\media\com.whatsapp\WhatsApp\Media\WhatsApp Images\IMG-20181005-WA0001.jpg","IMG-20181005-WA0001.jpg","281459","4199968"
"C:\Users\flier\OneDrive\תמונות\Samsung Gallery\Android\media\com.whatsapp\WhatsApp\Media\WhatsApp Images\IMG-20181005-WA0002.jpg","IMG-20181005-WA0002.jpg","229311","4199968"
"C:\Users\flier\OneDrive\תמונות\Samsung Gallery\Android\media\com.whatsapp\WhatsApp\Media\WhatsApp Images\IMG-20181006-WA0001.jpg","IMG-20181006-WA0001.jpg","159644","4199968"
"C:\Users\flier\OneDrive\תמונות\Samsung Gallery\Android\media\com.whatsapp\WhatsApp\Media\WhatsApp Images\IMG-20181007-WA0000.jpg","IMG-20181007-WA0000.jpg","123652","4199968"
"C:\Users\flier\OneDrive\תמונות\Samsung Gallery\Android\media\com.whatsapp\WhatsApp\Media\WhatsApp Images\IMG-20181011-WA0000.jpg","IMG-20181011-WA0000.jpg","111157","4199968"
"C:\Users\flier\OneDrive\תמונות\Samsung Gallery\Android\media\com.whatsapp\WhatsApp\Media\WhatsApp Images\IMG-20181011-WA0003.jpg","IMG-20181011-WA0003.jpg","21440","4199968"
"C:\Users\flier\OneDrive\תמונות\Samsung Gallery\Android\media\com.whatsapp\WhatsApp\Media\WhatsApp Images\IMG-20181012-WA0000.jpg","IMG-20181012-WA0000.jpg","331156","4199968"
"C:\Users\flier\OneDrive\תמונות\Samsung Gallery\Android\media\com.whatsapp\WhatsApp\Media\WhatsApp Images\IMG-20181013-WA0000.jpg","IMG-20181013-WA0000.jpg","133273","4199968"
"C:\Users\flier\OneDrive\תמונות\Samsung Gallery\Android\media\com.whatsapp\WhatsApp\Media\WhatsApp Images\IMG-20181014-WA0003.jpg","IMG-20181014-WA0003.jpg","491213","4199968"
"C:\Users\flier\OneDrive\תמונות\Samsung Gallery\Android\media\com.whatsapp\WhatsApp\Media\WhatsApp Images\IMG-20181014-WA0004.jpg","IMG-20181014-WA0004.jpg","454585","4199968"
"C:\Users\flier\OneDrive\תמונות\Samsung Gallery\Android\media\com.whatsapp\WhatsApp\Media\WhatsApp Images\IMG-20181014-WA0005.jpg","IMG-20181014-WA0005.jpg","554226","4199968"
"C:\Users\flier\OneDrive\תמונות\Samsung Gallery\Android\media\com.whatsapp\WhatsApp\Media\WhatsApp Images\IMG-20181014-WA0006.jpg","IMG-20181014-WA0006.jpg","517054","4199968"
"C:\Users\flier\OneDrive\תמונות\Samsung Gallery\Android\media\com.whatsapp\WhatsApp\Media\WhatsApp Images\IMG-20181014-WA0007.jpg","IMG-20181014-WA0007.jpg","573225","4199968"
"C:\Users\flier\OneDrive\תמונות\Samsung Gallery\Android\media\com.whatsapp\WhatsApp\Media\WhatsApp Images\IMG-20181014-WA0008.jpg","IMG-20181014-WA0008.jpg","534528","4199968"
"C:\Users\flier\OneDrive\תמונות\Samsung Gallery\Android\media\com.whatsapp\WhatsApp\Media\WhatsApp Images\IMG-20181014-WA0009.jpg","IMG-20181014-WA0009.jpg","487824","4199968"
"C:\Users\flier\OneDrive\תמונות\Samsung Gallery\Android\media\com.whatsapp\WhatsApp\Media\WhatsApp Images\IMG-20181014-WA0010.jpg","IMG-20181014-WA0010.jpg","522722","4199968"
"C:\Users\flier\OneDrive\תמונות\Samsung Gallery\Android\media\com.whatsapp\WhatsApp\Media\WhatsApp Images\IMG-20181017-WA0000.jpg","IMG-20181017-WA0000.jpg","94199","4199968"
"C:\Users\flier\OneDrive\תמונות\Samsung Gallery\Android\media\com.whatsapp\WhatsApp\Media\WhatsApp Images\IMG-20181018-WA0000.jpg","IMG-20181018-WA0000.jpg","113575","4199968"
"C:\Users\flier\OneDrive\תמונות\Samsung Gallery\Android\media\com.whatsapp\WhatsApp\Media\WhatsApp Images\IMG-20181019-WA0001.jpg","IMG-20181019-WA0001.jpg","376318","4199968"
"C:\Users\flier\OneDrive\תמונות\Samsung Gallery\Android\media\com.whatsapp\WhatsApp\Media\WhatsApp Images\IMG-20181019-WA0002.jpg","IMG-20181019-WA0002.jpg","492325","4199968"
"C:\Users\flier\OneDrive\תמונות\Samsung Gallery\Android\media\com.whatsapp\WhatsApp\Media\WhatsApp Images\IMG-20181019-WA0003.jpg","IMG-20181019-WA0003.jpg","432044","4199968"
"C:\Users\flier\OneDrive\תמונות\Samsung Gallery\Android\media\com.whatsapp\WhatsApp\Media\WhatsApp Images\IMG-20181019-WA0004.jpg","IMG-20181019-WA0004.jpg","353359","4199968"
"C:\Users\flier\OneDrive\תמונות\Samsung Gallery\Android\media\com.whatsapp\WhatsApp\Media\WhatsApp Images\IMG-20181019-WA0005.jpg","IMG-20181019-WA0005.jpg","504043","4199968"
"C:\Users\flier\OneDrive\תמונות\Samsung Gallery\Android\media\com.whatsapp\WhatsApp\Media\WhatsApp Images\IMG-20181019-WA0006.jpg","IMG-20181019-WA0006.jpg","418369","4199968"
"C:\Users\flier\OneDrive\תמונות\Samsung Gallery\Android\media\com.whatsapp\WhatsApp\Media\WhatsApp Images\IMG-20181019-WA0007.jpg","IMG-20181019-WA0007.jpg","429176","4199968"
"C:\Users\flier\OneDrive\תמונות\Samsung Gallery\Android\media\com.whatsapp\WhatsApp\Media\WhatsApp Images\IMG-20181019-WA0008.jpg","IMG-20181019-WA0008.jpg","459314","4199968"
"C:\Users\flier\OneDrive\תמונות\Samsung Gallery\Android\media\com.whatsapp\WhatsApp\Media\WhatsApp Images\IMG-20181019-WA0009.jpg","IMG-20181019-WA0009.jpg","457193","4199968"
"C:\Users\flier\OneDrive\תמונות\Samsung Gallery\Android\media\com.whatsapp\WhatsApp\Media\WhatsApp Images\IMG-20181022-WA0002.jpg","IMG-20181022-WA0002.jpg","70988","4199968"
"C:\Users\flier\OneDrive\תמונות\Samsung Gallery\Android\media\com.whatsapp\WhatsApp\Media\WhatsApp Images\IMG-20181024-WA0001.jpg","IMG-20181024-WA0001.jpg","24326","4199968"
"C:\Users\flier\OneDrive\תמונות\Samsung Gallery\Android\media\com.whatsapp\WhatsApp\Media\WhatsApp Images\IMG-20181024-WA0005.jpg","IMG-20181024-WA0005.jpg","9155","4199968"
"C:\Users\flier\OneDrive\תמונות\Samsung Gallery\Android\media\com.whatsapp\WhatsApp\Media\WhatsApp Images\IMG-20181024-WA0006.jpg","IMG-20181024-WA0006.jpg","51075","4199968"
"C:\Users\flier\OneDrive\תמונות\Samsung Gallery\Android\media\com.whatsapp\WhatsApp\Media\WhatsApp Images\IMG-20181025-WA0000.jpg","IMG-20181025-WA0000.jpg","142959","4199968"
"C:\Users\flier\OneDrive\תמונות\Samsung Gallery\Android\media\com.whatsapp\WhatsApp\Media\WhatsApp Images\IMG-20181025-WA0001.jpg","IMG-20181025-WA0001.jpg","107462","4199968"
"C:\Users\flier\OneDrive\תמונות\Samsung Gallery\Android\media\com.whatsapp\WhatsApp\Media\WhatsApp Images\IMG-20181025-WA0002.jpg","IMG-20181025-WA0002.jpg","141809","4199968"
"C:\Users\flier\OneDrive\תמונות\Samsung Gallery\Android\media\com.whatsapp\WhatsApp\Media\WhatsApp Images\IMG-20181026-WA0002.jpg","IMG-20181026-WA0002.jpg","399727","4199968"
"C:\Users\flier\OneDrive\תמונות\Samsung Gallery\Android\media\com.whatsapp\WhatsApp\Media\WhatsApp Images\IMG-20181026-WA0004.jpg","IMG-20181026-WA0004.jpg","160686","4199968"
"C:\Users\flier\OneDrive\תמונות\Samsung Gallery\Android\media\com.whatsapp\WhatsApp\Media\WhatsApp Images\IMG-20181026-WA0005.jpg","IMG-20181026-WA0005.jpg","226640","4199968"
"C:\Users\flier\OneDrive\תמונות\Samsung Gallery\Android\media\com.whatsapp\WhatsApp\Media\WhatsApp Images\IMG-20181027-WA0001.jpg","IMG-20181027-WA0001.jpg","46219","4199968"
"C:\Users\flier\OneDrive\תמונות\Samsung Gallery\Android\media\com.whatsapp\WhatsApp\Media\WhatsApp Images\IMG-20181028-WA0000.jpg","IMG-20181028-WA0000.jpg","45806","4199968"
"C:\Users\flier\OneDrive\תמונות\Samsung Gallery\Android\media\com.whatsapp\WhatsApp\Media\WhatsApp Images\IMG-20181028-WA0001.jpg","IMG-20181028-WA0001.jpg","80180","4199968"
"C:\Users\flier\OneDrive\תמונות\Samsung Gallery\Android\media\com.whatsapp\WhatsApp\Media\WhatsApp Images\IMG-20181028-WA0002.jpg","IMG-20181028-WA0002.jpg","68655","4199968"
"C:\Users\flier\OneDrive\תמונות\Samsung Gallery\Android\media\com.whatsapp\WhatsApp\Media\WhatsApp Images\IMG-20181028-WA0003.jpg","IMG-20181028-WA0003.jpg","143441","4199968"
"C:\Users\flier\OneDrive\תמונות\Samsung Gallery\Android\media\com.whatsapp\WhatsApp\Media\WhatsApp Images\IMG-20181028-WA0004.jpg","IMG-20181028-WA0004.jpg","63364","4199968"
"C:\Users\flier\OneDrive\תמונות\Samsung Gallery\Android\media\com.whatsapp\WhatsApp\Media\WhatsApp Images\IMG-20181028-WA0007.jpg","IMG-20181028-WA0007.jpg","245231","4199968"
"C:\Users\flier\OneDrive\תמונות\Samsung Gallery\Android\media\com.whatsapp\WhatsApp\Media\WhatsApp Images\IMG-20181028-WA0008.jpg","IMG-20181028-WA0008.jpg","64024","4199968"
"C:\Users\flier\OneDrive\תמונות\Samsung Gallery\Android\media\com.whatsapp\WhatsApp\Media\WhatsApp Images\IMG-20181101-WA0000.jpg","IMG-20181101-WA0000.jpg","119353","4199968"
"C:\Users\flier\OneDrive\תמונות\Samsung Gallery\Android\media\com.whatsapp\WhatsApp\Media\WhatsApp Images\IMG-20181101-WA0002.jpg","IMG-20181101-WA0002.jpg","264287","4199968"
"C:\Users\flier\OneDrive\תמונות\Samsung Gallery\Android\media\com.whatsapp\WhatsApp\Media\WhatsApp Images\IMG-20181101-WA0003.jpg","IMG-20181101-WA0003.jpg","201660","4199968"
"C:\Users\flier\OneDrive\תמונות\Samsung Gallery\Android\media\com.whatsapp\WhatsApp\Media\WhatsApp Images\IMG-20181101-WA0004.jpg","IMG-20181101-WA0004.jpg","218091","4199968"
"C:\Users\flier\OneDrive\תמונות\Samsung Gallery\Android\media\com.whatsapp\WhatsApp\Media\WhatsApp Images\IMG-20181101-WA0005.jpg","IMG-20181101-WA0005.jpg","259424","4199968"
"C:\Users\flier\OneDrive\תמונות\Samsung Gallery\Android\media\com.whatsapp\WhatsApp\Media\WhatsApp Images\IMG-20181101-WA0006.jpg","IMG-20181101-WA0006.jpg","222585","4199968"
"C:\Users\flier\OneDrive\תמונות\Samsung Gallery\Android\media\com.whatsapp\WhatsApp\Media\WhatsApp Images\IMG-20181101-WA0007.jpg","IMG-20181101-WA0007.jpg","250703","4199968"
"C:\Users\flier\OneDrive\תמונות\Samsung Gallery\Android\media\com.whatsapp\WhatsApp\Media\WhatsApp Images\IMG-20181101-WA0008.jpg","IMG-20181101-WA0008.jpg","201982","4199968"
"C:\Users\flier\OneDrive\תמונות\Samsung Gallery\Android\media\com.whatsapp\WhatsApp\Media\WhatsApp Images\IMG-20181101-WA0009.jpg","IMG-20181101-WA0009.jpg","200523","4199968"
"C:\Users\flier\OneDrive\תמונות\Samsung Gallery\Android\media\com.whatsapp\WhatsApp\Media\WhatsApp Images\IMG-20181101-WA0010.jpg","IMG-20181101-WA0010.jpg","210537","4199968"
"C:\Users\flier\OneDrive\תמונות\Samsung Gallery\Android\media\com.whatsapp\WhatsApp\Media\WhatsApp Images\IMG-20181101-WA0011.jpg","IMG-20181101-WA0011.jpg","253649","4199968"
"C:\Users\flier\OneDrive\תמונות\Samsung Gallery\Android\media\com.whatsapp\WhatsApp\Media\WhatsApp Images\IMG-20181101-WA0012.jpg","IMG-20181101-WA0012.jpg","203788","4199968"
"C:\Users\flier\OneDrive\תמונות\Samsung Gallery\Android\media\com.whatsapp\WhatsApp\Media\WhatsApp Images\IMG-20181101-WA0013.jpg","IMG-20181101-WA0013.jpg","136197","4199968"
"C:\Users\flier\OneDrive\תמונות\Samsung Gallery\Android\media\com.whatsapp\WhatsApp\Media\WhatsApp Images\IMG-20181101-WA0014.jpg","IMG-20181101-WA0014.jpg","141621","4199968"
"C:\Users\flier\OneDrive\תמונות\Samsung Gallery\Android\media\com.whatsapp\WhatsApp\Media\WhatsApp Images\IMG-20181101-WA0015.jpg","IMG-20181101-WA0015.jpg","160686","4199968"
"C:\Users\flier\OneDrive\תמונות\Samsung Gallery\Android\media\com.whatsapp\WhatsApp\Media\WhatsApp Images\IMG-20181101-WA0016.jpg","IMG-20181101-WA0016.jpg","195902","4199968"
"C:\Users\flier\OneDrive\תמונות\Samsung Gallery\Android\media\com.whatsapp\WhatsApp\Media\WhatsApp Images\IMG-20181101-WA0017.jpg","IMG-20181101-WA0017.jpg","182754","4199968"
"C:\Users\flier\OneDrive\תמונות\Samsung Gallery\Android\media\com.whatsapp\WhatsApp\Media\WhatsApp Images\IMG-20181101-WA0018.jpg","IMG-20181101-WA0018.jpg","175267","4199968"
"C:\Users\flier\OneDrive\תמונות\Samsung Gallery\Android\media\com.whatsapp\WhatsApp\Media\WhatsApp Images\IMG-20181101-WA0019.jpg","IMG-20181101-WA0019.jpg","166950","4199968"
"C:\Users\flier\OneDrive\תמונות\Samsung Gallery\Android\media\com.whatsapp\WhatsApp\Media\WhatsApp Images\IMG-20181101-WA0020.jpg","IMG-20181101-WA0020.jpg","200929","4199968"
"C:\Users\flier\OneDrive\תמונות\Samsung Gallery\Android\media\com.whatsapp\WhatsApp\Media\WhatsApp Images\IMG-20181101-WA0021.jpg","IMG-20181101-WA0021.jpg","175250","4199968"
"C:\Users\flier\OneDrive\תמונות\Samsung Gallery\Android\media\com.whatsapp\WhatsApp\Media\WhatsApp Images\IMG-20181102-WA0000.jpg","IMG-20181102-WA0000.jpg","145593","4199968"
"C:\Users\flier\OneDrive\תמונות\Samsung Gallery\Android\media\com.whatsapp\WhatsApp\Media\WhatsApp Images\IMG-20181102-WA0001.jpg","IMG-20181102-WA0001.jpg","99644","4199968"
"C:\Users\flier\OneDrive\תמונות\Samsung Gallery\Android\media\com.whatsapp\WhatsApp\Media\WhatsApp Images\IMG-20181104-WA0001.jpg","IMG-20181104-WA0001.jpg","91768","4199968"
"C:\Users\flier\OneDrive\תמונות\Samsung Gallery\Android\media\com.whatsapp\WhatsApp\Media\WhatsApp Images\IMG-20181105-WA0003.jpg","IMG-20181105-WA0003.jpg","169175","4199968"
"C:\Users\flier\OneDrive\תמונות\Samsung Gallery\Android\media\com.whatsapp\WhatsApp\Media\WhatsApp Images\IMG-20181105-WA0004.jpg","IMG-20181105-WA0004.jpg","186593","4199968"
"C:\Users\flier\OneDrive\תמונות\Samsung Gallery\Android\media\com.whatsapp\WhatsApp\Media\WhatsApp Images\IMG-20181105-WA0005.jpg","IMG-20181105-WA0005.jpg","174836","4199968"
"C:\Users\flier\OneDrive\תמונות\Samsung Gallery\Android\media\com.whatsapp\WhatsApp\Media\WhatsApp Images\IMG-20181106-WA0002.jpg","IMG-20181106-WA0002.jpg","37466","4199968"
"C:\Users\flier\OneDrive\תמונות\Samsung Gallery\Android\media\com.whatsapp\WhatsApp\Media\WhatsApp Images\IMG-20181107-WA0007.jpg","IMG-20181107-WA0007.jpg","75735","4199968"
"C:\Users\flier\OneDrive\תמונות\Samsung Gallery\Android\media\com.whatsapp\WhatsApp\Media\WhatsApp Images\IMG-20181109-WA0000.jpg","IMG-20181109-WA0000.jpg","120843","4199968"
"C:\Users\flier\OneDrive\תמונות\Samsung Gallery\Android\media\com.whatsapp\WhatsApp\Media\WhatsApp Images\IMG-20181109-WA0002.jpg","IMG-20181109-WA0002.jpg","144880","4199968"
"C:\Users\flier\OneDrive\תמונות\Samsung Gallery\Android\media\com.whatsapp\WhatsApp\Media\WhatsApp Images\IMG-20181109-WA0004.jpg","IMG-20181109-WA0004.jpg","111415","4199968"
"C:\Users\flier\OneDrive\תמונות\Samsung Gallery\Android\media\com.whatsapp\WhatsApp\Media\WhatsApp Images\IMG-20181113-WA0000.jpg","IMG-20181113-WA0000.jpg","48835","4199968"
"C:\Users\flier\OneDrive\תמונות\Samsung Gallery\Android\media\com.whatsapp\WhatsApp\Media\WhatsApp Images\IMG-20181113-WA0002.jpg","IMG-20181113-WA0002.jpg","134526","4199968"
"C:\Users\flier\OneDrive\תמונות\Samsung Gallery\Android\media\com.whatsapp\WhatsApp\Media\WhatsApp Images\IMG-20181115-WA0000.jpg","IMG-20181115-WA0000.jpg","133647","4199968"
"C:\Users\flier\OneDrive\תמונות\Samsung Gallery\Android\media\com.whatsapp\WhatsApp\Media\WhatsApp Images\IMG-20181115-WA0003.jpg","IMG-20181115-WA0003.jpg","143389","4199968"
"C:\Users\flier\OneDrive\תמונות\Samsung Gallery\Android\media\com.whatsapp\WhatsApp\Media\WhatsApp Images\IMG-20181116-WA0000.jpg","IMG-20181116-WA0000.jpg","167495","4199968"
"C:\Users\flier\OneDrive\תמונות\Samsung Gallery\Android\media\com.whatsapp\WhatsApp\Media\WhatsApp Images\IMG-20181116-WA0001.jpg","IMG-20181116-WA0001.jpg","106675","4199968"
"C:\Users\flier\OneDrive\תמונות\Samsung Gallery\Android\media\com.whatsapp\WhatsApp\Media\WhatsApp Images\IMG-20181116-WA0002.jpg","IMG-20181116-WA0002.jpg","177981","4199968"
"C:\Users\flier\OneDrive\תמונות\Samsung Gallery\Android\media\com.whatsapp\WhatsApp\Media\WhatsApp Images\IMG-20181116-WA0003.jpg","IMG-20181116-WA0003.jpg","153845","4199968"
"C:\Users\flier\OneDrive\תמונות\Samsung Gallery\Android\media\com.whatsapp\WhatsApp\Media\WhatsApp Images\IMG-20181116-WA0004.jpg","IMG-20181116-WA0004.jpg","119937","4199968"
"C:\Users\flier\OneDrive\תמונות\Samsung Gallery\Android\media\com.whatsapp\WhatsApp\Media\WhatsApp Images\IMG-20181116-WA0005.jpg","IMG-20181116-WA0005.jpg","144520","4199968"
"C:\Users\flier\OneDrive\תמונות\Samsung Gallery\Android\media\com.whatsapp\WhatsApp\Media\WhatsApp Images\IMG-20181116-WA0006.jpg","IMG-20181116-WA0006.jpg","171875","4199968"
"C:\Users\flier\OneDrive\תמונות\Samsung Gallery\Android\media\com.whatsapp\WhatsApp\Media\WhatsApp Images\IMG-20181116-WA0007.jpg","IMG-20181116-WA0007.jpg","326482","4199968"
"C:\Users\flier\OneDrive\תמונות\Samsung Gallery\Android\media\com.whatsapp\WhatsApp\Media\WhatsApp Images\IMG-20181116-WA0008.jpg","IMG-20181116-WA0008.jpg","156078","4199968"
"C:\Users\flier\OneDrive\תמונות\Samsung Gallery\Android\media\com.whatsapp\WhatsApp\Media\WhatsApp Images\IMG-20181116-WA0009.jpg","IMG-20181116-WA0009.jpg","353253","4199968"
"C:\Users\flier\OneDrive\תמונות\Samsung Gallery\Android\media\com.whatsapp\WhatsApp\Media\WhatsApp Images\IMG-20181116-WA0010.jpg","IMG-20181116-WA0010.jpg","55456","4199968"
"C:\Users\flier\OneDrive\תמונות\Samsung Gallery\Android\media\com.whatsapp\WhatsApp\Media\WhatsApp Images\IMG-20181116-WA0012.jpg","IMG-20181116-WA0012.jpg","22533","4199968"
"C:\Users\flier\OneDrive\תמונות\Samsung Gallery\Android\media\com.whatsapp\WhatsApp\Media\WhatsApp Images\IMG-20181116-WA0013.jpg","IMG-20181116-WA0013.jpg","199916","4199968"
"C:\Users\flier\OneDrive\תמונות\Samsung Gallery\Android\media\com.whatsapp\WhatsApp\Media\WhatsApp Images\IMG-20181116-WA0014.jpg","IMG-20181116-WA0014.jpg","208690","4199968"
"C:\Users\flier\OneDrive\תמונות\Samsung Gallery\Android\media\com.whatsapp\WhatsApp\Media\WhatsApp Images\IMG-20181116-WA0015.jpg","IMG-20181116-WA0015.jpg","156078","4199968"
"C:\Users\flier\OneDrive\תמונות\Samsung Gallery\Android\media\com.whatsapp\WhatsApp\Media\WhatsApp Images\IMG-20181117-WA0000.jpg","IMG-20181117-WA0000.jpg","261686","4199968"
"C:\Users\flier\OneDrive\תמונות\Samsung Gallery\Android\media\com.whatsapp\WhatsApp\Media\WhatsApp Images\IMG-20181118-WA0000.jpeg","IMG-20181118-WA0000.jpeg","433371","4199968"
"C:\Users\flier\OneDrive\תמונות\Samsung Gallery\Android\media\com.whatsapp\WhatsApp\Media\WhatsApp Images\IMG-20181118-WA0003.jpg","IMG-20181118-WA0003.jpg","259659","4199968"
"C:\Users\flier\OneDrive\תמונות\Samsung Gallery\Android\media\com.whatsapp\WhatsApp\Media\WhatsApp Images\IMG-20181118-WA0005.jpg","IMG-20181118-WA0005.jpg","146529","4199968"
"C:\Users\flier\OneDrive\תמונות\Samsung Gallery\Android\media\com.whatsapp\WhatsApp\Media\WhatsApp Images\IMG-20181118-WA0006.jpg","IMG-20181118-WA0006.jpg","227767","4199968"
"C:\Users\flier\OneDrive\תמונות\Samsung Gallery\Android\media\com.whatsapp\WhatsApp\Media\WhatsApp Images\IMG-20181118-WA0007.jpg","IMG-20181118-WA0007.jpg","241861","4199968"
"C:\Users\flier\OneDrive\תמונות\Samsung Gallery\Android\media\com.whatsapp\WhatsApp\Media\WhatsApp Images\IMG-20181118-WA0009.jpg","IMG-20181118-WA0009.jpg","346308","4199968"
"C:\Users\flier\OneDrive\תמונות\Samsung Gallery\Android\media\com.whatsapp\WhatsApp\Media\WhatsApp Images\IMG-20181118-WA0010.jpg","IMG-20181118-WA0010.jpg","324711","4199968"
"C:\Users\flier\OneDrive\תמונות\Samsung Gallery\Android\media\com.whatsapp\WhatsApp\Media\WhatsApp Images\IMG-20181118-WA0011.jpg","IMG-20181118-WA0011.jpg","223861","4199968"
"C:\Users\flier\OneDrive\תמונות\Samsung Gallery\Android\media\com.whatsapp\WhatsApp\Media\WhatsApp Images\IMG-20181119-WA0000.jpg","IMG-20181119-WA0000.jpg","127189","4199968"
"C:\Users\flier\OneDrive\תמונות\Samsung Gallery\Android\media\com.whatsapp\WhatsApp\Media\WhatsApp Images\IMG-20181120-WA0002.jpg","IMG-20181120-WA0002.jpg","27770","4199968"
"C:\Users\flier\OneDrive\תמונות\Samsung Gallery\Android\media\com.whatsapp\WhatsApp\Media\WhatsApp Images\IMG-20181121-WA0002.jpg","IMG-20181121-WA0002.jpg","115794","4199968"
"C:\Users\flier\OneDrive\תמונות\Samsung Gallery\Android\media\com.whatsapp\WhatsApp\Media\WhatsApp Images\IMG-20181121-WA0003.jpg","IMG-20181121-WA0003.jpg","453663","4199968"
"C:\Users\flier\OneDrive\תמונות\Samsung Gallery\Android\media\com.whatsapp\WhatsApp\Media\WhatsApp Images\IMG-20181121-WA0004.jpg","IMG-20181121-WA0004.jpg","481088","4199968"
"C:\Users\flier\OneDrive\תמונות\Samsung Gallery\Android\media\com.whatsapp\WhatsApp\Media\WhatsApp Images\IMG-20181121-WA0005.jpg","IMG-20181121-WA0005.jpg","338870","4199968"
"C:\Users\flier\OneDrive\תמונות\Samsung Gallery\Android\media\com.whatsapp\WhatsApp\Media\WhatsApp Images\IMG-20181121-WA0006.jpg","IMG-20181121-WA0006.jpg","388576","4199968"
"C:\Users\flier\OneDrive\תמונות\Samsung Gallery\Android\media\com.whatsapp\WhatsApp\Media\WhatsApp Images\IMG-20181121-WA0007.jpg","IMG-20181121-WA0007.jpg","217492","4199968"
"C:\Users\flier\OneDrive\תמונות\Samsung Gallery\Android\media\com.whatsapp\WhatsApp\Media\WhatsApp Images\IMG-20181121-WA0008.jpg","IMG-20181121-WA0008.jpg","242805","4199968"
"C:\Users\flier\OneDrive\תמונות\Samsung Gallery\Android\media\com.whatsapp\WhatsApp\Media\WhatsApp Images\IMG-20181121-WA0009.jpg","IMG-20181121-WA0009.jpg","222126","4199968"
"C:\Users\flier\OneDrive\תמונות\Samsung Gallery\Android\media\com.whatsapp\WhatsApp\Media\WhatsApp Images\IMG-20181121-WA0010.jpg","IMG-20181121-WA0010.jpg","293018","4199968"
"C:\Users\flier\OneDrive\תמונות\Samsung Gallery\Android\media\com.whatsapp\WhatsApp\Media\WhatsApp Images\IMG-20181121-WA0011.jpg","IMG-20181121-WA0011.jpg","316809","4199968"
"C:\Users\flier\OneDrive\תמונות\Samsung Gallery\Android\media\com.whatsapp\WhatsApp\Media\WhatsApp Images\IMG-20181121-WA0012.jpg","IMG-20181121-WA0012.jpg","373954","4199968"
"C:\Users\flier\OneDrive\תמונות\Samsung Gallery\Android\media\com.whatsapp\WhatsApp\Media\WhatsApp Images\IMG-20181121-WA0013.jpg","IMG-20181121-WA0013.jpg","257146","4199968"
"C:\Users\flier\OneDrive\תמונות\Samsung Gallery\Android\media\com.whatsapp\WhatsApp\Media\WhatsApp Images\IMG-20181121-WA0014.jpg","IMG-20181121-WA0014.jpg","232918","4199968"
"C:\Users\flier\OneDrive\תמונות\Samsung Gallery\Android\media\com.whatsapp\WhatsApp\Media\WhatsApp Images\IMG-20181121-WA0015.jpg","IMG-20181121-WA0015.jpg","300769","4199968"
"C:\Users\flier\OneDrive\תמונות\Samsung Gallery\Android\media\com.whatsapp\WhatsApp\Media\WhatsApp Images\IMG-20181121-WA0016.jpg","IMG-20181121-WA0016.jpg","411117","4199968"
"C:\Users\flier\OneDrive\תמונות\Samsung Gallery\Android\media\com.whatsapp\WhatsApp\Media\WhatsApp Images\IMG-20181121-WA0017.jpg","IMG-20181121-WA0017.jpg","340770","4199968"
"C:\Users\flier\OneDrive\תמונות\Samsung Gallery\Android\media\com.whatsapp\WhatsApp\Media\WhatsApp Images\IMG-20181121-WA0018.jpg","IMG-20181121-WA0018.jpg","256878","4199968"
"C:\Users\flier\OneDrive\תמונות\Samsung Gallery\Android\media\com.whatsapp\WhatsApp\Media\WhatsApp Images\IMG-20181121-WA0019.jpg","IMG-20181121-WA0019.jpg","347882","4199968"
"C:\Users\flier\OneDrive\תמונות\Samsung Gallery\Android\media\com.whatsapp\WhatsApp\Media\WhatsApp Images\IMG-20181121-WA0020.jpg","IMG-20181121-WA0020.jpg","291601","4199968"
"C:\Users\flier\OneDrive\תמונות\Samsung Gallery\Android\media\com.whatsapp\WhatsApp\Media\WhatsApp Images\IMG-20181121-WA0021.jpg","IMG-20181121-WA0021.jpg","453663","4199968"
"C:\Users\flier\OneDrive\תמונות\Samsung Gallery\Android\media\com.whatsapp\WhatsApp\Media\WhatsApp Images\IMG-20181121-WA0022.jpg","IMG-20181121-WA0022.jpg","481088","4199968"
"C:\Users\flier\OneDrive\תמונות\Samsung Gallery\Android\media\com.whatsapp\WhatsApp\Media\WhatsApp Images\IMG-20181121-WA0023.jpg","IMG-20181121-WA0023.jpg","338870","4199968"
"C:\Users\flier\OneDrive\תמונות\Samsung Gallery\Android\media\com.whatsapp\WhatsApp\Media\WhatsApp Images\IMG-20181121-WA0024.jpg","IMG-20181121-WA0024.jpg","388576","4199968"
"C:\Users\flier\OneDrive\תמונות\Samsung Gallery\Android\media\com.whatsapp\WhatsApp\Media\WhatsApp Images\IMG-20181121-WA0025.jpg","IMG-20181121-WA0025.jpg","217492","4199968"
"C:\Users\flier\OneDrive\תמונות\Samsung Gallery\Android\media\com.whatsapp\WhatsApp\Media\WhatsApp Images\IMG-20181121-WA0026.jpg","IMG-20181121-WA0026.jpg","242805","4199968"
"C:\Users\flier\OneDrive\תמונות\Samsung Gallery\Android\media\com.whatsapp\WhatsApp\Media\WhatsApp Images\IMG-20181121-WA0027.jpg","IMG-20181121-WA0027.jpg","222126","4199968"
"C:\Users\flier\OneDrive\תמונות\Samsung Gallery\Android\media\com.whatsapp\WhatsApp\Media\WhatsApp Images\IMG-20181121-WA0028.jpg","IMG-20181121-WA0028.jpg","293018","4199968"
"C:\Users\flier\OneDrive\תמונות\Samsung Gallery\Android\media\com.whatsapp\WhatsApp\Media\WhatsApp Images\IMG-20181121-WA0029.jpg","IMG-20181121-WA0029.jpg","316809","4199968"
"C:\Users\flier\OneDrive\תמונות\Samsung Gallery\Android\media\com.whatsapp\WhatsApp\Media\WhatsApp Images\IMG-20181121-WA0030.jpg","IMG-20181121-WA0030.jpg","373954","4199968"
"C:\Users\flier\OneDrive\תמונות\Samsung Gallery\Android\media\com.whatsapp\WhatsApp\Media\WhatsApp Images\IMG-20181121-WA0031.jpg","IMG-20181121-WA0031.jpg","257146","4199968"
"C:\Users\flier\OneDrive\תמונות\Samsung Gallery\Android\media\com.whatsapp\WhatsApp\Media\WhatsApp Images\IMG-20181121-WA0032.jpg","IMG-20181121-WA0032.jpg","300769","4199968"
"C:\Users\flier\OneDrive\תמונות\Samsung Gallery\Android\media\com.whatsapp\WhatsApp\Media\WhatsApp Images\IMG-20181121-WA0033.jpg","IMG-20181121-WA0033.jpg","232918","4199968"
"C:\Users\flier\OneDrive\תמונות\Samsung Gallery\Android\media\com.whatsapp\WhatsApp\Media\WhatsApp Images\IMG-20181121-WA0034.jpg","IMG-20181121-WA0034.jpg","411117","4199968"
"C:\Users\flier\OneDrive\תמונות\Samsung Gallery\Android\media\com.whatsapp\WhatsApp\Media\WhatsApp Images\IMG-20181121-WA0035.jpg","IMG-20181121-WA0035.jpg","340770","4199968"
"C:\Users\flier\OneDrive\תמונות\Samsung Gallery\Android\media\com.whatsapp\WhatsApp\Media\WhatsApp Images\IMG-20181121-WA0036.jpg","IMG-20181121-WA0036.jpg","291601","4199968"
"C:\Users\flier\OneDrive\תמונות\Samsung Gallery\Android\media\com.whatsapp\WhatsApp\Media\WhatsApp Images\IMG-20181121-WA0037.jpg","IMG-20181121-WA0037.jpg","347882","4199968"
"C:\Users\flier\OneDrive\תמונות\Samsung Gallery\Android\media\com.whatsapp\WhatsApp\Media\WhatsApp Images\IMG-20181121-WA0038.jpg","IMG-20181121-WA0038.jpg","256878","4199968"
"C:\Users\flier\OneDrive\תמונות\Samsung Gallery\Android\media\com.whatsapp\WhatsApp\Media\WhatsApp Images\IMG-20181121-WA0039.jpg","IMG-20181121-WA0039.jpg","243368","4199968"
"C:\Users\flier\OneDrive\תמונות\Samsung Gallery\Android\media\com.whatsapp\WhatsApp\Media\WhatsApp Images\IMG-20181121-WA0040.jpg","IMG-20181121-WA0040.jpg","244571","4199968"
"C:\Users\flier\OneDrive\תמונות\Samsung Gallery\Android\media\com.whatsapp\WhatsApp\Media\WhatsApp Images\IMG-20181121-WA0041.jpg","IMG-20181121-WA0041.jpg","301267","4199968"
"C:\Users\flier\OneDrive\תמונות\Samsung Gallery\Android\media\com.whatsapp\WhatsApp\Media\WhatsApp Images\IMG-20181121-WA0042.jpg","IMG-20181121-WA0042.jpg","302408","4199968"
"C:\Users\flier\OneDrive\תמונות\Samsung Gallery\Android\media\com.whatsapp\WhatsApp\Media\WhatsApp Images\IMG-20181121-WA0043.jpg","IMG-20181121-WA0043.jpg","428875","4199968"
"C:\Users\flier\OneDrive\תמונות\Samsung Gallery\Android\media\com.whatsapp\WhatsApp\Media\WhatsApp Images\IMG-20181121-WA0044.jpg","IMG-20181121-WA0044.jpg","390659","4199968"
"C:\Users\flier\OneDrive\תמונות\Samsung Gallery\Android\media\com.whatsapp\WhatsApp\Media\WhatsApp Images\IMG-20181121-WA0045.jpg","IMG-20181121-WA0045.jpg","198550","4199968"
"C:\Users\flier\OneDrive\תמונות\Samsung Gallery\Android\media\com.whatsapp\WhatsApp\Media\WhatsApp Images\IMG-20181121-WA0046.jpg","IMG-20181121-WA0046.jpg","224406","4199968"
"C:\Users\flier\OneDrive\תמונות\Samsung Gallery\Android\media\com.whatsapp\WhatsApp\Media\WhatsApp Images\IMG-20181122-WA0000.jpg","IMG-20181122-WA0000.jpg","330311","4199968"
"C:\Users\flier\OneDrive\תמונות\Samsung Gallery\Android\media\com.whatsapp\WhatsApp\Media\WhatsApp Images\IMG-20181123-WA0001.jpg","IMG-20181123-WA0001.jpg","417486","4199968"
"C:\Users\flier\OneDrive\תמונות\Samsung Gallery\Android\media\com.whatsapp\WhatsApp\Media\WhatsApp Images\IMG-20181123-WA0002.jpg","IMG-20181123-WA0002.jpg","127398","4199968"
"C:\Users\flier\OneDrive\תמונות\Samsung Gallery\Android\media\com.whatsapp\WhatsApp\Media\WhatsApp Images\IMG-20181123-WA0003.jpg","IMG-20181123-WA0003.jpg","204978","4199968"
"C:\Users\flier\OneDrive\תמונות\Samsung Gallery\Android\media\com.whatsapp\WhatsApp\Media\WhatsApp Images\IMG-20181123-WA0004.jpg","IMG-20181123-WA0004.jpg","207764","4199968"
"C:\Users\flier\OneDrive\תמונות\Samsung Gallery\Android\media\com.whatsapp\WhatsApp\Media\WhatsApp Images\IMG-20181123-WA0005.jpg","IMG-20181123-WA0005.jpg","175078","4199968"
"C:\Users\flier\OneDrive\תמונות\Samsung Gallery\Android\media\com.whatsapp\WhatsApp\Media\WhatsApp Images\IMG-20181123-WA0006.jpg","IMG-20181123-WA0006.jpg","220562","4199968"
"C:\Users\flier\OneDrive\תמונות\Samsung Gallery\Android\media\com.whatsapp\WhatsApp\Media\WhatsApp Images\IMG-20181123-WA0007.jpg","IMG-20181123-WA0007.jpg","239432","4199968"
"C:\Users\flier\OneDrive\תמונות\Samsung Gallery\Android\media\com.whatsapp\WhatsApp\Media\WhatsApp Images\IMG-20181123-WA0008.jpg","IMG-20181123-WA0008.jpg","238915","4199968"
"C:\Users\flier\OneDrive\תמונות\Samsung Gallery\Android\media\com.whatsapp\WhatsApp\Media\WhatsApp Images\IMG-20181123-WA0009.jpg","IMG-20181123-WA0009.jpg","209068","4199968"
"C:\Users\flier\OneDrive\תמונות\Samsung Gallery\Android\media\com.whatsapp\WhatsApp\Media\WhatsApp Images\IMG-20181123-WA0010.jpg","IMG-20181123-WA0010.jpg","200872","4199968"
"C:\Users\flier\OneDrive\תמונות\Samsung Gallery\Android\media\com.whatsapp\WhatsApp\Media\WhatsApp Images\IMG-20181125-WA0001.jpg","IMG-20181125-WA0001.jpg","263182","4199968"
"C:\Users\flier\OneDrive\תמונות\Samsung Gallery\Android\media\com.whatsapp\WhatsApp\Media\WhatsApp Images\IMG-20181126-WA0003.jpg","IMG-20181126-WA0003.jpg","43085","4199968"
"C:\Users\flier\OneDrive\תמונות\Samsung Gallery\Android\media\com.whatsapp\WhatsApp\Media\WhatsApp Images\IMG-20181126-WA0015.jpg","IMG-20181126-WA0015.jpg","75831","4199968"
"C:\Users\flier\OneDrive\תמונות\Samsung Gallery\Android\media\com.whatsapp\WhatsApp\Media\WhatsApp Images\IMG-20181127-WA0000.jpg","IMG-20181127-WA0000.jpg","37719","4199968"
"C:\Users\flier\OneDrive\תמונות\Samsung Gallery\Android\media\com.whatsapp\WhatsApp\Media\WhatsApp Images\IMG-20181127-WA0003.jpg","IMG-20181127-WA0003.jpg","107302","4199968"
"C:\Users\flier\OneDrive\תמונות\Samsung Gallery\Android\media\com.whatsapp\WhatsApp\Media\WhatsApp Images\IMG-20181127-WA0004.jpg","IMG-20181127-WA0004.jpg","39880","4199968"
"C:\Users\flier\OneDrive\תמונות\Samsung Gallery\Android\media\com.whatsapp\WhatsApp\Media\WhatsApp Images\IMG-20181128-WA0000.jpg","IMG-20181128-WA0000.jpg","128682","4199968"
"C:\Users\flier\OneDrive\תמונות\Samsung Gallery\Android\media\com.whatsapp\WhatsApp\Media\WhatsApp Images\IMG-20181129-WA0000.jpg","IMG-20181129-WA0000.jpg","102896","4199968"
"C:\Users\flier\OneDrive\תמונות\Samsung Gallery\Android\media\com.whatsapp\WhatsApp\Media\WhatsApp Images\IMG-20181129-WA0001.jpg","IMG-20181129-WA0001.jpg","201032","4199968"
"C:\Users\flier\OneDrive\תמונות\Samsung Gallery\Android\media\com.whatsapp\WhatsApp\Media\WhatsApp Images\IMG-20181129-WA0002.jpg","IMG-20181129-WA0002.jpg","176015","4199968"
"C:\Users\flier\OneDrive\תמונות\Samsung Gallery\Android\media\com.whatsapp\WhatsApp\Media\WhatsApp Images\IMG-20181129-WA0003.jpg","IMG-20181129-WA0003.jpg","184068","4199968"
"C:\Users\flier\OneDrive\תמונות\Samsung Gallery\Android\media\com.whatsapp\WhatsApp\Media\WhatsApp Images\IMG-20181129-WA0004.jpg","IMG-20181129-WA0004.jpg","181556","4199968"
"C:\Users\flier\OneDrive\תמונות\Samsung Gallery\Android\media\com.whatsapp\WhatsApp\Media\WhatsApp Images\IMG-20181129-WA0005.jpg","IMG-20181129-WA0005.jpg","161931","4199968"
"C:\Users\flier\OneDrive\תמונות\Samsung Gallery\Android\media\com.whatsapp\WhatsApp\Media\WhatsApp Images\IMG-20181129-WA0006.jpg","IMG-20181129-WA0006.jpg","181688","4199968"
"C:\Users\flier\OneDrive\תמונות\Samsung Gallery\Android\media\com.whatsapp\WhatsApp\Media\WhatsApp Images\IMG-20181129-WA0007.jpg","IMG-20181129-WA0007.jpg","227650","4199968"
"C:\Users\flier\OneDrive\תמונות\Samsung Gallery\Android\media\com.whatsapp\WhatsApp\Media\WhatsApp Images\IMG-20181129-WA0008.jpg","IMG-20181129-WA0008.jpg","219902","4199968"
"C:\Users\flier\OneDrive\תמונות\Samsung Gallery\Android\media\com.whatsapp\WhatsApp\Media\WhatsApp Images\IMG-20181129-WA0009.jpg","IMG-20181129-WA0009.jpg","131200","4199968"
"C:\Users\flier\OneDrive\תמונות\Samsung Gallery\Android\media\com.whatsapp\WhatsApp\Media\WhatsApp Images\IMG-20181129-WA0010.jpg","IMG-20181129-WA0010.jpg","189406","4199968"
"C:\Users\flier\OneDrive\תמונות\Samsung Gallery\Android\media\com.whatsapp\WhatsApp\Media\WhatsApp Images\IMG-20181129-WA0011.jpg","IMG-20181129-WA0011.jpg","184128","4199968"
"C:\Users\flier\OneDrive\תמונות\Samsung Gallery\Android\media\com.whatsapp\WhatsApp\Media\WhatsApp Images\IMG-20181129-WA0012.jpg","IMG-20181129-WA0012.jpg","148356","4199968"
"C:\Users\flier\OneDrive\תמונות\Samsung Gallery\Android\media\com.whatsapp\WhatsApp\Media\WhatsApp Images\IMG-20181129-WA0013.jpg","IMG-20181129-WA0013.jpg","174057","4199968"
"C:\Users\flier\OneDrive\תמונות\Samsung Gallery\Android\media\com.whatsapp\WhatsApp\Media\WhatsApp Images\IMG-20181129-WA0014.jpg","IMG-20181129-WA0014.jpg","121334","4199968"
"C:\Users\flier\OneDrive\תמונות\Samsung Gallery\Android\media\com.whatsapp\WhatsApp\Media\WhatsApp Images\IMG-20181129-WA0015.jpg","IMG-20181129-WA0015.jpg","144727","4199968"
"C:\Users\flier\OneDrive\תמונות\Samsung Gallery\Android\media\com.whatsapp\WhatsApp\Media\WhatsApp Images\IMG-20181129-WA0017.jpg","IMG-20181129-WA0017.jpg","160366","4199968"
"C:\Users\flier\OneDrive\תמונות\Samsung Gallery\Android\media\com.whatsapp\WhatsApp\Media\WhatsApp Images\IMG-20181129-WA0019.jpg","IMG-20181129-WA0019.jpg","170847","4199968"
"C:\Users\flier\OneDrive\תמונות\Samsung Gallery\Android\media\com.whatsapp\WhatsApp\Media\WhatsApp Images\IMG-20181129-WA0020.jpg","IMG-20181129-WA0020.jpg","161710","4199968"
"C:\Users\flier\OneDrive\תמונות\Samsung Gallery\Android\media\com.whatsapp\WhatsApp\Media\WhatsApp Images\IMG-20181129-WA0021.jpg","IMG-20181129-WA0021.jpg","142451","4199968"
"C:\Users\flier\OneDrive\תמונות\Samsung Gallery\Android\media\com.whatsapp\WhatsApp\Media\WhatsApp Images\IMG-20181129-WA0022.jpg","IMG-20181129-WA0022.jpg","165506","4199968"
"C:\Users\flier\OneDrive\תמונות\Samsung Gallery\Android\media\com.whatsapp\WhatsApp\Media\WhatsApp Images\IMG-20181129-WA0024.jpg","IMG-20181129-WA0024.jpg","167170","4199968"
"C:\Users\flier\OneDrive\תמונות\Samsung Gallery\Android\media\com.whatsapp\WhatsApp\Media\WhatsApp Images\IMG-20181129-WA0025.jpg","IMG-20181129-WA0025.jpg","187337","4199968"
"C:\Users\flier\OneDrive\תמונות\Samsung Gallery\Android\media\com.whatsapp\WhatsApp\Media\WhatsApp Images\IMG-20181129-WA0026.jpg","IMG-20181129-WA0026.jpg","166981","4199968"
"C:\Users\flier\OneDrive\תמונות\Samsung Gallery\Android\media\com.whatsapp\WhatsApp\Media\WhatsApp Images\IMG-20181129-WA0027.jpg","IMG-20181129-WA0027.jpg","187298","4199968"
"C:\Users\flier\OneDrive\תמונות\Samsung Gallery\Android\media\com.whatsapp\WhatsApp\Media\WhatsApp Images\IMG-20181129-WA0028.jpg","IMG-20181129-WA0028.jpg","157406","4199968"
"C:\Users\flier\OneDrive\תמונות\Samsung Gallery\Android\media\com.whatsapp\WhatsApp\Media\WhatsApp Images\IMG-20181129-WA0029.jpg","IMG-20181129-WA0029.jpg","231403","4199968"
"C:\Users\flier\OneDrive\תמונות\Samsung Gallery\Android\media\com.whatsapp\WhatsApp\Media\WhatsApp Images\IMG-20181129-WA0030.jpg","IMG-20181129-WA0030.jpg","187588","4199968"
"C:\Users\flier\OneDrive\תמונות\Samsung Gallery\Android\media\com.whatsapp\WhatsApp\Media\WhatsApp Images\IMG-20181129-WA0031.jpg","IMG-20181129-WA0031.jpg","156574","4199968"
"C:\Users\flier\OneDrive\תמונות\Samsung Gallery\Android\media\com.whatsapp\WhatsApp\Media\WhatsApp Images\IMG-20181129-WA0032.jpg","IMG-20181129-WA0032.jpg","189225","4199968"
"C:\Users\flier\OneDrive\תמונות\Samsung Gallery\Android\media\com.whatsapp\WhatsApp\Media\WhatsApp Images\IMG-20181129-WA0033.jpg","IMG-20181129-WA0033.jpg","149108","4199968"
"C:\Users\flier\OneDrive\תמונות\Samsung Gallery\Android\media\com.whatsapp\WhatsApp\Media\WhatsApp Images\IMG-20181129-WA0034.jpg","IMG-20181129-WA0034.jpg","213014","4199968"
"C:\Users\flier\OneDrive\תמונות\Samsung Gallery\Android\media\com.whatsapp\WhatsApp\Media\WhatsApp Images\IMG-20181129-WA0035.jpg","IMG-20181129-WA0035.jpg","159294","4199968"
"C:\Users\flier\OneDrive\תמונות\Samsung Gallery\Android\media\com.whatsapp\WhatsApp\Media\WhatsApp Images\IMG-20181129-WA0036.jpg","IMG-20181129-WA0036.jpg","196182","4199968"
"C:\Users\flier\OneDrive\תמונות\Samsung Gallery\Android\media\com.whatsapp\WhatsApp\Media\WhatsApp Images\IMG-20181129-WA0037.jpg","IMG-20181129-WA0037.jpg","157423","4199968"
"C:\Users\flier\OneDrive\תמונות\Samsung Gallery\Android\media\com.whatsapp\WhatsApp\Media\WhatsApp Images\IMG-20181129-WA0038.jpg","IMG-20181129-WA0038.jpg","201950","4199968"
"C:\Users\flier\OneDrive\תמונות\Samsung Gallery\Android\media\com.whatsapp\WhatsApp\Media\WhatsApp Images\IMG-20181129-WA0039.jpg","IMG-20181129-WA0039.jpg","213359","4199968"
"C:\Users\flier\OneDrive\תמונות\Samsung Gallery\Android\media\com.whatsapp\WhatsApp\Media\WhatsApp Images\IMG-20181129-WA0040.jpg","IMG-20181129-WA0040.jpg","193453","4199968"
"C:\Users\flier\OneDrive\תמונות\Samsung Gallery\Android\media\com.whatsapp\WhatsApp\Media\WhatsApp Images\IMG-20181129-WA0041.jpg","IMG-20181129-WA0041.jpg","191546","4199968"
"C:\Users\flier\OneDrive\תמונות\Samsung Gallery\Android\media\com.whatsapp\WhatsApp\Media\WhatsApp Images\IMG-20181129-WA0042.jpg","IMG-20181129-WA0042.jpg","210130","4199968"
"C:\Users\flier\OneDrive\תמונות\Samsung Gallery\Android\media\com.whatsapp\WhatsApp\Media\WhatsApp Images\IMG-20181129-WA0043.jpg","IMG-20181129-WA0043.jpg","210251","4199968"
"C:\Users\flier\OneDrive\תמונות\Samsung Gallery\Android\media\com.whatsapp\WhatsApp\Media\WhatsApp Images\IMG-20181129-WA0044.jpg","IMG-20181129-WA0044.jpg","218692","4199968"
"C:\Users\flier\OneDrive\תמונות\Samsung Gallery\Android\media\com.whatsapp\WhatsApp\Media\WhatsApp Images\IMG-20181129-WA0045.jpg","IMG-20181129-WA0045.jpg","238757","4199968"
"C:\Users\flier\OneDrive\תמונות\Samsung Gallery\Android\media\com.whatsapp\WhatsApp\Media\WhatsApp Images\IMG-20181130-WA0000.jpg","IMG-20181130-WA0000.jpg","443784","4199968"
"C:\Users\flier\OneDrive\תמונות\Samsung Gallery\Android\media\com.whatsapp\WhatsApp\Media\WhatsApp Images\IMG-20181201-WA0000.jpg","IMG-20181201-WA0000.jpg","25977","4199968"
"C:\Users\flier\OneDrive\תמונות\Samsung Gallery\Android\media\com.whatsapp\WhatsApp\Media\WhatsApp Images\IMG-20181201-WA0002.jpg","IMG-20181201-WA0002.jpg","109134","4199968"
"C:\Users\flier\OneDrive\תמונות\Samsung Gallery\Android\media\com.whatsapp\WhatsApp\Media\WhatsApp Images\IMG-20181202-WA0000.jpg","IMG-20181202-WA0000.jpg","67650","4199968"
"C:\Users\flier\OneDrive\תמונות\Samsung Gallery\Android\media\com.whatsapp\WhatsApp\Media\WhatsApp Images\IMG-20181202-WA0001.jpg","IMG-20181202-WA0001.jpg","186979","4199968"
"C:\Users\flier\OneDrive\תמונות\Samsung Gallery\Android\media\com.whatsapp\WhatsApp\Media\WhatsApp Images\IMG-20181202-WA0002.jpg","IMG-20181202-WA0002.jpg","209980","4199968"
"C:\Users\flier\OneDrive\תמונות\Samsung Gallery\Android\media\com.whatsapp\WhatsApp\Media\WhatsApp Images\IMG-20181205-WA0000.jpeg","IMG-20181205-WA0000.jpeg","519094","4199968"
"C:\Users\flier\OneDrive\תמונות\Samsung Gallery\Android\media\com.whatsapp\WhatsApp\Media\WhatsApp Images\IMG-20181205-WA0002.jpg","IMG-20181205-WA0002.jpg","132292","4199968"
"C:\Users\flier\OneDrive\תמונות\Samsung Gallery\Android\media\com.whatsapp\WhatsApp\Media\WhatsApp Images\IMG-20181206-WA0000.jpg","IMG-20181206-WA0000.jpg","143759","4199968"
"C:\Users\flier\OneDrive\תמונות\Samsung Gallery\Android\media\com.whatsapp\WhatsApp\Media\WhatsApp Images\IMG-20181206-WA0001.jpg","IMG-20181206-WA0001.jpg","113373","4199968"
"C:\Users\flier\OneDrive\תמונות\Samsung Gallery\Android\media\com.whatsapp\WhatsApp\Media\WhatsApp Images\IMG-20181207-WA0000.jpg","IMG-20181207-WA0000.jpg","186435","4199968"
"C:\Users\flier\OneDrive\תמונות\Samsung Gallery\Android\media\com.whatsapp\WhatsApp\Media\WhatsApp Images\IMG-20181207-WA0001.jpeg","IMG-20181207-WA0001.jpeg","1043872","4199968"
"C:\Users\flier\OneDrive\תמונות\Samsung Gallery\Android\media\com.whatsapp\WhatsApp\Media\WhatsApp Images\IMG-20181207-WA0003.jpg","IMG-20181207-WA0003.jpg","285335","4199968"
"C:\Users\flier\OneDrive\תמונות\Samsung Gallery\Android\media\com.whatsapp\WhatsApp\Media\WhatsApp Images\IMG-20181208-WA0000.jpg","IMG-20181208-WA0000.jpg","56880","4199968"
"C:\Users\flier\OneDrive\תמונות\Samsung Gallery\Android\media\com.whatsapp\WhatsApp\Media\WhatsApp Images\IMG-20181208-WA0001.jpg","IMG-20181208-WA0001.jpg","191485","4199968"
"C:\Users\flier\OneDrive\תמונות\Samsung Gallery\Android\media\com.whatsapp\WhatsApp\Media\WhatsApp Images\IMG-20181209-WA0001.jpg","IMG-20181209-WA0001.jpg","287563","4199968"
"C:\Users\flier\OneDrive\תמונות\Samsung Gallery\Android\media\com.whatsapp\WhatsApp\Media\WhatsApp Images\IMG-20181209-WA0002.jpg","IMG-20181209-WA0002.jpg","218247","4199968"
"C:\Users\flier\OneDrive\תמונות\Samsung Gallery\Android\media\com.whatsapp\WhatsApp\Media\WhatsApp Images\IMG-20181209-WA0003.jpg","IMG-20181209-WA0003.jpg","276873","4199968"
"C:\Users\flier\OneDrive\תמונות\Samsung Gallery\Android\media\com.whatsapp\WhatsApp\Media\WhatsApp Images\IMG-20181210-WA0007.jpg","IMG-20181210-WA0007.jpg","116240","4199968"
"C:\Users\flier\OneDrive\תמונות\Samsung Gallery\Android\media\com.whatsapp\WhatsApp\Media\WhatsApp Images\IMG-20181210-WA0010.jpg","IMG-20181210-WA0010.jpg","47948","4199968"
"C:\Users\flier\OneDrive\תמונות\Samsung Gallery\Android\media\com.whatsapp\WhatsApp\Media\WhatsApp Images\IMG-20181210-WA0011.jpg","IMG-20181210-WA0011.jpg","130840","4199968"
"C:\Users\flier\OneDrive\תמונות\Samsung Gallery\Android\media\com.whatsapp\WhatsApp\Media\WhatsApp Images\IMG-20181210-WA0012.jpg","IMG-20181210-WA0012.jpg","89387","4199968"
"C:\Users\flier\OneDrive\תמונות\Samsung Gallery\Android\media\com.whatsapp\WhatsApp\Media\WhatsApp Images\IMG-20181210-WA0013.jpg","IMG-20181210-WA0013.jpg","112793","4199968"
"C:\Users\flier\OneDrive\תמונות\Samsung Gallery\Android\media\com.whatsapp\WhatsApp\Media\WhatsApp Images\IMG-20181210-WA0014.jpg","IMG-20181210-WA0014.jpg","24701","4199968"
"C:\Users\flier\OneDrive\תמונות\Samsung Gallery\Android\media\com.whatsapp\WhatsApp\Media\WhatsApp Images\IMG-20181210-WA0015.jpg","IMG-20181210-WA0015.jpg","139894","4199968"
"C:\Users\flier\OneDrive\תמונות\Samsung Gallery\Android\media\com.whatsapp\WhatsApp\Media\WhatsApp Images\IMG-20181210-WA0016.jpg","IMG-20181210-WA0016.jpg","149374","4199968"
"C:\Users\flier\OneDrive\תמונות\Samsung Gallery\Android\media\com.whatsapp\WhatsApp\Media\WhatsApp Images\IMG-20181211-WA0000.jpg","IMG-20181211-WA0000.jpg","65088","4199968"
"C:\Users\flier\OneDrive\תמונות\Samsung Gallery\Android\media\com.whatsapp\WhatsApp\Media\WhatsApp Images\IMG-20181211-WA0007.jpg","IMG-20181211-WA0007.jpg","102920","4199968"
"C:\Users\flier\OneDrive\תמונות\Samsung Gallery\Android\media\com.whatsapp\WhatsApp\Media\WhatsApp Images\IMG-20181212-WA0000.jpg","IMG-20181212-WA0000.jpg","208468","4199968"
"C:\Users\flier\OneDrive\תמונות\Samsung Gallery\Android\media\com.whatsapp\WhatsApp\Media\WhatsApp Images\IMG-20181212-WA0001.jpg","IMG-20181212-WA0001.jpg","56307","4199968"
"C:\Users\flier\OneDrive\תמונות\Samsung Gallery\Android\media\com.whatsapp\WhatsApp\Media\WhatsApp Images\IMG-20181212-WA0002.jpg","IMG-20181212-WA0002.jpg","71053","4199968"
"C:\Users\flier\OneDrive\תמונות\Samsung Gallery\Android\media\com.whatsapp\WhatsApp\Media\WhatsApp Images\IMG-20181213-WA0000.jpg","IMG-20181213-WA0000.jpg","105571","4199968"
"C:\Users\flier\OneDrive\תמונות\Samsung Gallery\Android\media\com.whatsapp\WhatsApp\Media\WhatsApp Images\IMG-20181214-WA0003.jpg","IMG-20181214-WA0003.jpg","344784","4199968"
"C:\Users\flier\OneDrive\תמונות\Samsung Gallery\Android\media\com.whatsapp\WhatsApp\Media\WhatsApp Images\IMG-20181215-WA0001.jpg","IMG-20181215-WA0001.jpg","158027","4199968"
"C:\Users\flier\OneDrive\תמונות\Samsung Gallery\Android\media\com.whatsapp\WhatsApp\Media\WhatsApp Images\IMG-20181215-WA0002.jpg","IMG-20181215-WA0002.jpg","216116","4199968"
"C:\Users\flier\OneDrive\תמונות\Samsung Gallery\Android\media\com.whatsapp\WhatsApp\Media\WhatsApp Images\IMG-20181215-WA0003.jpg","IMG-20181215-WA0003.jpg","257610","4199968"
"C:\Users\flier\OneDrive\תמונות\Samsung Gallery\Android\media\com.whatsapp\WhatsApp\Media\WhatsApp Images\IMG-20181216-WA0000.jpg","IMG-20181216-WA0000.jpg","293069","4199968"
"C:\Users\flier\OneDrive\תמונות\Samsung Gallery\Android\media\com.whatsapp\WhatsApp\Media\WhatsApp Images\IMG-20181216-WA0022.jpg","IMG-20181216-WA0022.jpg","134810","4199968"
"C:\Users\flier\OneDrive\תמונות\Samsung Gallery\Android\media\com.whatsapp\WhatsApp\Media\WhatsApp Images\IMG-20181216-WA0028.jpg","IMG-20181216-WA0028.jpg","170880","4199968"
"C:\Users\flier\OneDrive\תמונות\Samsung Gallery\Android\media\com.whatsapp\WhatsApp\Media\WhatsApp Images\IMG-20181217-WA0001.jpg","IMG-20181217-WA0001.jpg","137649","4199968"
"C:\Users\flier\OneDrive\תמונות\Samsung Gallery\Android\media\com.whatsapp\WhatsApp\Media\WhatsApp Images\IMG-20181217-WA0002.jpg","IMG-20181217-WA0002.jpg","178188","4199968"
"C:\Users\flier\OneDrive\תמונות\Samsung Gallery\Android\media\com.whatsapp\WhatsApp\Media\WhatsApp Images\IMG-20181219-WA0005.jpg","IMG-20181219-WA0005.jpg","157011","4199968"
"C:\Users\flier\OneDrive\תמונות\Samsung Gallery\Android\media\com.whatsapp\WhatsApp\Media\WhatsApp Images\IMG-20181221-WA0000.jpg","IMG-20181221-WA0000.jpg","419541","4199968"
"C:\Users\flier\OneDrive\תמונות\Samsung Gallery\Android\media\com.whatsapp\WhatsApp\Media\WhatsApp Images\IMG-20181221-WA0001.jpg","IMG-20181221-WA0001.jpg","290908","4199968"
"C:\Users\flier\OneDrive\תמונות\Samsung Gallery\Android\media\com.whatsapp\WhatsApp\Media\WhatsApp Images\IMG-20181221-WA0002.jpg","IMG-20181221-WA0002.jpg","290264","4199968"
"C:\Users\flier\OneDrive\תמונות\Samsung Gallery\Android\media\com.whatsapp\WhatsApp\Media\WhatsApp Images\IMG-20181221-WA0003.jpg","IMG-20181221-WA0003.jpg","348202","4199968"
"C:\Users\flier\OneDrive\תמונות\Samsung Gallery\Android\media\com.whatsapp\WhatsApp\Media\WhatsApp Images\IMG-20181221-WA0004.jpg","IMG-20181221-WA0004.jpg","304453","4199968"
"C:\Users\flier\OneDrive\תמונות\Samsung Gallery\Android\media\com.whatsapp\WhatsApp\Media\WhatsApp Images\IMG-20181221-WA0005.jpg","IMG-20181221-WA0005.jpg","249326","4199968"
"C:\Users\flier\OneDrive\תמונות\Samsung Gallery\Android\media\com.whatsapp\WhatsApp\Media\WhatsApp Images\IMG-20181221-WA0006.jpg","IMG-20181221-WA0006.jpg","245721","4199968"
"C:\Users\flier\OneDrive\תמונות\Samsung Gallery\Android\media\com.whatsapp\WhatsApp\Media\WhatsApp Images\IMG-20181221-WA0007.jpg","IMG-20181221-WA0007.jpg","236213","4199968"
"C:\Users\flier\OneDrive\תמונות\Samsung Gallery\Android\media\com.whatsapp\WhatsApp\Media\WhatsApp Images\IMG-20181221-WA0008.jpg","IMG-20181221-WA0008.jpg","257631","4199968"
"C:\Users\flier\OneDrive\תמונות\Samsung Gallery\Android\media\com.whatsapp\WhatsApp\Media\WhatsApp Images\IMG-20181221-WA0009.jpg","IMG-20181221-WA0009.jpg","239464","4199968"
"C:\Users\flier\OneDrive\תמונות\Samsung Gallery\Android\media\com.whatsapp\WhatsApp\Media\WhatsApp Images\IMG-20181221-WA0010.jpg","IMG-20181221-WA0010.jpg","219291","4199968"
"C:\Users\flier\OneDrive\תמונות\Samsung Gallery\Android\media\com.whatsapp\WhatsApp\Media\WhatsApp Images\IMG-20181221-WA0011.jpg","IMG-20181221-WA0011.jpg","214307","4199968"
"C:\Users\flier\OneDrive\תמונות\Samsung Gallery\Android\media\com.whatsapp\WhatsApp\Media\WhatsApp Images\IMG-20181221-WA0012.jpg","IMG-20181221-WA0012.jpg","331094","4199968"
"C:\Users\flier\OneDrive\תמונות\Samsung Gallery\Android\media\com.whatsapp\WhatsApp\Media\WhatsApp Images\IMG-20181221-WA0013.jpg","IMG-20181221-WA0013.jpg","231337","4199968"
"C:\Users\flier\OneDrive\תמונות\Samsung Gallery\Android\media\com.whatsapp\WhatsApp\Media\WhatsApp Images\IMG-20181221-WA0014.jpg","IMG-20181221-WA0014.jpg","276741","4199968"
"C:\Users\flier\OneDrive\תמונות\Samsung Gallery\Android\media\com.whatsapp\WhatsApp\Media\WhatsApp Images\IMG-20181221-WA0015.jpg","IMG-20181221-WA0015.jpg","223499","4199968"
"C:\Users\flier\OneDrive\תמונות\Samsung Gallery\Android\media\com.whatsapp\WhatsApp\Media\WhatsApp Images\IMG-20181221-WA0016.jpg","IMG-20181221-WA0016.jpg","282494","4199968"
"C:\Users\flier\OneDrive\תמונות\Samsung Gallery\Android\media\com.whatsapp\WhatsApp\Media\WhatsApp Images\IMG-20181221-WA0017.jpg","IMG-20181221-WA0017.jpg","298087","4199968"
"C:\Users\flier\OneDrive\תמונות\Samsung Gallery\Android\media\com.whatsapp\WhatsApp\Media\WhatsApp Images\IMG-20181221-WA0019.jpg","IMG-20181221-WA0019.jpg","27417","4199968"
"C:\Users\flier\OneDrive\תמונות\Samsung Gallery\Android\media\com.whatsapp\WhatsApp\Media\WhatsApp Images\IMG-20181222-WA0000.jpg","IMG-20181222-WA0000.jpg","56252","4199968"
"C:\Users\flier\OneDrive\תמונות\Samsung Gallery\Android\media\com.whatsapp\WhatsApp\Media\WhatsApp Images\IMG-20181224-WA0000.jpg","IMG-20181224-WA0000.jpg","39216","4199968"
"C:\Users\flier\OneDrive\תמונות\Samsung Gallery\Android\media\com.whatsapp\WhatsApp\Media\WhatsApp Images\IMG-20181224-WA0004.jpg","IMG-20181224-WA0004.jpg","50254","4199968"
"C:\Users\flier\OneDrive\תמונות\Samsung Gallery\Android\media\com.whatsapp\WhatsApp\Media\WhatsApp Images\IMG-20181225-WA0000.jpg","IMG-20181225-WA0000.jpg","251743","4199968"
"C:\Users\flier\OneDrive\תמונות\Samsung Gallery\Android\media\com.whatsapp\WhatsApp\Media\WhatsApp Images\IMG-20181225-WA0001.jpg","IMG-20181225-WA0001.jpg","45205","4199968"
"C:\Users\flier\OneDrive\תמונות\Samsung Gallery\Android\media\com.whatsapp\WhatsApp\Media\WhatsApp Images\IMG-20181226-WA0001.jpg","IMG-20181226-WA0001.jpg","517915","4199968"
"C:\Users\flier\OneDrive\תמונות\Samsung Gallery\Android\media\com.whatsapp\WhatsApp\Media\WhatsApp Images\IMG-20181226-WA0002.jpg","IMG-20181226-WA0002.jpg","529287","4199968"
"C:\Users\flier\OneDrive\תמונות\Samsung Gallery\Android\media\com.whatsapp\WhatsApp\Media\WhatsApp Images\IMG-20181226-WA0003.jpg","IMG-20181226-WA0003.jpg","576001","4199968"
"C:\Users\flier\OneDrive\תמונות\Samsung Gallery\Android\media\com.whatsapp\WhatsApp\Media\WhatsApp Images\IMG-20181226-WA0004.jpg","IMG-20181226-WA0004.jpg","531396","4199968"
"C:\Users\flier\OneDrive\תמונות\Samsung Gallery\Android\media\com.whatsapp\WhatsApp\Media\WhatsApp Images\IMG-20181226-WA0005.jpg","IMG-20181226-WA0005.jpg","584661","4199968"
"C:\Users\flier\OneDrive\תמונות\Samsung Gallery\Android\media\com.whatsapp\WhatsApp\Media\WhatsApp Images\IMG-20181226-WA0006.jpg","IMG-20181226-WA0006.jpg","549534","4199968"
"C:\Users\flier\OneDrive\תמונות\Samsung Gallery\Android\media\com.whatsapp\WhatsApp\Media\WhatsApp Images\IMG-20181226-WA0007.jpg","IMG-20181226-WA0007.jpg","572882","4199968"
"C:\Users\flier\OneDrive\תמונות\Samsung Gallery\Android\media\com.whatsapp\WhatsApp\Media\WhatsApp Images\IMG-20181226-WA0008.jpg","IMG-20181226-WA0008.jpg","564875","4199968"
"C:\Users\flier\OneDrive\תמונות\Samsung Gallery\Android\media\com.whatsapp\WhatsApp\Media\WhatsApp Images\IMG-20181226-WA0009.jpg","IMG-20181226-WA0009.jpg","510536","4199968"
"C:\Users\flier\OneDrive\תמונות\Samsung Gallery\Android\media\com.whatsapp\WhatsApp\Media\WhatsApp Images\IMG-20181226-WA0010.jpg","IMG-20181226-WA0010.jpg","514313","4199968"
"C:\Users\flier\OneDrive\תמונות\Samsung Gallery\Android\media\com.whatsapp\WhatsApp\Media\WhatsApp Images\IMG-20181226-WA0011.jpg","IMG-20181226-WA0011.jpg","523010","4199968"
"C:\Users\flier\OneDrive\תמונות\Samsung Gallery\Android\media\com.whatsapp\WhatsApp\Media\WhatsApp Images\IMG-20181226-WA0012.jpg","IMG-20181226-WA0012.jpg","552618","4199968"
"C:\Users\flier\OneDrive\תמונות\Samsung Gallery\Android\media\com.whatsapp\WhatsApp\Media\WhatsApp Images\IMG-20181226-WA0013.jpg","IMG-20181226-WA0013.jpg","565778","4199968"
"C:\Users\flier\OneDrive\תמונות\Samsung Gallery\Android\media\com.whatsapp\WhatsApp\Media\WhatsApp Images\IMG-20181226-WA0014.jpg","IMG-20181226-WA0014.jpg","545739","4199968"
"C:\Users\flier\OneDrive\תמונות\Samsung Gallery\Android\media\com.whatsapp\WhatsApp\Media\WhatsApp Images\IMG-20181226-WA0015.jpg","IMG-20181226-WA0015.jpg","549559","4199968"
"C:\Users\flier\OneDrive\תמונות\Samsung Gallery\Android\media\com.whatsapp\WhatsApp\Media\WhatsApp Images\IMG-20181226-WA0016.jpg","IMG-20181226-WA0016.jpg","250145","4199968"
"C:\Users\flier\OneDrive\תמונות\Samsung Gallery\Android\media\com.whatsapp\WhatsApp\Media\WhatsApp Images\IMG-20181226-WA0017.jpg","IMG-20181226-WA0017.jpg","233257","4199968"
"C:\Users\flier\OneDrive\תמונות\Samsung Gallery\Android\media\com.whatsapp\WhatsApp\Media\WhatsApp Images\IMG-20181226-WA0018.jpg","IMG-20181226-WA0018.jpg","275830","4199968"
"C:\Users\flier\OneDrive\תמונות\Samsung Gallery\Android\media\com.whatsapp\WhatsApp\Media\WhatsApp Images\IMG-20181226-WA0019.jpg","IMG-20181226-WA0019.jpg","341267","4199968"
"C:\Users\flier\OneDrive\תמונות\Samsung Gallery\Android\media\com.whatsapp\WhatsApp\Media\WhatsApp Images\IMG-20181226-WA0020.jpg","IMG-20181226-WA0020.jpg","253489","4199968"
"C:\Users\flier\OneDrive\תמונות\Samsung Gallery\Android\media\com.whatsapp\WhatsApp\Media\WhatsApp Images\IMG-20181226-WA0021.jpg","IMG-20181226-WA0021.jpg","243487","4199968"
"C:\Users\flier\OneDrive\תמונות\Samsung Gallery\Android\media\com.whatsapp\WhatsApp\Media\WhatsApp Images\IMG-20181226-WA0022.jpg","IMG-20181226-WA0022.jpg","248513","4199968"
"C:\Users\flier\OneDrive\תמונות\Samsung Gallery\Android\media\com.whatsapp\WhatsApp\Media\WhatsApp Images\IMG-20181226-WA0023.jpg","IMG-20181226-WA0023.jpg","282868","4199968"
"C:\Users\flier\OneDrive\תמונות\Samsung Gallery\Android\media\com.whatsapp\WhatsApp\Media\WhatsApp Images\IMG-20181226-WA0024.jpg","IMG-20181226-WA0024.jpg","344350","4199968"
"C:\Users\flier\OneDrive\תמונות\Samsung Gallery\Android\media\com.whatsapp\WhatsApp\Media\WhatsApp Images\IMG-20181227-WA0000.jpg","IMG-20181227-WA0000.jpg","293360","4199968"
"C:\Users\flier\OneDrive\תמונות\Samsung Gallery\Android\media\com.whatsapp\WhatsApp\Media\WhatsApp Images\IMG-20181227-WA0002.jpg","IMG-20181227-WA0002.jpg","91962","4199968"
"C:\Users\flier\OneDrive\תמונות\Samsung Gallery\Android\media\com.whatsapp\WhatsApp\Media\WhatsApp Images\IMG-20181228-WA0000.jpg","IMG-20181228-WA0000.jpg","270839","4199968"
"C:\Users\flier\OneDrive\תמונות\Samsung Gallery\Android\media\com.whatsapp\WhatsApp\Media\WhatsApp Images\IMG-20181229-WA0004.jpg","IMG-20181229-WA0004.jpg","120217","4199968"
"C:\Users\flier\OneDrive\תמונות\Samsung Gallery\Android\media\com.whatsapp\WhatsApp\Media\WhatsApp Images\IMG-20181229-WA0005.jpg","IMG-20181229-WA0005.jpg","216499","4199968"
"C:\Users\flier\OneDrive\תמונות\Samsung Gallery\Android\media\com.whatsapp\WhatsApp\Media\WhatsApp Images\IMG-20181229-WA0006.jpg","IMG-20181229-WA0006.jpg","219543","4199968"
"C:\Users\flier\OneDrive\תמונות\Samsung Gallery\Android\media\com.whatsapp\WhatsApp\Media\WhatsApp Images\IMG-20181229-WA0008.jpg","IMG-20181229-WA0008.jpg","385453","4199968"
"C:\Users\flier\OneDrive\תמונות\Samsung Gallery\Android\media\com.whatsapp\WhatsApp\Media\WhatsApp Images\IMG-20181229-WA0009.jpg","IMG-20181229-WA0009.jpg","78706","4199968"
"C:\Users\flier\OneDrive\תמונות\Samsung Gallery\Android\media\com.whatsapp\WhatsApp\Media\WhatsApp Images\IMG-20181229-WA0014.jpg","IMG-20181229-WA0014.jpg","108615","4199968"
"C:\Users\flier\OneDrive\תמונות\Samsung Gallery\Android\media\com.whatsapp\WhatsApp\Media\WhatsApp Images\IMG-20181229-WA0016.jpg","IMG-20181229-WA0016.jpg","149072","4199968"
"C:\Users\flier\OneDrive\תמונות\Samsung Gallery\Android\media\com.whatsapp\WhatsApp\Media\WhatsApp Images\IMG-20181229-WA0019.jpg","IMG-20181229-WA0019.jpg","385453","4199968"
"C:\Users\flier\OneDrive\תמונות\Samsung Gallery\Android\media\com.whatsapp\WhatsApp\Media\WhatsApp Images\IMG-20181229-WA0020.jpg","IMG-20181229-WA0020.jpg","115291","4199968"
"C:\Users\flier\OneDrive\תמונות\Samsung Gallery\Android\media\com.whatsapp\WhatsApp\Media\WhatsApp Images\IMG-20181230-WA0000.jpg","IMG-20181230-WA0000.jpg","60074","4199968"
"C:\Users\flier\OneDrive\תמונות\Samsung Gallery\Android\media\com.whatsapp\WhatsApp\Media\WhatsApp Images\IMG-20181230-WA0004.jpg","IMG-20181230-WA0004.jpg","164449","4199968"
"C:\Users\flier\OneDrive\תמונות\Samsung Gallery\Android\media\com.whatsapp\WhatsApp\Media\WhatsApp Images\IMG-20181230-WA0015.jpg","IMG-20181230-WA0015.jpg","184675","4199968"
"C:\Users\flier\OneDrive\תמונות\Samsung Gallery\Android\media\com.whatsapp\WhatsApp\Media\WhatsApp Images\IMG-20181230-WA0017.jpg","IMG-20181230-WA0017.jpg","48021","4199968"
"C:\Users\flier\OneDrive\תמונות\Samsung Gallery\Android\media\com.whatsapp\WhatsApp\Media\WhatsApp Images\IMG-20181231-WA0000.jpg","IMG-20181231-WA0000.jpg","31451","4199968"
"C:\Users\flier\OneDrive\תמונות\Samsung Gallery\Android\media\com.whatsapp\WhatsApp\Media\WhatsApp Images\IMG-20181231-WA0001.jpg","IMG-20181231-WA0001.jpg","33641","4199968"
"C:\Users\flier\OneDrive\תמונות\Samsung Gallery\Android\media\com.whatsapp\WhatsApp\Media\WhatsApp Images\IMG-20181231-WA0002.jpg","IMG-20181231-WA0002.jpg","196321","4199968"
"C:\Users\flier\OneDrive\תמונות\Samsung Gallery\Android\media\com.whatsapp\WhatsApp\Media\WhatsApp Images\IMG-20181231-WA0003.jpg","IMG-20181231-WA0003.jpg","163993","4199968"
"C:\Users\flier\OneDrive\תמונות\Samsung Gallery\Android\media\com.whatsapp\WhatsApp\Media\WhatsApp Images\IMG-20181231-WA0004.jpg","IMG-20181231-WA0004.jpg","379050","4199968"
"C:\Users\flier\OneDrive\תמונות\Samsung Gallery\Android\media\com.whatsapp\WhatsApp\Media\WhatsApp Images\IMG-20181231-WA0005.jpg","IMG-20181231-WA0005.jpg","214201","4199968"
"C:\Users\flier\OneDrive\תמונות\Samsung Gallery\Android\media\com.whatsapp\WhatsApp\Media\WhatsApp Images\IMG-20181231-WA0006.jpg","IMG-20181231-WA0006.jpg","279720","4199968"
"C:\Users\flier\OneDrive\תמונות\Samsung Gallery\Android\media\com.whatsapp\WhatsApp\Media\WhatsApp Images\IMG-20181231-WA0009.jpg","IMG-20181231-WA0009.jpg","276284","4199968"
"C:\Users\flier\OneDrive\תמונות\Samsung Gallery\Android\media\com.whatsapp\WhatsApp\Media\WhatsApp Images\IMG-20181231-WA0010.jpg","IMG-20181231-WA0010.jpg","167069","4199968"
"C:\Users\flier\OneDrive\תמונות\Samsung Gallery\Android\media\com.whatsapp\WhatsApp\Media\WhatsApp Images\IMG-20181231-WA0011.jpg","IMG-20181231-WA0011.jpg","306244","4199968"
"C:\Users\flier\OneDrive\תמונות\Samsung Gallery\Android\media\com.whatsapp\WhatsApp\Media\WhatsApp Images\IMG-20181231-WA0012.jpg","IMG-20181231-WA0012.jpg","200488","4199968"
"C:\Users\flier\OneDrive\תמונות\Samsung Gallery\Android\media\com.whatsapp\WhatsApp\Media\WhatsApp Images\IMG-20181231-WA0013.jpg","IMG-20181231-WA0013.jpg","404609","4199968"
"C:\Users\flier\OneDrive\תמונות\Samsung Gallery\Android\media\com.whatsapp\WhatsApp\Media\WhatsApp Images\IMG-20181231-WA0014.jpg","IMG-20181231-WA0014.jpg","190776","4199968"
"C:\Users\flier\OneDrive\תמונות\Samsung Gallery\Android\media\com.whatsapp\WhatsApp\Media\WhatsApp Images\IMG-20181231-WA0015.jpg","IMG-20181231-WA0015.jpg","169976","4199968"
"C:\Users\flier\OneDrive\תמונות\Samsung Gallery\Android\media\com.whatsapp\WhatsApp\Media\WhatsApp Images\IMG-20181231-WA0016.jpg","IMG-20181231-WA0016.jpg","183855","4199968"
"C:\Users\flier\OneDrive\תמונות\Samsung Gallery\Android\media\com.whatsapp\WhatsApp\Media\WhatsApp Images\IMG-20181231-WA0018.jpg","IMG-20181231-WA0018.jpg","23840","4199968"
"C:\Users\flier\OneDrive\תמונות\Samsung Gallery\Android\media\com.whatsapp\WhatsApp\Media\WhatsApp Images\IMG-20181231-WA0022.jpg","IMG-20181231-WA0022.jpg","251566","4199968"
"C:\Users\flier\OneDrive\תמונות\Samsung Gallery\Android\media\com.whatsapp\WhatsApp\Media\WhatsApp Images\IMG-20181231-WA0023.jpg","IMG-20181231-WA0023.jpg","166509","4199968"
"C:\Users\flier\OneDrive\תמונות\Samsung Gallery\Android\media\com.whatsapp\WhatsApp\Media\WhatsApp Images\IMG-20181231-WA0024.jpg","IMG-20181231-WA0024.jpg","141716","4199968"
"C:\Users\flier\OneDrive\תמונות\Samsung Gallery\Android\media\com.whatsapp\WhatsApp\Media\WhatsApp Images\IMG-20181231-WA0025.jpg","IMG-20181231-WA0025.jpg","140434","4199968"
"C:\Users\flier\OneDrive\תמונות\Samsung Gallery\Android\media\com.whatsapp\WhatsApp\Media\WhatsApp Images\IMG-20181231-WA0026.jpg","IMG-20181231-WA0026.jpg","129599","4199968"
"C:\Users\flier\OneDrive\תמונות\Samsung Gallery\Android\media\com.whatsapp\WhatsApp\Media\WhatsApp Images\IMG-20181231-WA0027.jpg","IMG-20181231-WA0027.jpg","131355","4199968"
"C:\Users\flier\OneDrive\תמונות\Samsung Gallery\Android\media\com.whatsapp\WhatsApp\Media\WhatsApp Images\IMG-20181231-WA0028.jpg","IMG-20181231-WA0028.jpg","134261","4199968"
"C:\Users\flier\OneDrive\תמונות\Samsung Gallery\Android\media\com.whatsapp\WhatsApp\Media\WhatsApp Images\IMG-20181231-WA0029.jpg","IMG-20181231-WA0029.jpg","195745","4199968"
"C:\Users\flier\OneDrive\תמונות\Samsung Gallery\Android\media\com.whatsapp\WhatsApp\Media\WhatsApp Images\IMG-20181231-WA0030.jpg","IMG-20181231-WA0030.jpg","76401","4199968"
"C:\Users\flier\OneDrive\תמונות\Samsung Gallery\Android\media\com.whatsapp\WhatsApp\Media\WhatsApp Images\IMG-20181231-WA0031.jpg","IMG-20181231-WA0031.jpg","139563","4199968"
"C:\Users\flier\OneDrive\תמונות\Samsung Gallery\Android\media\com.whatsapp\WhatsApp\Media\WhatsApp Images\IMG-20181231-WA0032.jpg","IMG-20181231-WA0032.jpg","163701","4199968"
"C:\Users\flier\OneDrive\תמונות\Samsung Gallery\Android\media\com.whatsapp\WhatsApp\Media\WhatsApp Images\IMG-20181231-WA0034.jpg","IMG-20181231-WA0034.jpg","32608","4199968"
"C:\Users\flier\OneDrive\תמונות\Samsung Gallery\Android\media\com.whatsapp\WhatsApp\Media\WhatsApp Images\IMG-20181231-WA0035.jpg","IMG-20181231-WA0035.jpg","35733","4199968"
"C:\Users\flier\OneDrive\תמונות\Samsung Gallery\Android\media\com.whatsapp\WhatsApp\Media\WhatsApp Images\IMG-20181231-WA0037.jpg","IMG-20181231-WA0037.jpg","89959","4199968"
"C:\Users\flier\OneDrive\תמונות\Samsung Gallery\Android\media\com.whatsapp\WhatsApp\Media\WhatsApp Images\IMG-20190101-WA0000.jpg","IMG-20190101-WA0000.jpg","67371","4199968"
"C:\Users\flier\OneDrive\תמונות\Samsung Gallery\Android\media\com.whatsapp\WhatsApp\Media\WhatsApp Images\IMG-20190101-WA0003.jpg","IMG-20190101-WA0003.jpg","76936","4199968"
"C:\Users\flier\OneDrive\תמונות\Samsung Gallery\Android\media\com.whatsapp\WhatsApp\Media\WhatsApp Images\IMG-20190102-WA0001.jpg","IMG-20190102-WA0001.jpg","31015","4199968"
"C:\Users\flier\OneDrive\תמונות\Samsung Gallery\Android\media\com.whatsapp\WhatsApp\Media\WhatsApp Images\IMG-20190102-WA0002.jpg","IMG-20190102-WA0002.jpg","117486","4199968"
"C:\Users\flier\OneDrive\תמונות\Samsung Gallery\Android\media\com.whatsapp\WhatsApp\Media\WhatsApp Images\IMG-20190103-WA0002.jpg","IMG-20190103-WA0002.jpg","21403","4199968"
"C:\Users\flier\OneDrive\תמונות\Samsung Gallery\Android\media\com.whatsapp\WhatsApp\Media\WhatsApp Images\IMG-20190103-WA0003.jpg","IMG-20190103-WA0003.jpg","181671","4199968"
"C:\Users\flier\OneDrive\תמונות\Samsung Gallery\Android\media\com.whatsapp\WhatsApp\Media\WhatsApp Images\IMG-20190103-WA0005.jpg","IMG-20190103-WA0005.jpg","82758","4199968"
"C:\Users\flier\OneDrive\תמונות\Samsung Gallery\Android\media\com.whatsapp\WhatsApp\Media\WhatsApp Images\IMG-20190103-WA0007.jpg","IMG-20190103-WA0007.jpg","85822","4199968"
"C:\Users\flier\OneDrive\תמונות\Samsung Gallery\Android\media\com.whatsapp\WhatsApp\Media\WhatsApp Images\IMG-20190103-WA0008.jpg","IMG-20190103-WA0008.jpg","81832","4199968"
"C:\Users\flier\OneDrive\תמונות\Samsung Gallery\Android\media\com.whatsapp\WhatsApp\Media\WhatsApp Images\IMG-20190103-WA0009.jpg","IMG-20190103-WA0009.jpg","183798","4199968"
"C:\Users\flier\OneDrive\תמונות\Samsung Gallery\Android\media\com.whatsapp\WhatsApp\Media\WhatsApp Images\IMG-20190103-WA0010.jpg","IMG-20190103-WA0010.jpg","36989","4199968"
"C:\Users\flier\OneDrive\תמונות\Samsung Gallery\Android\media\com.whatsapp\WhatsApp\Media\WhatsApp Images\IMG-20190103-WA0011.jpg","IMG-20190103-WA0011.jpg","104194","4199968"
"C:\Users\flier\OneDrive\תמונות\Samsung Gallery\Android\media\com.whatsapp\WhatsApp\Media\WhatsApp Images\IMG-20190103-WA0016.jpg","IMG-20190103-WA0016.jpg","44517","4199968"
"C:\Users\flier\OneDrive\תמונות\Samsung Gallery\Android\media\com.whatsapp\WhatsApp\Media\WhatsApp Images\IMG-20190104-WA0000.jpg","IMG-20190104-WA0000.jpg","38166","4199968"
"C:\Users\flier\OneDrive\תמונות\Samsung Gallery\Android\media\com.whatsapp\WhatsApp\Media\WhatsApp Images\IMG-20190104-WA0001.jpg","IMG-20190104-WA0001.jpg","28571","4199968"
"C:\Users\flier\OneDrive\תמונות\Samsung Gallery\Android\media\com.whatsapp\WhatsApp\Media\WhatsApp Images\IMG-20190104-WA0002.jpg","IMG-20190104-WA0002.jpg","98624","4199968"
"C:\Users\flier\OneDrive\תמונות\Samsung Gallery\Android\media\com.whatsapp\WhatsApp\Media\WhatsApp Images\IMG-20190104-WA0003.jpg","IMG-20190104-WA0003.jpg","335552","4199968"
"C:\Users\flier\OneDrive\תמונות\Samsung Gallery\Android\media\com.whatsapp\WhatsApp\Media\WhatsApp Images\IMG-20190104-WA0004.jpg","IMG-20190104-WA0004.jpg","243814","4199968"
"C:\Users\flier\OneDrive\תמונות\Samsung Gallery\Android\media\com.whatsapp\WhatsApp\Media\WhatsApp Images\IMG-20190104-WA0005.jpg","IMG-20190104-WA0005.jpg","120373","4199968"
"C:\Users\flier\OneDrive\תמונות\Samsung Gallery\Android\media\com.whatsapp\WhatsApp\Media\WhatsApp Images\IMG-20190104-WA0006.jpg","IMG-20190104-WA0006.jpg","240130","4199968"
"C:\Users\flier\OneDrive\תמונות\Samsung Gallery\Android\media\com.whatsapp\WhatsApp\Media\WhatsApp Images\IMG-20190104-WA0007.jpg","IMG-20190104-WA0007.jpg","333556","4199968"
"C:\Users\flier\OneDrive\תמונות\Samsung Gallery\Android\media\com.whatsapp\WhatsApp\Media\WhatsApp Images\IMG-20190104-WA0008.jpg","IMG-20190104-WA0008.jpg","178517","4199968"
"C:\Users\flier\OneDrive\תמונות\Samsung Gallery\Android\media\com.whatsapp\WhatsApp\Media\WhatsApp Images\IMG-20190104-WA0009.jpg","IMG-20190104-WA0009.jpg","327762","4199968"
"C:\Users\flier\OneDrive\תמונות\Samsung Gallery\Android\media\com.whatsapp\WhatsApp\Media\WhatsApp Images\IMG-20190104-WA0010.jpg","IMG-20190104-WA0010.jpg","69243","4199968"
"C:\Users\flier\OneDrive\תמונות\Samsung Gallery\Android\media\com.whatsapp\WhatsApp\Media\WhatsApp Images\IMG-20190104-WA0011.jpg","IMG-20190104-WA0011.jpg","134675","4199968"
"C:\Users\flier\OneDrive\תמונות\Samsung Gallery\Android\media\com.whatsapp\WhatsApp\Media\WhatsApp Images\IMG-20190105-WA0000.jpg","IMG-20190105-WA0000.jpg","148985","4199968"
"C:\Users\flier\OneDrive\תמונות\Samsung Gallery\Android\media\com.whatsapp\WhatsApp\Media\WhatsApp Images\IMG-20190105-WA0002.jpg","IMG-20190105-WA0002.jpg","236063","4199968"
"C:\Users\flier\OneDrive\תמונות\Samsung Gallery\Android\media\com.whatsapp\WhatsApp\Media\WhatsApp Images\IMG-20190105-WA0005.jpg","IMG-20190105-WA0005.jpg","218428","4199968"
"C:\Users\flier\OneDrive\תמונות\Samsung Gallery\Android\media\com.whatsapp\WhatsApp\Media\WhatsApp Images\IMG-20190105-WA0006.jpg","IMG-20190105-WA0006.jpg","358835","4199968"
"C:\Users\flier\OneDrive\תמונות\Samsung Gallery\Android\media\com.whatsapp\WhatsApp\Media\WhatsApp Images\IMG-20190105-WA0007.jpg","IMG-20190105-WA0007.jpg","285415","4199968"
"C:\Users\flier\OneDrive\תמונות\Samsung Gallery\Android\media\com.whatsapp\WhatsApp\Media\WhatsApp Images\IMG-20190105-WA0008.jpg","IMG-20190105-WA0008.jpg","328907","4199968"
"C:\Users\flier\OneDrive\תמונות\Samsung Gallery\Android\media\com.whatsapp\WhatsApp\Media\WhatsApp Images\IMG-20190105-WA0009.jpg","IMG-20190105-WA0009.jpg","274033","4199968"
"C:\Users\flier\OneDrive\תמונות\Samsung Gallery\Android\media\com.whatsapp\WhatsApp\Media\WhatsApp Images\IMG-20190105-WA0010.jpg","IMG-20190105-WA0010.jpg","264627","4199968"
"C:\Users\flier\OneDrive\תמונות\Samsung Gallery\Android\media\com.whatsapp\WhatsApp\Media\WhatsApp Images\IMG-20190105-WA0011.jpg","IMG-20190105-WA0011.jpg","265076","4199968"
"C:\Users\flier\OneDrive\תמונות\Samsung Gallery\Android\media\com.whatsapp\WhatsApp\Media\WhatsApp Images\IMG-20190105-WA0012.jpg","IMG-20190105-WA0012.jpg","312059","4199968"
"C:\Users\flier\OneDrive\תמונות\Samsung Gallery\Android\media\com.whatsapp\WhatsApp\Media\WhatsApp Images\IMG-20190105-WA0013.jpg","IMG-20190105-WA0013.jpg","365184","4199968"
"C:\Users\flier\OneDrive\תמונות\Samsung Gallery\Android\media\com.whatsapp\WhatsApp\Media\WhatsApp Images\IMG-20190105-WA0014.jpg","IMG-20190105-WA0014.jpg","165825","4199968"
"C:\Users\flier\OneDrive\תמונות\Samsung Gallery\Android\media\com.whatsapp\WhatsApp\Media\WhatsApp Images\IMG-20190105-WA0015.jpg","IMG-20190105-WA0015.jpg","308492","4199968"
"C:\Users\flier\OneDrive\תמונות\Samsung Gallery\Android\media\com.whatsapp\WhatsApp\Media\WhatsApp Images\IMG-20190105-WA0017.jpg","IMG-20190105-WA0017.jpg","459566","4199968"
"C:\Users\flier\OneDrive\תמונות\Samsung Gallery\Android\media\com.whatsapp\WhatsApp\Media\WhatsApp Images\IMG-20190105-WA0020.jpg","IMG-20190105-WA0020.jpg","229754","4199968"
"C:\Users\flier\OneDrive\תמונות\Samsung Gallery\Android\media\com.whatsapp\WhatsApp\Media\WhatsApp Images\IMG-20190105-WA0025.jpg","IMG-20190105-WA0025.jpg","205939","4199968"
"C:\Users\flier\OneDrive\תמונות\Samsung Gallery\Android\media\com.whatsapp\WhatsApp\Media\WhatsApp Images\IMG-20190105-WA0026.jpg","IMG-20190105-WA0026.jpg","200244","4199968"
"C:\Users\flier\OneDrive\תמונות\Samsung Gallery\Android\media\com.whatsapp\WhatsApp\Media\WhatsApp Images\IMG-20190105-WA0027.jpg","IMG-20190105-WA0027.jpg","371205","4199968"
"C:\Users\flier\OneDrive\תמונות\Samsung Gallery\Android\media\com.whatsapp\WhatsApp\Media\WhatsApp Images\IMG-20190105-WA0028.jpg","IMG-20190105-WA0028.jpg","340726","4199968"
"C:\Users\flier\OneDrive\תמונות\Samsung Gallery\Android\media\com.whatsapp\WhatsApp\Media\WhatsApp Images\IMG-20190105-WA0029.jpg","IMG-20190105-WA0029.jpg","334397","4199968"
"C:\Users\flier\OneDrive\תמונות\Samsung Gallery\Android\media\com.whatsapp\WhatsApp\Media\WhatsApp Images\IMG-20190105-WA0030.jpg","IMG-20190105-WA0030.jpg","348696","4199968"
"C:\Users\flier\OneDrive\תמונות\Samsung Gallery\Android\media\com.whatsapp\WhatsApp\Media\WhatsApp Images\IMG-20190106-WA0000.jpg","IMG-20190106-WA0000.jpg","125653","4199968"
"C:\Users\flier\OneDrive\תמונות\Samsung Gallery\Android\media\com.whatsapp\WhatsApp\Media\WhatsApp Images\IMG-20190106-WA0003.jpg","IMG-20190106-WA0003.jpg","143308","4199968"
"C:\Users\flier\OneDrive\תמונות\Samsung Gallery\Android\media\com.whatsapp\WhatsApp\Media\WhatsApp Images\IMG-20190106-WA0004.jpg","IMG-20190106-WA0004.jpg","68523","4199968"
"C:\Users\flier\OneDrive\תמונות\Samsung Gallery\Android\media\com.whatsapp\WhatsApp\Media\WhatsApp Images\IMG-20190106-WA0005.jpg","IMG-20190106-WA0005.jpg","121717","4199968"
"C:\Users\flier\OneDrive\תמונות\Samsung Gallery\Android\media\com.whatsapp\WhatsApp\Media\WhatsApp Images\IMG-20190106-WA0006.jpg","IMG-20190106-WA0006.jpg","96664","4199968"
"C:\Users\flier\OneDrive\תמונות\Samsung Gallery\Android\media\com.whatsapp\WhatsApp\Media\WhatsApp Images\IMG-20190106-WA0007.jpg","IMG-20190106-WA0007.jpg","110270","4199968"
"C:\Users\flier\OneDrive\תמונות\Samsung Gallery\Android\media\com.whatsapp\WhatsApp\Media\WhatsApp Images\IMG-20190106-WA0008.jpg","IMG-20190106-WA0008.jpg","141305","4199968"
"C:\Users\flier\OneDrive\תמונות\Samsung Gallery\Android\media\com.whatsapp\WhatsApp\Media\WhatsApp Images\IMG-20190106-WA0009.jpg","IMG-20190106-WA0009.jpg","104225","4199968"
"C:\Users\flier\OneDrive\תמונות\Samsung Gallery\Android\media\com.whatsapp\WhatsApp\Media\WhatsApp Images\IMG-20190106-WA0010.jpg","IMG-20190106-WA0010.jpg","133582","4199968"
"C:\Users\flier\OneDrive\תמונות\Samsung Gallery\Android\media\com.whatsapp\WhatsApp\Media\WhatsApp Images\IMG-20190106-WA0011.jpg","IMG-20190106-WA0011.jpg","119749","4199968"
"C:\Users\flier\OneDrive\תמונות\Samsung Gallery\Android\media\com.whatsapp\WhatsApp\Media\WhatsApp Images\IMG-20190106-WA0012.jpg","IMG-20190106-WA0012.jpg","197530","4199968"
"C:\Users\flier\OneDrive\תמונות\Samsung Gallery\Android\media\com.whatsapp\WhatsApp\Media\WhatsApp Images\IMG-20190107-WA0006.jpg","IMG-20190107-WA0006.jpg","164531","4199968"
"C:\Users\flier\OneDrive\תמונות\Samsung Gallery\Android\media\com.whatsapp\WhatsApp\Media\WhatsApp Images\IMG-20190107-WA0007.jpg","IMG-20190107-WA0007.jpg","158640","4199968"
"C:\Users\flier\OneDrive\תמונות\Samsung Gallery\Android\media\com.whatsapp\WhatsApp\Media\WhatsApp Images\IMG-20190108-WA0003.jpg","IMG-20190108-WA0003.jpg","65599","4199968"
"C:\Users\flier\OneDrive\תמונות\Samsung Gallery\Android\media\com.whatsapp\WhatsApp\Media\WhatsApp Images\IMG-20190109-WA0001.jpg","IMG-20190109-WA0001.jpg","304194","4199968"
"C:\Users\flier\OneDrive\תמונות\Samsung Gallery\Android\media\com.whatsapp\WhatsApp\Media\WhatsApp Images\IMG-20190109-WA0004.jpg","IMG-20190109-WA0004.jpg","61961","4199968"
"C:\Users\flier\OneDrive\תמונות\Samsung Gallery\Android\media\com.whatsapp\WhatsApp\Media\WhatsApp Images\IMG-20190110-WA0000.jpg","IMG-20190110-WA0000.jpg","168100","4199968"
"C:\Users\flier\OneDrive\תמונות\Samsung Gallery\Android\media\com.whatsapp\WhatsApp\Media\WhatsApp Images\IMG-20190110-WA0001.jpg","IMG-20190110-WA0001.jpg","242090","4199968"
"C:\Users\flier\OneDrive\תמונות\Samsung Gallery\Android\media\com.whatsapp\WhatsApp\Media\WhatsApp Images\IMG-20190111-WA0000.jpg","IMG-20190111-WA0000.jpg","44184","4199968"
"C:\Users\flier\OneDrive\תמונות\Samsung Gallery\Android\media\com.whatsapp\WhatsApp\Media\WhatsApp Images\IMG-20190111-WA0001.jpg","IMG-20190111-WA0001.jpg","460077","4199968"
"C:\Users\flier\OneDrive\תמונות\Samsung Gallery\Android\media\com.whatsapp\WhatsApp\Media\WhatsApp Images\IMG-20190112-WA0000.jpg","IMG-20190112-WA0000.jpg","38818","4199968"
"C:\Users\flier\OneDrive\תמונות\Samsung Gallery\Android\media\com.whatsapp\WhatsApp\Media\WhatsApp Images\IMG-20190113-WA0003.jpg","IMG-20190113-WA0003.jpg","61387","4199968"
"C:\Users\flier\OneDrive\תמונות\Samsung Gallery\Android\media\com.whatsapp\WhatsApp\Media\WhatsApp Images\IMG-20190115-WA0002.jpg","IMG-20190115-WA0002.jpg","78376","4199968"
"C:\Users\flier\OneDrive\תמונות\Samsung Gallery\Android\media\com.whatsapp\WhatsApp\Media\WhatsApp Images\IMG-20190117-WA0000.jpg","IMG-20190117-WA0000.jpg","144693","4199968"
"C:\Users\flier\OneDrive\תמונות\Samsung Gallery\Android\media\com.whatsapp\WhatsApp\Media\WhatsApp Images\IMG-20190117-WA0001.jpg","IMG-20190117-WA0001.jpg","7788","4199968"
"C:\Users\flier\OneDrive\תמונות\Samsung Gallery\Android\media\com.whatsapp\WhatsApp\Media\WhatsApp Images\IMG-20190118-WA0001.jpg","IMG-20190118-WA0001.jpg","218914","4199968"
"C:\Users\flier\OneDrive\תמונות\Samsung Gallery\Android\media\com.whatsapp\WhatsApp\Media\WhatsApp Images\IMG-20190118-WA0002.jpg","IMG-20190118-WA0002.jpg","113084","4199968"
"C:\Users\flier\OneDrive\תמונות\Samsung Gallery\Android\media\com.whatsapp\WhatsApp\Media\WhatsApp Images\IMG-20190118-WA0003.jpg","IMG-20190118-WA0003.jpg","137352","4199968"
"C:\Users\flier\OneDrive\תמונות\Samsung Gallery\Android\media\com.whatsapp\WhatsApp\Media\WhatsApp Images\IMG-20190118-WA0006.jpg","IMG-20190118-WA0006.jpg","52702","4199968"
"C:\Users\flier\OneDrive\תמונות\Samsung Gallery\Android\media\com.whatsapp\WhatsApp\Media\WhatsApp Images\IMG-20190119-WA0000.jpg","IMG-20190119-WA0000.jpg","17317","4199968"
"C:\Users\flier\OneDrive\תמונות\Samsung Gallery\Android\media\com.whatsapp\WhatsApp\Media\WhatsApp Images\IMG-20190119-WA0003.jpg","IMG-20190119-WA0003.jpg","290927","4199968"
"C:\Users\flier\OneDrive\תמונות\Samsung Gallery\Android\media\com.whatsapp\WhatsApp\Media\WhatsApp Images\IMG-20190119-WA0004.jpg","IMG-20190119-WA0004.jpg","9536","4199968"
"C:\Users\flier\OneDrive\תמונות\Samsung Gallery\Android\media\com.whatsapp\WhatsApp\Media\WhatsApp Images\IMG-20190121-WA0000.jpg","IMG-20190121-WA0000.jpg","43877","4199968"
"C:\Users\flier\OneDrive\תמונות\Samsung Gallery\Android\media\com.whatsapp\WhatsApp\Media\WhatsApp Images\IMG-20190121-WA0001.jpg","IMG-20190121-WA0001.jpg","59983","4199968"
"C:\Users\flier\OneDrive\תמונות\Samsung Gallery\Android\media\com.whatsapp\WhatsApp\Media\WhatsApp Images\IMG-20190121-WA0002.jpg","IMG-20190121-WA0002.jpg","105419","4199968"
"C:\Users\flier\OneDrive\תמונות\Samsung Gallery\Android\media\com.whatsapp\WhatsApp\Media\WhatsApp Images\IMG-20190121-WA0003.jpg","IMG-20190121-WA0003.jpg","176715","4199968"
"C:\Users\flier\OneDrive\תמונות\Samsung Gallery\Android\media\com.whatsapp\WhatsApp\Media\WhatsApp Images\IMG-20190121-WA0004.jpg","IMG-20190121-WA0004.jpg","158383","4199968"
"C:\Users\flier\OneDrive\תמונות\Samsung Gallery\Android\media\com.whatsapp\WhatsApp\Media\WhatsApp Images\IMG-20190121-WA0005.jpg","IMG-20190121-WA0005.jpg","33093","4199968"
"C:\Users\flier\OneDrive\תמונות\Samsung Gallery\Android\media\com.whatsapp\WhatsApp\Media\WhatsApp Images\IMG-20190122-WA0002.jpg","IMG-20190122-WA0002.jpg","40144","4199968"
"C:\Users\flier\OneDrive\תמונות\Samsung Gallery\Android\media\com.whatsapp\WhatsApp\Media\WhatsApp Images\IMG-20190122-WA0003.jpg","IMG-20190122-WA0003.jpg","30731","4199968"
"C:\Users\flier\OneDrive\תמונות\Samsung Gallery\Android\media\com.whatsapp\WhatsApp\Media\WhatsApp Images\IMG-20190124-WA0000.jpg","IMG-20190124-WA0000.jpg","106172","4199968"
"C:\Users\flier\OneDrive\תמונות\Samsung Gallery\Android\media\com.whatsapp\WhatsApp\Media\WhatsApp Images\IMG-20190125-WA0000.jpg","IMG-20190125-WA0000.jpg","282607","4199968"
"C:\Users\flier\OneDrive\תמונות\Samsung Gallery\Android\media\com.whatsapp\WhatsApp\Media\WhatsApp Images\IMG-20190125-WA0004.jpg","IMG-20190125-WA0004.jpg","77544","4199968"
"C:\Users\flier\OneDrive\תמונות\Samsung Gallery\Android\media\com.whatsapp\WhatsApp\Media\WhatsApp Images\IMG-20190126-WA0000.jpg","IMG-20190126-WA0000.jpg","104235","4199968"
"C:\Users\flier\OneDrive\תמונות\Samsung Gallery\Android\media\com.whatsapp\WhatsApp\Media\WhatsApp Images\IMG-20190127-WA0001.jpg","IMG-20190127-WA0001.jpg","106206","4199968"
"C:\Users\flier\OneDrive\תמונות\Samsung Gallery\Android\media\com.whatsapp\WhatsApp\Media\WhatsApp Images\IMG-20190129-WA0003.jpg","IMG-20190129-WA0003.jpg","69912","4199968"
"C:\Users\flier\OneDrive\תמונות\Samsung Gallery\Android\media\com.whatsapp\WhatsApp\Media\WhatsApp Images\IMG-20190129-WA0005.jpg","IMG-20190129-WA0005.jpg","116958","4199968"
"C:\Users\flier\OneDrive\תמונות\Samsung Gallery\Android\media\com.whatsapp\WhatsApp\Media\WhatsApp Images\IMG-20190129-WA0006.jpg","IMG-20190129-WA0006.jpg","100072","4199968"
"C:\Users\flier\OneDrive\תמונות\Samsung Gallery\Android\media\com.whatsapp\WhatsApp\Media\WhatsApp Images\IMG-20190131-WA0000.jpg","IMG-20190131-WA0000.jpg","98901","4199968"
"C:\Users\flier\OneDrive\תמונות\Samsung Gallery\Android\media\com.whatsapp\WhatsApp\Media\WhatsApp Images\IMG-20190131-WA0001.jpg","IMG-20190131-WA0001.jpg","32467","4199968"
"C:\Users\flier\OneDrive\תמונות\Samsung Gallery\Android\media\com.whatsapp\WhatsApp\Media\WhatsApp Images\IMG-20190201-WA0000.jpg","IMG-20190201-WA0000.jpg","133395","4199968"
"C:\Users\flier\OneDrive\תמונות\Samsung Gallery\Android\media\com.whatsapp\WhatsApp\Media\WhatsApp Images\IMG-20190201-WA0001.jpg","IMG-20190201-WA0001.jpg","224291","4199968"
"C:\Users\flier\OneDrive\תמונות\Samsung Gallery\Android\media\com.whatsapp\WhatsApp\Media\WhatsApp Images\IMG-20190205-WA0000.jpg","IMG-20190205-WA0000.jpg","55231","4199968"
"C:\Users\flier\OneDrive\תמונות\Samsung Gallery\Android\media\com.whatsapp\WhatsApp\Media\WhatsApp Images\IMG-20190205-WA0003.jpg","IMG-20190205-WA0003.jpg","70561","4199968"
"C:\Users\flier\OneDrive\תמונות\Samsung Gallery\Android\media\com.whatsapp\WhatsApp\Media\WhatsApp Images\IMG-20190205-WA0004.jpg","IMG-20190205-WA0004.jpg","70561","4199968"
"C:\Users\flier\OneDrive\תמונות\Samsung Gallery\Android\media\com.whatsapp\WhatsApp\Media\WhatsApp Images\IMG-20190207-WA0000.jpg","IMG-20190207-WA0000.jpg","300032","4199968"
"C:\Users\flier\OneDrive\תמונות\Samsung Gallery\Android\media\com.whatsapp\WhatsApp\Media\WhatsApp Images\IMG-20190207-WA0001.jpg","IMG-20190207-WA0001.jpg","245377","4199968"
"C:\Users\flier\OneDrive\תמונות\Samsung Gallery\Android\media\com.whatsapp\WhatsApp\Media\WhatsApp Images\IMG-20190207-WA0003.jpg","IMG-20190207-WA0003.jpg","299384","4199968"
"C:\Users\flier\OneDrive\תמונות\Samsung Gallery\Android\media\com.whatsapp\WhatsApp\Media\WhatsApp Images\IMG-20190207-WA0004.jpg","IMG-20190207-WA0004.jpg","252469","4199968"
"C:\Users\flier\OneDrive\תמונות\Samsung Gallery\Android\media\com.whatsapp\WhatsApp\Media\WhatsApp Images\IMG-20190207-WA0005.jpg","IMG-20190207-WA0005.jpg","336982","4199968"
"C:\Users\flier\OneDrive\תמונות\Samsung Gallery\Android\media\com.whatsapp\WhatsApp\Media\WhatsApp Images\IMG-20190207-WA0006.jpg","IMG-20190207-WA0006.jpg","252413","4199968"
"C:\Users\flier\OneDrive\תמונות\Samsung Gallery\Android\media\com.whatsapp\WhatsApp\Media\WhatsApp Images\IMG-20190207-WA0007.jpg","IMG-20190207-WA0007.jpg","280586","4199968"
"C:\Users\flier\OneDrive\תמונות\Samsung Gallery\Android\media\com.whatsapp\WhatsApp\Media\WhatsApp Images\IMG-20190207-WA0008.jpg","IMG-20190207-WA0008.jpg","393290","4199968"
"C:\Users\flier\OneDrive\תמונות\Samsung Gallery\Android\media\com.whatsapp\WhatsApp\Media\WhatsApp Images\IMG-20190207-WA0009.jpg","IMG-20190207-WA0009.jpg","376233","4199968"
"C:\Users\flier\OneDrive\תמונות\Samsung Gallery\Android\media\com.whatsapp\WhatsApp\Media\WhatsApp Images\IMG-20190207-WA0010.jpg","IMG-20190207-WA0010.jpg","256368","4199968"
"C:\Users\flier\OneDrive\תמונות\Samsung Gallery\Android\media\com.whatsapp\WhatsApp\Media\WhatsApp Images\IMG-20190207-WA0011.jpg","IMG-20190207-WA0011.jpg","413175","4199968"
"C:\Users\flier\OneDrive\תמונות\Samsung Gallery\Android\media\com.whatsapp\WhatsApp\Media\WhatsApp Images\IMG-20190207-WA0012.jpg","IMG-20190207-WA0012.jpg","353499","4199968"
"C:\Users\flier\OneDrive\תמונות\Samsung Gallery\Android\media\com.whatsapp\WhatsApp\Media\WhatsApp Images\IMG-20190207-WA0013.jpg","IMG-20190207-WA0013.jpg","399675","4199968"
"C:\Users\flier\OneDrive\תמונות\Samsung Gallery\Android\media\com.whatsapp\WhatsApp\Media\WhatsApp Images\IMG-20190207-WA0014.jpg","IMG-20190207-WA0014.jpg","217952","4199968"
"C:\Users\flier\OneDrive\תמונות\Samsung Gallery\Android\media\com.whatsapp\WhatsApp\Media\WhatsApp Images\IMG-20190207-WA0015.jpg","IMG-20190207-WA0015.jpg","406859","4199968"
"C:\Users\flier\OneDrive\תמונות\Samsung Gallery\Android\media\com.whatsapp\WhatsApp\Media\WhatsApp Images\IMG-20190207-WA0016.jpg","IMG-20190207-WA0016.jpg","339748","4199968"
"C:\Users\flier\OneDrive\תמונות\Samsung Gallery\Android\media\com.whatsapp\WhatsApp\Media\WhatsApp Images\IMG-20190207-WA0017.jpg","IMG-20190207-WA0017.jpg","356638","4199968"
"C:\Users\flier\OneDrive\תמונות\Samsung Gallery\Android\media\com.whatsapp\WhatsApp\Media\WhatsApp Images\IMG-20190207-WA0018.jpg","IMG-20190207-WA0018.jpg","306653","4199968"
"C:\Users\flier\OneDrive\תמונות\Samsung Gallery\Android\media\com.whatsapp\WhatsApp\Media\WhatsApp Images\IMG-20190207-WA0019.jpg","IMG-20190207-WA0019.jpg","370784","4199968"
"C:\Users\flier\OneDrive\תמונות\Samsung Gallery\Android\media\com.whatsapp\WhatsApp\Media\WhatsApp Images\IMG-20190207-WA0020.jpg","IMG-20190207-WA0020.jpg","269652","4199968"
"C:\Users\flier\OneDrive\תמונות\Samsung Gallery\Android\media\com.whatsapp\WhatsApp\Media\WhatsApp Images\IMG-20190207-WA0021.jpg","IMG-20190207-WA0021.jpg","389577","4199968"
"C:\Users\flier\OneDrive\תמונות\Samsung Gallery\Android\media\com.whatsapp\WhatsApp\Media\WhatsApp Images\IMG-20190207-WA0022.jpg","IMG-20190207-WA0022.jpg","310324","4199968"
"C:\Users\flier\OneDrive\תמונות\Samsung Gallery\Android\media\com.whatsapp\WhatsApp\Media\WhatsApp Images\IMG-20190207-WA0023.jpg","IMG-20190207-WA0023.jpg","382023","4199968"
"C:\Users\flier\OneDrive\תמונות\Samsung Gallery\Android\media\com.whatsapp\WhatsApp\Media\WhatsApp Images\IMG-20190207-WA0024.jpg","IMG-20190207-WA0024.jpg","378119","4199968"
"C:\Users\flier\OneDrive\תמונות\Samsung Gallery\Android\media\com.whatsapp\WhatsApp\Media\WhatsApp Images\IMG-20190207-WA0025.jpg","IMG-20190207-WA0025.jpg","389996","4199968"
"C:\Users\flier\OneDrive\תמונות\Samsung Gallery\Android\media\com.whatsapp\WhatsApp\Media\WhatsApp Images\IMG-20190207-WA0026.jpg","IMG-20190207-WA0026.jpg","49278","4199968"
"C:\Users\flier\OneDrive\תמונות\Samsung Gallery\Android\media\com.whatsapp\WhatsApp\Media\WhatsApp Images\IMG-20190207-WA0028.jpg","IMG-20190207-WA0028.jpg","44706","4199968"
"C:\Users\flier\OneDrive\תמונות\Samsung Gallery\Android\media\com.whatsapp\WhatsApp\Media\WhatsApp Images\IMG-20190208-WA0000.jpg","IMG-20190208-WA0000.jpg","102573","4199968"
"C:\Users\flier\OneDrive\תמונות\Samsung Gallery\Android\media\com.whatsapp\WhatsApp\Media\WhatsApp Images\IMG-20190208-WA0002.jpg","IMG-20190208-WA0002.jpg","76202","4199968"
"C:\Users\flier\OneDrive\תמונות\Samsung Gallery\Android\media\com.whatsapp\WhatsApp\Media\WhatsApp Images\IMG-20190208-WA0003.jpg","IMG-20190208-WA0003.jpg","133997","4199968"
"C:\Users\flier\OneDrive\תמונות\Samsung Gallery\Android\media\com.whatsapp\WhatsApp\Media\WhatsApp Images\IMG-20190208-WA0004.jpg","IMG-20190208-WA0004.jpg","183521","4199968"
"C:\Users\flier\OneDrive\תמונות\Samsung Gallery\Android\media\com.whatsapp\WhatsApp\Media\WhatsApp Images\IMG-20190208-WA0005.jpg","IMG-20190208-WA0005.jpg","175300","4199968"
"C:\Users\flier\OneDrive\תמונות\Samsung Gallery\Android\media\com.whatsapp\WhatsApp\Media\WhatsApp Images\IMG-20190208-WA0006.jpg","IMG-20190208-WA0006.jpg","385541","4199968"
"C:\Users\flier\OneDrive\תמונות\Samsung Gallery\Android\media\com.whatsapp\WhatsApp\Media\WhatsApp Images\IMG-20190208-WA0007.jpg","IMG-20190208-WA0007.jpg","420584","4199968"
"C:\Users\flier\OneDrive\תמונות\Samsung Gallery\Android\media\com.whatsapp\WhatsApp\Media\WhatsApp Images\IMG-20190208-WA0008.jpg","IMG-20190208-WA0008.jpg","128681","4199968"
"C:\Users\flier\OneDrive\תמונות\Samsung Gallery\Android\media\com.whatsapp\WhatsApp\Media\WhatsApp Images\IMG-20190208-WA0009.jpg","IMG-20190208-WA0009.jpg","140457","4199968"
"C:\Users\flier\OneDrive\תמונות\Samsung Gallery\Android\media\com.whatsapp\WhatsApp\Media\WhatsApp Images\IMG-20190208-WA0010.jpg","IMG-20190208-WA0010.jpg","149364","4199968"
"C:\Users\flier\OneDrive\תמונות\Samsung Gallery\Android\media\com.whatsapp\WhatsApp\Media\WhatsApp Images\IMG-20190208-WA0011.jpg","IMG-20190208-WA0011.jpg","322181","4199968"
"C:\Users\flier\OneDrive\תמונות\Samsung Gallery\Android\media\com.whatsapp\WhatsApp\Media\WhatsApp Images\IMG-20190208-WA0012.jpg","IMG-20190208-WA0012.jpg","386565","4199968"
"C:\Users\flier\OneDrive\תמונות\Samsung Gallery\Android\media\com.whatsapp\WhatsApp\Media\WhatsApp Images\IMG-20190208-WA0013.jpg","IMG-20190208-WA0013.jpg","149364","4199968"
"C:\Users\flier\OneDrive\תמונות\Samsung Gallery\Android\media\com.whatsapp\WhatsApp\Media\WhatsApp Images\IMG-20190209-WA0002.jpg","IMG-20190209-WA0002.jpg","112579","4199968"
"C:\Users\flier\OneDrive\תמונות\Samsung Gallery\Android\media\com.whatsapp\WhatsApp\Media\WhatsApp Images\IMG-20190209-WA0003.jpg","IMG-20190209-WA0003.jpg","118102","4199968"
"C:\Users\flier\OneDrive\תמונות\Samsung Gallery\Android\media\com.whatsapp\WhatsApp\Media\WhatsApp Images\IMG-20190209-WA0004.jpg","IMG-20190209-WA0004.jpg","107931","4199968"
"C:\Users\flier\OneDrive\תמונות\Samsung Gallery\Android\media\com.whatsapp\WhatsApp\Media\WhatsApp Images\IMG-20190209-WA0005.jpg","IMG-20190209-WA0005.jpg","73716","4199968"
"C:\Users\flier\OneDrive\תמונות\Samsung Gallery\Android\media\com.whatsapp\WhatsApp\Media\WhatsApp Images\IMG-20190209-WA0006.jpg","IMG-20190209-WA0006.jpg","161350","4199968"
"C:\Users\flier\OneDrive\תמונות\Samsung Gallery\Android\media\com.whatsapp\WhatsApp\Media\WhatsApp Images\IMG-20190212-WA0004.jpg","IMG-20190212-WA0004.jpg","291221","4199968"
"C:\Users\flier\OneDrive\תמונות\Samsung Gallery\Android\media\com.whatsapp\WhatsApp\Media\WhatsApp Images\IMG-20190212-WA0005.jpg","IMG-20190212-WA0005.jpg","300985","4199968"
"C:\Users\flier\OneDrive\תמונות\Samsung Gallery\Android\media\com.whatsapp\WhatsApp\Media\WhatsApp Images\IMG-20190212-WA0006.jpg","IMG-20190212-WA0006.jpg","296588","4199968"
"C:\Users\flier\OneDrive\תמונות\Samsung Gallery\Android\media\com.whatsapp\WhatsApp\Media\WhatsApp Images\IMG-20190212-WA0007.jpg","IMG-20190212-WA0007.jpg","299633","4199968"
"C:\Users\flier\OneDrive\תמונות\Samsung Gallery\Android\media\com.whatsapp\WhatsApp\Media\WhatsApp Images\IMG-20190212-WA0008.jpg","IMG-20190212-WA0008.jpg","306165","4199968"
"C:\Users\flier\OneDrive\תמונות\Samsung Gallery\Android\media\com.whatsapp\WhatsApp\Media\WhatsApp Images\IMG-20190212-WA0009.jpg","IMG-20190212-WA0009.jpg","288191","4199968"
"C:\Users\flier\OneDrive\תמונות\Samsung Gallery\Android\media\com.whatsapp\WhatsApp\Media\WhatsApp Images\IMG-20190212-WA0010.jpg","IMG-20190212-WA0010.jpg","255743","4199968"
"C:\Users\flier\OneDrive\תמונות\Samsung Gallery\Android\media\com.whatsapp\WhatsApp\Media\WhatsApp Images\IMG-20190212-WA0011.jpg","IMG-20190212-WA0011.jpg","247206","4199968"
"C:\Users\flier\OneDrive\תמונות\Samsung Gallery\Android\media\com.whatsapp\WhatsApp\Media\WhatsApp Images\IMG-20190213-WA0000.jpg","IMG-20190213-WA0000.jpg","154613","4199968"
"C:\Users\flier\OneDrive\תמונות\Samsung Gallery\Android\media\com.whatsapp\WhatsApp\Media\WhatsApp Images\IMG-20190215-WA0000.jpg","IMG-20190215-WA0000.jpg","217201","4199968"
"C:\Users\flier\OneDrive\תמונות\Samsung Gallery\Android\media\com.whatsapp\WhatsApp\Media\WhatsApp Images\IMG-20190216-WA0000.jpg","IMG-20190216-WA0000.jpg","54699","4199968"
"C:\Users\flier\OneDrive\תמונות\Samsung Gallery\Android\media\com.whatsapp\WhatsApp\Media\WhatsApp Images\IMG-20190217-WA0003.jpg","IMG-20190217-WA0003.jpg","331362","4199968"
"C:\Users\flier\OneDrive\תמונות\Samsung Gallery\Android\media\com.whatsapp\WhatsApp\Media\WhatsApp Images\IMG-20190217-WA0004.jpg","IMG-20190217-WA0004.jpg","336470","4199968"
"C:\Users\flier\OneDrive\תמונות\Samsung Gallery\Android\media\com.whatsapp\WhatsApp\Media\WhatsApp Images\IMG-20190217-WA0005.jpg","IMG-20190217-WA0005.jpg","415015","4199968"
"C:\Users\flier\OneDrive\תמונות\Samsung Gallery\Android\media\com.whatsapp\WhatsApp\Media\WhatsApp Images\IMG-20190217-WA0006.jpg","IMG-20190217-WA0006.jpg","477754","4199968"
"C:\Users\flier\OneDrive\תמונות\Samsung Gallery\Android\media\com.whatsapp\WhatsApp\Media\WhatsApp Images\IMG-20190217-WA0007.jpg","IMG-20190217-WA0007.jpg","392427","4199968"
"C:\Users\flier\OneDrive\תמונות\Samsung Gallery\Android\media\com.whatsapp\WhatsApp\Media\WhatsApp Images\IMG-20190217-WA0008.jpg","IMG-20190217-WA0008.jpg","346067","4199968"
"C:\Users\flier\OneDrive\תמונות\Samsung Gallery\Android\media\com.whatsapp\WhatsApp\Media\WhatsApp Images\IMG-20190217-WA0009.jpg","IMG-20190217-WA0009.jpg","319753","4199968"
"C:\Users\flier\OneDrive\תמונות\Samsung Gallery\Android\media\com.whatsapp\WhatsApp\Media\WhatsApp Images\IMG-20190217-WA0010.jpg","IMG-20190217-WA0010.jpg","325824","4199968"
"C:\Users\flier\OneDrive\תמונות\Samsung Gallery\Android\media\com.whatsapp\WhatsApp\Media\WhatsApp Images\IMG-20190217-WA0011.jpg","IMG-20190217-WA0011.jpg","322379","4199968"
"C:\Users\flier\OneDrive\תמונות\Samsung Gallery\Android\media\com.whatsapp\WhatsApp\Media\WhatsApp Images\IMG-20190218-WA0000.jpg","IMG-20190218-WA0000.jpg","181380","4199968"
"C:\Users\flier\OneDrive\תמונות\Samsung Gallery\Android\media\com.whatsapp\WhatsApp\Media\WhatsApp Images\IMG-20190218-WA0001.jpg","IMG-20190218-WA0001.jpg","191480","4199968"
"C:\Users\flier\OneDrive\תמונות\Samsung Gallery\Android\media\com.whatsapp\WhatsApp\Media\WhatsApp Images\IMG-20190218-WA0002.jpg","IMG-20190218-WA0002.jpg","75368","4199968"
"C:\Users\flier\OneDrive\תמונות\Samsung Gallery\Android\media\com.whatsapp\WhatsApp\Media\WhatsApp Images\IMG-20190218-WA0003.jpg","IMG-20190218-WA0003.jpg","347974","4199968"
"C:\Users\flier\OneDrive\תמונות\Samsung Gallery\Android\media\com.whatsapp\WhatsApp\Media\WhatsApp Images\IMG-20190218-WA0004.jpg","IMG-20190218-WA0004.jpg","374767","4199968"
"C:\Users\flier\OneDrive\תמונות\Samsung Gallery\Android\media\com.whatsapp\WhatsApp\Media\WhatsApp Images\IMG-20190218-WA0005.jpg","IMG-20190218-WA0005.jpg","338413","4199968"
"C:\Users\flier\OneDrive\תמונות\Samsung Gallery\Android\media\com.whatsapp\WhatsApp\Media\WhatsApp Images\IMG-20190218-WA0006.jpg","IMG-20190218-WA0006.jpg","366944","4199968"
"C:\Users\flier\OneDrive\תמונות\Samsung Gallery\Android\media\com.whatsapp\WhatsApp\Media\WhatsApp Images\IMG-20190218-WA0007.jpg","IMG-20190218-WA0007.jpg","357308","4199968"
"C:\Users\flier\OneDrive\תמונות\Samsung Gallery\Android\media\com.whatsapp\WhatsApp\Media\WhatsApp Images\IMG-20190218-WA0008.jpg","IMG-20190218-WA0008.jpg","429711","4199968"
"C:\Users\flier\OneDrive\תמונות\Samsung Gallery\Android\media\com.whatsapp\WhatsApp\Media\WhatsApp Images\IMG-20190218-WA0009.jpg","IMG-20190218-WA0009.jpg","509371","4199968"
"C:\Users\flier\OneDrive\תמונות\Samsung Gallery\Android\media\com.whatsapp\WhatsApp\Media\WhatsApp Images\IMG-20190218-WA0010.jpg","IMG-20190218-WA0010.jpg","371568","4199968"
"C:\Users\flier\OneDrive\תמונות\Samsung Gallery\Android\media\com.whatsapp\WhatsApp\Media\WhatsApp Images\IMG-20190218-WA0011.jpg","IMG-20190218-WA0011.jpg","505212","4199968"
"C:\Users\flier\OneDrive\תמונות\Samsung Gallery\Android\media\com.whatsapp\WhatsApp\Media\WhatsApp Images\IMG-20190218-WA0012.jpg","IMG-20190218-WA0012.jpg","388715","4199968"
"C:\Users\flier\OneDrive\תמונות\Samsung Gallery\Android\media\com.whatsapp\WhatsApp\Media\WhatsApp Images\IMG-20190218-WA0013.jpg","IMG-20190218-WA0013.jpg","380630","4199968"
"C:\Users\flier\OneDrive\תמונות\Samsung Gallery\Android\media\com.whatsapp\WhatsApp\Media\WhatsApp Images\IMG-20190218-WA0014.jpg","IMG-20190218-WA0014.jpg","382419","4199968"
"C:\Users\flier\OneDrive\תמונות\Samsung Gallery\Android\media\com.whatsapp\WhatsApp\Media\WhatsApp Images\IMG-20190218-WA0015.jpg","IMG-20190218-WA0015.jpg","370142","4199968"
"C:\Users\flier\OneDrive\תמונות\Samsung Gallery\Android\media\com.whatsapp\WhatsApp\Media\WhatsApp Images\IMG-20190218-WA0016.jpg","IMG-20190218-WA0016.jpg","380630","4199968"
"C:\Users\flier\OneDrive\תמונות\Samsung Gallery\Android\media\com.whatsapp\WhatsApp\Media\WhatsApp Images\IMG-20190218-WA0017.jpg","IMG-20190218-WA0017.jpg","400245","4199968"
"C:\Users\flier\OneDrive\תמונות\Samsung Gallery\Android\media\com.whatsapp\WhatsApp\Media\WhatsApp Images\IMG-20190220-WA0000.jpg","IMG-20190220-WA0000.jpg","72799","4199968"
"C:\Users\flier\OneDrive\תמונות\Samsung Gallery\Android\media\com.whatsapp\WhatsApp\Media\WhatsApp Images\IMG-20190220-WA0001.jpg","IMG-20190220-WA0001.jpg","89322","4199968"
"C:\Users\flier\OneDrive\תמונות\Samsung Gallery\Android\media\com.whatsapp\WhatsApp\Media\WhatsApp Images\IMG-20190220-WA0004.jpg","IMG-20190220-WA0004.jpg","76119","4199968"
"C:\Users\flier\OneDrive\תמונות\Samsung Gallery\Android\media\com.whatsapp\WhatsApp\Media\WhatsApp Images\IMG-20190220-WA0005.jpg","IMG-20190220-WA0005.jpg","63898","4199968"
"C:\Users\flier\OneDrive\תמונות\Samsung Gallery\Android\media\com.whatsapp\WhatsApp\Media\WhatsApp Images\IMG-20190220-WA0006.jpg","IMG-20190220-WA0006.jpg","77320","4199968"
"C:\Users\flier\OneDrive\תמונות\Samsung Gallery\Android\media\com.whatsapp\WhatsApp\Media\WhatsApp Images\IMG-20190222-WA0000.jpg","IMG-20190222-WA0000.jpg","196673","4199968"
"C:\Users\flier\OneDrive\תמונות\Samsung Gallery\Android\media\com.whatsapp\WhatsApp\Media\WhatsApp Images\IMG-20190222-WA0001.jpg","IMG-20190222-WA0001.jpg","68090","4199968"
"C:\Users\flier\OneDrive\תמונות\Samsung Gallery\Android\media\com.whatsapp\WhatsApp\Media\WhatsApp Images\IMG-20190222-WA0002.jpg","IMG-20190222-WA0002.jpg","111462","4199968"
"C:\Users\flier\OneDrive\תמונות\Samsung Gallery\Android\media\com.whatsapp\WhatsApp\Media\WhatsApp Images\IMG-20190223-WA0000.jpg","IMG-20190223-WA0000.jpg","128899","4199968"
"C:\Users\flier\OneDrive\תמונות\Samsung Gallery\Android\media\com.whatsapp\WhatsApp\Media\WhatsApp Images\IMG-20190223-WA0001.jpg","IMG-20190223-WA0001.jpg","160614","4199968"
"C:\Users\flier\OneDrive\תמונות\Samsung Gallery\Android\media\com.whatsapp\WhatsApp\Media\WhatsApp Images\IMG-20190223-WA0002.jpg","IMG-20190223-WA0002.jpg","183241","4199968"
"C:\Users\flier\OneDrive\תמונות\Samsung Gallery\Android\media\com.whatsapp\WhatsApp\Media\WhatsApp Images\IMG-20190223-WA0003.jpg","IMG-20190223-WA0003.jpg","254925","4199968"
"C:\Users\flier\OneDrive\תמונות\Samsung Gallery\Android\media\com.whatsapp\WhatsApp\Media\WhatsApp Images\IMG-20190223-WA0004.jpg","IMG-20190223-WA0004.jpg","225346","4199968"
"C:\Users\flier\OneDrive\תמונות\Samsung Gallery\Android\media\com.whatsapp\WhatsApp\Media\WhatsApp Images\IMG-20190223-WA0005.jpg","IMG-20190223-WA0005.jpg","664328","4199968"
"C:\Users\flier\OneDrive\תמונות\Samsung Gallery\Android\media\com.whatsapp\WhatsApp\Media\WhatsApp Images\IMG-20190223-WA0007.jpg","IMG-20190223-WA0007.jpg","162481","4199968"
"C:\Users\flier\OneDrive\תמונות\Samsung Gallery\Android\media\com.whatsapp\WhatsApp\Media\WhatsApp Images\IMG-20190225-WA0001.jpg","IMG-20190225-WA0001.jpg","122378","4199968"
"C:\Users\flier\OneDrive\תמונות\Samsung Gallery\Android\media\com.whatsapp\WhatsApp\Media\WhatsApp Images\IMG-20190226-WA0003.jpg","IMG-20190226-WA0003.jpg","81420","4199968"
"C:\Users\flier\OneDrive\תמונות\Samsung Gallery\Android\media\com.whatsapp\WhatsApp\Media\WhatsApp Images\IMG-20190227-WA0001.jpg","IMG-20190227-WA0001.jpg","87033","4199968"
"C:\Users\flier\OneDrive\תמונות\Samsung Gallery\Android\media\com.whatsapp\WhatsApp\Media\WhatsApp Images\IMG-20190227-WA0002.jpg","IMG-20190227-WA0002.jpg","29438","4199968"
"C:\Users\flier\OneDrive\תמונות\Samsung Gallery\Android\media\com.whatsapp\WhatsApp\Media\WhatsApp Images\IMG-20190301-WA0000.jpg","IMG-20190301-WA0000.jpg","289992","4199968"
"C:\Users\flier\OneDrive\תמונות\Samsung Gallery\Android\media\com.whatsapp\WhatsApp\Media\WhatsApp Images\IMG-20190301-WA0001.jpg","IMG-20190301-WA0001.jpg","61287","4199968"
"C:\Users\flier\OneDrive\תמונות\Samsung Gallery\Android\media\com.whatsapp\WhatsApp\Media\WhatsApp Images\IMG-20190301-WA0002.jpg","IMG-20190301-WA0002.jpg","316050","4199968"
"C:\Users\flier\OneDrive\תמונות\Samsung Gallery\Android\media\com.whatsapp\WhatsApp\Media\WhatsApp Images\IMG-20190304-WA0002.jpg","IMG-20190304-WA0002.jpg","36626","4199968"
"C:\Users\flier\OneDrive\תמונות\Samsung Gallery\Android\media\com.whatsapp\WhatsApp\Media\WhatsApp Images\IMG-20190305-WA0000.jpg","IMG-20190305-WA0000.jpg","108608","4199968"
"C:\Users\flier\OneDrive\תמונות\Samsung Gallery\Android\media\com.whatsapp\WhatsApp\Media\WhatsApp Images\IMG-20190305-WA0001.jpg","IMG-20190305-WA0001.jpg","173853","4199968"
"C:\Users\flier\OneDrive\תמונות\Samsung Gallery\Android\media\com.whatsapp\WhatsApp\Media\WhatsApp Images\IMG-20190305-WA0002.jpg","IMG-20190305-WA0002.jpg","154691","4199968"
"C:\Users\flier\OneDrive\תמונות\Samsung Gallery\Android\media\com.whatsapp\WhatsApp\Media\WhatsApp Images\IMG-20190305-WA0003.jpg","IMG-20190305-WA0003.jpg","188651","4199968"
"C:\Users\flier\OneDrive\תמונות\Samsung Gallery\Android\media\com.whatsapp\WhatsApp\Media\WhatsApp Images\IMG-20190305-WA0004.jpg","IMG-20190305-WA0004.jpg","178039","4199968"
"C:\Users\flier\OneDrive\תמונות\Samsung Gallery\Android\media\com.whatsapp\WhatsApp\Media\WhatsApp Images\IMG-20190305-WA0005.jpg","IMG-20190305-WA0005.jpg","150882","4199968"
"C:\Users\flier\OneDrive\תמונות\Samsung Gallery\Android\media\com.whatsapp\WhatsApp\Media\WhatsApp Images\IMG-20190305-WA0006.jpg","IMG-20190305-WA0006.jpg","220005","4199968"
"C:\Users\flier\OneDrive\תמונות\Samsung Gallery\Android\media\com.whatsapp\WhatsApp\Media\WhatsApp Images\IMG-20190305-WA0007.jpg","IMG-20190305-WA0007.jpg","250072","4199968"
"C:\Users\flier\OneDrive\תמונות\Samsung Gallery\Android\media\com.whatsapp\WhatsApp\Media\WhatsApp Images\IMG-20190305-WA0008.jpg","IMG-20190305-WA0008.jpg","528658","4199968"
"C:\Users\flier\OneDrive\תמונות\Samsung Gallery\Android\media\com.whatsapp\WhatsApp\Media\WhatsApp Images\IMG-20190305-WA0009.jpg","IMG-20190305-WA0009.jpg","588960","4199968"
"C:\Users\flier\OneDrive\תמונות\Samsung Gallery\Android\media\com.whatsapp\WhatsApp\Media\WhatsApp Images\IMG-20190306-WA0001.jpg","IMG-20190306-WA0001.jpg","129529","4199968"
"C:\Users\flier\OneDrive\תמונות\Samsung Gallery\Android\media\com.whatsapp\WhatsApp\Media\WhatsApp Images\IMG-20190306-WA0002.jpg","IMG-20190306-WA0002.jpg","101155","4199968"
"C:\Users\flier\OneDrive\תמונות\Samsung Gallery\Android\media\com.whatsapp\WhatsApp\Media\WhatsApp Images\IMG-20190306-WA0004.jpg","IMG-20190306-WA0004.jpg","209452","4199968"
"C:\Users\flier\OneDrive\תמונות\Samsung Gallery\Android\media\com.whatsapp\WhatsApp\Media\WhatsApp Images\IMG-20190308-WA0000.jpg","IMG-20190308-WA0000.jpg","364269","4199968"
"C:\Users\flier\OneDrive\תמונות\Samsung Gallery\Android\media\com.whatsapp\WhatsApp\Media\WhatsApp Images\IMG-20190309-WA0002.jpg","IMG-20190309-WA0002.jpg","134837","4199968"
"C:\Users\flier\OneDrive\תמונות\Samsung Gallery\Android\media\com.whatsapp\WhatsApp\Media\WhatsApp Images\IMG-20190309-WA0003.jpg","IMG-20190309-WA0003.jpg","262401","4199968"
"C:\Users\flier\OneDrive\תמונות\Samsung Gallery\Android\media\com.whatsapp\WhatsApp\Media\WhatsApp Images\IMG-20190309-WA0004.jpg","IMG-20190309-WA0004.jpg","18594","4199968"
"C:\Users\flier\OneDrive\תמונות\Samsung Gallery\Android\media\com.whatsapp\WhatsApp\Media\WhatsApp Images\IMG-20190309-WA0005.jpg","IMG-20190309-WA0005.jpg","372200","4199968"
"C:\Users\flier\OneDrive\תמונות\Samsung Gallery\Android\media\com.whatsapp\WhatsApp\Media\WhatsApp Images\IMG-20190310-WA0000.jpg","IMG-20190310-WA0000.jpg","189943","4199968"
"C:\Users\flier\OneDrive\תמונות\Samsung Gallery\Android\media\com.whatsapp\WhatsApp\Media\WhatsApp Images\IMG-20190310-WA0001.jpg","IMG-20190310-WA0001.jpg","186072","4199968"
"C:\Users\flier\OneDrive\תמונות\Samsung Gallery\Android\media\com.whatsapp\WhatsApp\Media\WhatsApp Images\IMG-20190311-WA0000.jpg","IMG-20190311-WA0000.jpg","39173","4199968"
"C:\Users\flier\OneDrive\תמונות\Samsung Gallery\Android\media\com.whatsapp\WhatsApp\Media\WhatsApp Images\IMG-20190311-WA0001.jpg","IMG-20190311-WA0001.jpg","105087","4199968"
"C:\Users\flier\OneDrive\תמונות\Samsung Gallery\Android\media\com.whatsapp\WhatsApp\Media\WhatsApp Images\IMG-20190311-WA0002.jpg","IMG-20190311-WA0002.jpg","110597","4199968"
"C:\Users\flier\OneDrive\תמונות\Samsung Gallery\Android\media\com.whatsapp\WhatsApp\Media\WhatsApp Images\IMG-20190313-WA0000.jpg","IMG-20190313-WA0000.jpg","121709","4199968"
"C:\Users\flier\OneDrive\תמונות\Samsung Gallery\Android\media\com.whatsapp\WhatsApp\Media\WhatsApp Images\IMG-20190314-WA0001.jpg","IMG-20190314-WA0001.jpg","212716","4199968"
"C:\Users\flier\OneDrive\תמונות\Samsung Gallery\Android\media\com.whatsapp\WhatsApp\Media\WhatsApp Images\IMG-20190314-WA0002.jpg","IMG-20190314-WA0002.jpg","267171","4199968"
"C:\Users\flier\OneDrive\תמונות\Samsung Gallery\Android\media\com.whatsapp\WhatsApp\Media\WhatsApp Images\IMG-20190314-WA0006.jpg","IMG-20190314-WA0006.jpg","162077","4199968"
"C:\Users\flier\OneDrive\תמונות\Samsung Gallery\Android\media\com.whatsapp\WhatsApp\Media\WhatsApp Images\IMG-20190315-WA0001.jpg","IMG-20190315-WA0001.jpg","194909","4199968"
"C:\Users\flier\OneDrive\תמונות\Samsung Gallery\Android\media\com.whatsapp\WhatsApp\Media\WhatsApp Images\IMG-20190315-WA0002.jpg","IMG-20190315-WA0002.jpg","135772","4199968"
"C:\Users\flier\OneDrive\תמונות\Samsung Gallery\Android\media\com.whatsapp\WhatsApp\Media\WhatsApp Images\IMG-20190315-WA0003.jpg","IMG-20190315-WA0003.jpg","97492","4199968"
"C:\Users\flier\OneDrive\תמונות\Samsung Gallery\Android\media\com.whatsapp\WhatsApp\Media\WhatsApp Images\IMG-20190315-WA0004.jpg","IMG-20190315-WA0004.jpg","155933","4199968"
"C:\Users\flier\OneDrive\תמונות\Samsung Gallery\Android\media\com.whatsapp\WhatsApp\Media\WhatsApp Images\IMG-20190315-WA0005.jpg","IMG-20190315-WA0005.jpg","121110","4199968"
"C:\Users\flier\OneDrive\תמונות\Samsung Gallery\Android\media\com.whatsapp\WhatsApp\Media\WhatsApp Images\IMG-20190315-WA0006.jpg","IMG-20190315-WA0006.jpg","179723","4199968"
"C:\Users\flier\OneDrive\תמונות\Samsung Gallery\Android\media\com.whatsapp\WhatsApp\Media\WhatsApp Images\IMG-20190315-WA0007.jpg","IMG-20190315-WA0007.jpg","135777","4199968"
"C:\Users\flier\OneDrive\תמונות\Samsung Gallery\Android\media\com.whatsapp\WhatsApp\Media\WhatsApp Images\IMG-20190315-WA0008.jpg","IMG-20190315-WA0008.jpg","157338","4199968"
"C:\Users\flier\OneDrive\תמונות\Samsung Gallery\Android\media\com.whatsapp\WhatsApp\Media\WhatsApp Images\IMG-20190315-WA0009.jpg","IMG-20190315-WA0009.jpg","151424","4199968"
"C:\Users\flier\OneDrive\תמונות\Samsung Gallery\Android\media\com.whatsapp\WhatsApp\Media\WhatsApp Images\IMG-20190315-WA0010.jpg","IMG-20190315-WA0010.jpg","105647","4199968"
"C:\Users\flier\OneDrive\תמונות\Samsung Gallery\Android\media\com.whatsapp\WhatsApp\Media\WhatsApp Images\IMG-20190315-WA0011.jpg","IMG-20190315-WA0011.jpg","188420","4199968"
"C:\Users\flier\OneDrive\תמונות\Samsung Gallery\Android\media\com.whatsapp\WhatsApp\Media\WhatsApp Images\IMG-20190315-WA0012.jpg","IMG-20190315-WA0012.jpg","162155","4199968"
"C:\Users\flier\OneDrive\תמונות\Samsung Gallery\Android\media\com.whatsapp\WhatsApp\Media\WhatsApp Images\IMG-20190315-WA0013.jpg","IMG-20190315-WA0013.jpg","122403","4199968"
"C:\Users\flier\OneDrive\תמונות\Samsung Gallery\Android\media\com.whatsapp\WhatsApp\Media\WhatsApp Images\IMG-20190315-WA0014.jpg","IMG-20190315-WA0014.jpg","123035","4199968"
"C:\Users\flier\OneDrive\תמונות\Samsung Gallery\Android\media\com.whatsapp\WhatsApp\Media\WhatsApp Images\IMG-20190315-WA0015.jpg","IMG-20190315-WA0015.jpg","160775","4199968"
"C:\Users\flier\OneDrive\תמונות\Samsung Gallery\Android\media\com.whatsapp\WhatsApp\Media\WhatsApp Images\IMG-20190315-WA0016.jpg","IMG-20190315-WA0016.jpg","155988","4199968"
"C:\Users\flier\OneDrive\תמונות\Samsung Gallery\Android\media\com.whatsapp\WhatsApp\Media\WhatsApp Images\IMG-20190315-WA0017.jpg","IMG-20190315-WA0017.jpg","102970","4199968"
"C:\Users\flier\OneDrive\תמונות\Samsung Gallery\Android\media\com.whatsapp\WhatsApp\Media\WhatsApp Images\IMG-20190315-WA0020.jpg","IMG-20190315-WA0020.jpg","135128","4199968"
"C:\Users\flier\OneDrive\תמונות\Samsung Gallery\Android\media\com.whatsapp\WhatsApp\Media\WhatsApp Images\IMG-20190315-WA0021.jpg","IMG-20190315-WA0021.jpg","130284","4199968"
"C:\Users\flier\OneDrive\תמונות\Samsung Gallery\Android\media\com.whatsapp\WhatsApp\Media\WhatsApp Images\IMG-20190315-WA0024.jpg","IMG-20190315-WA0024.jpg","219509","4199968"
"C:\Users\flier\OneDrive\תמונות\Samsung Gallery\Android\media\com.whatsapp\WhatsApp\Media\WhatsApp Images\IMG-20190315-WA0025.jpg","IMG-20190315-WA0025.jpg","95593","4199968"
"C:\Users\flier\OneDrive\תמונות\Samsung Gallery\Android\media\com.whatsapp\WhatsApp\Media\WhatsApp Images\IMG-20190315-WA0026.jpg","IMG-20190315-WA0026.jpg","74276","4199968"
"C:\Users\flier\OneDrive\תמונות\Samsung Gallery\Android\media\com.whatsapp\WhatsApp\Media\WhatsApp Images\IMG-20190315-WA0027.jpg","IMG-20190315-WA0027.jpg","97427","4199968"
"C:\Users\flier\OneDrive\תמונות\Samsung Gallery\Android\media\com.whatsapp\WhatsApp\Media\WhatsApp Images\IMG-20190315-WA0028.jpg","IMG-20190315-WA0028.jpg","154924","4199968"
"C:\Users\flier\OneDrive\תמונות\Samsung Gallery\Android\media\com.whatsapp\WhatsApp\Media\WhatsApp Images\IMG-20190315-WA0029.jpg","IMG-20190315-WA0029.jpg","150950","4199968"
"C:\Users\flier\OneDrive\תמונות\Samsung Gallery\Android\media\com.whatsapp\WhatsApp\Media\WhatsApp Images\IMG-20190315-WA0030.jpg","IMG-20190315-WA0030.jpg","200641","4199968"
"C:\Users\flier\OneDrive\תמונות\Samsung Gallery\Android\media\com.whatsapp\WhatsApp\Media\WhatsApp Images\IMG-20190315-WA0031.jpg","IMG-20190315-WA0031.jpg","69045","4199968"
"C:\Users\flier\OneDrive\תמונות\Samsung Gallery\Android\media\com.whatsapp\WhatsApp\Media\WhatsApp Images\IMG-20190315-WA0032.jpg","IMG-20190315-WA0032.jpg","212143","4199968"
"C:\Users\flier\OneDrive\תמונות\Samsung Gallery\Android\media\com.whatsapp\WhatsApp\Media\WhatsApp Images\IMG-20190315-WA0033.jpg","IMG-20190315-WA0033.jpg","85312","4199968"
"C:\Users\flier\OneDrive\תמונות\Samsung Gallery\Android\media\com.whatsapp\WhatsApp\Media\WhatsApp Images\IMG-20190315-WA0034.jpg","IMG-20190315-WA0034.jpg","88761","4199968"
"C:\Users\flier\OneDrive\תמונות\Samsung Gallery\Android\media\com.whatsapp\WhatsApp\Media\WhatsApp Images\IMG-20190315-WA0035.jpg","IMG-20190315-WA0035.jpg","231560","4199968"
"C:\Users\flier\OneDrive\תמונות\Samsung Gallery\Android\media\com.whatsapp\WhatsApp\Media\WhatsApp Images\IMG-20190315-WA0036.jpg","IMG-20190315-WA0036.jpg","193431","4199968"
"C:\Users\flier\OneDrive\תמונות\Samsung Gallery\Android\media\com.whatsapp\WhatsApp\Media\WhatsApp Images\IMG-20190315-WA0037.jpg","IMG-20190315-WA0037.jpg","146194","4199968"
"C:\Users\flier\OneDrive\תמונות\Samsung Gallery\Android\media\com.whatsapp\WhatsApp\Media\WhatsApp Images\IMG-20190315-WA0038.jpg","IMG-20190315-WA0038.jpg","93424","4199968"
"C:\Users\flier\OneDrive\תמונות\Samsung Gallery\Android\media\com.whatsapp\WhatsApp\Media\WhatsApp Images\IMG-20190315-WA0039.jpg","IMG-20190315-WA0039.jpg","147896","4199968"
"C:\Users\flier\OneDrive\תמונות\Samsung Gallery\Android\media\com.whatsapp\WhatsApp\Media\WhatsApp Images\IMG-20190315-WA0040.jpg","IMG-20190315-WA0040.jpg","213610","4199968"
"C:\Users\flier\OneDrive\תמונות\Samsung Gallery\Android\media\com.whatsapp\WhatsApp\Media\WhatsApp Images\IMG-20190315-WA0041.jpg","IMG-20190315-WA0041.jpg","228313","4199968"
"C:\Users\flier\OneDrive\תמונות\Samsung Gallery\Android\media\com.whatsapp\WhatsApp\Media\WhatsApp Images\IMG-20190315-WA0042.jpg","IMG-20190315-WA0042.jpg","143525","4199968"
"C:\Users\flier\OneDrive\תמונות\Samsung Gallery\Android\media\com.whatsapp\WhatsApp\Media\WhatsApp Images\IMG-20190315-WA0043.jpg","IMG-20190315-WA0043.jpg","217938","4199968"
"C:\Users\flier\OneDrive\תמונות\Samsung Gallery\Android\media\com.whatsapp\WhatsApp\Media\WhatsApp Images\IMG-20190315-WA0044.jpg","IMG-20190315-WA0044.jpg","167962","4199968"
"C:\Users\flier\OneDrive\תמונות\Samsung Gallery\Android\media\com.whatsapp\WhatsApp\Media\WhatsApp Images\IMG-20190315-WA0045.jpg","IMG-20190315-WA0045.jpg","165182","4199968"
"C:\Users\flier\OneDrive\תמונות\Samsung Gallery\Android\media\com.whatsapp\WhatsApp\Media\WhatsApp Images\IMG-20190315-WA0046.jpg","IMG-20190315-WA0046.jpg","223513","4199968"
"C:\Users\flier\OneDrive\תמונות\Samsung Gallery\Android\media\com.whatsapp\WhatsApp\Media\WhatsApp Images\IMG-20190315-WA0047.jpg","IMG-20190315-WA0047.jpg","142971","4199968"
"C:\Users\flier\OneDrive\תמונות\Samsung Gallery\Android\media\com.whatsapp\WhatsApp\Media\WhatsApp Images\IMG-20190315-WA0048.jpg","IMG-20190315-WA0048.jpg","194878","4199968"
"C:\Users\flier\OneDrive\תמונות\Samsung Gallery\Android\media\com.whatsapp\WhatsApp\Media\WhatsApp Images\IMG-20190315-WA0049.jpg","IMG-20190315-WA0049.jpg","139054","4199968"
"C:\Users\flier\OneDrive\תמונות\Samsung Gallery\Android\media\com.whatsapp\WhatsApp\Media\WhatsApp Images\IMG-20190315-WA0050.jpg","IMG-20190315-WA0050.jpg","162761","4199968"
"C:\Users\flier\OneDrive\תמונות\Samsung Gallery\Android\media\com.whatsapp\WhatsApp\Media\WhatsApp Images\IMG-20190315-WA0051.jpg","IMG-20190315-WA0051.jpg","216075","4199968"
"C:\Users\flier\OneDrive\תמונות\Samsung Gallery\Android\media\com.whatsapp\WhatsApp\Media\WhatsApp Images\IMG-20190315-WA0052.jpg","IMG-20190315-WA0052.jpg","160090","4199968"
"C:\Users\flier\OneDrive\תמונות\Samsung Gallery\Android\media\com.whatsapp\WhatsApp\Media\WhatsApp Images\IMG-20190315-WA0053.jpg","IMG-20190315-WA0053.jpg","209992","4199968"
"C:\Users\flier\OneDrive\תמונות\Samsung Gallery\Android\media\com.whatsapp\WhatsApp\Media\WhatsApp Images\IMG-20190315-WA0054.jpg","IMG-20190315-WA0054.jpg","108007","4199968"
"C:\Users\flier\OneDrive\תמונות\Samsung Gallery\Android\media\com.whatsapp\WhatsApp\Media\WhatsApp Images\IMG-20190316-WA0000.jpg","IMG-20190316-WA0000.jpg","101894","4199968"
"C:\Users\flier\OneDrive\תמונות\Samsung Gallery\Android\media\com.whatsapp\WhatsApp\Media\WhatsApp Images\IMG-20190316-WA0002.jpg","IMG-20190316-WA0002.jpg","111582","4199968"
"C:\Users\flier\OneDrive\תמונות\Samsung Gallery\Android\media\com.whatsapp\WhatsApp\Media\WhatsApp Images\IMG-20190317-WA0001.jpg","IMG-20190317-WA0001.jpg","94232","4199968"
"C:\Users\flier\OneDrive\תמונות\Samsung Gallery\Android\media\com.whatsapp\WhatsApp\Media\WhatsApp Images\IMG-20190317-WA0002.jpg","IMG-20190317-WA0002.jpg","100812","4199968"
"C:\Users\flier\OneDrive\תמונות\Samsung Gallery\Android\media\com.whatsapp\WhatsApp\Media\WhatsApp Images\IMG-20190317-WA0003.jpg","IMG-20190317-WA0003.jpg","51992","4199968"
"C:\Users\flier\OneDrive\תמונות\Samsung Gallery\Android\media\com.whatsapp\WhatsApp\Media\WhatsApp Images\IMG-20190317-WA0004.jpg","IMG-20190317-WA0004.jpg","76938","4199968"
"C:\Users\flier\OneDrive\תמונות\Samsung Gallery\Android\media\com.whatsapp\WhatsApp\Media\WhatsApp Images\IMG-20190317-WA0005.jpg","IMG-20190317-WA0005.jpg","105483","4199968"
"C:\Users\flier\OneDrive\תמונות\Samsung Gallery\Android\media\com.whatsapp\WhatsApp\Media\WhatsApp Images\IMG-20190318-WA0000.jpg","IMG-20190318-WA0000.jpg","170700","4199968"
"C:\Users\flier\OneDrive\תמונות\Samsung Gallery\Android\media\com.whatsapp\WhatsApp\Media\WhatsApp Images\IMG-20190318-WA0002.jpg","IMG-20190318-WA0002.jpg","335962","4199968"
"C:\Users\flier\OneDrive\תמונות\Samsung Gallery\Android\media\com.whatsapp\WhatsApp\Media\WhatsApp Images\IMG-20190318-WA0003.jpg","IMG-20190318-WA0003.jpg","298220","4199968"
"C:\Users\flier\OneDrive\תמונות\Samsung Gallery\Android\media\com.whatsapp\WhatsApp\Media\WhatsApp Images\IMG-20190318-WA0005.jpg","IMG-20190318-WA0005.jpg","28454","4199968"
"C:\Users\flier\OneDrive\תמונות\Samsung Gallery\Android\media\com.whatsapp\WhatsApp\Media\WhatsApp Images\IMG-20190319-WA0002.jpg","IMG-20190319-WA0002.jpg","68889","4199968"
"C:\Users\flier\OneDrive\תמונות\Samsung Gallery\Android\media\com.whatsapp\WhatsApp\Media\WhatsApp Images\IMG-20190319-WA0003.jpg","IMG-20190319-WA0003.jpg","153725","4199968"
"C:\Users\flier\OneDrive\תמונות\Samsung Gallery\Android\media\com.whatsapp\WhatsApp\Media\WhatsApp Images\IMG-20190319-WA0007.jpg","IMG-20190319-WA0007.jpg","74135","4199968"
"C:\Users\flier\OneDrive\תמונות\Samsung Gallery\Android\media\com.whatsapp\WhatsApp\Media\WhatsApp Images\IMG-20190319-WA0010.jpg","IMG-20190319-WA0010.jpg","135778","4199968"
"C:\Users\flier\OneDrive\תמונות\Samsung Gallery\Android\media\com.whatsapp\WhatsApp\Media\WhatsApp Images\IMG-20190319-WA0011.jpg","IMG-20190319-WA0011.jpg","86140","4199968"
"C:\Users\flier\OneDrive\תמונות\Samsung Gallery\Android\media\com.whatsapp\WhatsApp\Media\WhatsApp Images\IMG-20190319-WA0012.jpg","IMG-20190319-WA0012.jpg","322308","4199968"
"C:\Users\flier\OneDrive\תמונות\Samsung Gallery\Android\media\com.whatsapp\WhatsApp\Media\WhatsApp Images\IMG-20190319-WA0013.jpg","IMG-20190319-WA0013.jpg","135608","4199968"
"C:\Users\flier\OneDrive\תמונות\Samsung Gallery\Android\media\com.whatsapp\WhatsApp\Media\WhatsApp Images\IMG-20190319-WA0016.jpg","IMG-20190319-WA0016.jpg","305516","4199968"
"C:\Users\flier\OneDrive\תמונות\Samsung Gallery\Android\media\com.whatsapp\WhatsApp\Media\WhatsApp Images\IMG-20190319-WA0017.jpg","IMG-20190319-WA0017.jpg","388815","4199968"
"C:\Users\flier\OneDrive\תמונות\Samsung Gallery\Android\media\com.whatsapp\WhatsApp\Media\WhatsApp Images\IMG-20190319-WA0018.jpg","IMG-20190319-WA0018.jpg","465227","4199968"
"C:\Users\flier\OneDrive\תמונות\Samsung Gallery\Android\media\com.whatsapp\WhatsApp\Media\WhatsApp Images\IMG-20190319-WA0019.jpg","IMG-20190319-WA0019.jpg","91918","4199968"
"C:\Users\flier\OneDrive\תמונות\Samsung Gallery\Android\media\com.whatsapp\WhatsApp\Media\WhatsApp Images\IMG-20190319-WA0020.jpg","IMG-20190319-WA0020.jpg","369080","4199968"
"C:\Users\flier\OneDrive\תמונות\Samsung Gallery\Android\media\com.whatsapp\WhatsApp\Media\WhatsApp Images\IMG-20190319-WA0021.jpg","IMG-20190319-WA0021.jpg","132617","4199968"
"C:\Users\flier\OneDrive\תמונות\Samsung Gallery\Android\media\com.whatsapp\WhatsApp\Media\WhatsApp Images\IMG-20190319-WA0022.jpg","IMG-20190319-WA0022.jpg","217942","4199968"
"C:\Users\flier\OneDrive\תמונות\Samsung Gallery\Android\media\com.whatsapp\WhatsApp\Media\WhatsApp Images\IMG-20190319-WA0023.jpg","IMG-20190319-WA0023.jpg","85661","4199968"
"C:\Users\flier\OneDrive\תמונות\Samsung Gallery\Android\media\com.whatsapp\WhatsApp\Media\WhatsApp Images\IMG-20190319-WA0024.jpg","IMG-20190319-WA0024.jpg","152659","4199968"
"C:\Users\flier\OneDrive\תמונות\Samsung Gallery\Android\media\com.whatsapp\WhatsApp\Media\WhatsApp Images\IMG-20190319-WA0025.jpg","IMG-20190319-WA0025.jpg","151758","4199968"
"C:\Users\flier\OneDrive\תמונות\Samsung Gallery\Android\media\com.whatsapp\WhatsApp\Media\WhatsApp Images\IMG-20190319-WA0026.jpg","IMG-20190319-WA0026.jpg","119033","4199968"
"C:\Users\flier\OneDrive\תמונות\Samsung Gallery\Android\media\com.whatsapp\WhatsApp\Media\WhatsApp Images\IMG-20190319-WA0027.jpg","IMG-20190319-WA0027.jpg","106471","4199968"
"C:\Users\flier\OneDrive\תמונות\Samsung Gallery\Android\media\com.whatsapp\WhatsApp\Media\WhatsApp Images\IMG-20190319-WA0028.jpg","IMG-20190319-WA0028.jpg","119803","4199968"
"C:\Users\flier\OneDrive\תמונות\Samsung Gallery\Android\media\com.whatsapp\WhatsApp\Media\WhatsApp Images\IMG-20190319-WA0029.jpg","IMG-20190319-WA0029.jpg","141830","4199968"
"C:\Users\flier\OneDrive\תמונות\Samsung Gallery\Android\media\com.whatsapp\WhatsApp\Media\WhatsApp Images\IMG-20190319-WA0030.jpg","IMG-20190319-WA0030.jpg","82659","4199968"
"C:\Users\flier\OneDrive\תמונות\Samsung Gallery\Android\media\com.whatsapp\WhatsApp\Media\WhatsApp Images\IMG-20190319-WA0031.jpg","IMG-20190319-WA0031.jpg","134710","4199968"
"C:\Users\flier\OneDrive\תמונות\Samsung Gallery\Android\media\com.whatsapp\WhatsApp\Media\WhatsApp Images\IMG-20190319-WA0032.jpg","IMG-20190319-WA0032.jpg","122040","4199968"
"C:\Users\flier\OneDrive\תמונות\Samsung Gallery\Android\media\com.whatsapp\WhatsApp\Media\WhatsApp Images\IMG-20190319-WA0033.jpg","IMG-20190319-WA0033.jpg","116452","4199968"
"C:\Users\flier\OneDrive\תמונות\Samsung Gallery\Android\media\com.whatsapp\WhatsApp\Media\WhatsApp Images\IMG-20190319-WA0034.jpg","IMG-20190319-WA0034.jpg","108263","4199968"
"C:\Users\flier\OneDrive\תמונות\Samsung Gallery\Android\media\com.whatsapp\WhatsApp\Media\WhatsApp Images\IMG-20190319-WA0035.jpg","IMG-20190319-WA0035.jpg","113085","4199968"
"C:\Users\flier\OneDrive\תמונות\Samsung Gallery\Android\media\com.whatsapp\WhatsApp\Media\WhatsApp Images\IMG-20190319-WA0036.jpg","IMG-20190319-WA0036.jpg","180035","4199968"
"C:\Users\flier\OneDrive\תמונות\Samsung Gallery\Android\media\com.whatsapp\WhatsApp\Media\WhatsApp Images\IMG-20190319-WA0037.jpg","IMG-20190319-WA0037.jpg","127030","4199968"
"C:\Users\flier\OneDrive\תמונות\Samsung Gallery\Android\media\com.whatsapp\WhatsApp\Media\WhatsApp Images\IMG-20190319-WA0038.jpg","IMG-20190319-WA0038.jpg","135754","4199968"
"C:\Users\flier\OneDrive\תמונות\Samsung Gallery\Android\media\com.whatsapp\WhatsApp\Media\WhatsApp Images\IMG-20190319-WA0039.jpg","IMG-20190319-WA0039.jpg","126154","4199968"
"C:\Users\flier\OneDrive\תמונות\Samsung Gallery\Android\media\com.whatsapp\WhatsApp\Media\WhatsApp Images\IMG-20190319-WA0040.jpg","IMG-20190319-WA0040.jpg","119740","4199968"
"C:\Users\flier\OneDrive\תמונות\Samsung Gallery\Android\media\com.whatsapp\WhatsApp\Media\WhatsApp Images\IMG-20190319-WA0041.jpg","IMG-20190319-WA0041.jpg","113622","4199968"
"C:\Users\flier\OneDrive\תמונות\Samsung Gallery\Android\media\com.whatsapp\WhatsApp\Media\WhatsApp Images\IMG-20190319-WA0042.jpg","IMG-20190319-WA0042.jpg","107576","4199968"
"C:\Users\flier\OneDrive\תמונות\Samsung Gallery\Android\media\com.whatsapp\WhatsApp\Media\WhatsApp Images\IMG-20190319-WA0043.jpg","IMG-20190319-WA0043.jpg","214819","4199968"
"C:\Users\flier\OneDrive\תמונות\Samsung Gallery\Android\media\com.whatsapp\WhatsApp\Media\WhatsApp Images\IMG-20190319-WA0046.jpg","IMG-20190319-WA0046.jpg","85036","4199968"
"C:\Users\flier\OneDrive\תמונות\Samsung Gallery\Android\media\com.whatsapp\WhatsApp\Media\WhatsApp Images\IMG-20190320-WA0003.jpg","IMG-20190320-WA0003.jpg","411398","4199968"
"C:\Users\flier\OneDrive\תמונות\Samsung Gallery\Android\media\com.whatsapp\WhatsApp\Media\WhatsApp Images\IMG-20190320-WA0004.jpg","IMG-20190320-WA0004.jpg","147844","4199968"
"C:\Users\flier\OneDrive\תמונות\Samsung Gallery\Android\media\com.whatsapp\WhatsApp\Media\WhatsApp Images\IMG-20190320-WA0005.jpg","IMG-20190320-WA0005.jpg","220757","4199968"
"C:\Users\flier\OneDrive\תמונות\Samsung Gallery\Android\media\com.whatsapp\WhatsApp\Media\WhatsApp Images\IMG-20190320-WA0006.jpg","IMG-20190320-WA0006.jpg","220690","4199968"
"C:\Users\flier\OneDrive\תמונות\Samsung Gallery\Android\media\com.whatsapp\WhatsApp\Media\WhatsApp Images\IMG-20190320-WA0007.jpg","IMG-20190320-WA0007.jpg","192637","4199968"
"C:\Users\flier\OneDrive\תמונות\Samsung Gallery\Android\media\com.whatsapp\WhatsApp\Media\WhatsApp Images\IMG-20190321-WA0000.jpg","IMG-20190321-WA0000.jpg","49050","4199968"
"C:\Users\flier\OneDrive\תמונות\Samsung Gallery\Android\media\com.whatsapp\WhatsApp\Media\WhatsApp Images\IMG-20190321-WA0001.jpg","IMG-20190321-WA0001.jpg","116054","4199968"
"C:\Users\flier\OneDrive\תמונות\Samsung Gallery\Android\media\com.whatsapp\WhatsApp\Media\WhatsApp Images\IMG-20190322-WA0000.jpg","IMG-20190322-WA0000.jpg","198049","4199968"
"C:\Users\flier\OneDrive\תמונות\Samsung Gallery\Android\media\com.whatsapp\WhatsApp\Media\WhatsApp Images\IMG-20190322-WA0001.jpg","IMG-20190322-WA0001.jpg","317866","4199968"
"C:\Users\flier\OneDrive\תמונות\Samsung Gallery\Android\media\com.whatsapp\WhatsApp\Media\WhatsApp Images\IMG-20190322-WA0002.jpg","IMG-20190322-WA0002.jpg","140804","4199968"
"C:\Users\flier\OneDrive\תמונות\Samsung Gallery\Android\media\com.whatsapp\WhatsApp\Media\WhatsApp Images\IMG-20190322-WA0003.jpg","IMG-20190322-WA0003.jpg","104716","4199968"
"C:\Users\flier\OneDrive\תמונות\Samsung Gallery\Android\media\com.whatsapp\WhatsApp\Media\WhatsApp Images\IMG-20190322-WA0004.jpg","IMG-20190322-WA0004.jpg","211374","4199968"
"C:\Users\flier\OneDrive\תמונות\Samsung Gallery\Android\media\com.whatsapp\WhatsApp\Media\WhatsApp Images\IMG-20190322-WA0006.jpg","IMG-20190322-WA0006.jpg","256168","4199968"
"C:\Users\flier\OneDrive\תמונות\Samsung Gallery\Android\media\com.whatsapp\WhatsApp\Media\WhatsApp Images\IMG-20190322-WA0007.jpg","IMG-20190322-WA0007.jpg","170540","4199968"
"C:\Users\flier\OneDrive\תמונות\Samsung Gallery\Android\media\com.whatsapp\WhatsApp\Media\WhatsApp Images\IMG-20190322-WA0010.jpg","IMG-20190322-WA0010.jpg","134308","4199968"
"C:\Users\flier\OneDrive\תמונות\Samsung Gallery\Android\media\com.whatsapp\WhatsApp\Media\WhatsApp Images\IMG-20190322-WA0011.jpg","IMG-20190322-WA0011.jpg","249102","4199968"
"C:\Users\flier\OneDrive\תמונות\Samsung Gallery\Android\media\com.whatsapp\WhatsApp\Media\WhatsApp Images\IMG-20190322-WA0012.jpg","IMG-20190322-WA0012.jpg","300885","4199968"
"C:\Users\flier\OneDrive\תמונות\Samsung Gallery\Android\media\com.whatsapp\WhatsApp\Media\WhatsApp Images\IMG-20190322-WA0013.jpg","IMG-20190322-WA0013.jpg","277219","4199968"
"C:\Users\flier\OneDrive\תמונות\Samsung Gallery\Android\media\com.whatsapp\WhatsApp\Media\WhatsApp Images\IMG-20190322-WA0014.jpg","IMG-20190322-WA0014.jpg","312621","4199968"
"C:\Users\flier\OneDrive\תמונות\Samsung Gallery\Android\media\com.whatsapp\WhatsApp\Media\WhatsApp Images\IMG-20190322-WA0015.jpg","IMG-20190322-WA0015.jpg","385487","4199968"
"C:\Users\flier\OneDrive\תמונות\Samsung Gallery\Android\media\com.whatsapp\WhatsApp\Media\WhatsApp Images\IMG-20190322-WA0016.jpg","IMG-20190322-WA0016.jpg","544587","4199968"
"C:\Users\flier\OneDrive\תמונות\Samsung Gallery\Android\media\com.whatsapp\WhatsApp\Media\WhatsApp Images\IMG-20190322-WA0017.jpg","IMG-20190322-WA0017.jpg","420062","4199968"
"C:\Users\flier\OneDrive\תמונות\Samsung Gallery\Android\media\com.whatsapp\WhatsApp\Media\WhatsApp Images\IMG-20190322-WA0018.jpg","IMG-20190322-WA0018.jpg","396939","4199968"
"C:\Users\flier\OneDrive\תמונות\Samsung Gallery\Android\media\com.whatsapp\WhatsApp\Media\WhatsApp Images\IMG-20190322-WA0019.jpg","IMG-20190322-WA0019.jpg","589868","4199968"
"C:\Users\flier\OneDrive\תמונות\Samsung Gallery\Android\media\com.whatsapp\WhatsApp\Media\WhatsApp Images\IMG-20190322-WA0020.jpg","IMG-20190322-WA0020.jpg","316084","4199968"
"C:\Users\flier\OneDrive\תמונות\Samsung Gallery\Android\media\com.whatsapp\WhatsApp\Media\WhatsApp Images\IMG-20190322-WA0021.jpg","IMG-20190322-WA0021.jpg","296567","4199968"
"C:\Users\flier\OneDrive\תמונות\Samsung Gallery\Android\media\com.whatsapp\WhatsApp\Media\WhatsApp Images\IMG-20190322-WA0022.jpg","IMG-20190322-WA0022.jpg","102893","4199968"
"C:\Users\flier\OneDrive\תמונות\Samsung Gallery\Android\media\com.whatsapp\WhatsApp\Media\WhatsApp Images\IMG-20190322-WA0023.jpg","IMG-20190322-WA0023.jpg","168676","4199968"
"C:\Users\flier\OneDrive\תמונות\Samsung Gallery\Android\media\com.whatsapp\WhatsApp\Media\WhatsApp Images\IMG-20190323-WA0000.jpg","IMG-20190323-WA0000.jpg","185787","4199968"
"C:\Users\flier\OneDrive\תמונות\Samsung Gallery\Android\media\com.whatsapp\WhatsApp\Media\WhatsApp Images\IMG-20190323-WA0002.jpg","IMG-20190323-WA0002.jpg","131122","4199968"
"C:\Users\flier\OneDrive\תמונות\Samsung Gallery\Android\media\com.whatsapp\WhatsApp\Media\WhatsApp Images\IMG-20190323-WA0003.jpg","IMG-20190323-WA0003.jpg","114132","4199968"
"C:\Users\flier\OneDrive\תמונות\Samsung Gallery\Android\media\com.whatsapp\WhatsApp\Media\WhatsApp Images\IMG-20190323-WA0004.jpg","IMG-20190323-WA0004.jpg","146348","4199968"
"C:\Users\flier\OneDrive\תמונות\Samsung Gallery\Android\media\com.whatsapp\WhatsApp\Media\WhatsApp Images\IMG-20190323-WA0007.jpg","IMG-20190323-WA0007.jpg","102768","4199968"
"C:\Users\flier\OneDrive\תמונות\Samsung Gallery\Android\media\com.whatsapp\WhatsApp\Media\WhatsApp Images\IMG-20190323-WA0008.jpg","IMG-20190323-WA0008.jpg","160999","4199968"
"C:\Users\flier\OneDrive\תמונות\Samsung Gallery\Android\media\com.whatsapp\WhatsApp\Media\WhatsApp Images\IMG-20190323-WA0009.jpg","IMG-20190323-WA0009.jpg","178290","4199968"
"C:\Users\flier\OneDrive\תמונות\Samsung Gallery\Android\media\com.whatsapp\WhatsApp\Media\WhatsApp Images\IMG-20190323-WA0011.jpg","IMG-20190323-WA0011.jpg","165620","4199968"
"C:\Users\flier\OneDrive\תמונות\Samsung Gallery\Android\media\com.whatsapp\WhatsApp\Media\WhatsApp Images\IMG-20190324-WA0000.jpg","IMG-20190324-WA0000.jpg","256523","4199968"
"C:\Users\flier\OneDrive\תמונות\Samsung Gallery\Android\media\com.whatsapp\WhatsApp\Media\WhatsApp Images\IMG-20190324-WA0001.jpg","IMG-20190324-WA0001.jpg","350154","4199968"
"C:\Users\flier\OneDrive\תמונות\Samsung Gallery\Android\media\com.whatsapp\WhatsApp\Media\WhatsApp Images\IMG-20190324-WA0002.jpg","IMG-20190324-WA0002.jpg","561086","4199968"
"C:\Users\flier\OneDrive\תמונות\Samsung Gallery\Android\media\com.whatsapp\WhatsApp\Media\WhatsApp Images\IMG-20190324-WA0004.jpg","IMG-20190324-WA0004.jpg","228369","4199968"
"C:\Users\flier\OneDrive\תמונות\Samsung Gallery\Android\media\com.whatsapp\WhatsApp\Media\WhatsApp Images\IMG-20190324-WA0005.jpg","IMG-20190324-WA0005.jpg","157670","4199968"
"C:\Users\flier\OneDrive\תמונות\Samsung Gallery\Android\media\com.whatsapp\WhatsApp\Media\WhatsApp Images\IMG-20190324-WA0006.jpg","IMG-20190324-WA0006.jpg","158690","4199968"
"C:\Users\flier\OneDrive\תמונות\Samsung Gallery\Android\media\com.whatsapp\WhatsApp\Media\WhatsApp Images\IMG-20190324-WA0007.jpg","IMG-20190324-WA0007.jpg","191817","4199968"
"C:\Users\flier\OneDrive\תמונות\Samsung Gallery\Android\media\com.whatsapp\WhatsApp\Media\WhatsApp Images\IMG-20190324-WA0008.jpg","IMG-20190324-WA0008.jpg","161996","4199968"
"C:\Users\flier\OneDrive\תמונות\Samsung Gallery\Android\media\com.whatsapp\WhatsApp\Media\WhatsApp Images\IMG-20190324-WA0009.jpg","IMG-20190324-WA0009.jpg","219715","4199968"
"C:\Users\flier\OneDrive\תמונות\Samsung Gallery\Android\media\com.whatsapp\WhatsApp\Media\WhatsApp Images\IMG-20190324-WA0010.jpg","IMG-20190324-WA0010.jpg","192104","4199968"
"C:\Users\flier\OneDrive\תמונות\Samsung Gallery\Android\media\com.whatsapp\WhatsApp\Media\WhatsApp Images\IMG-20190324-WA0011.jpg","IMG-20190324-WA0011.jpg","219894","4199968"
"C:\Users\flier\OneDrive\תמונות\Samsung Gallery\Android\media\com.whatsapp\WhatsApp\Media\WhatsApp Images\IMG-20190324-WA0012.jpg","IMG-20190324-WA0012.jpg","118214","4199968"
"C:\Users\flier\OneDrive\תמונות\Samsung Gallery\Android\media\com.whatsapp\WhatsApp\Media\WhatsApp Images\IMG-20190324-WA0013.jpg","IMG-20190324-WA0013.jpg","139938","4199968"
"C:\Users\flier\OneDrive\תמונות\Samsung Gallery\Android\media\com.whatsapp\WhatsApp\Media\WhatsApp Images\IMG-20190324-WA0014.jpg","IMG-20190324-WA0014.jpg","142201","4199968"
"C:\Users\flier\OneDrive\תמונות\Samsung Gallery\Android\media\com.whatsapp\WhatsApp\Media\WhatsApp Images\IMG-20190324-WA0015.jpg","IMG-20190324-WA0015.jpg","293536","4199968"
"C:\Users\flier\OneDrive\תמונות\Samsung Gallery\Android\media\com.whatsapp\WhatsApp\Media\WhatsApp Images\IMG-20190324-WA0016.jpg","IMG-20190324-WA0016.jpg","308061","4199968"
"C:\Users\flier\OneDrive\תמונות\Samsung Gallery\Android\media\com.whatsapp\WhatsApp\Media\WhatsApp Images\IMG-20190324-WA0017.jpg","IMG-20190324-WA0017.jpg","253539","4199968"
"C:\Users\flier\OneDrive\תמונות\Samsung Gallery\Android\media\com.whatsapp\WhatsApp\Media\WhatsApp Images\IMG-20190324-WA0018.jpg","IMG-20190324-WA0018.jpg","265881","4199968"
"C:\Users\flier\OneDrive\תמונות\Samsung Gallery\Android\media\com.whatsapp\WhatsApp\Media\WhatsApp Images\IMG-20190324-WA0019.jpg","IMG-20190324-WA0019.jpg","153115","4199968"
"C:\Users\flier\OneDrive\תמונות\Samsung Gallery\Android\media\com.whatsapp\WhatsApp\Media\WhatsApp Images\IMG-20190324-WA0020.jpg","IMG-20190324-WA0020.jpg","161996","4199968"
"C:\Users\flier\OneDrive\תמונות\Samsung Gallery\Android\media\com.whatsapp\WhatsApp\Media\WhatsApp Images\IMG-20190324-WA0021.jpg","IMG-20190324-WA0021.jpg","121915","4199968"
"C:\Users\flier\OneDrive\תמונות\Samsung Gallery\Android\media\com.whatsapp\WhatsApp\Media\WhatsApp Images\IMG-20190324-WA0022.jpg","IMG-20190324-WA0022.jpg","214918","4199968"
"C:\Users\flier\OneDrive\תמונות\Samsung Gallery\Android\media\com.whatsapp\WhatsApp\Media\WhatsApp Images\IMG-20190324-WA0023.jpg","IMG-20190324-WA0023.jpg","242886","4199968"
"C:\Users\flier\OneDrive\תמונות\Samsung Gallery\Android\media\com.whatsapp\WhatsApp\Media\WhatsApp Images\IMG-20190324-WA0024.jpg","IMG-20190324-WA0024.jpg","158327","4199968"
"C:\Users\flier\OneDrive\תמונות\Samsung Gallery\Android\media\com.whatsapp\WhatsApp\Media\WhatsApp Images\IMG-20190324-WA0025.jpg","IMG-20190324-WA0025.jpg","218891","4199968"
"C:\Users\flier\OneDrive\תמונות\Samsung Gallery\Android\media\com.whatsapp\WhatsApp\Media\WhatsApp Images\IMG-20190324-WA0026.jpg","IMG-20190324-WA0026.jpg","201468","4199968"
"C:\Users\flier\OneDrive\תמונות\Samsung Gallery\Android\media\com.whatsapp\WhatsApp\Media\WhatsApp Images\IMG-20190324-WA0027.jpg","IMG-20190324-WA0027.jpg","293536","4199968"
"C:\Users\flier\OneDrive\תמונות\Samsung Gallery\Android\media\com.whatsapp\WhatsApp\Media\WhatsApp Images\IMG-20190324-WA0028.jpg","IMG-20190324-WA0028.jpg","242886","4199968"
"C:\Users\flier\OneDrive\תמונות\Samsung Gallery\Android\media\com.whatsapp\WhatsApp\Media\WhatsApp Images\IMG-20190324-WA0029.jpg","IMG-20190324-WA0029.jpg","245933","4199968"
"C:\Users\flier\OneDrive\תמונות\Samsung Gallery\Android\media\com.whatsapp\WhatsApp\Media\WhatsApp Images\IMG-20190324-WA0030.jpg","IMG-20190324-WA0030.jpg","84660","4199968"
"C:\Users\flier\OneDrive\תמונות\Samsung Gallery\Android\media\com.whatsapp\WhatsApp\Media\WhatsApp Images\IMG-20190324-WA0031.jpg","IMG-20190324-WA0031.jpg","205300","4199968"
"C:\Users\flier\OneDrive\תמונות\Samsung Gallery\Android\media\com.whatsapp\WhatsApp\Media\WhatsApp Images\IMG-20190324-WA0035.jpg","IMG-20190324-WA0035.jpg","76528","4199968"
"C:\Users\flier\OneDrive\תמונות\Samsung Gallery\Android\media\com.whatsapp\WhatsApp\Media\WhatsApp Images\IMG-20190324-WA0036.jpg","IMG-20190324-WA0036.jpg","280263","4199968"
"C:\Users\flier\OneDrive\תמונות\Samsung Gallery\Android\media\com.whatsapp\WhatsApp\Media\WhatsApp Images\IMG-20190324-WA0037.jpg","IMG-20190324-WA0037.jpg","331605","4199968"
"C:\Users\flier\OneDrive\תמונות\Samsung Gallery\Android\media\com.whatsapp\WhatsApp\Media\WhatsApp Images\IMG-20190324-WA0038.jpg","IMG-20190324-WA0038.jpg","186825","4199968"
"C:\Users\flier\OneDrive\תמונות\Samsung Gallery\Android\media\com.whatsapp\WhatsApp\Media\WhatsApp Images\IMG-20190324-WA0039.jpg","IMG-20190324-WA0039.jpg","270813","4199968"
"C:\Users\flier\OneDrive\תמונות\Samsung Gallery\Android\media\com.whatsapp\WhatsApp\Media\WhatsApp Images\IMG-20190324-WA0041.jpg","IMG-20190324-WA0041.jpg","358933","4199968"
"C:\Users\flier\OneDrive\תמונות\Samsung Gallery\Android\media\com.whatsapp\WhatsApp\Media\WhatsApp Images\IMG-20190324-WA0044.jpg","IMG-20190324-WA0044.jpg","342385","4199968"
"C:\Users\flier\OneDrive\תמונות\Samsung Gallery\Android\media\com.whatsapp\WhatsApp\Media\WhatsApp Images\IMG-20190324-WA0045.jpg","IMG-20190324-WA0045.jpg","307171","4199968"
"C:\Users\flier\OneDrive\תמונות\Samsung Gallery\Android\media\com.whatsapp\WhatsApp\Media\WhatsApp Images\IMG-20190324-WA0046.jpg","IMG-20190324-WA0046.jpg","309527","4199968"
"C:\Users\flier\OneDrive\תמונות\Samsung Gallery\Android\media\com.whatsapp\WhatsApp\Media\WhatsApp Images\IMG-20190324-WA0047.jpg","IMG-20190324-WA0047.jpg","369164","4199968"
"C:\Users\flier\OneDrive\תמונות\Samsung Gallery\Android\media\com.whatsapp\WhatsApp\Media\WhatsApp Images\IMG-20190324-WA0048.jpg","IMG-20190324-WA0048.jpg","378570","4199968"
"C:\Users\flier\OneDrive\תמונות\Samsung Gallery\Android\media\com.whatsapp\WhatsApp\Media\WhatsApp Images\IMG-20190324-WA0049.jpg","IMG-20190324-WA0049.jpg","229051","4199968"
"C:\Users\flier\OneDrive\תמונות\Samsung Gallery\Android\media\com.whatsapp\WhatsApp\Media\WhatsApp Images\IMG-20190324-WA0050.jpg","IMG-20190324-WA0050.jpg","248524","4199968"
"C:\Users\flier\OneDrive\תמונות\Samsung Gallery\Android\media\com.whatsapp\WhatsApp\Media\WhatsApp Images\IMG-20190324-WA0051.jpg","IMG-20190324-WA0051.jpg","195254","4199968"
"C:\Users\flier\OneDrive\תמונות\Samsung Gallery\Android\media\com.whatsapp\WhatsApp\Media\WhatsApp Images\IMG-20190324-WA0052.jpg","IMG-20190324-WA0052.jpg","209714","4199968"
"C:\Users\flier\OneDrive\תמונות\Samsung Gallery\Android\media\com.whatsapp\WhatsApp\Media\WhatsApp Images\IMG-20190324-WA0053.jpg","IMG-20190324-WA0053.jpg","283666","4199968"
"C:\Users\flier\OneDrive\תמונות\Samsung Gallery\Android\media\com.whatsapp\WhatsApp\Media\WhatsApp Images\IMG-20190324-WA0054.jpg","IMG-20190324-WA0054.jpg","299929","4199968"
"C:\Users\flier\OneDrive\תמונות\Samsung Gallery\Android\media\com.whatsapp\WhatsApp\Media\WhatsApp Images\IMG-20190324-WA0055.jpg","IMG-20190324-WA0055.jpg","238519","4199968"
"C:\Users\flier\OneDrive\תמונות\Samsung Gallery\Android\media\com.whatsapp\WhatsApp\Media\WhatsApp Images\IMG-20190324-WA0056.jpg","IMG-20190324-WA0056.jpg","236161","4199968"
"C:\Users\flier\OneDrive\תמונות\Samsung Gallery\Android\media\com.whatsapp\WhatsApp\Media\WhatsApp Images\IMG-20190324-WA0057.jpg","IMG-20190324-WA0057.jpg","191132","4199968"
"C:\Users\flier\OneDrive\תמונות\Samsung Gallery\Android\media\com.whatsapp\WhatsApp\Media\WhatsApp Images\IMG-20190325-WA0000.jpg","IMG-20190325-WA0000.jpg","337850","4199968"
"C:\Users\flier\OneDrive\תמונות\Samsung Gallery\Android\media\com.whatsapp\WhatsApp\Media\WhatsApp Images\IMG-20190325-WA0001.jpg","IMG-20190325-WA0001.jpg","380172","4199968"
"C:\Users\flier\OneDrive\תמונות\Samsung Gallery\Android\media\com.whatsapp\WhatsApp\Media\WhatsApp Images\IMG-20190325-WA0002.jpg","IMG-20190325-WA0002.jpg","295920","4199968"
"C:\Users\flier\OneDrive\תמונות\Samsung Gallery\Android\media\com.whatsapp\WhatsApp\Media\WhatsApp Images\IMG-20190325-WA0003.jpg","IMG-20190325-WA0003.jpg","162151","4199968"
"C:\Users\flier\OneDrive\תמונות\Samsung Gallery\Android\media\com.whatsapp\WhatsApp\Media\WhatsApp Images\IMG-20190325-WA0004.jpg","IMG-20190325-WA0004.jpg","360591","4199968"
"C:\Users\flier\OneDrive\תמונות\Samsung Gallery\Android\media\com.whatsapp\WhatsApp\Media\WhatsApp Images\IMG-20190325-WA0005.jpg","IMG-20190325-WA0005.jpg","144716","4199968"
"C:\Users\flier\OneDrive\תמונות\Samsung Gallery\Android\media\com.whatsapp\WhatsApp\Media\WhatsApp Images\IMG-20190325-WA0006.jpg","IMG-20190325-WA0006.jpg","234346","4199968"
"C:\Users\flier\OneDrive\תמונות\Samsung Gallery\Android\media\com.whatsapp\WhatsApp\Media\WhatsApp Images\IMG-20190325-WA0007.jpg","IMG-20190325-WA0007.jpg","205580","4199968"
"C:\Users\flier\OneDrive\תמונות\Samsung Gallery\Android\media\com.whatsapp\WhatsApp\Media\WhatsApp Images\IMG-20190325-WA0008.jpg","IMG-20190325-WA0008.jpg","135424","4199968"
"C:\Users\flier\OneDrive\תמונות\Samsung Gallery\Android\media\com.whatsapp\WhatsApp\Media\WhatsApp Images\IMG-20190325-WA0009.jpg","IMG-20190325-WA0009.jpg","206807","4199968"
"C:\Users\flier\OneDrive\תמונות\Samsung Gallery\Android\media\com.whatsapp\WhatsApp\Media\WhatsApp Images\IMG-20190325-WA0010.jpg","IMG-20190325-WA0010.jpg","326296","4199968"
"C:\Users\flier\OneDrive\תמונות\Samsung Gallery\Android\media\com.whatsapp\WhatsApp\Media\WhatsApp Images\IMG-20190325-WA0011.jpg","IMG-20190325-WA0011.jpg","273150","4199968"
"C:\Users\flier\OneDrive\תמונות\Samsung Gallery\Android\media\com.whatsapp\WhatsApp\Media\WhatsApp Images\IMG-20190325-WA0012.jpg","IMG-20190325-WA0012.jpg","272723","4199968"
"C:\Users\flier\OneDrive\תמונות\Samsung Gallery\Android\media\com.whatsapp\WhatsApp\Media\WhatsApp Images\IMG-20190325-WA0013.jpg","IMG-20190325-WA0013.jpg","285856","4199968"
"C:\Users\flier\OneDrive\תמונות\Samsung Gallery\Android\media\com.whatsapp\WhatsApp\Media\WhatsApp Images\IMG-20190325-WA0014.jpg","IMG-20190325-WA0014.jpg","266453","4199968"
"C:\Users\flier\OneDrive\תמונות\Samsung Gallery\Android\media\com.whatsapp\WhatsApp\Media\WhatsApp Images\IMG-20190325-WA0015.jpg","IMG-20190325-WA0015.jpg","279903","4199968"
"C:\Users\flier\OneDrive\תמונות\Samsung Gallery\Android\media\com.whatsapp\WhatsApp\Media\WhatsApp Images\IMG-20190325-WA0016.jpg","IMG-20190325-WA0016.jpg","324137","4199968"
"C:\Users\flier\OneDrive\תמונות\Samsung Gallery\Android\media\com.whatsapp\WhatsApp\Media\WhatsApp Images\IMG-20190325-WA0017.jpg","IMG-20190325-WA0017.jpg","309096","4199968"
"C:\Users\flier\OneDrive\תמונות\Samsung Gallery\Android\media\com.whatsapp\WhatsApp\Media\WhatsApp Images\IMG-20190325-WA0018.jpg","IMG-20190325-WA0018.jpg","446755","4199968"
"C:\Users\flier\OneDrive\תמונות\Samsung Gallery\Android\media\com.whatsapp\WhatsApp\Media\WhatsApp Images\IMG-20190325-WA0019.jpg","IMG-20190325-WA0019.jpg","454210","4199968"
"C:\Users\flier\OneDrive\תמונות\Samsung Gallery\Android\media\com.whatsapp\WhatsApp\Media\WhatsApp Images\IMG-20190325-WA0020.jpg","IMG-20190325-WA0020.jpg","495287","4199968"
"C:\Users\flier\OneDrive\תמונות\Samsung Gallery\Android\media\com.whatsapp\WhatsApp\Media\WhatsApp Images\IMG-20190325-WA0021.jpg","IMG-20190325-WA0021.jpg","458739","4199968"
"C:\Users\flier\OneDrive\תמונות\Samsung Gallery\Android\media\com.whatsapp\WhatsApp\Media\WhatsApp Images\IMG-20190325-WA0022.jpg","IMG-20190325-WA0022.jpg","458877","4199968"
"C:\Users\flier\OneDrive\תמונות\Samsung Gallery\Android\media\com.whatsapp\WhatsApp\Media\WhatsApp Images\IMG-20190325-WA0023.jpg","IMG-20190325-WA0023.jpg","501707","4199968"
"C:\Users\flier\OneDrive\תמונות\Samsung Gallery\Android\media\com.whatsapp\WhatsApp\Media\WhatsApp Images\IMG-20190325-WA0024.jpg","IMG-20190325-WA0024.jpg","111150","4199968"
"C:\Users\flier\OneDrive\תמונות\Samsung Gallery\Android\media\com.whatsapp\WhatsApp\Media\WhatsApp Images\IMG-20190325-WA0025.jpg","IMG-20190325-WA0025.jpg","113980","4199968"
"C:\Users\flier\OneDrive\תמונות\Samsung Gallery\Android\media\com.whatsapp\WhatsApp\Media\WhatsApp Images\IMG-20190325-WA0026.jpg","IMG-20190325-WA0026.jpg","113794","4199968"
"C:\Users\flier\OneDrive\תמונות\Samsung Gallery\Android\media\com.whatsapp\WhatsApp\Media\WhatsApp Images\IMG-20190325-WA0027.jpg","IMG-20190325-WA0027.jpg","428398","4199968"
"C:\Users\flier\OneDrive\תמונות\Samsung Gallery\Android\media\com.whatsapp\WhatsApp\Media\WhatsApp Images\IMG-20190325-WA0028.jpg","IMG-20190325-WA0028.jpg","331099","4199968"
"C:\Users\flier\OneDrive\תמונות\Samsung Gallery\Android\media\com.whatsapp\WhatsApp\Media\WhatsApp Images\IMG-20190325-WA0029.jpg","IMG-20190325-WA0029.jpg","278078","4199968"
"C:\Users\flier\OneDrive\תמונות\Samsung Gallery\Android\media\com.whatsapp\WhatsApp\Media\WhatsApp Images\IMG-20190325-WA0030.jpg","IMG-20190325-WA0030.jpg","360187","4199968"
"C:\Users\flier\OneDrive\תמונות\Samsung Gallery\Android\media\com.whatsapp\WhatsApp\Media\WhatsApp Images\IMG-20190325-WA0031.jpg","IMG-20190325-WA0031.jpg","423458","4199968"
"C:\Users\flier\OneDrive\תמונות\Samsung Gallery\Android\media\com.whatsapp\WhatsApp\Media\WhatsApp Images\IMG-20190325-WA0032.jpg","IMG-20190325-WA0032.jpg","388789","4199968"
"C:\Users\flier\OneDrive\תמונות\Samsung Gallery\Android\media\com.whatsapp\WhatsApp\Media\WhatsApp Images\IMG-20190325-WA0033.jpg","IMG-20190325-WA0033.jpg","451820","4199968"
"C:\Users\flier\OneDrive\תמונות\Samsung Gallery\Android\media\com.whatsapp\WhatsApp\Media\WhatsApp Images\IMG-20190325-WA0034.jpg","IMG-20190325-WA0034.jpg","384859","4199968"
"C:\Users\flier\OneDrive\תמונות\Samsung Gallery\Android\media\com.whatsapp\WhatsApp\Media\WhatsApp Images\IMG-20190325-WA0035.jpg","IMG-20190325-WA0035.jpg","437337","4199968"
"C:\Users\flier\OneDrive\תמונות\Samsung Gallery\Android\media\com.whatsapp\WhatsApp\Media\WhatsApp Images\IMG-20190325-WA0036.jpg","IMG-20190325-WA0036.jpg","497491","4199968"
"C:\Users\flier\OneDrive\תמונות\Samsung Gallery\Android\media\com.whatsapp\WhatsApp\Media\WhatsApp Images\IMG-20190325-WA0037.jpg","IMG-20190325-WA0037.jpg","428679","4199968"
"C:\Users\flier\OneDrive\תמונות\Samsung Gallery\Android\media\com.whatsapp\WhatsApp\Media\WhatsApp Images\IMG-20190325-WA0038.jpg","IMG-20190325-WA0038.jpg","401258","4199968"
"C:\Users\flier\OneDrive\תמונות\Samsung Gallery\Android\media\com.whatsapp\WhatsApp\Media\WhatsApp Images\IMG-20190325-WA0039.jpg","IMG-20190325-WA0039.jpg","434020","4199968"
"C:\Users\flier\OneDrive\תמונות\Samsung Gallery\Android\media\com.whatsapp\WhatsApp\Media\WhatsApp Images\IMG-20190325-WA0040.jpg","IMG-20190325-WA0040.jpg","393675","4199968"
"C:\Users\flier\OneDrive\תמונות\Samsung Gallery\Android\media\com.whatsapp\WhatsApp\Media\WhatsApp Images\IMG-20190325-WA0041.jpg","IMG-20190325-WA0041.jpg","407843","4199968"
"C:\Users\flier\OneDrive\תמונות\Samsung Gallery\Android\media\com.whatsapp\WhatsApp\Media\WhatsApp Images\IMG-20190325-WA0042.jpg","IMG-20190325-WA0042.jpg","476107","4199968"
"C:\Users\flier\OneDrive\תמונות\Samsung Gallery\Android\media\com.whatsapp\WhatsApp\Media\WhatsApp Images\IMG-20190325-WA0043.jpg","IMG-20190325-WA0043.jpg","148903","4199968"
"C:\Users\flier\OneDrive\תמונות\Samsung Gallery\Android\media\com.whatsapp\WhatsApp\Media\WhatsApp Images\IMG-20190325-WA0044.jpg","IMG-20190325-WA0044.jpg","175128","4199968"
"C:\Users\flier\OneDrive\תמונות\Samsung Gallery\Android\media\com.whatsapp\WhatsApp\Media\WhatsApp Images\IMG-20190325-WA0045.jpg","IMG-20190325-WA0045.jpg","285856","4199968"
"C:\Users\flier\OneDrive\תמונות\Samsung Gallery\Android\media\com.whatsapp\WhatsApp\Media\WhatsApp Images\IMG-20190325-WA0046.jpg","IMG-20190325-WA0046.jpg","273150","4199968"
"C:\Users\flier\OneDrive\תמונות\Samsung Gallery\Android\media\com.whatsapp\WhatsApp\Media\WhatsApp Images\IMG-20190325-WA0047.jpg","IMG-20190325-WA0047.jpg","309096","4199968"
"C:\Users\flier\OneDrive\תמונות\Samsung Gallery\Android\media\com.whatsapp\WhatsApp\Media\WhatsApp Images\IMG-20190325-WA0048.jpg","IMG-20190325-WA0048.jpg","324137","4199968"
"C:\Users\flier\OneDrive\תמונות\Samsung Gallery\Android\media\com.whatsapp\WhatsApp\Media\WhatsApp Images\IMG-20190325-WA0049.jpg","IMG-20190325-WA0049.jpg","135424","4199968"
"C:\Users\flier\OneDrive\תמונות\Samsung Gallery\Android\media\com.whatsapp\WhatsApp\Media\WhatsApp Images\IMG-20190325-WA0050.jpg","IMG-20190325-WA0050.jpg","421382","4199968"
"C:\Users\flier\OneDrive\תמונות\Samsung Gallery\Android\media\com.whatsapp\WhatsApp\Media\WhatsApp Images\IMG-20190325-WA0051.jpg","IMG-20190325-WA0051.jpg","205580","4199968"
"C:\Users\flier\OneDrive\תמונות\Samsung Gallery\Android\media\com.whatsapp\WhatsApp\Media\WhatsApp Images\IMG-20190325-WA0052.jpg","IMG-20190325-WA0052.jpg","234346","4199968"
"C:\Users\flier\OneDrive\תמונות\Samsung Gallery\Android\media\com.whatsapp\WhatsApp\Media\WhatsApp Images\IMG-20190325-WA0053.jpg","IMG-20190325-WA0053.jpg","266453","4199968"
"C:\Users\flier\OneDrive\תמונות\Samsung Gallery\Android\media\com.whatsapp\WhatsApp\Media\WhatsApp Images\IMG-20190325-WA0054.jpg","IMG-20190325-WA0054.jpg","279903","4199968"
"C:\Users\flier\OneDrive\תמונות\Samsung Gallery\Android\media\com.whatsapp\WhatsApp\Media\WhatsApp Images\IMG-20190325-WA0055.jpg","IMG-20190325-WA0055.jpg","454210","4199968"
"C:\Users\flier\OneDrive\תמונות\Samsung Gallery\Android\media\com.whatsapp\WhatsApp\Media\WhatsApp Images\IMG-20190325-WA0056.jpg","IMG-20190325-WA0056.jpg","495287","4199968"
"C:\Users\flier\OneDrive\תמונות\Samsung Gallery\Android\media\com.whatsapp\WhatsApp\Media\WhatsApp Images\IMG-20190325-WA0057.jpg","IMG-20190325-WA0057.jpg","272723","4199968"
"C:\Users\flier\OneDrive\תמונות\Samsung Gallery\Android\media\com.whatsapp\WhatsApp\Media\WhatsApp Images\IMG-20190325-WA0058.jpg","IMG-20190325-WA0058.jpg","411993","4199968"
"C:\Users\flier\OneDrive\תמונות\Samsung Gallery\Android\media\com.whatsapp\WhatsApp\Media\WhatsApp Images\IMG-20190325-WA0059.jpg","IMG-20190325-WA0059.jpg","368841","4199968"
"C:\Users\flier\OneDrive\תמונות\Samsung Gallery\Android\media\com.whatsapp\WhatsApp\Media\WhatsApp Images\IMG-20190325-WA0060.jpg","IMG-20190325-WA0060.jpg","520787","4199968"
"C:\Users\flier\OneDrive\תמונות\Samsung Gallery\Android\media\com.whatsapp\WhatsApp\Media\WhatsApp Images\IMG-20190325-WA0061.jpg","IMG-20190325-WA0061.jpg","401255","4199968"
"C:\Users\flier\OneDrive\תמונות\Samsung Gallery\Android\media\com.whatsapp\WhatsApp\Media\WhatsApp Images\IMG-20190325-WA0062.jpg","IMG-20190325-WA0062.jpg","471828","4199968"
"C:\Users\flier\OneDrive\תמונות\Samsung Gallery\Android\media\com.whatsapp\WhatsApp\Media\WhatsApp Images\IMG-20190325-WA0063.jpg","IMG-20190325-WA0063.jpg","225142","4199968"
"C:\Users\flier\OneDrive\תמונות\Samsung Gallery\Android\media\com.whatsapp\WhatsApp\Media\WhatsApp Images\IMG-20190325-WA0064.jpg","IMG-20190325-WA0064.jpg","242609","4199968"
"C:\Users\flier\OneDrive\תמונות\Samsung Gallery\Android\media\com.whatsapp\WhatsApp\Media\WhatsApp Images\IMG-20190325-WA0065.jpg","IMG-20190325-WA0065.jpg","428245","4199968"
"C:\Users\flier\OneDrive\תמונות\Samsung Gallery\Android\media\com.whatsapp\WhatsApp\Media\WhatsApp Images\IMG-20190325-WA0066.jpg","IMG-20190325-WA0066.jpg","166869","4199968"
"C:\Users\flier\OneDrive\תמונות\Samsung Gallery\Android\media\com.whatsapp\WhatsApp\Media\WhatsApp Images\IMG-20190325-WA0067.jpg","IMG-20190325-WA0067.jpg","238497","4199968"
"C:\Users\flier\OneDrive\תמונות\Samsung Gallery\Android\media\com.whatsapp\WhatsApp\Media\WhatsApp Images\IMG-20190325-WA0068.jpg","IMG-20190325-WA0068.jpg","334150","4199968"
"C:\Users\flier\OneDrive\תמונות\Samsung Gallery\Android\media\com.whatsapp\WhatsApp\Media\WhatsApp Images\IMG-20190325-WA0070.jpg","IMG-20190325-WA0070.jpg","330807","4199968"
"C:\Users\flier\OneDrive\תמונות\Samsung Gallery\Android\media\com.whatsapp\WhatsApp\Media\WhatsApp Images\IMG-20190325-WA0071.jpg","IMG-20190325-WA0071.jpg","348056","4199968"
"C:\Users\flier\OneDrive\תמונות\Samsung Gallery\Android\media\com.whatsapp\WhatsApp\Media\WhatsApp Images\IMG-20190325-WA0073.jpg","IMG-20190325-WA0073.jpg","170036","4199968"
"C:\Users\flier\OneDrive\תמונות\Samsung Gallery\Android\media\com.whatsapp\WhatsApp\Media\WhatsApp Images\IMG-20190325-WA0074.jpg","IMG-20190325-WA0074.jpg","188367","4199968"
"C:\Users\flier\OneDrive\תמונות\Samsung Gallery\Android\media\com.whatsapp\WhatsApp\Media\WhatsApp Images\IMG-20190325-WA0075.jpg","IMG-20190325-WA0075.jpg","184876","4199968"
"C:\Users\flier\OneDrive\תמונות\Samsung Gallery\Android\media\com.whatsapp\WhatsApp\Media\WhatsApp Images\IMG-20190325-WA0076.jpg","IMG-20190325-WA0076.jpg","234653","4199968"
"C:\Users\flier\OneDrive\תמונות\Samsung Gallery\Android\media\com.whatsapp\WhatsApp\Media\WhatsApp Images\IMG-20190325-WA0077.jpg","IMG-20190325-WA0077.jpg","163151","4199968"
"C:\Users\flier\OneDrive\תמונות\Samsung Gallery\Android\media\com.whatsapp\WhatsApp\Media\WhatsApp Images\IMG-20190325-WA0079.jpg","IMG-20190325-WA0079.jpg","180233","4199968"
"C:\Users\flier\OneDrive\תמונות\Samsung Gallery\Android\media\com.whatsapp\WhatsApp\Media\WhatsApp Images\IMG-20190326-WA0000.jpg","IMG-20190326-WA0000.jpg","326480","4199968"
"C:\Users\flier\OneDrive\תמונות\Samsung Gallery\Android\media\com.whatsapp\WhatsApp\Media\WhatsApp Images\IMG-20190326-WA0001.jpg","IMG-20190326-WA0001.jpg","238756","4199968"
"C:\Users\flier\OneDrive\תמונות\Samsung Gallery\Android\media\com.whatsapp\WhatsApp\Media\WhatsApp Images\IMG-20190326-WA0002.jpeg","IMG-20190326-WA0002.jpeg","1567429","4199968"
"C:\Users\flier\OneDrive\תמונות\Samsung Gallery\Android\media\com.whatsapp\WhatsApp\Media\WhatsApp Images\IMG-20190326-WA0004.jpeg","IMG-20190326-WA0004.jpeg","738320","4199968"
"C:\Users\flier\OneDrive\תמונות\Samsung Gallery\Android\media\com.whatsapp\WhatsApp\Media\WhatsApp Images\IMG-20190326-WA0006.jpg","IMG-20190326-WA0006.jpg","31473","4199968"
"C:\Users\flier\OneDrive\תמונות\Samsung Gallery\Android\media\com.whatsapp\WhatsApp\Media\WhatsApp Images\IMG-20190326-WA0007.jpg","IMG-20190326-WA0007.jpg","29145","4199968"
"C:\Users\flier\OneDrive\תמונות\Samsung Gallery\Android\media\com.whatsapp\WhatsApp\Media\WhatsApp Images\IMG-20190326-WA0009.jpg","IMG-20190326-WA0009.jpg","334412","4199968"
"C:\Users\flier\OneDrive\תמונות\Samsung Gallery\Android\media\com.whatsapp\WhatsApp\Media\WhatsApp Images\IMG-20190326-WA0010.jpg","IMG-20190326-WA0010.jpg","361000","4199968"
"C:\Users\flier\OneDrive\תמונות\Samsung Gallery\Android\media\com.whatsapp\WhatsApp\Media\WhatsApp Images\IMG-20190326-WA0011.jpg","IMG-20190326-WA0011.jpg","387604","4199968"
"C:\Users\flier\OneDrive\תמונות\Samsung Gallery\Android\media\com.whatsapp\WhatsApp\Media\WhatsApp Images\IMG-20190326-WA0012.jpg","IMG-20190326-WA0012.jpg","321926","4199968"
"C:\Users\flier\OneDrive\תמונות\Samsung Gallery\Android\media\com.whatsapp\WhatsApp\Media\WhatsApp Images\IMG-20190326-WA0013.jpg","IMG-20190326-WA0013.jpg","297878","4199968"
"C:\Users\flier\OneDrive\תמונות\Samsung Gallery\Android\media\com.whatsapp\WhatsApp\Media\WhatsApp Images\IMG-20190326-WA0014.jpg","IMG-20190326-WA0014.jpg","232945","4199968"
"C:\Users\flier\OneDrive\תמונות\Samsung Gallery\Android\media\com.whatsapp\WhatsApp\Media\WhatsApp Images\IMG-20190326-WA0015.jpg","IMG-20190326-WA0015.jpg","300333","4199968"
"C:\Users\flier\OneDrive\תמונות\Samsung Gallery\Android\media\com.whatsapp\WhatsApp\Media\WhatsApp Images\IMG-20190326-WA0016.jpg","IMG-20190326-WA0016.jpg","307152","4199968"
"C:\Users\flier\OneDrive\תמונות\Samsung Gallery\Android\media\com.whatsapp\WhatsApp\Media\WhatsApp Images\IMG-20190326-WA0017.jpg","IMG-20190326-WA0017.jpg","287775","4199968"
"C:\Users\flier\OneDrive\תמונות\Samsung Gallery\Android\media\com.whatsapp\WhatsApp\Media\WhatsApp Images\IMG-20190326-WA0021.jpg","IMG-20190326-WA0021.jpg","370342","4199968"
"C:\Users\flier\OneDrive\תמונות\Samsung Gallery\Android\media\com.whatsapp\WhatsApp\Media\WhatsApp Images\IMG-20190326-WA0022.jpg","IMG-20190326-WA0022.jpg","382195","4199968"
"C:\Users\flier\OneDrive\תמונות\Samsung Gallery\Android\media\com.whatsapp\WhatsApp\Media\WhatsApp Images\IMG-20190326-WA0024.jpg","IMG-20190326-WA0024.jpg","135086","4199968"
"C:\Users\flier\OneDrive\תמונות\Samsung Gallery\Android\media\com.whatsapp\WhatsApp\Media\WhatsApp Images\IMG-20190326-WA0025.jpg","IMG-20190326-WA0025.jpg","299076","4199968"
"C:\Users\flier\OneDrive\תמונות\Samsung Gallery\Android\media\com.whatsapp\WhatsApp\Media\WhatsApp Images\IMG-20190326-WA0026.jpg","IMG-20190326-WA0026.jpg","311555","4199968"
"C:\Users\flier\OneDrive\תמונות\Samsung Gallery\Android\media\com.whatsapp\WhatsApp\Media\WhatsApp Images\IMG-20190326-WA0027.jpg","IMG-20190326-WA0027.jpg","364250","4199968"
"C:\Users\flier\OneDrive\תמונות\Samsung Gallery\Android\media\com.whatsapp\WhatsApp\Media\WhatsApp Images\IMG-20190326-WA0028.jpg","IMG-20190326-WA0028.jpg","308453","4199968"
"C:\Users\flier\OneDrive\תמונות\Samsung Gallery\Android\media\com.whatsapp\WhatsApp\Media\WhatsApp Images\IMG-20190326-WA0029.jpg","IMG-20190326-WA0029.jpg","267410","4199968"
"C:\Users\flier\OneDrive\תמונות\Samsung Gallery\Android\media\com.whatsapp\WhatsApp\Media\WhatsApp Images\IMG-20190326-WA0030.jpg","IMG-20190326-WA0030.jpg","289515","4199968"
"C:\Users\flier\OneDrive\תמונות\Samsung Gallery\Android\media\com.whatsapp\WhatsApp\Media\WhatsApp Images\IMG-20190326-WA0031.jpg","IMG-20190326-WA0031.jpg","236315","4199968"
"C:\Users\flier\OneDrive\תמונות\Samsung Gallery\Android\media\com.whatsapp\WhatsApp\Media\WhatsApp Images\IMG-20190326-WA0032.jpg","IMG-20190326-WA0032.jpg","252870","4199968"
"C:\Users\flier\OneDrive\תמונות\Samsung Gallery\Android\media\com.whatsapp\WhatsApp\Media\WhatsApp Images\IMG-20190326-WA0033.jpg","IMG-20190326-WA0033.jpg","270908","4199968"
"C:\Users\flier\OneDrive\תמונות\Samsung Gallery\Android\media\com.whatsapp\WhatsApp\Media\WhatsApp Images\IMG-20190326-WA0034.jpg","IMG-20190326-WA0034.jpg","304285","4199968"
"C:\Users\flier\OneDrive\תמונות\Samsung Gallery\Android\media\com.whatsapp\WhatsApp\Media\WhatsApp Images\IMG-20190326-WA0035.jpg","IMG-20190326-WA0035.jpg","309456","4199968"
"C:\Users\flier\OneDrive\תמונות\Samsung Gallery\Android\media\com.whatsapp\WhatsApp\Media\WhatsApp Images\IMG-20190326-WA0036.jpg","IMG-20190326-WA0036.jpg","278573","4199968"
"C:\Users\flier\OneDrive\תמונות\Samsung Gallery\Android\media\com.whatsapp\WhatsApp\Media\WhatsApp Images\IMG-20190326-WA0037.jpg","IMG-20190326-WA0037.jpg","294402","4199968"
"C:\Users\flier\OneDrive\תמונות\Samsung Gallery\Android\media\com.whatsapp\WhatsApp\Media\WhatsApp Images\IMG-20190326-WA0038.jpg","IMG-20190326-WA0038.jpg","306221","4199968"
"C:\Users\flier\OneDrive\תמונות\Samsung Gallery\Android\media\com.whatsapp\WhatsApp\Media\WhatsApp Images\IMG-20190326-WA0039.jpg","IMG-20190326-WA0039.jpg","328767","4199968"
"C:\Users\flier\OneDrive\תמונות\Samsung Gallery\Android\media\com.whatsapp\WhatsApp\Media\WhatsApp Images\IMG-20190326-WA0040.jpg","IMG-20190326-WA0040.jpg","277952","4199968"
"C:\Users\flier\OneDrive\תמונות\Samsung Gallery\Android\media\com.whatsapp\WhatsApp\Media\WhatsApp Images\IMG-20190326-WA0041.jpg","IMG-20190326-WA0041.jpg","284327","4199968"
"C:\Users\flier\OneDrive\תמונות\Samsung Gallery\Android\media\com.whatsapp\WhatsApp\Media\WhatsApp Images\IMG-20190326-WA0042.jpg","IMG-20190326-WA0042.jpg","251367","4199968"
"C:\Users\flier\OneDrive\תמונות\Samsung Gallery\Android\media\com.whatsapp\WhatsApp\Media\WhatsApp Images\IMG-20190326-WA0043.jpg","IMG-20190326-WA0043.jpg","312103","4199968"
"C:\Users\flier\OneDrive\תמונות\Samsung Gallery\Android\media\com.whatsapp\WhatsApp\Media\WhatsApp Images\IMG-20190326-WA0044.jpg","IMG-20190326-WA0044.jpg","206175","4199968"
"C:\Users\flier\OneDrive\תמונות\Samsung Gallery\Android\media\com.whatsapp\WhatsApp\Media\WhatsApp Images\IMG-20190326-WA0045.jpg","IMG-20190326-WA0045.jpg","255986","4199968"
"C:\Users\flier\OneDrive\תמונות\Samsung Gallery\Android\media\com.whatsapp\WhatsApp\Media\WhatsApp Images\IMG-20190326-WA0046.jpg","IMG-20190326-WA0046.jpg","263356","4199968"
"C:\Users\flier\OneDrive\תמונות\Samsung Gallery\Android\media\com.whatsapp\WhatsApp\Media\WhatsApp Images\IMG-20190326-WA0047.jpg","IMG-20190326-WA0047.jpg","506445","4199968"
"C:\Users\flier\OneDrive\תמונות\Samsung Gallery\Android\media\com.whatsapp\WhatsApp\Media\WhatsApp Images\IMG-20190326-WA0048.jpg","IMG-20190326-WA0048.jpg","368248","4199968"
"C:\Users\flier\OneDrive\תמונות\Samsung Gallery\Android\media\com.whatsapp\WhatsApp\Media\WhatsApp Images\IMG-20190326-WA0049.jpg","IMG-20190326-WA0049.jpg","391374","4199968"
"C:\Users\flier\OneDrive\תמונות\Samsung Gallery\Android\media\com.whatsapp\WhatsApp\Media\WhatsApp Images\IMG-20190326-WA0050.jpg","IMG-20190326-WA0050.jpg","313931","4199968"
"C:\Users\flier\OneDrive\תמונות\Samsung Gallery\Android\media\com.whatsapp\WhatsApp\Media\WhatsApp Images\IMG-20190326-WA0051.jpg","IMG-20190326-WA0051.jpg","397488","4199968"
"C:\Users\flier\OneDrive\תמונות\Samsung Gallery\Android\media\com.whatsapp\WhatsApp\Media\WhatsApp Images\IMG-20190326-WA0052.jpg","IMG-20190326-WA0052.jpg","377630","4199968"
"C:\Users\flier\OneDrive\תמונות\Samsung Gallery\Android\media\com.whatsapp\WhatsApp\Media\WhatsApp Images\IMG-20190326-WA0053.jpg","IMG-20190326-WA0053.jpg","347886","4199968"
"C:\Users\flier\OneDrive\תמונות\Samsung Gallery\Android\media\com.whatsapp\WhatsApp\Media\WhatsApp Images\IMG-20190326-WA0054.jpg","IMG-20190326-WA0054.jpg","299654","4199968"
"C:\Users\flier\OneDrive\תמונות\Samsung Gallery\Android\media\com.whatsapp\WhatsApp\Media\WhatsApp Images\IMG-20190326-WA0055.jpg","IMG-20190326-WA0055.jpg","211390","4199968"
"C:\Users\flier\OneDrive\תמונות\Samsung Gallery\Android\media\com.whatsapp\WhatsApp\Media\WhatsApp Images\IMG-20190326-WA0056.jpg","IMG-20190326-WA0056.jpg","90117","4199968"
"C:\Users\flier\OneDrive\תמונות\Samsung Gallery\Android\media\com.whatsapp\WhatsApp\Media\WhatsApp Images\IMG-20190328-WA0000.jpg","IMG-20190328-WA0000.jpg","178513","4199968"
"C:\Users\flier\OneDrive\תמונות\Samsung Gallery\Android\media\com.whatsapp\WhatsApp\Media\WhatsApp Images\IMG-20190328-WA0004.jpg","IMG-20190328-WA0004.jpg","74135","4199968"
"C:\Users\flier\OneDrive\תמונות\Samsung Gallery\Android\media\com.whatsapp\WhatsApp\Media\WhatsApp Images\IMG-20190328-WA0005.jpg","IMG-20190328-WA0005.jpg","195885","4199968"
"C:\Users\flier\OneDrive\תמונות\Samsung Gallery\Android\media\com.whatsapp\WhatsApp\Media\WhatsApp Images\IMG-20190328-WA0006.jpg","IMG-20190328-WA0006.jpg","183701","4199968"
"C:\Users\flier\OneDrive\תמונות\Samsung Gallery\Android\media\com.whatsapp\WhatsApp\Media\WhatsApp Images\IMG-20190329-WA0001.jpg","IMG-20190329-WA0001.jpg","222420","4199968"
"C:\Users\flier\OneDrive\תמונות\Samsung Gallery\Android\media\com.whatsapp\WhatsApp\Media\WhatsApp Images\IMG-20190329-WA0002.jpg","IMG-20190329-WA0002.jpg","241785","4199968"
"C:\Users\flier\OneDrive\תמונות\Samsung Gallery\Android\media\com.whatsapp\WhatsApp\Media\WhatsApp Images\IMG-20190402-WA0000.jpg","IMG-20190402-WA0000.jpg","82369","4199968"
"C:\Users\flier\OneDrive\תמונות\Samsung Gallery\Android\media\com.whatsapp\WhatsApp\Media\WhatsApp Images\IMG-20190403-WA0002.jpg","IMG-20190403-WA0002.jpg","118554","4199968"
"C:\Users\flier\OneDrive\תמונות\Samsung Gallery\Android\media\com.whatsapp\WhatsApp\Media\WhatsApp Images\IMG-20190404-WA0000.jpg","IMG-20190404-WA0000.jpg","100167","4199968"
"C:\Users\flier\OneDrive\תמונות\Samsung Gallery\Android\media\com.whatsapp\WhatsApp\Media\WhatsApp Images\IMG-20190404-WA0001.jpg","IMG-20190404-WA0001.jpg","155207","4199968"
"C:\Users\flier\OneDrive\תמונות\Samsung Gallery\Android\media\com.whatsapp\WhatsApp\Media\WhatsApp Images\IMG-20190404-WA0002.jpg","IMG-20190404-WA0002.jpg","224418","4199968"
"C:\Users\flier\OneDrive\תמונות\Samsung Gallery\Android\media\com.whatsapp\WhatsApp\Media\WhatsApp Images\IMG-20190404-WA0003.jpg","IMG-20190404-WA0003.jpg","185501","4199968"
"C:\Users\flier\OneDrive\תמונות\Samsung Gallery\Android\media\com.whatsapp\WhatsApp\Media\WhatsApp Images\IMG-20190404-WA0005.jpg","IMG-20190404-WA0005.jpg","131717","4199968"
"C:\Users\flier\OneDrive\תמונות\Samsung Gallery\Android\media\com.whatsapp\WhatsApp\Media\WhatsApp Images\IMG-20190405-WA0000.jpg","IMG-20190405-WA0000.jpg","158364","4199968"
"C:\Users\flier\OneDrive\תמונות\Samsung Gallery\Android\media\com.whatsapp\WhatsApp\Media\WhatsApp Images\IMG-20190405-WA0001.jpg","IMG-20190405-WA0001.jpg","90409","4199968"
"C:\Users\flier\OneDrive\תמונות\Samsung Gallery\Android\media\com.whatsapp\WhatsApp\Media\WhatsApp Images\IMG-20190405-WA0002.jpg","IMG-20190405-WA0002.jpg","159131","4199968"
"C:\Users\flier\OneDrive\תמונות\Samsung Gallery\Android\media\com.whatsapp\WhatsApp\Media\WhatsApp Images\IMG-20190405-WA0003.jpg","IMG-20190405-WA0003.jpg","187815","4199968"
"C:\Users\flier\OneDrive\תמונות\Samsung Gallery\Android\media\com.whatsapp\WhatsApp\Media\WhatsApp Images\IMG-20190405-WA0004.jpg","IMG-20190405-WA0004.jpg","371049","4199968"
"C:\Users\flier\OneDrive\תמונות\Samsung Gallery\Android\media\com.whatsapp\WhatsApp\Media\WhatsApp Images\IMG-20190405-WA0019.jpg","IMG-20190405-WA0019.jpg","108092","4199968"
"C:\Users\flier\OneDrive\תמונות\Samsung Gallery\Android\media\com.whatsapp\WhatsApp\Media\WhatsApp Images\IMG-20190406-WA0001.jpg","IMG-20190406-WA0001.jpg","50858","4199968"
"C:\Users\flier\OneDrive\תמונות\Samsung Gallery\Android\media\com.whatsapp\WhatsApp\Media\WhatsApp Images\IMG-20190407-WA0000.jpg","IMG-20190407-WA0000.jpg","74214","4199968"
"C:\Users\flier\OneDrive\תמונות\Samsung Gallery\Android\media\com.whatsapp\WhatsApp\Media\WhatsApp Images\IMG-20190407-WA0001.jpg","IMG-20190407-WA0001.jpg","197402","4199968"
"C:\Users\flier\OneDrive\תמונות\Samsung Gallery\Android\media\com.whatsapp\WhatsApp\Media\WhatsApp Images\IMG-20190407-WA0002.jpg","IMG-20190407-WA0002.jpg","196062","4199968"
"C:\Users\flier\OneDrive\תמונות\Samsung Gallery\Android\media\com.whatsapp\WhatsApp\Media\WhatsApp Images\IMG-20190407-WA0003.jpg","IMG-20190407-WA0003.jpg","67222","4199968"
"C:\Users\flier\OneDrive\תמונות\Samsung Gallery\Android\media\com.whatsapp\WhatsApp\Media\WhatsApp Images\IMG-20190407-WA0004.jpg","IMG-20190407-WA0004.jpg","64129","4199968"
"C:\Users\flier\OneDrive\תמונות\Samsung Gallery\Android\media\com.whatsapp\WhatsApp\Media\WhatsApp Images\IMG-20190407-WA0005.jpg","IMG-20190407-WA0005.jpg","76333","4199968"
"C:\Users\flier\OneDrive\תמונות\Samsung Gallery\Android\media\com.whatsapp\WhatsApp\Media\WhatsApp Images\IMG-20190407-WA0006.jpg","IMG-20190407-WA0006.jpg","61826","4199968"
"C:\Users\flier\OneDrive\תמונות\Samsung Gallery\Android\media\com.whatsapp\WhatsApp\Media\WhatsApp Images\IMG-20190407-WA0010.jpg","IMG-20190407-WA0010.jpg","153401","4199968"
"C:\Users\flier\OneDrive\תמונות\Samsung Gallery\Android\media\com.whatsapp\WhatsApp\Media\WhatsApp Images\IMG-20190408-WA0000.jpg","IMG-20190408-WA0000.jpg","198258","4199968"
"C:\Users\flier\OneDrive\תמונות\Samsung Gallery\Android\media\com.whatsapp\WhatsApp\Media\WhatsApp Images\IMG-20190408-WA0001.jpg","IMG-20190408-WA0001.jpg","226226","4199968"
"C:\Users\flier\OneDrive\תמונות\Samsung Gallery\Android\media\com.whatsapp\WhatsApp\Media\WhatsApp Images\IMG-20190408-WA0002.jpg","IMG-20190408-WA0002.jpg","128529","4199968"
"C:\Users\flier\OneDrive\תמונות\Samsung Gallery\Android\media\com.whatsapp\WhatsApp\Media\WhatsApp Images\IMG-20190408-WA0003.jpg","IMG-20190408-WA0003.jpg","122610","4199968"
"C:\Users\flier\OneDrive\תמונות\Samsung Gallery\Android\media\com.whatsapp\WhatsApp\Media\WhatsApp Images\IMG-20190408-WA0004.jpg","IMG-20190408-WA0004.jpg","58647","4199968"
"C:\Users\flier\OneDrive\תמונות\Samsung Gallery\Android\media\com.whatsapp\WhatsApp\Media\WhatsApp Images\IMG-20190408-WA0005.jpg","IMG-20190408-WA0005.jpg","178351","4199968"
"C:\Users\flier\OneDrive\תמונות\Samsung Gallery\Android\media\com.whatsapp\WhatsApp\Media\WhatsApp Images\IMG-20190408-WA0006.jpg","IMG-20190408-WA0006.jpg","139368","4199968"
"C:\Users\flier\OneDrive\תמונות\Samsung Gallery\Android\media\com.whatsapp\WhatsApp\Media\WhatsApp Images\IMG-20190411-WA0000.jpg","IMG-20190411-WA0000.jpg","90898","4199968"
"C:\Users\flier\OneDrive\תמונות\Samsung Gallery\Android\media\com.whatsapp\WhatsApp\Media\WhatsApp Images\IMG-20190411-WA0001.jpg","IMG-20190411-WA0001.jpg","225007","4199968"
"C:\Users\flier\OneDrive\תמונות\Samsung Gallery\Android\media\com.whatsapp\WhatsApp\Media\WhatsApp Images\IMG-20190411-WA0002.jpg","IMG-20190411-WA0002.jpg","227036","4199968"
"C:\Users\flier\OneDrive\תמונות\Samsung Gallery\Android\media\com.whatsapp\WhatsApp\Media\WhatsApp Images\IMG-20190411-WA0003.jpg","IMG-20190411-WA0003.jpg","146241","4199968"
"C:\Users\flier\OneDrive\תמונות\Samsung Gallery\Android\media\com.whatsapp\WhatsApp\Media\WhatsApp Images\IMG-20190411-WA0004.jpg","IMG-20190411-WA0004.jpg","100167","4199968"
"C:\Users\flier\OneDrive\תמונות\Samsung Gallery\Android\media\com.whatsapp\WhatsApp\Media\WhatsApp Images\IMG-20190411-WA0006.jpg","IMG-20190411-WA0006.jpg","117364","4199968"
"C:\Users\flier\OneDrive\תמונות\Samsung Gallery\Android\media\com.whatsapp\WhatsApp\Media\WhatsApp Images\IMG-20190411-WA0008.jpg","IMG-20190411-WA0008.jpg","32328","4199968"
"C:\Users\flier\OneDrive\תמונות\Samsung Gallery\Android\media\com.whatsapp\WhatsApp\Media\WhatsApp Images\IMG-20190412-WA0003.jpg","IMG-20190412-WA0003.jpg","29935","4199968"
"C:\Users\flier\OneDrive\תמונות\Samsung Gallery\Android\media\com.whatsapp\WhatsApp\Media\WhatsApp Images\IMG-20190413-WA0001.jpg","IMG-20190413-WA0001.jpg","92603","4199968"
"C:\Users\flier\OneDrive\תמונות\Samsung Gallery\Android\media\com.whatsapp\WhatsApp\Media\WhatsApp Images\IMG-20190414-WA0001.jpg","IMG-20190414-WA0001.jpg","148756","4199968"
"C:\Users\flier\OneDrive\תמונות\Samsung Gallery\Android\media\com.whatsapp\WhatsApp\Media\WhatsApp Images\IMG-20190414-WA0002.jpg","IMG-20190414-WA0002.jpg","297685","4199968"
"C:\Users\flier\OneDrive\תמונות\Samsung Gallery\Android\media\com.whatsapp\WhatsApp\Media\WhatsApp Images\IMG-20190414-WA0003.jpg","IMG-20190414-WA0003.jpg","190221","4199968"
"C:\Users\flier\OneDrive\תמונות\Samsung Gallery\Android\media\com.whatsapp\WhatsApp\Media\WhatsApp Images\IMG-20190414-WA0004.jpg","IMG-20190414-WA0004.jpg","274444","4199968"
"C:\Users\flier\OneDrive\תמונות\Samsung Gallery\Android\media\com.whatsapp\WhatsApp\Media\WhatsApp Images\IMG-20190414-WA0005.jpg","IMG-20190414-WA0005.jpg","294936","4199968"
"C:\Users\flier\OneDrive\תמונות\Samsung Gallery\Android\media\com.whatsapp\WhatsApp\Media\WhatsApp Images\IMG-20190414-WA0006.jpg","IMG-20190414-WA0006.jpg","331779","4199968"
"C:\Users\flier\OneDrive\תמונות\Samsung Gallery\Android\media\com.whatsapp\WhatsApp\Media\WhatsApp Images\IMG-20190414-WA0007.jpg","IMG-20190414-WA0007.jpg","441328","4199968"
"C:\Users\flier\OneDrive\תמונות\Samsung Gallery\Android\media\com.whatsapp\WhatsApp\Media\WhatsApp Images\IMG-20190414-WA0008.jpg","IMG-20190414-WA0008.jpg","363891","4199968"
"C:\Users\flier\OneDrive\תמונות\Samsung Gallery\Android\media\com.whatsapp\WhatsApp\Media\WhatsApp Images\IMG-20190414-WA0009.jpg","IMG-20190414-WA0009.jpg","369202","4199968"
"C:\Users\flier\OneDrive\תמונות\Samsung Gallery\Android\media\com.whatsapp\WhatsApp\Media\WhatsApp Images\IMG-20190414-WA0010.jpg","IMG-20190414-WA0010.jpg","261597","4199968"
"C:\Users\flier\OneDrive\תמונות\Samsung Gallery\Android\media\com.whatsapp\WhatsApp\Media\WhatsApp Images\IMG-20190414-WA0011.jpg","IMG-20190414-WA0011.jpg","175324","4199968"
"C:\Users\flier\OneDrive\תמונות\Samsung Gallery\Android\media\com.whatsapp\WhatsApp\Media\WhatsApp Images\IMG-20190417-WA0000.jpg","IMG-20190417-WA0000.jpg","183177","4199968"
"C:\Users\flier\OneDrive\תמונות\Samsung Gallery\Android\media\com.whatsapp\WhatsApp\Media\WhatsApp Images\IMG-20190417-WA0002.jpg","IMG-20190417-WA0002.jpg","173882","4199968"
"C:\Users\flier\OneDrive\תמונות\Samsung Gallery\Android\media\com.whatsapp\WhatsApp\Media\WhatsApp Images\IMG-20190417-WA0004.jpg","IMG-20190417-WA0004.jpg","202220","4199968"
"C:\Users\flier\OneDrive\תמונות\Samsung Gallery\Android\media\com.whatsapp\WhatsApp\Media\WhatsApp Images\IMG-20190418-WA0000.jpg","IMG-20190418-WA0000.jpg","216377","4199968"
"C:\Users\flier\OneDrive\תמונות\Samsung Gallery\Android\media\com.whatsapp\WhatsApp\Media\WhatsApp Images\IMG-20190418-WA0001.jpg","IMG-20190418-WA0001.jpg","235623","4199968"
"C:\Users\flier\OneDrive\תמונות\Samsung Gallery\Android\media\com.whatsapp\WhatsApp\Media\WhatsApp Images\IMG-20190418-WA0002.jpg","IMG-20190418-WA0002.jpg","294667","4199968"
"C:\Users\flier\OneDrive\תמונות\Samsung Gallery\Android\media\com.whatsapp\WhatsApp\Media\WhatsApp Images\IMG-20190418-WA0003.jpg","IMG-20190418-WA0003.jpg","137319","4199968"
"C:\Users\flier\OneDrive\תמונות\Samsung Gallery\Android\media\com.whatsapp\WhatsApp\Media\WhatsApp Images\IMG-20190418-WA0004.jpg","IMG-20190418-WA0004.jpg","141823","4199968"
"C:\Users\flier\OneDrive\תמונות\Samsung Gallery\Android\media\com.whatsapp\WhatsApp\Media\WhatsApp Images\IMG-20190418-WA0005.jpg","IMG-20190418-WA0005.jpg","147190","4199968"
"C:\Users\flier\OneDrive\תמונות\Samsung Gallery\Android\media\com.whatsapp\WhatsApp\Media\WhatsApp Images\IMG-20190418-WA0006.jpg","IMG-20190418-WA0006.jpg","296084","4199968"
"C:\Users\flier\OneDrive\תמונות\Samsung Gallery\Android\media\com.whatsapp\WhatsApp\Media\WhatsApp Images\IMG-20190418-WA0007.jpg","IMG-20190418-WA0007.jpg","280475","4199968"
"C:\Users\flier\OneDrive\תמונות\Samsung Gallery\Android\media\com.whatsapp\WhatsApp\Media\WhatsApp Images\IMG-20190418-WA0011.jpg","IMG-20190418-WA0011.jpg","282597","4199968"
"C:\Users\flier\OneDrive\תמונות\Samsung Gallery\Android\media\com.whatsapp\WhatsApp\Media\WhatsApp Images\IMG-20190418-WA0012.jpg","IMG-20190418-WA0012.jpg","172888","4199968"
"C:\Users\flier\OneDrive\תמונות\Samsung Gallery\Android\media\com.whatsapp\WhatsApp\Media\WhatsApp Images\IMG-20190418-WA0013.jpg","IMG-20190418-WA0013.jpg","187532","4199968"
"C:\Users\flier\OneDrive\תמונות\Samsung Gallery\Android\media\com.whatsapp\WhatsApp\Media\WhatsApp Images\IMG-20190418-WA0014.jpg","IMG-20190418-WA0014.jpg","225219","4199968"
"C:\Users\flier\OneDrive\תמונות\Samsung Gallery\Android\media\com.whatsapp\WhatsApp\Media\WhatsApp Images\IMG-20190418-WA0015.jpg","IMG-20190418-WA0015.jpg","143766","4199968"
"C:\Users\flier\OneDrive\תמונות\Samsung Gallery\Android\media\com.whatsapp\WhatsApp\Media\WhatsApp Images\IMG-20190418-WA0016.jpg","IMG-20190418-WA0016.jpg","182843","4199968"
"C:\Users\flier\OneDrive\תמונות\Samsung Gallery\Android\media\com.whatsapp\WhatsApp\Media\WhatsApp Images\IMG-20190418-WA0017.jpg","IMG-20190418-WA0017.jpg","152715","4199968"
"C:\Users\flier\OneDrive\תמונות\Samsung Gallery\Android\media\com.whatsapp\WhatsApp\Media\WhatsApp Images\IMG-20190419-WA0000.jpg","IMG-20190419-WA0000.jpg","167243","4199968"
"C:\Users\flier\OneDrive\תמונות\Samsung Gallery\Android\media\com.whatsapp\WhatsApp\Media\WhatsApp Images\IMG-20190419-WA0002.jpg","IMG-20190419-WA0002.jpg","157532","4199968"
"C:\Users\flier\OneDrive\תמונות\Samsung Gallery\Android\media\com.whatsapp\WhatsApp\Media\WhatsApp Images\IMG-20190419-WA0003.jpg","IMG-20190419-WA0003.jpg","87964","4199968"
"C:\Users\flier\OneDrive\תמונות\Samsung Gallery\Android\media\com.whatsapp\WhatsApp\Media\WhatsApp Images\IMG-20190419-WA0007.jpg","IMG-20190419-WA0007.jpg","124091","4199968"
"C:\Users\flier\OneDrive\תמונות\Samsung Gallery\Android\media\com.whatsapp\WhatsApp\Media\WhatsApp Images\IMG-20190419-WA0008.jpg","IMG-20190419-WA0008.jpg","29659","4199968"
"C:\Users\flier\OneDrive\תמונות\Samsung Gallery\Android\media\com.whatsapp\WhatsApp\Media\WhatsApp Images\IMG-20190421-WA0005.jpg","IMG-20190421-WA0005.jpg","71325","4199968"
"C:\Users\flier\OneDrive\תמונות\Samsung Gallery\Android\media\com.whatsapp\WhatsApp\Media\WhatsApp Images\IMG-20190421-WA0006.jpg","IMG-20190421-WA0006.jpg","191430","4199968"
"C:\Users\flier\OneDrive\תמונות\Samsung Gallery\Android\media\com.whatsapp\WhatsApp\Media\WhatsApp Images\IMG-20190421-WA0007.jpg","IMG-20190421-WA0007.jpg","222576","4199968"
"C:\Users\flier\OneDrive\תמונות\Samsung Gallery\Android\media\com.whatsapp\WhatsApp\Media\WhatsApp Images\IMG-20190422-WA0004.jpg","IMG-20190422-WA0004.jpg","96926","4199968"
"C:\Users\flier\OneDrive\תמונות\Samsung Gallery\Android\media\com.whatsapp\WhatsApp\Media\WhatsApp Images\IMG-20190424-WA0000.jpg","IMG-20190424-WA0000.jpg","215818","4199968"
"C:\Users\flier\OneDrive\תמונות\Samsung Gallery\Android\media\com.whatsapp\WhatsApp\Media\WhatsApp Images\IMG-20190424-WA0001.jpg","IMG-20190424-WA0001.jpg","288065","4199968"
"C:\Users\flier\OneDrive\תמונות\Samsung Gallery\Android\media\com.whatsapp\WhatsApp\Media\WhatsApp Images\IMG-20190424-WA0002.jpg","IMG-20190424-WA0002.jpg","323192","4199968"
"C:\Users\flier\OneDrive\תמונות\Samsung Gallery\Android\media\com.whatsapp\WhatsApp\Media\WhatsApp Images\IMG-20190424-WA0003.jpg","IMG-20190424-WA0003.jpg","338942","4199968"
"C:\Users\flier\OneDrive\תמונות\Samsung Gallery\Android\media\com.whatsapp\WhatsApp\Media\WhatsApp Images\IMG-20190424-WA0004.jpg","IMG-20190424-WA0004.jpg","346486","4199968"
"C:\Users\flier\OneDrive\תמונות\Samsung Gallery\Android\media\com.whatsapp\WhatsApp\Media\WhatsApp Images\IMG-20190424-WA0005.jpg","IMG-20190424-WA0005.jpg","291709","4199968"
"C:\Users\flier\OneDrive\תמונות\Samsung Gallery\Android\media\com.whatsapp\WhatsApp\Media\WhatsApp Images\IMG-20190424-WA0006.jpg","IMG-20190424-WA0006.jpg","264748","4199968"
"C:\Users\flier\OneDrive\תמונות\Samsung Gallery\Android\media\com.whatsapp\WhatsApp\Media\WhatsApp Images\IMG-20190424-WA0007.jpg","IMG-20190424-WA0007.jpg","307823","4199968"
"C:\Users\flier\OneDrive\תמונות\Samsung Gallery\Android\media\com.whatsapp\WhatsApp\Media\WhatsApp Images\IMG-20190424-WA0008.jpg","IMG-20190424-WA0008.jpg","317847","4199968"
"C:\Users\flier\OneDrive\תמונות\Samsung Gallery\Android\media\com.whatsapp\WhatsApp\Media\WhatsApp Images\IMG-20190424-WA0009.jpg","IMG-20190424-WA0009.jpg","277062","4199968"
"C:\Users\flier\OneDrive\תמונות\Samsung Gallery\Android\media\com.whatsapp\WhatsApp\Media\WhatsApp Images\IMG-20190424-WA0010.jpg","IMG-20190424-WA0010.jpg","255339","4199968"
"C:\Users\flier\OneDrive\תמונות\Samsung Gallery\Android\media\com.whatsapp\WhatsApp\Media\WhatsApp Images\IMG-20190424-WA0011.jpg","IMG-20190424-WA0011.jpg","323710","4199968"
"C:\Users\flier\OneDrive\תמונות\Samsung Gallery\Android\media\com.whatsapp\WhatsApp\Media\WhatsApp Images\IMG-20190424-WA0012.jpg","IMG-20190424-WA0012.jpg","298721","4199968"
"C:\Users\flier\OneDrive\תמונות\Samsung Gallery\Android\media\com.whatsapp\WhatsApp\Media\WhatsApp Images\IMG-20190424-WA0013.jpg","IMG-20190424-WA0013.jpg","312432","4199968"
"C:\Users\flier\OneDrive\תמונות\Samsung Gallery\Android\media\com.whatsapp\WhatsApp\Media\WhatsApp Images\IMG-20190424-WA0014.jpg","IMG-20190424-WA0014.jpg","326803","4199968"
"C:\Users\flier\OneDrive\תמונות\Samsung Gallery\Android\media\com.whatsapp\WhatsApp\Media\WhatsApp Images\IMG-20190424-WA0015.jpg","IMG-20190424-WA0015.jpg","288065","4199968"
"C:\Users\flier\OneDrive\תמונות\Samsung Gallery\Android\media\com.whatsapp\WhatsApp\Media\WhatsApp Images\IMG-20190424-WA0016.jpg","IMG-20190424-WA0016.jpg","481869","4199968"
"C:\Users\flier\OneDrive\תמונות\Samsung Gallery\Android\media\com.whatsapp\WhatsApp\Media\WhatsApp Images\IMG-20190424-WA0017.jpg","IMG-20190424-WA0017.jpg","455449","4199968"
"C:\Users\flier\OneDrive\תמונות\Samsung Gallery\Android\media\com.whatsapp\WhatsApp\Media\WhatsApp Images\IMG-20190424-WA0018.jpg","IMG-20190424-WA0018.jpg","97298","4199968"
"C:\Users\flier\OneDrive\תמונות\Samsung Gallery\Android\media\com.whatsapp\WhatsApp\Media\WhatsApp Images\IMG-20190425-WA0000.jpg","IMG-20190425-WA0000.jpg","254267","4199968"
"C:\Users\flier\OneDrive\תמונות\Samsung Gallery\Android\media\com.whatsapp\WhatsApp\Media\WhatsApp Images\IMG-20190426-WA0000.jpg","IMG-20190426-WA0000.jpg","96052","4199968"
"C:\Users\flier\OneDrive\תמונות\Samsung Gallery\Android\media\com.whatsapp\WhatsApp\Media\WhatsApp Images\IMG-20190429-WA0000.jpg","IMG-20190429-WA0000.jpg","93510","4199968"
"C:\Users\flier\OneDrive\תמונות\Samsung Gallery\Android\media\com.whatsapp\WhatsApp\Media\WhatsApp Images\IMG-20190430-WA0001.jpg","IMG-20190430-WA0001.jpg","132413","4199968"
"C:\Users\flier\OneDrive\תמונות\Samsung Gallery\Android\media\com.whatsapp\WhatsApp\Media\WhatsApp Images\IMG-20190501-WA0003.jpg","IMG-20190501-WA0003.jpg","163334","4199968"
"C:\Users\flier\OneDrive\תמונות\Samsung Gallery\Android\media\com.whatsapp\WhatsApp\Media\WhatsApp Images\IMG-20190502-WA0000.jpg","IMG-20190502-WA0000.jpg","122805","4199968"
"C:\Users\flier\OneDrive\תמונות\Samsung Gallery\Android\media\com.whatsapp\WhatsApp\Media\WhatsApp Images\IMG-20190503-WA0000.jpg","IMG-20190503-WA0000.jpg","380621","4199968"
"C:\Users\flier\OneDrive\תמונות\Samsung Gallery\Android\media\com.whatsapp\WhatsApp\Media\WhatsApp Images\IMG-20190503-WA0003.jpg","IMG-20190503-WA0003.jpg","121834","4199968"
"C:\Users\flier\OneDrive\תמונות\Samsung Gallery\Android\media\com.whatsapp\WhatsApp\Media\WhatsApp Images\IMG-20190504-WA0001.jpg","IMG-20190504-WA0001.jpg","45221","4199968"
"C:\Users\flier\OneDrive\תמונות\Samsung Gallery\Android\media\com.whatsapp\WhatsApp\Media\WhatsApp Images\IMG-20190504-WA0003.jpg","IMG-20190504-WA0003.jpg","53854","4199968"
"C:\Users\flier\OneDrive\תמונות\Samsung Gallery\Android\media\com.whatsapp\WhatsApp\Media\WhatsApp Images\IMG-20190504-WA0004.jpg","IMG-20190504-WA0004.jpg","40727","4199968"
"C:\Users\flier\OneDrive\תמונות\Samsung Gallery\Android\media\com.whatsapp\WhatsApp\Media\WhatsApp Images\IMG-20190504-WA0005.jpg","IMG-20190504-WA0005.jpg","52784","4199968"
"C:\Users\flier\OneDrive\תמונות\Samsung Gallery\Android\media\com.whatsapp\WhatsApp\Media\WhatsApp Images\IMG-20190505-WA0001.jpg","IMG-20190505-WA0001.jpg","38341","4199968"
"C:\Users\flier\OneDrive\תמונות\Samsung Gallery\Android\media\com.whatsapp\WhatsApp\Media\WhatsApp Images\IMG-20190505-WA0003.jpg","IMG-20190505-WA0003.jpg","91778","4199968"
"C:\Users\flier\OneDrive\תמונות\Samsung Gallery\Android\media\com.whatsapp\WhatsApp\Media\WhatsApp Images\IMG-20190506-WA0002.jpg","IMG-20190506-WA0002.jpg","9244","4199968"
"C:\Users\flier\OneDrive\תמונות\Samsung Gallery\Android\media\com.whatsapp\WhatsApp\Media\WhatsApp Images\IMG-20190506-WA0004.jpg","IMG-20190506-WA0004.jpg","215264","4199968"
"C:\Users\flier\OneDrive\תמונות\Samsung Gallery\Android\media\com.whatsapp\WhatsApp\Media\WhatsApp Images\IMG-20190506-WA0005.jpg","IMG-20190506-WA0005.jpg","34135","4199968"
"C:\Users\flier\OneDrive\תמונות\Samsung Gallery\Android\media\com.whatsapp\WhatsApp\Media\WhatsApp Images\IMG-20190507-WA0002.jpeg","IMG-20190507-WA0002.jpeg","696719","4199968"
"C:\Users\flier\OneDrive\תמונות\Samsung Gallery\Android\media\com.whatsapp\WhatsApp\Media\WhatsApp Images\IMG-20190508-WA0000.jpg","IMG-20190508-WA0000.jpg","137993","4199968"
"C:\Users\flier\OneDrive\תמונות\Samsung Gallery\Android\media\com.whatsapp\WhatsApp\Media\WhatsApp Images\IMG-20190508-WA0001.jpg","IMG-20190508-WA0001.jpg","108551","4199968"
"C:\Users\flier\OneDrive\תמונות\Samsung Gallery\Android\media\com.whatsapp\WhatsApp\Media\WhatsApp Images\IMG-20190508-WA0002.jpg","IMG-20190508-WA0002.jpg","245741","4199968"
"C:\Users\flier\OneDrive\תמונות\Samsung Gallery\Android\media\com.whatsapp\WhatsApp\Media\WhatsApp Images\IMG-20190508-WA0003.jpg","IMG-20190508-WA0003.jpg","257006","4199968"
"C:\Users\flier\OneDrive\תמונות\Samsung Gallery\Android\media\com.whatsapp\WhatsApp\Media\WhatsApp Images\IMG-20190508-WA0004.jpg","IMG-20190508-WA0004.jpg","189660","4199968"
"C:\Users\flier\OneDrive\תמונות\Samsung Gallery\Android\media\com.whatsapp\WhatsApp\Media\WhatsApp Images\IMG-20190508-WA0005.jpg","IMG-20190508-WA0005.jpg","210259","4199968"
"C:\Users\flier\OneDrive\תמונות\Samsung Gallery\Android\media\com.whatsapp\WhatsApp\Media\WhatsApp Images\IMG-20190508-WA0006.jpg","IMG-20190508-WA0006.jpg","220709","4199968"
"C:\Users\flier\OneDrive\תמונות\Samsung Gallery\Android\media\com.whatsapp\WhatsApp\Media\WhatsApp Images\IMG-20190508-WA0007.jpg","IMG-20190508-WA0007.jpg","216950","4199968"
"C:\Users\flier\OneDrive\תמונות\Samsung Gallery\Android\media\com.whatsapp\WhatsApp\Media\WhatsApp Images\IMG-20190508-WA0008.jpg","IMG-20190508-WA0008.jpg","226246","4199968"
"C:\Users\flier\OneDrive\תמונות\Samsung Gallery\Android\media\com.whatsapp\WhatsApp\Media\WhatsApp Images\IMG-20190508-WA0009.jpg","IMG-20190508-WA0009.jpg","236997","4199968"
"C:\Users\flier\OneDrive\תמונות\Samsung Gallery\Android\media\com.whatsapp\WhatsApp\Media\WhatsApp Images\IMG-20190508-WA0010.jpg","IMG-20190508-WA0010.jpg","196207","4199968"
"C:\Users\flier\OneDrive\תמונות\Samsung Gallery\Android\media\com.whatsapp\WhatsApp\Media\WhatsApp Images\IMG-20190508-WA0011.jpg","IMG-20190508-WA0011.jpg","214170","4199968"
"C:\Users\flier\OneDrive\תמונות\Samsung Gallery\Android\media\com.whatsapp\WhatsApp\Media\WhatsApp Images\IMG-20190508-WA0012.jpg","IMG-20190508-WA0012.jpg","319042","4199968"
"C:\Users\flier\OneDrive\תמונות\Samsung Gallery\Android\media\com.whatsapp\WhatsApp\Media\WhatsApp Images\IMG-20190508-WA0013.jpg","IMG-20190508-WA0013.jpg","322166","4199968"
"C:\Users\flier\OneDrive\תמונות\Samsung Gallery\Android\media\com.whatsapp\WhatsApp\Media\WhatsApp Images\IMG-20190508-WA0014.jpg","IMG-20190508-WA0014.jpg","329467","4199968"
"C:\Users\flier\OneDrive\תמונות\Samsung Gallery\Android\media\com.whatsapp\WhatsApp\Media\WhatsApp Images\IMG-20190508-WA0015.jpg","IMG-20190508-WA0015.jpg","322319","4199968"
"C:\Users\flier\OneDrive\תמונות\Samsung Gallery\Android\media\com.whatsapp\WhatsApp\Media\WhatsApp Images\IMG-20190508-WA0016.jpg","IMG-20190508-WA0016.jpg","315525","4199968"
"C:\Users\flier\OneDrive\תמונות\Samsung Gallery\Android\media\com.whatsapp\WhatsApp\Media\WhatsApp Images\IMG-20190508-WA0017.jpg","IMG-20190508-WA0017.jpg","153205","4199968"
"C:\Users\flier\OneDrive\תמונות\Samsung Gallery\Android\media\com.whatsapp\WhatsApp\Media\WhatsApp Images\IMG-20190508-WA0018.jpg","IMG-20190508-WA0018.jpg","324031","4199968"
"C:\Users\flier\OneDrive\תמונות\Samsung Gallery\Android\media\com.whatsapp\WhatsApp\Media\WhatsApp Images\IMG-20190508-WA0019.jpg","IMG-20190508-WA0019.jpg","365292","4199968"
"C:\Users\flier\OneDrive\תמונות\Samsung Gallery\Android\media\com.whatsapp\WhatsApp\Media\WhatsApp Images\IMG-20190508-WA0020.jpg","IMG-20190508-WA0020.jpg","181783","4199968"
"C:\Users\flier\OneDrive\תמונות\Samsung Gallery\Android\media\com.whatsapp\WhatsApp\Media\WhatsApp Images\IMG-20190508-WA0021.jpg","IMG-20190508-WA0021.jpg","219071","4199968"
"C:\Users\flier\OneDrive\תמונות\Samsung Gallery\Android\media\com.whatsapp\WhatsApp\Media\WhatsApp Images\IMG-20190508-WA0022.jpg","IMG-20190508-WA0022.jpg","252423","4199968"
"C:\Users\flier\OneDrive\תמונות\Samsung Gallery\Android\media\com.whatsapp\WhatsApp\Media\WhatsApp Images\IMG-20190508-WA0023.jpg","IMG-20190508-WA0023.jpg","319158","4199968"
"C:\Users\flier\OneDrive\תמונות\Samsung Gallery\Android\media\com.whatsapp\WhatsApp\Media\WhatsApp Images\IMG-20190508-WA0024.jpg","IMG-20190508-WA0024.jpg","237187","4199968"
"C:\Users\flier\OneDrive\תמונות\Samsung Gallery\Android\media\com.whatsapp\WhatsApp\Media\WhatsApp Images\IMG-20190508-WA0025.jpg","IMG-20190508-WA0025.jpg","211670","4199968"
"C:\Users\flier\OneDrive\תמונות\Samsung Gallery\Android\media\com.whatsapp\WhatsApp\Media\WhatsApp Images\IMG-20190508-WA0026.jpg","IMG-20190508-WA0026.jpg","224656","4199968"
"C:\Users\flier\OneDrive\תמונות\Samsung Gallery\Android\media\com.whatsapp\WhatsApp\Media\WhatsApp Images\IMG-20190508-WA0027.jpg","IMG-20190508-WA0027.jpg","222072","4199968"
"C:\Users\flier\OneDrive\תמונות\Samsung Gallery\Android\media\com.whatsapp\WhatsApp\Media\WhatsApp Images\IMG-20190508-WA0028.jpg","IMG-20190508-WA0028.jpg","231843","4199968"
"C:\Users\flier\OneDrive\תמונות\Samsung Gallery\Android\media\com.whatsapp\WhatsApp\Media\WhatsApp Images\IMG-20190509-WA0000.jpg","IMG-20190509-WA0000.jpg","129803","4199968"
"C:\Users\flier\OneDrive\תמונות\Samsung Gallery\Android\media\com.whatsapp\WhatsApp\Media\WhatsApp Images\IMG-20190509-WA0001.jpg","IMG-20190509-WA0001.jpg","81247","4199968"
"C:\Users\flier\OneDrive\תמונות\Samsung Gallery\Android\media\com.whatsapp\WhatsApp\Media\WhatsApp Images\IMG-20190509-WA0002.jpg","IMG-20190509-WA0002.jpg","119599","4199968"
"C:\Users\flier\OneDrive\תמונות\Samsung Gallery\Android\media\com.whatsapp\WhatsApp\Media\WhatsApp Images\IMG-20190509-WA0003.jpg","IMG-20190509-WA0003.jpg","119599","4199968"
"C:\Users\flier\OneDrive\תמונות\Samsung Gallery\Android\media\com.whatsapp\WhatsApp\Media\WhatsApp Images\IMG-20190509-WA0004.jpg","IMG-20190509-WA0004.jpg","119599","4199968"
"C:\Users\flier\OneDrive\תמונות\Samsung Gallery\Android\media\com.whatsapp\WhatsApp\Media\WhatsApp Images\IMG-20190509-WA0005.jpg","IMG-20190509-WA0005.jpg","119599","4199968"
"C:\Users\flier\OneDrive\תמונות\Samsung Gallery\Android\media\com.whatsapp\WhatsApp\Media\WhatsApp Images\IMG-20190509-WA0006.jpg","IMG-20190509-WA0006.jpg","119599","4199968"
"C:\Users\flier\OneDrive\תמונות\Samsung Gallery\Android\media\com.whatsapp\WhatsApp\Media\WhatsApp Images\IMG-20190509-WA0007.jpg","IMG-20190509-WA0007.jpg","119599","4199968"
"C:\Users\flier\OneDrive\תמונות\Samsung Gallery\Android\media\com.whatsapp\WhatsApp\Media\WhatsApp Images\IMG-20190509-WA0008.jpg","IMG-20190509-WA0008.jpg","119599","4199968"
"C:\Users\flier\OneDrive\תמונות\Samsung Gallery\Android\media\com.whatsapp\WhatsApp\Media\WhatsApp Images\IMG-20190509-WA0009.jpg","IMG-20190509-WA0009.jpg","119599","4199968"
"C:\Users\flier\OneDrive\תמונות\Samsung Gallery\Android\media\com.whatsapp\WhatsApp\Media\WhatsApp Images\IMG-20190509-WA0010.jpg","IMG-20190509-WA0010.jpg","119599","4199968"
"C:\Users\flier\OneDrive\תמונות\Samsung Gallery\Android\media\com.whatsapp\WhatsApp\Media\WhatsApp Images\IMG-20190509-WA0011.jpg","IMG-20190509-WA0011.jpg","119599","4199968"
"C:\Users\flier\OneDrive\תמונות\Samsung Gallery\Android\media\com.whatsapp\WhatsApp\Media\WhatsApp Images\IMG-20190509-WA0012.jpg","IMG-20190509-WA0012.jpg","119599","4199968"
"C:\Users\flier\OneDrive\תמונות\Samsung Gallery\Android\media\com.whatsapp\WhatsApp\Media\WhatsApp Images\IMG-20190509-WA0013.jpg","IMG-20190509-WA0013.jpg","119599","4199968"
"C:\Users\flier\OneDrive\תמונות\Samsung Gallery\Android\media\com.whatsapp\WhatsApp\Media\WhatsApp Images\IMG-20190509-WA0014.jpg","IMG-20190509-WA0014.jpg","119599","4199968"
"C:\Users\flier\OneDrive\תמונות\Samsung Gallery\Android\media\com.whatsapp\WhatsApp\Media\WhatsApp Images\IMG-20190509-WA0015.jpg","IMG-20190509-WA0015.jpg","119599","4199968"
"C:\Users\flier\OneDrive\תמונות\Samsung Gallery\Android\media\com.whatsapp\WhatsApp\Media\WhatsApp Images\IMG-20190509-WA0016.jpg","IMG-20190509-WA0016.jpg","119599","4199968"
"C:\Users\flier\OneDrive\תמונות\Samsung Gallery\Android\media\com.whatsapp\WhatsApp\Media\WhatsApp Images\IMG-20190510-WA0000.jpg","IMG-20190510-WA0000.jpg","191226","4199968"
"C:\Users\flier\OneDrive\תמונות\Samsung Gallery\Android\media\com.whatsapp\WhatsApp\Media\WhatsApp Images\IMG-20190510-WA0001.jpg","IMG-20190510-WA0001.jpg","180921","4199968"
"C:\Users\flier\OneDrive\תמונות\Samsung Gallery\Android\media\com.whatsapp\WhatsApp\Media\WhatsApp Images\IMG-20190510-WA0003.jpg","IMG-20190510-WA0003.jpg","169351","4199968"
"C:\Users\flier\OneDrive\תמונות\Samsung Gallery\Android\media\com.whatsapp\WhatsApp\Media\WhatsApp Images\IMG-20190511-WA0002.jpg","IMG-20190511-WA0002.jpg","178830","4199968"
"C:\Users\flier\OneDrive\תמונות\Samsung Gallery\Android\media\com.whatsapp\WhatsApp\Media\WhatsApp Images\IMG-20190511-WA0003.jpg","IMG-20190511-WA0003.jpg","148633","4199968"
"C:\Users\flier\OneDrive\תמונות\Samsung Gallery\Android\media\com.whatsapp\WhatsApp\Media\WhatsApp Images\IMG-20190511-WA0004.jpg","IMG-20190511-WA0004.jpg","102722","4199968"
"C:\Users\flier\OneDrive\תמונות\Samsung Gallery\Android\media\com.whatsapp\WhatsApp\Media\WhatsApp Images\IMG-20190511-WA0005.jpg","IMG-20190511-WA0005.jpg","211910","4199968"
"C:\Users\flier\OneDrive\תמונות\Samsung Gallery\Android\media\com.whatsapp\WhatsApp\Media\WhatsApp Images\IMG-20190511-WA0006.jpg","IMG-20190511-WA0006.jpg","200660","4199968"
"C:\Users\flier\OneDrive\תמונות\Samsung Gallery\Android\media\com.whatsapp\WhatsApp\Media\WhatsApp Images\IMG-20190511-WA0007.jpg","IMG-20190511-WA0007.jpg","118598","4199968"
"C:\Users\flier\OneDrive\תמונות\Samsung Gallery\Android\media\com.whatsapp\WhatsApp\Media\WhatsApp Images\IMG-20190511-WA0008.jpg","IMG-20190511-WA0008.jpg","165603","4199968"
"C:\Users\flier\OneDrive\תמונות\Samsung Gallery\Android\media\com.whatsapp\WhatsApp\Media\WhatsApp Images\IMG-20190511-WA0009.jpg","IMG-20190511-WA0009.jpg","155814","4199968"
"C:\Users\flier\OneDrive\תמונות\Samsung Gallery\Android\media\com.whatsapp\WhatsApp\Media\WhatsApp Images\IMG-20190511-WA0010.jpg","IMG-20190511-WA0010.jpg","134820","4199968"
"C:\Users\flier\OneDrive\תמונות\Samsung Gallery\Android\media\com.whatsapp\WhatsApp\Media\WhatsApp Images\IMG-20190512-WA0003.jpg","IMG-20190512-WA0003.jpg","101602","4199968"
"C:\Users\flier\OneDrive\תמונות\Samsung Gallery\Android\media\com.whatsapp\WhatsApp\Media\WhatsApp Images\IMG-20190513-WA0000.jpg","IMG-20190513-WA0000.jpg","193900","4199968"
"C:\Users\flier\OneDrive\תמונות\Samsung Gallery\Android\media\com.whatsapp\WhatsApp\Media\WhatsApp Images\IMG-20190513-WA0001.jpg","IMG-20190513-WA0001.jpg","170842","4199968"
"C:\Users\flier\OneDrive\תמונות\Samsung Gallery\Android\media\com.whatsapp\WhatsApp\Media\WhatsApp Images\IMG-20190513-WA0002.jpg","IMG-20190513-WA0002.jpg","170805","4199968"
"C:\Users\flier\OneDrive\תמונות\Samsung Gallery\Android\media\com.whatsapp\WhatsApp\Media\WhatsApp Images\IMG-20190513-WA0003.jpg","IMG-20190513-WA0003.jpg","178324","4199968"
"C:\Users\flier\OneDrive\תמונות\Samsung Gallery\Android\media\com.whatsapp\WhatsApp\Media\WhatsApp Images\IMG-20190513-WA0004.jpg","IMG-20190513-WA0004.jpg","152957","4199968"
"C:\Users\flier\OneDrive\תמונות\Samsung Gallery\Android\media\com.whatsapp\WhatsApp\Media\WhatsApp Images\IMG-20190513-WA0005.jpg","IMG-20190513-WA0005.jpg","165782","4199968"
"C:\Users\flier\OneDrive\תמונות\Samsung Gallery\Android\media\com.whatsapp\WhatsApp\Media\WhatsApp Images\IMG-20190513-WA0006.jpg","IMG-20190513-WA0006.jpg","173372","4199968"
"C:\Users\flier\OneDrive\תמונות\Samsung Gallery\Android\media\com.whatsapp\WhatsApp\Media\WhatsApp Images\IMG-20190513-WA0007.jpg","IMG-20190513-WA0007.jpg","144682","4199968"
"C:\Users\flier\OneDrive\תמונות\Samsung Gallery\Android\media\com.whatsapp\WhatsApp\Media\WhatsApp Images\IMG-20190513-WA0008.jpg","IMG-20190513-WA0008.jpg","177897","4199968"
"C:\Users\flier\OneDrive\תמונות\Samsung Gallery\Android\media\com.whatsapp\WhatsApp\Media\WhatsApp Images\IMG-20190513-WA0009.jpg","IMG-20190513-WA0009.jpg","145770","4199968"
"C:\Users\flier\OneDrive\תמונות\Samsung Gallery\Android\media\com.whatsapp\WhatsApp\Media\WhatsApp Images\IMG-20190513-WA0010.jpg","IMG-20190513-WA0010.jpg","134158","4199968"
"C:\Users\flier\OneDrive\תמונות\Samsung Gallery\Android\media\com.whatsapp\WhatsApp\Media\WhatsApp Images\IMG-20190513-WA0011.jpg","IMG-20190513-WA0011.jpg","157243","4199968"
"C:\Users\flier\OneDrive\תמונות\Samsung Gallery\Android\media\com.whatsapp\WhatsApp\Media\WhatsApp Images\IMG-20190513-WA0012.jpg","IMG-20190513-WA0012.jpg","172756","4199968"
"C:\Users\flier\OneDrive\תמונות\Samsung Gallery\Android\media\com.whatsapp\WhatsApp\Media\WhatsApp Images\IMG-20190513-WA0013.jpg","IMG-20190513-WA0013.jpg","166896","4199968"
"C:\Users\flier\OneDrive\תמונות\Samsung Gallery\Android\media\com.whatsapp\WhatsApp\Media\WhatsApp Images\IMG-20190514-WA0001.jpg","IMG-20190514-WA0001.jpg","419483","4199968"
"C:\Users\flier\OneDrive\תמונות\Samsung Gallery\Android\media\com.whatsapp\WhatsApp\Media\WhatsApp Images\IMG-20190515-WA0003.jpg","IMG-20190515-WA0003.jpg","123103","4199968"
"C:\Users\flier\OneDrive\תמונות\Samsung Gallery\Android\media\com.whatsapp\WhatsApp\Media\WhatsApp Images\IMG-20190515-WA0004.jpg","IMG-20190515-WA0004.jpg","116527","4199968"
"C:\Users\flier\OneDrive\תמונות\Samsung Gallery\Android\media\com.whatsapp\WhatsApp\Media\WhatsApp Images\IMG-20190515-WA0005.jpg","IMG-20190515-WA0005.jpg","138058","4199968"
"C:\Users\flier\OneDrive\תמונות\Samsung Gallery\Android\media\com.whatsapp\WhatsApp\Media\WhatsApp Images\IMG-20190515-WA0006.jpg","IMG-20190515-WA0006.jpg","148191","4199968"
"C:\Users\flier\OneDrive\תמונות\Samsung Gallery\Android\media\com.whatsapp\WhatsApp\Media\WhatsApp Images\IMG-20190515-WA0007.jpg","IMG-20190515-WA0007.jpg","119408","4199968"
"C:\Users\flier\OneDrive\תמונות\Samsung Gallery\Android\media\com.whatsapp\WhatsApp\Media\WhatsApp Images\IMG-20190515-WA0008.jpg","IMG-20190515-WA0008.jpg","113844","4199968"
"C:\Users\flier\OneDrive\תמונות\Samsung Gallery\Android\media\com.whatsapp\WhatsApp\Media\WhatsApp Images\IMG-20190515-WA0009.jpg","IMG-20190515-WA0009.jpg","56581","4199968"
"C:\Users\flier\OneDrive\תמונות\Samsung Gallery\Android\media\com.whatsapp\WhatsApp\Media\WhatsApp Images\IMG-20190515-WA0011.jpg","IMG-20190515-WA0011.jpg","282252","4199968"
"C:\Users\flier\OneDrive\תמונות\Samsung Gallery\Android\media\com.whatsapp\WhatsApp\Media\WhatsApp Images\IMG-20190515-WA0012.jpg","IMG-20190515-WA0012.jpg","80162","4199968"
"C:\Users\flier\OneDrive\תמונות\Samsung Gallery\Android\media\com.whatsapp\WhatsApp\Media\WhatsApp Images\IMG-20190515-WA0013.jpg","IMG-20190515-WA0013.jpg","322789","4199968"
"C:\Users\flier\OneDrive\תמונות\Samsung Gallery\Android\media\com.whatsapp\WhatsApp\Media\WhatsApp Images\IMG-20190515-WA0014.jpg","IMG-20190515-WA0014.jpg","396023","4199968"
"C:\Users\flier\OneDrive\תמונות\Samsung Gallery\Android\media\com.whatsapp\WhatsApp\Media\WhatsApp Images\IMG-20190515-WA0015.jpg","IMG-20190515-WA0015.jpg","336620","4199968"
"C:\Users\flier\OneDrive\תמונות\Samsung Gallery\Android\media\com.whatsapp\WhatsApp\Media\WhatsApp Images\IMG-20190515-WA0016.jpg","IMG-20190515-WA0016.jpg","383624","4199968"
"C:\Users\flier\OneDrive\תמונות\Samsung Gallery\Android\media\com.whatsapp\WhatsApp\Media\WhatsApp Images\IMG-20190515-WA0017.jpg","IMG-20190515-WA0017.jpg","404630","4199968"
"C:\Users\flier\OneDrive\תמונות\Samsung Gallery\Android\media\com.whatsapp\WhatsApp\Media\WhatsApp Images\IMG-20190517-WA0000.jpg","IMG-20190517-WA0000.jpg","215402","4199968"
"C:\Users\flier\OneDrive\תמונות\Samsung Gallery\Android\media\com.whatsapp\WhatsApp\Media\WhatsApp Images\IMG-20190517-WA0002.jpg","IMG-20190517-WA0002.jpg","124508","4199968"
"C:\Users\flier\OneDrive\תמונות\Samsung Gallery\Android\media\com.whatsapp\WhatsApp\Media\WhatsApp Images\IMG-20190519-WA0002.jpg","IMG-20190519-WA0002.jpg","74125","4199968"
"C:\Users\flier\OneDrive\תמונות\Samsung Gallery\Android\media\com.whatsapp\WhatsApp\Media\WhatsApp Images\IMG-20190519-WA0003.jpg","IMG-20190519-WA0003.jpg","85738","4199968"
"C:\Users\flier\OneDrive\תמונות\Samsung Gallery\Android\media\com.whatsapp\WhatsApp\Media\WhatsApp Images\IMG-20190520-WA0001.jpg","IMG-20190520-WA0001.jpg","162360","4199968"
"C:\Users\flier\OneDrive\תמונות\Samsung Gallery\Android\media\com.whatsapp\WhatsApp\Media\WhatsApp Images\IMG-20190520-WA0002.jpg","IMG-20190520-WA0002.jpg","147096","4199968"
"C:\Users\flier\OneDrive\תמונות\Samsung Gallery\Android\media\com.whatsapp\WhatsApp\Media\WhatsApp Images\IMG-20190521-WA0000.jpg","IMG-20190521-WA0000.jpg","103031","4199968"
"C:\Users\flier\OneDrive\תמונות\Samsung Gallery\Android\media\com.whatsapp\WhatsApp\Media\WhatsApp Images\IMG-20190521-WA0001.jpg","IMG-20190521-WA0001.jpg","100886","4199968"
"C:\Users\flier\OneDrive\תמונות\Samsung Gallery\Android\media\com.whatsapp\WhatsApp\Media\WhatsApp Images\IMG-20190521-WA0002.jpg","IMG-20190521-WA0002.jpg","109168","4199968"
"C:\Users\flier\OneDrive\תמונות\Samsung Gallery\Android\media\com.whatsapp\WhatsApp\Media\WhatsApp Images\IMG-20190521-WA0003.jpg","IMG-20190521-WA0003.jpg","141123","4199968"
"C:\Users\flier\OneDrive\תמונות\Samsung Gallery\Android\media\com.whatsapp\WhatsApp\Media\WhatsApp Images\IMG-20190521-WA0004.jpg","IMG-20190521-WA0004.jpg","128268","4199968"
"C:\Users\flier\OneDrive\תמונות\Samsung Gallery\Android\media\com.whatsapp\WhatsApp\Media\WhatsApp Images\IMG-20190521-WA0005.jpg","IMG-20190521-WA0005.jpg","82705","4199968"
"C:\Users\flier\OneDrive\תמונות\Samsung Gallery\Android\media\com.whatsapp\WhatsApp\Media\WhatsApp Images\IMG-20190521-WA0006.jpg","IMG-20190521-WA0006.jpg","84911","4199968"
"C:\Users\flier\OneDrive\תמונות\Samsung Gallery\Android\media\com.whatsapp\WhatsApp\Media\WhatsApp Images\IMG-20190521-WA0007.jpg","IMG-20190521-WA0007.jpg","140121","4199968"
"C:\Users\flier\OneDrive\תמונות\Samsung Gallery\Android\media\com.whatsapp\WhatsApp\Media\WhatsApp Images\IMG-20190521-WA0008.jpg","IMG-20190521-WA0008.jpg","112689","4199968"
"C:\Users\flier\OneDrive\תמונות\Samsung Gallery\Android\media\com.whatsapp\WhatsApp\Media\WhatsApp Images\IMG-20190521-WA0009.jpg","IMG-20190521-WA0009.jpg","197000","4199968"
"C:\Users\flier\OneDrive\תמונות\Samsung Gallery\Android\media\com.whatsapp\WhatsApp\Media\WhatsApp Images\IMG-20190521-WA0010.jpg","IMG-20190521-WA0010.jpg","190732","4199968"
"C:\Users\flier\OneDrive\תמונות\Samsung Gallery\Android\media\com.whatsapp\WhatsApp\Media\WhatsApp Images\IMG-20190521-WA0011.jpg","IMG-20190521-WA0011.jpg","210872","4199968"
"C:\Users\flier\OneDrive\תמונות\Samsung Gallery\Android\media\com.whatsapp\WhatsApp\Media\WhatsApp Images\IMG-20190521-WA0012.jpg","IMG-20190521-WA0012.jpg","175128","4199968"
"C:\Users\flier\OneDrive\תמונות\Samsung Gallery\Android\media\com.whatsapp\WhatsApp\Media\WhatsApp Images\IMG-20190521-WA0013.jpg","IMG-20190521-WA0013.jpg","186575","4199968"
"C:\Users\flier\OneDrive\תמונות\Samsung Gallery\Android\media\com.whatsapp\WhatsApp\Media\WhatsApp Images\IMG-20190521-WA0014.jpg","IMG-20190521-WA0014.jpg","200982","4199968"
"C:\Users\flier\OneDrive\תמונות\Samsung Gallery\Android\media\com.whatsapp\WhatsApp\Media\WhatsApp Images\IMG-20190521-WA0015.jpg","IMG-20190521-WA0015.jpg","125379","4199968"
"C:\Users\flier\OneDrive\תמונות\Samsung Gallery\Android\media\com.whatsapp\WhatsApp\Media\WhatsApp Images\IMG-20190521-WA0016.jpg","IMG-20190521-WA0016.jpg","86440","4199968"
"C:\Users\flier\OneDrive\תמונות\Samsung Gallery\Android\media\com.whatsapp\WhatsApp\Media\WhatsApp Images\IMG-20190521-WA0017.jpg","IMG-20190521-WA0017.jpg","77342","4199968"
"C:\Users\flier\OneDrive\תמונות\Samsung Gallery\Android\media\com.whatsapp\WhatsApp\Media\WhatsApp Images\IMG-20190521-WA0018.jpg","IMG-20190521-WA0018.jpg","69086","4199968"
"C:\Users\flier\OneDrive\תמונות\Samsung Gallery\Android\media\com.whatsapp\WhatsApp\Media\WhatsApp Images\IMG-20190521-WA0019.jpg","IMG-20190521-WA0019.jpg","259975","4199968"
"C:\Users\flier\OneDrive\תמונות\Samsung Gallery\Android\media\com.whatsapp\WhatsApp\Media\WhatsApp Images\IMG-20190521-WA0020.jpg","IMG-20190521-WA0020.jpg","258656","4199968"
"C:\Users\flier\OneDrive\תמונות\Samsung Gallery\Android\media\com.whatsapp\WhatsApp\Media\WhatsApp Images\IMG-20190521-WA0021.jpg","IMG-20190521-WA0021.jpg","205533","4199968"
"C:\Users\flier\OneDrive\תמונות\Samsung Gallery\Android\media\com.whatsapp\WhatsApp\Media\WhatsApp Images\IMG-20190521-WA0022.jpg","IMG-20190521-WA0022.jpg","141009","4199968"
"C:\Users\flier\OneDrive\תמונות\Samsung Gallery\Android\media\com.whatsapp\WhatsApp\Media\WhatsApp Images\IMG-20190521-WA0023.jpg","IMG-20190521-WA0023.jpg","176333","4199968"
"C:\Users\flier\OneDrive\תמונות\Samsung Gallery\Android\media\com.whatsapp\WhatsApp\Media\WhatsApp Images\IMG-20190521-WA0024.jpg","IMG-20190521-WA0024.jpg","181372","4199968"
"C:\Users\flier\OneDrive\תמונות\Samsung Gallery\Android\media\com.whatsapp\WhatsApp\Media\WhatsApp Images\IMG-20190521-WA0025.jpg","IMG-20190521-WA0025.jpg","179294","4199968"
"C:\Users\flier\OneDrive\תמונות\Samsung Gallery\Android\media\com.whatsapp\WhatsApp\Media\WhatsApp Images\IMG-20190522-WA0002.jpg","IMG-20190522-WA0002.jpg","123458","4199968"
"C:\Users\flier\OneDrive\תמונות\Samsung Gallery\Android\media\com.whatsapp\WhatsApp\Media\WhatsApp Images\IMG-20190522-WA0007.jpeg","IMG-20190522-WA0007.jpeg","3015776","4199968"
"C:\Users\flier\OneDrive\תמונות\Samsung Gallery\Android\media\com.whatsapp\WhatsApp\Media\WhatsApp Images\IMG-20190522-WA0008.jpeg","IMG-20190522-WA0008.jpeg","2053351","4199968"
"C:\Users\flier\OneDrive\תמונות\Samsung Gallery\Android\media\com.whatsapp\WhatsApp\Media\WhatsApp Images\IMG-20190523-WA0002.jpg","IMG-20190523-WA0002.jpg","198624","4199968"
"C:\Users\flier\OneDrive\תמונות\Samsung Gallery\Android\media\com.whatsapp\WhatsApp\Media\WhatsApp Images\IMG-20190523-WA0003.jpg","IMG-20190523-WA0003.jpg","213843","4199968"
"C:\Users\flier\OneDrive\תמונות\Samsung Gallery\Android\media\com.whatsapp\WhatsApp\Media\WhatsApp Images\IMG-20190523-WA0004.jpg","IMG-20190523-WA0004.jpg","197989","4199968"
"C:\Users\flier\OneDrive\תמונות\Samsung Gallery\Android\media\com.whatsapp\WhatsApp\Media\WhatsApp Images\IMG-20190523-WA0005.jpg","IMG-20190523-WA0005.jpg","145703","4199968"
"C:\Users\flier\OneDrive\תמונות\Samsung Gallery\Android\media\com.whatsapp\WhatsApp\Media\WhatsApp Images\IMG-20190523-WA0007.jpg","IMG-20190523-WA0007.jpg","94588","4199968"
"C:\Users\flier\OneDrive\תמונות\Samsung Gallery\Android\media\com.whatsapp\WhatsApp\Media\WhatsApp Images\IMG-20190523-WA0008.jpg","IMG-20190523-WA0008.jpg","85532","4199968"
"C:\Users\flier\OneDrive\תמונות\Samsung Gallery\Android\media\com.whatsapp\WhatsApp\Media\WhatsApp Images\IMG-20190524-WA0000.jpg","IMG-20190524-WA0000.jpg","186984","4199968"
"C:\Users\flier\OneDrive\תמונות\Samsung Gallery\Android\media\com.whatsapp\WhatsApp\Media\WhatsApp Images\IMG-20190524-WA0001.jpg","IMG-20190524-WA0001.jpg","200589","4199968"
"C:\Users\flier\OneDrive\תמונות\Samsung Gallery\Android\media\com.whatsapp\WhatsApp\Media\WhatsApp Images\IMG-20190524-WA0002.jpg","IMG-20190524-WA0002.jpg","80131","4199968"
"C:\Users\flier\OneDrive\תמונות\Samsung Gallery\Android\media\com.whatsapp\WhatsApp\Media\WhatsApp Images\IMG-20190524-WA0003.jpg","IMG-20190524-WA0003.jpg","48276","4199968"
"C:\Users\flier\OneDrive\תמונות\Samsung Gallery\Android\media\com.whatsapp\WhatsApp\Media\WhatsApp Images\IMG-20190524-WA0004.jpg","IMG-20190524-WA0004.jpg","93599","4199968"
"C:\Users\flier\OneDrive\תמונות\Samsung Gallery\Android\media\com.whatsapp\WhatsApp\Media\WhatsApp Images\IMG-20190524-WA0006.jpg","IMG-20190524-WA0006.jpg","28035","4199968"
"C:\Users\flier\OneDrive\תמונות\Samsung Gallery\Android\media\com.whatsapp\WhatsApp\Media\WhatsApp Images\IMG-20190525-WA0000.jpg","IMG-20190525-WA0000.jpg","486946","4199968"
"C:\Users\flier\OneDrive\תמונות\Samsung Gallery\Android\media\com.whatsapp\WhatsApp\Media\WhatsApp Images\IMG-20190525-WA0001.jpg","IMG-20190525-WA0001.jpg","91448","4199968"
"C:\Users\flier\OneDrive\תמונות\Samsung Gallery\Android\media\com.whatsapp\WhatsApp\Media\WhatsApp Images\IMG-20190525-WA0002.jpg","IMG-20190525-WA0002.jpg","88789","4199968"
"C:\Users\flier\OneDrive\תמונות\Samsung Gallery\Android\media\com.whatsapp\WhatsApp\Media\WhatsApp Images\IMG-20190525-WA0003.jpg","IMG-20190525-WA0003.jpg","115472","4199968"
"C:\Users\flier\OneDrive\תמונות\Samsung Gallery\Android\media\com.whatsapp\WhatsApp\Media\WhatsApp Images\IMG-20190525-WA0004.jpg","IMG-20190525-WA0004.jpg","90576","4199968"
"C:\Users\flier\OneDrive\תמונות\Samsung Gallery\Android\media\com.whatsapp\WhatsApp\Media\WhatsApp Images\IMG-20190525-WA0005.jpg","IMG-20190525-WA0005.jpg","91535","4199968"
"C:\Users\flier\OneDrive\תמונות\Samsung Gallery\Android\media\com.whatsapp\WhatsApp\Media\WhatsApp Images\IMG-20190525-WA0006.jpg","IMG-20190525-WA0006.jpg","105341","4199968"
"C:\Users\flier\OneDrive\תמונות\Samsung Gallery\Android\media\com.whatsapp\WhatsApp\Media\WhatsApp Images\IMG-20190525-WA0007.jpg","IMG-20190525-WA0007.jpg","533223","4199968"
"C:\Users\flier\OneDrive\תמונות\Samsung Gallery\Android\media\com.whatsapp\WhatsApp\Media\WhatsApp Images\IMG-20190525-WA0008.jpg","IMG-20190525-WA0008.jpg","526992","4199968"
"C:\Users\flier\OneDrive\תמונות\Samsung Gallery\Android\media\com.whatsapp\WhatsApp\Media\WhatsApp Images\IMG-20190525-WA0009.jpg","IMG-20190525-WA0009.jpg","534288","4199968"
"C:\Users\flier\OneDrive\תמונות\Samsung Gallery\Android\media\com.whatsapp\WhatsApp\Media\WhatsApp Images\IMG-20190525-WA0010.jpg","IMG-20190525-WA0010.jpg","440022","4199968"
"C:\Users\flier\OneDrive\תמונות\Samsung Gallery\Android\media\com.whatsapp\WhatsApp\Media\WhatsApp Images\IMG-20190527-WA0003.jpg","IMG-20190527-WA0003.jpg","50981","4199968"
"C:\Users\flier\OneDrive\תמונות\Samsung Gallery\Android\media\com.whatsapp\WhatsApp\Media\WhatsApp Images\IMG-20190529-WA0004.jpg","IMG-20190529-WA0004.jpg","103482","4199968"
"C:\Users\flier\OneDrive\תמונות\Samsung Gallery\Android\media\com.whatsapp\WhatsApp\Media\WhatsApp Images\IMG-20190530-WA0001.jpg","IMG-20190530-WA0001.jpg","258138","4199968"
"C:\Users\flier\OneDrive\תמונות\Samsung Gallery\Android\media\com.whatsapp\WhatsApp\Media\WhatsApp Images\IMG-20190530-WA0002.jpg","IMG-20190530-WA0002.jpg","217800","4199968"
"C:\Users\flier\OneDrive\תמונות\Samsung Gallery\Android\media\com.whatsapp\WhatsApp\Media\WhatsApp Images\IMG-20190530-WA0003.jpg","IMG-20190530-WA0003.jpg","212079","4199968"
"C:\Users\flier\OneDrive\תמונות\Samsung Gallery\Android\media\com.whatsapp\WhatsApp\Media\WhatsApp Images\IMG-20190530-WA0004.jpg","IMG-20190530-WA0004.jpg","191275","4199968"
"C:\Users\flier\OneDrive\תמונות\Samsung Gallery\Android\media\com.whatsapp\WhatsApp\Media\WhatsApp Images\IMG-20190530-WA0005.jpg","IMG-20190530-WA0005.jpg","158972","4199968"
"C:\Users\flier\OneDrive\תמונות\Samsung Gallery\Android\media\com.whatsapp\WhatsApp\Media\WhatsApp Images\IMG-20190530-WA0006.jpg","IMG-20190530-WA0006.jpg","208155","4199968"
"C:\Users\flier\OneDrive\תמונות\Samsung Gallery\Android\media\com.whatsapp\WhatsApp\Media\WhatsApp Images\IMG-20190530-WA0007.jpg","IMG-20190530-WA0007.jpg","207623","4199968"
"C:\Users\flier\OneDrive\תמונות\Samsung Gallery\Android\media\com.whatsapp\WhatsApp\Media\WhatsApp Images\IMG-20190530-WA0008.jpg","IMG-20190530-WA0008.jpg","157187","4199968"
"C:\Users\flier\OneDrive\תמונות\Samsung Gallery\Android\media\com.whatsapp\WhatsApp\Media\WhatsApp Images\IMG-20190530-WA0009.jpg","IMG-20190530-WA0009.jpg","203239","4199968"
"C:\Users\flier\OneDrive\תמונות\Samsung Gallery\Android\media\com.whatsapp\WhatsApp\Media\WhatsApp Images\IMG-20190530-WA0010.jpg","IMG-20190530-WA0010.jpg","186248","4199968"
"C:\Users\flier\OneDrive\תמונות\Samsung Gallery\Android\media\com.whatsapp\WhatsApp\Media\WhatsApp Images\IMG-20190530-WA0011.jpg","IMG-20190530-WA0011.jpg","165785","4199968"
"C:\Users\flier\OneDrive\תמונות\Samsung Gallery\Android\media\com.whatsapp\WhatsApp\Media\WhatsApp Images\IMG-20190530-WA0012.jpg","IMG-20190530-WA0012.jpg","161460","4199968"
"C:\Users\flier\OneDrive\תמונות\Samsung Gallery\Android\media\com.whatsapp\WhatsApp\Media\WhatsApp Images\IMG-20190530-WA0013.jpg","IMG-20190530-WA0013.jpg","224417","4199968"
"C:\Users\flier\OneDrive\תמונות\Samsung Gallery\Android\media\com.whatsapp\WhatsApp\Media\WhatsApp Images\IMG-20190530-WA0014.jpg","IMG-20190530-WA0014.jpg","195073","4199968"
"C:\Users\flier\OneDrive\תמונות\Samsung Gallery\Android\media\com.whatsapp\WhatsApp\Media\WhatsApp Images\IMG-20190530-WA0015.jpg","IMG-20190530-WA0015.jpg","332408","4199968"
"C:\Users\flier\OneDrive\תמונות\Samsung Gallery\Android\media\com.whatsapp\WhatsApp\Media\WhatsApp Images\IMG-20190530-WA0016.jpg","IMG-20190530-WA0016.jpg","44218","4199968"
"C:\Users\flier\OneDrive\תמונות\Samsung Gallery\Android\media\com.whatsapp\WhatsApp\Media\WhatsApp Images\IMG-20190530-WA0017.jpg","IMG-20190530-WA0017.jpg","61964","4199968"
"C:\Users\flier\OneDrive\תמונות\Samsung Gallery\Android\media\com.whatsapp\WhatsApp\Media\WhatsApp Images\IMG-20190531-WA0000.jpg","IMG-20190531-WA0000.jpg","98997","4199968"
"C:\Users\flier\OneDrive\תמונות\Samsung Gallery\Android\media\com.whatsapp\WhatsApp\Media\WhatsApp Images\IMG-20190531-WA0001.jpg","IMG-20190531-WA0001.jpg","100445","4199968"
"C:\Users\flier\OneDrive\תמונות\Samsung Gallery\Android\media\com.whatsapp\WhatsApp\Media\WhatsApp Images\IMG-20190601-WA0003.jpg","IMG-20190601-WA0003.jpg","164190","4199968"
"C:\Users\flier\OneDrive\תמונות\Samsung Gallery\Android\media\com.whatsapp\WhatsApp\Media\WhatsApp Images\IMG-20190602-WA0001.jpg","IMG-20190602-WA0001.jpg","196164","4199968"
"C:\Users\flier\OneDrive\תמונות\Samsung Gallery\Android\media\com.whatsapp\WhatsApp\Media\WhatsApp Images\IMG-20190604-WA0000.jpg","IMG-20190604-WA0000.jpg","93118","4199968"
"C:\Users\flier\OneDrive\תמונות\Samsung Gallery\Android\media\com.whatsapp\WhatsApp\Media\WhatsApp Images\IMG-20190604-WA0001.jpg","IMG-20190604-WA0001.jpg","96374","4199968"
"C:\Users\flier\OneDrive\תמונות\Samsung Gallery\Android\media\com.whatsapp\WhatsApp\Media\WhatsApp Images\IMG-20190605-WA0000.jpg","IMG-20190605-WA0000.jpg","46164","4199968"
"C:\Users\flier\OneDrive\תמונות\Samsung Gallery\Android\media\com.whatsapp\WhatsApp\Media\WhatsApp Images\IMG-20190605-WA0001.jpg","IMG-20190605-WA0001.jpg","236109","4199968"
"C:\Users\flier\OneDrive\תמונות\Samsung Gallery\Android\media\com.whatsapp\WhatsApp\Media\WhatsApp Images\IMG-20190605-WA0002.jpg","IMG-20190605-WA0002.jpg","181321","4199968"
"C:\Users\flier\OneDrive\תמונות\Samsung Gallery\Android\media\com.whatsapp\WhatsApp\Media\WhatsApp Images\IMG-20190605-WA0004.jpg","IMG-20190605-WA0004.jpg","206653","4199968"
"C:\Users\flier\OneDrive\תמונות\Samsung Gallery\Android\media\com.whatsapp\WhatsApp\Media\WhatsApp Images\IMG-20190605-WA0005.jpg","IMG-20190605-WA0005.jpg","488738","4199968"
"C:\Users\flier\OneDrive\תמונות\Samsung Gallery\Android\media\com.whatsapp\WhatsApp\Media\WhatsApp Images\IMG-20190605-WA0006.jpg","IMG-20190605-WA0006.jpg","466387","4199968"
"C:\Users\flier\OneDrive\תמונות\Samsung Gallery\Android\media\com.whatsapp\WhatsApp\Media\WhatsApp Images\IMG-20190605-WA0007.jpg","IMG-20190605-WA0007.jpg","476369","4199968"
"C:\Users\flier\OneDrive\תמונות\Samsung Gallery\Android\media\com.whatsapp\WhatsApp\Media\WhatsApp Images\IMG-20190605-WA0008.jpg","IMG-20190605-WA0008.jpg","549195","4199968"
"C:\Users\flier\OneDrive\תמונות\Samsung Gallery\Android\media\com.whatsapp\WhatsApp\Media\WhatsApp Images\IMG-20190605-WA0009.jpg","IMG-20190605-WA0009.jpg","460307","4199968"
"C:\Users\flier\OneDrive\תמונות\Samsung Gallery\Android\media\com.whatsapp\WhatsApp\Media\WhatsApp Images\IMG-20190605-WA0010.jpg","IMG-20190605-WA0010.jpg","410442","4199968"
"C:\Users\flier\OneDrive\תמונות\Samsung Gallery\Android\media\com.whatsapp\WhatsApp\Media\WhatsApp Images\IMG-20190605-WA0011.jpg","IMG-20190605-WA0011.jpg","249704","4199968"
"C:\Users\flier\OneDrive\תמונות\Samsung Gallery\Android\media\com.whatsapp\WhatsApp\Media\WhatsApp Images\IMG-20190605-WA0012.jpg","IMG-20190605-WA0012.jpg","276961","4199968"
"C:\Users\flier\OneDrive\תמונות\Samsung Gallery\Android\media\com.whatsapp\WhatsApp\Media\WhatsApp Images\IMG-20190605-WA0013.jpg","IMG-20190605-WA0013.jpg","209937","4199968"
"C:\Users\flier\OneDrive\תמונות\Samsung Gallery\Android\media\com.whatsapp\WhatsApp\Media\WhatsApp Images\IMG-20190605-WA0014.jpg","IMG-20190605-WA0014.jpg","255157","4199968"
"C:\Users\flier\OneDrive\תמונות\Samsung Gallery\Android\media\com.whatsapp\WhatsApp\Media\WhatsApp Images\IMG-20190605-WA0015.jpg","IMG-20190605-WA0015.jpg","202095","4199968"
"C:\Users\flier\OneDrive\תמונות\Samsung Gallery\Android\media\com.whatsapp\WhatsApp\Media\WhatsApp Images\IMG-20190605-WA0016.jpg","IMG-20190605-WA0016.jpg","273165","4199968"
"C:\Users\flier\OneDrive\תמונות\Samsung Gallery\Android\media\com.whatsapp\WhatsApp\Media\WhatsApp Images\IMG-20190605-WA0017.jpg","IMG-20190605-WA0017.jpg","289073","4199968"
"C:\Users\flier\OneDrive\תמונות\Samsung Gallery\Android\media\com.whatsapp\WhatsApp\Media\WhatsApp Images\IMG-20190605-WA0018.jpg","IMG-20190605-WA0018.jpg","206653","4199968"
"C:\Users\flier\OneDrive\תמונות\Samsung Gallery\Android\media\com.whatsapp\WhatsApp\Media\WhatsApp Images\IMG-20190605-WA0019.jpg","IMG-20190605-WA0019.jpg","206653","4199968"
"C:\Users\flier\OneDrive\תמונות\Samsung Gallery\Android\media\com.whatsapp\WhatsApp\Media\WhatsApp Images\IMG-20190606-WA0001.jpg","IMG-20190606-WA0001.jpg","109514","4199968"
"C:\Users\flier\OneDrive\תמונות\Samsung Gallery\Android\media\com.whatsapp\WhatsApp\Media\WhatsApp Images\IMG-20190606-WA0003.jpg","IMG-20190606-WA0003.jpg","105300","4199968"
"C:\Users\flier\OneDrive\תמונות\Samsung Gallery\Android\media\com.whatsapp\WhatsApp\Media\WhatsApp Images\IMG-20190607-WA0000.jpg","IMG-20190607-WA0000.jpg","413533","4199968"
"C:\Users\flier\OneDrive\תמונות\Samsung Gallery\Android\media\com.whatsapp\WhatsApp\Media\WhatsApp Images\IMG-20190607-WA0001.jpg","IMG-20190607-WA0001.jpg","23628","4199968"
"C:\Users\flier\OneDrive\תמונות\Samsung Gallery\Android\media\com.whatsapp\WhatsApp\Media\WhatsApp Images\IMG-20190607-WA0004.jpg","IMG-20190607-WA0004.jpg","117560","4199968"
"C:\Users\flier\OneDrive\תמונות\Samsung Gallery\Android\media\com.whatsapp\WhatsApp\Media\WhatsApp Images\IMG-20190607-WA0005.jpg","IMG-20190607-WA0005.jpg","120944","4199968"
"C:\Users\flier\OneDrive\תמונות\Samsung Gallery\Android\media\com.whatsapp\WhatsApp\Media\WhatsApp Images\IMG-20190607-WA0006.jpg","IMG-20190607-WA0006.jpg","116979","4199968"
"C:\Users\flier\OneDrive\תמונות\Samsung Gallery\Android\media\com.whatsapp\WhatsApp\Media\WhatsApp Images\IMG-20190607-WA0007.jpg","IMG-20190607-WA0007.jpg","96075","4199968"
"C:\Users\flier\OneDrive\תמונות\Samsung Gallery\Android\media\com.whatsapp\WhatsApp\Media\WhatsApp Images\IMG-20190607-WA0008.jpg","IMG-20190607-WA0008.jpg","119762","4199968"
"C:\Users\flier\OneDrive\תמונות\Samsung Gallery\Android\media\com.whatsapp\WhatsApp\Media\WhatsApp Images\IMG-20190607-WA0009.jpg","IMG-20190607-WA0009.jpg","91011","4199968"
"C:\Users\flier\OneDrive\תמונות\Samsung Gallery\Android\media\com.whatsapp\WhatsApp\Media\WhatsApp Images\IMG-20190607-WA0010.jpg","IMG-20190607-WA0010.jpg","97028","4199968"
"C:\Users\flier\OneDrive\תמונות\Samsung Gallery\Android\media\com.whatsapp\WhatsApp\Media\WhatsApp Images\IMG-20190607-WA0011.jpg","IMG-20190607-WA0011.jpg","93343","4199968"
"C:\Users\flier\OneDrive\תמונות\Samsung Gallery\Android\media\com.whatsapp\WhatsApp\Media\WhatsApp Images\IMG-20190607-WA0016.jpg","IMG-20190607-WA0016.jpg","184015","4199968"
"C:\Users\flier\OneDrive\תמונות\Samsung Gallery\Android\media\com.whatsapp\WhatsApp\Media\WhatsApp Images\IMG-20190608-WA0001.jpg","IMG-20190608-WA0001.jpg","172402","4199968"
"C:\Users\flier\OneDrive\תמונות\Samsung Gallery\Android\media\com.whatsapp\WhatsApp\Media\WhatsApp Images\IMG-20190608-WA0002.jpg","IMG-20190608-WA0002.jpg","202183","4199968"
"C:\Users\flier\OneDrive\תמונות\Samsung Gallery\Android\media\com.whatsapp\WhatsApp\Media\WhatsApp Images\IMG-20190609-WA0000.jpg","IMG-20190609-WA0000.jpg","125576","4199968"
"C:\Users\flier\OneDrive\תמונות\Samsung Gallery\Android\media\com.whatsapp\WhatsApp\Media\WhatsApp Images\IMG-20190611-WA0001.jpg","IMG-20190611-WA0001.jpg","202711","4199968"
"C:\Users\flier\OneDrive\תמונות\Samsung Gallery\Android\media\com.whatsapp\WhatsApp\Media\WhatsApp Images\IMG-20190611-WA0002.jpg","IMG-20190611-WA0002.jpg","167260","4199968"
"C:\Users\flier\OneDrive\תמונות\Samsung Gallery\Android\media\com.whatsapp\WhatsApp\Media\WhatsApp Images\IMG-20190611-WA0003.jpg","IMG-20190611-WA0003.jpg","186561","4199968"
"C:\Users\flier\OneDrive\תמונות\Samsung Gallery\Android\media\com.whatsapp\WhatsApp\Media\WhatsApp Images\IMG-20190611-WA0004.jpg","IMG-20190611-WA0004.jpg","105899","4199968"
"C:\Users\flier\OneDrive\תמונות\Samsung Gallery\Android\media\com.whatsapp\WhatsApp\Media\WhatsApp Images\IMG-20190611-WA0005.jpg","IMG-20190611-WA0005.jpg","183219","4199968"
"C:\Users\flier\OneDrive\תמונות\Samsung Gallery\Android\media\com.whatsapp\WhatsApp\Media\WhatsApp Images\IMG-20190611-WA0006.jpg","IMG-20190611-WA0006.jpg","187596","4199968"
"C:\Users\flier\OneDrive\תמונות\Samsung Gallery\Android\media\com.whatsapp\WhatsApp\Media\WhatsApp Images\IMG-20190611-WA0007.jpg","IMG-20190611-WA0007.jpg","94349","4199968"
"C:\Users\flier\OneDrive\תמונות\Samsung Gallery\Android\media\com.whatsapp\WhatsApp\Media\WhatsApp Images\IMG-20190612-WA0000.jpg","IMG-20190612-WA0000.jpg","51568","4199968"
"C:\Users\flier\OneDrive\תמונות\Samsung Gallery\Android\media\com.whatsapp\WhatsApp\Media\WhatsApp Images\IMG-20190613-WA0001.jpg","IMG-20190613-WA0001.jpg","175133","4199968"
"C:\Users\flier\OneDrive\תמונות\Samsung Gallery\Android\media\com.whatsapp\WhatsApp\Media\WhatsApp Images\IMG-20190614-WA0000.jpg","IMG-20190614-WA0000.jpg","126111","4199968"
"C:\Users\flier\OneDrive\תמונות\Samsung Gallery\Android\media\com.whatsapp\WhatsApp\Media\WhatsApp Images\IMG-20190614-WA0001.jpg","IMG-20190614-WA0001.jpg","28522","4199968"
"C:\Users\flier\OneDrive\תמונות\Samsung Gallery\Android\media\com.whatsapp\WhatsApp\Media\WhatsApp Images\IMG-20190614-WA0002.jpg","IMG-20190614-WA0002.jpg","232743","4199968"
"C:\Users\flier\OneDrive\תמונות\Samsung Gallery\Android\media\com.whatsapp\WhatsApp\Media\WhatsApp Images\IMG-20190614-WA0003.jpg","IMG-20190614-WA0003.jpg","182434","4199968"
"C:\Users\flier\OneDrive\תמונות\Samsung Gallery\Android\media\com.whatsapp\WhatsApp\Media\WhatsApp Images\IMG-20190614-WA0004.jpg","IMG-20190614-WA0004.jpg","213312","4199968"
"C:\Users\flier\OneDrive\תמונות\Samsung Gallery\Android\media\com.whatsapp\WhatsApp\Media\WhatsApp Images\IMG-20190614-WA0006.jpg","IMG-20190614-WA0006.jpg","170164","4199968"
"C:\Users\flier\OneDrive\תמונות\Samsung Gallery\Android\media\com.whatsapp\WhatsApp\Media\WhatsApp Images\IMG-20190615-WA0000.jpg","IMG-20190615-WA0000.jpg","15881","4199968"
"C:\Users\flier\OneDrive\תמונות\Samsung Gallery\Android\media\com.whatsapp\WhatsApp\Media\WhatsApp Images\IMG-20190615-WA0001.jpg","IMG-20190615-WA0001.jpg","153718","4199968"
"C:\Users\flier\OneDrive\תמונות\Samsung Gallery\Android\media\com.whatsapp\WhatsApp\Media\WhatsApp Images\IMG-20190616-WA0000.jpg","IMG-20190616-WA0000.jpg","241394","4199968"
"C:\Users\flier\OneDrive\תמונות\Samsung Gallery\Android\media\com.whatsapp\WhatsApp\Media\WhatsApp Images\IMG-20190616-WA0001.jpg","IMG-20190616-WA0001.jpg","247865","4199968"
"C:\Users\flier\OneDrive\תמונות\Samsung Gallery\Android\media\com.whatsapp\WhatsApp\Media\WhatsApp Images\IMG-20190616-WA0002.jpg","IMG-20190616-WA0002.jpg","244942","4199968"
"C:\Users\flier\OneDrive\תמונות\Samsung Gallery\Android\media\com.whatsapp\WhatsApp\Media\WhatsApp Images\IMG-20190616-WA0003.jpg","IMG-20190616-WA0003.jpg","181293","4199968"
"C:\Users\flier\OneDrive\תמונות\Samsung Gallery\Android\media\com.whatsapp\WhatsApp\Media\WhatsApp Images\IMG-20190616-WA0004.jpg","IMG-20190616-WA0004.jpg","141896","4199968"
"C:\Users\flier\OneDrive\תמונות\Samsung Gallery\Android\media\com.whatsapp\WhatsApp\Media\WhatsApp Images\IMG-20190616-WA0005.jpg","IMG-20190616-WA0005.jpg","164718","4199968"
"C:\Users\flier\OneDrive\תמונות\Samsung Gallery\Android\media\com.whatsapp\WhatsApp\Media\WhatsApp Images\IMG-20190616-WA0006.jpg","IMG-20190616-WA0006.jpg","137949","4199968"
"C:\Users\flier\OneDrive\תמונות\Samsung Gallery\Android\media\com.whatsapp\WhatsApp\Media\WhatsApp Images\IMG-20190616-WA0007.jpg","IMG-20190616-WA0007.jpg","240398","4199968"
"C:\Users\flier\OneDrive\תמונות\Samsung Gallery\Android\media\com.whatsapp\WhatsApp\Media\WhatsApp Images\IMG-20190616-WA0008.jpg","IMG-20190616-WA0008.jpg","210468","4199968"
"C:\Users\flier\OneDrive\תמונות\Samsung Gallery\Android\media\com.whatsapp\WhatsApp\Media\WhatsApp Images\IMG-20190616-WA0009.jpg","IMG-20190616-WA0009.jpg","171737","4199968"
"C:\Users\flier\OneDrive\תמונות\Samsung Gallery\Android\media\com.whatsapp\WhatsApp\Media\WhatsApp Images\IMG-20190616-WA0010.jpg","IMG-20190616-WA0010.jpg","193103","4199968"
"C:\Users\flier\OneDrive\תמונות\Samsung Gallery\Android\media\com.whatsapp\WhatsApp\Media\WhatsApp Images\IMG-20190616-WA0011.jpg","IMG-20190616-WA0011.jpg","493009","4199968"
"C:\Users\flier\OneDrive\תמונות\Samsung Gallery\Android\media\com.whatsapp\WhatsApp\Media\WhatsApp Images\IMG-20190616-WA0012.jpg","IMG-20190616-WA0012.jpg","478654","4199968"
"C:\Users\flier\OneDrive\תמונות\Samsung Gallery\Android\media\com.whatsapp\WhatsApp\Media\WhatsApp Images\IMG-20190616-WA0013.jpg","IMG-20190616-WA0013.jpg","116274","4199968"
"C:\Users\flier\OneDrive\תמונות\Samsung Gallery\Android\media\com.whatsapp\WhatsApp\Media\WhatsApp Images\IMG-20190616-WA0014.jpg","IMG-20190616-WA0014.jpg","96371","4199968"
"C:\Users\flier\OneDrive\תמונות\Samsung Gallery\Android\media\com.whatsapp\WhatsApp\Media\WhatsApp Images\IMG-20190616-WA0015.jpg","IMG-20190616-WA0015.jpg","93161","4199968"
"C:\Users\flier\OneDrive\תמונות\Samsung Gallery\Android\media\com.whatsapp\WhatsApp\Media\WhatsApp Images\IMG-20190616-WA0016.jpg","IMG-20190616-WA0016.jpg","108110","4199968"
"C:\Users\flier\OneDrive\תמונות\Samsung Gallery\Android\media\com.whatsapp\WhatsApp\Media\WhatsApp Images\IMG-20190616-WA0017.jpg","IMG-20190616-WA0017.jpg","201802","4199968"
"C:\Users\flier\OneDrive\תמונות\Samsung Gallery\Android\media\com.whatsapp\WhatsApp\Media\WhatsApp Images\IMG-20190616-WA0018.jpg","IMG-20190616-WA0018.jpg","161988","4199968"
"C:\Users\flier\OneDrive\תמונות\Samsung Gallery\Android\media\com.whatsapp\WhatsApp\Media\WhatsApp Images\IMG-20190616-WA0019.jpg","IMG-20190616-WA0019.jpg","202407","4199968"
"C:\Users\flier\OneDrive\תמונות\Samsung Gallery\Android\media\com.whatsapp\WhatsApp\Media\WhatsApp Images\IMG-20190616-WA0020.jpg","IMG-20190616-WA0020.jpg","230968","4199968"
"C:\Users\flier\OneDrive\תמונות\Samsung Gallery\Android\media\com.whatsapp\WhatsApp\Media\WhatsApp Images\IMG-20190616-WA0021.jpg","IMG-20190616-WA0021.jpg","214854","4199968"
"C:\Users\flier\OneDrive\תמונות\Samsung Gallery\Android\media\com.whatsapp\WhatsApp\Media\WhatsApp Images\IMG-20190616-WA0022.jpg","IMG-20190616-WA0022.jpg","171352","4199968"
"C:\Users\flier\OneDrive\תמונות\Samsung Gallery\Android\media\com.whatsapp\WhatsApp\Media\WhatsApp Images\IMG-20190616-WA0023.jpg","IMG-20190616-WA0023.jpg","141765","4199968"
"C:\Users\flier\OneDrive\תמונות\Samsung Gallery\Android\media\com.whatsapp\WhatsApp\Media\WhatsApp Images\IMG-20190616-WA0024.jpg","IMG-20190616-WA0024.jpg","176361","4199968"
"C:\Users\flier\OneDrive\תמונות\Samsung Gallery\Android\media\com.whatsapp\WhatsApp\Media\WhatsApp Images\IMG-20190616-WA0025.jpg","IMG-20190616-WA0025.jpg","172076","4199968"
"C:\Users\flier\OneDrive\תמונות\Samsung Gallery\Android\media\com.whatsapp\WhatsApp\Media\WhatsApp Images\IMG-20190616-WA0026.jpg","IMG-20190616-WA0026.jpg","156775","4199968"
"C:\Users\flier\OneDrive\תמונות\Samsung Gallery\Android\media\com.whatsapp\WhatsApp\Media\WhatsApp Images\IMG-20190616-WA0027.jpg","IMG-20190616-WA0027.jpg","199231","4199968"
"C:\Users\flier\OneDrive\תמונות\Samsung Gallery\Android\media\com.whatsapp\WhatsApp\Media\WhatsApp Images\IMG-20190616-WA0028.jpg","IMG-20190616-WA0028.jpg","340441","4199968"
"C:\Users\flier\OneDrive\תמונות\Samsung Gallery\Android\media\com.whatsapp\WhatsApp\Media\WhatsApp Images\IMG-20190616-WA0029.jpg","IMG-20190616-WA0029.jpg","255511","4199968"
"C:\Users\flier\OneDrive\תמונות\Samsung Gallery\Android\media\com.whatsapp\WhatsApp\Media\WhatsApp Images\IMG-20190616-WA0030.jpg","IMG-20190616-WA0030.jpg","346638","4199968"
"C:\Users\flier\OneDrive\תמונות\Samsung Gallery\Android\media\com.whatsapp\WhatsApp\Media\WhatsApp Images\IMG-20190616-WA0031.jpg","IMG-20190616-WA0031.jpg","153163","4199968"
"C:\Users\flier\OneDrive\תמונות\Samsung Gallery\Android\media\com.whatsapp\WhatsApp\Media\WhatsApp Images\IMG-20190616-WA0032.jpg","IMG-20190616-WA0032.jpg","170990","4199968"
"C:\Users\flier\OneDrive\תמונות\Samsung Gallery\Android\media\com.whatsapp\WhatsApp\Media\WhatsApp Images\IMG-20190616-WA0033.jpg","IMG-20190616-WA0033.jpg","153669","4199968"
"C:\Users\flier\OneDrive\תמונות\Samsung Gallery\Android\media\com.whatsapp\WhatsApp\Media\WhatsApp Images\IMG-20190616-WA0034.jpg","IMG-20190616-WA0034.jpg","203208","4199968"
"C:\Users\flier\OneDrive\תמונות\Samsung Gallery\Android\media\com.whatsapp\WhatsApp\Media\WhatsApp Images\IMG-20190616-WA0035.jpg","IMG-20190616-WA0035.jpg","141390","4199968"
"C:\Users\flier\OneDrive\תמונות\Samsung Gallery\Android\media\com.whatsapp\WhatsApp\Media\WhatsApp Images\IMG-20190616-WA0036.jpg","IMG-20190616-WA0036.jpg","189494","4199968"
"C:\Users\flier\OneDrive\תמונות\Samsung Gallery\Android\media\com.whatsapp\WhatsApp\Media\WhatsApp Images\IMG-20190616-WA0037.jpg","IMG-20190616-WA0037.jpg","362654","4199968"
"C:\Users\flier\OneDrive\תמונות\Samsung Gallery\Android\media\com.whatsapp\WhatsApp\Media\WhatsApp Images\IMG-20190616-WA0038.jpg","IMG-20190616-WA0038.jpg","146593","4199968"
"C:\Users\flier\OneDrive\תמונות\Samsung Gallery\Android\media\com.whatsapp\WhatsApp\Media\WhatsApp Images\IMG-20190616-WA0039.jpg","IMG-20190616-WA0039.jpg","147205","4199968"
"C:\Users\flier\OneDrive\תמונות\Samsung Gallery\Android\media\com.whatsapp\WhatsApp\Media\WhatsApp Images\IMG-20190616-WA0040.jpg","IMG-20190616-WA0040.jpg","265001","4199968"
"C:\Users\flier\OneDrive\תמונות\Samsung Gallery\Android\media\com.whatsapp\WhatsApp\Media\WhatsApp Images\IMG-20190616-WA0041.jpg","IMG-20190616-WA0041.jpg","281954","4199968"
"C:\Users\flier\OneDrive\תמונות\Samsung Gallery\Android\media\com.whatsapp\WhatsApp\Media\WhatsApp Images\IMG-20190616-WA0042.jpg","IMG-20190616-WA0042.jpg","176547","4199968"
"C:\Users\flier\OneDrive\תמונות\Samsung Gallery\Android\media\com.whatsapp\WhatsApp\Media\WhatsApp Images\IMG-20190616-WA0043.jpg","IMG-20190616-WA0043.jpg","214055","4199968"
"C:\Users\flier\OneDrive\תמונות\Samsung Gallery\Android\media\com.whatsapp\WhatsApp\Media\WhatsApp Images\IMG-20190616-WA0044.jpg","IMG-20190616-WA0044.jpg","414777","4199968"
"C:\Users\flier\OneDrive\תמונות\Samsung Gallery\Android\media\com.whatsapp\WhatsApp\Media\WhatsApp Images\IMG-20190616-WA0045.jpg","IMG-20190616-WA0045.jpg","378212","4199968"
"C:\Users\flier\OneDrive\תמונות\Samsung Gallery\Android\media\com.whatsapp\WhatsApp\Media\WhatsApp Images\IMG-20190616-WA0046.jpg","IMG-20190616-WA0046.jpg","227232","4199968"
"C:\Users\flier\OneDrive\תמונות\Samsung Gallery\Android\media\com.whatsapp\WhatsApp\Media\WhatsApp Images\IMG-20190616-WA0047.jpg","IMG-20190616-WA0047.jpg","229640","4199968"
"C:\Users\flier\OneDrive\תמונות\Samsung Gallery\Android\media\com.whatsapp\WhatsApp\Media\WhatsApp Images\IMG-20190616-WA0048.jpg","IMG-20190616-WA0048.jpg","211119","4199968"
"C:\Users\flier\OneDrive\תמונות\Samsung Gallery\Android\media\com.whatsapp\WhatsApp\Media\WhatsApp Images\IMG-20190616-WA0049.jpg","IMG-20190616-WA0049.jpg","306121","4199968"
"C:\Users\flier\OneDrive\תמונות\Samsung Gallery\Android\media\com.whatsapp\WhatsApp\Media\WhatsApp Images\IMG-20190616-WA0050.jpg","IMG-20190616-WA0050.jpg","261171","4199968"
"C:\Users\flier\OneDrive\תמונות\Samsung Gallery\Android\media\com.whatsapp\WhatsApp\Media\WhatsApp Images\IMG-20190616-WA0051.jpg","IMG-20190616-WA0051.jpg","266917","4199968"
"C:\Users\flier\OneDrive\תמונות\Samsung Gallery\Android\media\com.whatsapp\WhatsApp\Media\WhatsApp Images\IMG-20190616-WA0052.jpg","IMG-20190616-WA0052.jpg","184702","4199968"
"C:\Users\flier\OneDrive\תמונות\Samsung Gallery\Android\media\com.whatsapp\WhatsApp\Media\WhatsApp Images\IMG-20190616-WA0053.jpg","IMG-20190616-WA0053.jpg","234021","4199968"
"C:\Users\flier\OneDrive\תמונות\Samsung Gallery\Android\media\com.whatsapp\WhatsApp\Media\WhatsApp Images\IMG-20190616-WA0059.jpg","IMG-20190616-WA0059.jpg","124227","4199968"
"C:\Users\flier\OneDrive\תמונות\Samsung Gallery\Android\media\com.whatsapp\WhatsApp\Media\WhatsApp Images\IMG-20190616-WA0060.jpg","IMG-20190616-WA0060.jpg","249118","4199968"
"C:\Users\flier\OneDrive\תמונות\Samsung Gallery\Android\media\com.whatsapp\WhatsApp\Media\WhatsApp Images\IMG-20190617-WA0002.jpg","IMG-20190617-WA0002.jpg","62656","4199968"
"C:\Users\flier\OneDrive\תמונות\Samsung Gallery\Android\media\com.whatsapp\WhatsApp\Media\WhatsApp Images\IMG-20190617-WA0003.jpg","IMG-20190617-WA0003.jpg","75983","4199968"
"C:\Users\flier\OneDrive\תמונות\Samsung Gallery\Android\media\com.whatsapp\WhatsApp\Media\WhatsApp Images\IMG-20190618-WA0004.jpg","IMG-20190618-WA0004.jpg","66638","4199968"
"C:\Users\flier\OneDrive\תמונות\Samsung Gallery\Android\media\com.whatsapp\WhatsApp\Media\WhatsApp Images\IMG-20190618-WA0007.jpg","IMG-20190618-WA0007.jpg","117258","4199968"
"C:\Users\flier\OneDrive\תמונות\Samsung Gallery\Android\media\com.whatsapp\WhatsApp\Media\WhatsApp Images\IMG-20190618-WA0008.jpg","IMG-20190618-WA0008.jpg","68142","4199968"
"C:\Users\flier\OneDrive\תמונות\Samsung Gallery\Android\media\com.whatsapp\WhatsApp\Media\WhatsApp Images\IMG-20190620-WA0000.jpg","IMG-20190620-WA0000.jpg","218906","4199968"
"C:\Users\flier\OneDrive\תמונות\Samsung Gallery\Android\media\com.whatsapp\WhatsApp\Media\WhatsApp Images\IMG-20190621-WA0000.jpg","IMG-20190621-WA0000.jpg","518265","4199968"
"C:\Users\flier\OneDrive\תמונות\Samsung Gallery\Android\media\com.whatsapp\WhatsApp\Media\WhatsApp Images\IMG-20190621-WA0001.jpg","IMG-20190621-WA0001.jpg","157168","4199968"
"C:\Users\flier\OneDrive\תמונות\Samsung Gallery\Android\media\com.whatsapp\WhatsApp\Media\WhatsApp Images\IMG-20190621-WA0003.jpg","IMG-20190621-WA0003.jpg","157466","4199968"
"C:\Users\flier\OneDrive\תמונות\Samsung Gallery\Android\media\com.whatsapp\WhatsApp\Media\WhatsApp Images\IMG-20190621-WA0004.jpg","IMG-20190621-WA0004.jpg","301032","4199968"
"C:\Users\flier\OneDrive\תמונות\Samsung Gallery\Android\media\com.whatsapp\WhatsApp\Media\WhatsApp Images\IMG-20190621-WA0005.jpg","IMG-20190621-WA0005.jpg","184593","4199968"
"C:\Users\flier\OneDrive\תמונות\Samsung Gallery\Android\media\com.whatsapp\WhatsApp\Media\WhatsApp Images\IMG-20190621-WA0006.jpg","IMG-20190621-WA0006.jpg","148719","4199968"
"C:\Users\flier\OneDrive\תמונות\Samsung Gallery\Android\media\com.whatsapp\WhatsApp\Media\WhatsApp Images\IMG-20190621-WA0007.jpg","IMG-20190621-WA0007.jpg","124318","4199968"
"C:\Users\flier\OneDrive\תמונות\Samsung Gallery\Android\media\com.whatsapp\WhatsApp\Media\WhatsApp Images\IMG-20190621-WA0008.jpg","IMG-20190621-WA0008.jpg","119942","4199968"
"C:\Users\flier\OneDrive\תמונות\Samsung Gallery\Android\media\com.whatsapp\WhatsApp\Media\WhatsApp Images\IMG-20190621-WA0009.jpg","IMG-20190621-WA0009.jpg","123627","4199968"
"C:\Users\flier\OneDrive\תמונות\Samsung Gallery\Android\media\com.whatsapp\WhatsApp\Media\WhatsApp Images\IMG-20190621-WA0010.jpg","IMG-20190621-WA0010.jpg","136946","4199968"
"C:\Users\flier\OneDrive\תמונות\Samsung Gallery\Android\media\com.whatsapp\WhatsApp\Media\WhatsApp Images\IMG-20190621-WA0011.jpg","IMG-20190621-WA0011.jpg","151113","4199968"
"C:\Users\flier\OneDrive\תמונות\Samsung Gallery\Android\media\com.whatsapp\WhatsApp\Media\WhatsApp Images\IMG-20190621-WA0012.jpg","IMG-20190621-WA0012.jpg","132960","4199968"
"C:\Users\flier\OneDrive\תמונות\Samsung Gallery\Android\media\com.whatsapp\WhatsApp\Media\WhatsApp Images\IMG-20190621-WA0013.jpg","IMG-20190621-WA0013.jpg","195339","4199968"
"C:\Users\flier\OneDrive\תמונות\Samsung Gallery\Android\media\com.whatsapp\WhatsApp\Media\WhatsApp Images\IMG-20190621-WA0014.jpg","IMG-20190621-WA0014.jpg","201534","4199968"
"C:\Users\flier\OneDrive\תמונות\Samsung Gallery\Android\media\com.whatsapp\WhatsApp\Media\WhatsApp Images\IMG-20190621-WA0015.jpg","IMG-20190621-WA0015.jpg","132774","4199968"
"C:\Users\flier\OneDrive\תמונות\Samsung Gallery\Android\media\com.whatsapp\WhatsApp\Media\WhatsApp Images\IMG-20190621-WA0016.jpg","IMG-20190621-WA0016.jpg","230855","4199968"
"C:\Users\flier\OneDrive\תמונות\Samsung Gallery\Android\media\com.whatsapp\WhatsApp\Media\WhatsApp Images\IMG-20190621-WA0017.jpg","IMG-20190621-WA0017.jpg","304965","4199968"
"C:\Users\flier\OneDrive\תמונות\Samsung Gallery\Android\media\com.whatsapp\WhatsApp\Media\WhatsApp Images\IMG-20190621-WA0018.jpg","IMG-20190621-WA0018.jpg","382997","4199968"
"C:\Users\flier\OneDrive\תמונות\Samsung Gallery\Android\media\com.whatsapp\WhatsApp\Media\WhatsApp Images\IMG-20190621-WA0020.jpg","IMG-20190621-WA0020.jpg","372656","4199968"
"C:\Users\flier\OneDrive\תמונות\Samsung Gallery\Android\media\com.whatsapp\WhatsApp\Media\WhatsApp Images\IMG-20190621-WA0021.jpg","IMG-20190621-WA0021.jpg","376102","4199968"
"C:\Users\flier\OneDrive\תמונות\Samsung Gallery\Android\media\com.whatsapp\WhatsApp\Media\WhatsApp Images\IMG-20190621-WA0022.jpg","IMG-20190621-WA0022.jpg","270728","4199968"
"C:\Users\flier\OneDrive\תמונות\Samsung Gallery\Android\media\com.whatsapp\WhatsApp\Media\WhatsApp Images\IMG-20190621-WA0023.jpg","IMG-20190621-WA0023.jpg","275573","4199968"
"C:\Users\flier\OneDrive\תמונות\Samsung Gallery\Android\media\com.whatsapp\WhatsApp\Media\WhatsApp Images\IMG-20190621-WA0024.jpg","IMG-20190621-WA0024.jpg","281738","4199968"
"C:\Users\flier\OneDrive\תמונות\Samsung Gallery\Android\media\com.whatsapp\WhatsApp\Media\WhatsApp Images\IMG-20190621-WA0025.jpg","IMG-20190621-WA0025.jpg","272958","4199968"
"C:\Users\flier\OneDrive\תמונות\Samsung Gallery\Android\media\com.whatsapp\WhatsApp\Media\WhatsApp Images\IMG-20190621-WA0026.jpg","IMG-20190621-WA0026.jpg","245531","4199968"
"C:\Users\flier\OneDrive\תמונות\Samsung Gallery\Android\media\com.whatsapp\WhatsApp\Media\WhatsApp Images\IMG-20190621-WA0027.jpg","IMG-20190621-WA0027.jpg","224237","4199968"
"C:\Users\flier\OneDrive\תמונות\Samsung Gallery\Android\media\com.whatsapp\WhatsApp\Media\WhatsApp Images\IMG-20190622-WA0001.jpg","IMG-20190622-WA0001.jpg","124728","4199968"
"C:\Users\flier\OneDrive\תמונות\Samsung Gallery\Android\media\com.whatsapp\WhatsApp\Media\WhatsApp Images\IMG-20190622-WA0003.jpg","IMG-20190622-WA0003.jpg","320229","4199968"
"C:\Users\flier\OneDrive\תמונות\Samsung Gallery\Android\media\com.whatsapp\WhatsApp\Media\WhatsApp Images\IMG-20190622-WA0004.jpg","IMG-20190622-WA0004.jpg","233823","4199968"
"C:\Users\flier\OneDrive\תמונות\Samsung Gallery\Android\media\com.whatsapp\WhatsApp\Media\WhatsApp Images\IMG-20190622-WA0005.jpg","IMG-20190622-WA0005.jpg","151577","4199968"
"C:\Users\flier\OneDrive\תמונות\Samsung Gallery\Android\media\com.whatsapp\WhatsApp\Media\WhatsApp Images\IMG-20190625-WA0000.jpg","IMG-20190625-WA0000.jpg","58988","4199968"
"C:\Users\flier\OneDrive\תמונות\Samsung Gallery\Android\media\com.whatsapp\WhatsApp\Media\WhatsApp Images\IMG-20190625-WA0001.jpg","IMG-20190625-WA0001.jpg","84067","4199968"
"C:\Users\flier\OneDrive\תמונות\Samsung Gallery\Android\media\com.whatsapp\WhatsApp\Media\WhatsApp Images\IMG-20190625-WA0002.jpg","IMG-20190625-WA0002.jpg","96588","4199968"
"C:\Users\flier\OneDrive\תמונות\Samsung Gallery\Android\media\com.whatsapp\WhatsApp\Media\WhatsApp Images\IMG-20190625-WA0003.jpg","IMG-20190625-WA0003.jpg","87735","4199968"
"C:\Users\flier\OneDrive\תמונות\Samsung Gallery\Android\media\com.whatsapp\WhatsApp\Media\WhatsApp Images\IMG-20190625-WA0004.jpg","IMG-20190625-WA0004.jpg","90565","4199968"
"C:\Users\flier\OneDrive\תמונות\Samsung Gallery\Android\media\com.whatsapp\WhatsApp\Media\WhatsApp Images\IMG-20190625-WA0005.jpg","IMG-20190625-WA0005.jpg","103609","4199968"
"C:\Users\flier\OneDrive\תמונות\Samsung Gallery\Android\media\com.whatsapp\WhatsApp\Media\WhatsApp Images\IMG-20190625-WA0006.jpg","IMG-20190625-WA0006.jpg","95132","4199968"
"C:\Users\flier\OneDrive\תמונות\Samsung Gallery\Android\media\com.whatsapp\WhatsApp\Media\WhatsApp Images\IMG-20190625-WA0007.jpg","IMG-20190625-WA0007.jpg","61870","4199968"
"C:\Users\flier\OneDrive\תמונות\Samsung Gallery\Android\media\com.whatsapp\WhatsApp\Media\WhatsApp Images\IMG-20190626-WA0000.jpg","IMG-20190626-WA0000.jpg","176656","4199968"
"C:\Users\flier\OneDrive\תמונות\Samsung Gallery\Android\media\com.whatsapp\WhatsApp\Media\WhatsApp Images\IMG-20190626-WA0001.jpg","IMG-20190626-WA0001.jpg","196558","4199968"
"C:\Users\flier\OneDrive\תמונות\Samsung Gallery\Android\media\com.whatsapp\WhatsApp\Media\WhatsApp Images\IMG-20190626-WA0002.jpg","IMG-20190626-WA0002.jpg","240333","4199968"
"C:\Users\flier\OneDrive\תמונות\Samsung Gallery\Android\media\com.whatsapp\WhatsApp\Media\WhatsApp Images\IMG-20190626-WA0003.jpg","IMG-20190626-WA0003.jpg","187503","4199968"
"C:\Users\flier\OneDrive\תמונות\Samsung Gallery\Android\media\com.whatsapp\WhatsApp\Media\WhatsApp Images\IMG-20190626-WA0004.jpg","IMG-20190626-WA0004.jpg","156008","4199968"
"C:\Users\flier\OneDrive\תמונות\Samsung Gallery\Android\media\com.whatsapp\WhatsApp\Media\WhatsApp Images\IMG-20190627-WA0003.jpg","IMG-20190627-WA0003.jpg","157030","4199968"
"C:\Users\flier\OneDrive\תמונות\Samsung Gallery\Android\media\com.whatsapp\WhatsApp\Media\WhatsApp Images\IMG-20190627-WA0004.jpg","IMG-20190627-WA0004.jpg","80104","4199968"
"C:\Users\flier\OneDrive\תמונות\Samsung Gallery\Android\media\com.whatsapp\WhatsApp\Media\WhatsApp Images\IMG-20190627-WA0005.jpg","IMG-20190627-WA0005.jpg","90525","4199968"
"C:\Users\flier\OneDrive\תמונות\Samsung Gallery\Android\media\com.whatsapp\WhatsApp\Media\WhatsApp Images\IMG-20190627-WA0006.jpg","IMG-20190627-WA0006.jpg","166551","4199968"
"C:\Users\flier\OneDrive\תמונות\Samsung Gallery\Android\media\com.whatsapp\WhatsApp\Media\WhatsApp Images\IMG-20190627-WA0007.jpg","IMG-20190627-WA0007.jpg","129145","4199968"
"C:\Users\flier\OneDrive\תמונות\Samsung Gallery\Android\media\com.whatsapp\WhatsApp\Media\WhatsApp Images\IMG-20190627-WA0008.jpg","IMG-20190627-WA0008.jpg","78546","4199968"
"C:\Users\flier\OneDrive\תמונות\Samsung Gallery\Android\media\com.whatsapp\WhatsApp\Media\WhatsApp Images\IMG-20190627-WA0009.jpg","IMG-20190627-WA0009.jpg","86225","4199968"
"C:\Users\flier\OneDrive\תמונות\Samsung Gallery\Android\media\com.whatsapp\WhatsApp\Media\WhatsApp Images\IMG-20190627-WA0010.jpg","IMG-20190627-WA0010.jpg","155538","4199968"
"C:\Users\flier\OneDrive\תמונות\Samsung Gallery\Android\media\com.whatsapp\WhatsApp\Media\WhatsApp Images\IMG-20190627-WA0011.jpg","IMG-20190627-WA0011.jpg","125998","4199968"
"C:\Users\flier\OneDrive\תמונות\Samsung Gallery\Android\media\com.whatsapp\WhatsApp\Media\WhatsApp Images\IMG-20190627-WA0012.jpg","IMG-20190627-WA0012.jpg","81465","4199968"
"C:\Users\flier\OneDrive\תמונות\Samsung Gallery\Android\media\com.whatsapp\WhatsApp\Media\WhatsApp Images\IMG-20190627-WA0013.jpg","IMG-20190627-WA0013.jpg","117103","4199968"
"C:\Users\flier\OneDrive\תמונות\Samsung Gallery\Android\media\com.whatsapp\WhatsApp\Media\WhatsApp Images\IMG-20190627-WA0014.jpg","IMG-20190627-WA0014.jpg","158908","4199968"
"C:\Users\flier\OneDrive\תמונות\Samsung Gallery\Android\media\com.whatsapp\WhatsApp\Media\WhatsApp Images\IMG-20190627-WA0015.jpg","IMG-20190627-WA0015.jpg","178675","4199968"
"C:\Users\flier\OneDrive\תמונות\Samsung Gallery\Android\media\com.whatsapp\WhatsApp\Media\WhatsApp Images\IMG-20190627-WA0016.jpg","IMG-20190627-WA0016.jpg","195338","4199968"
"C:\Users\flier\OneDrive\תמונות\Samsung Gallery\Android\media\com.whatsapp\WhatsApp\Media\WhatsApp Images\IMG-20190627-WA0017.jpg","IMG-20190627-WA0017.jpg","122803","4199968"
"C:\Users\flier\OneDrive\תמונות\Samsung Gallery\Android\media\com.whatsapp\WhatsApp\Media\WhatsApp Images\IMG-20190627-WA0018.jpg","IMG-20190627-WA0018.jpg","108079","4199968"
"C:\Users\flier\OneDrive\תמונות\Samsung Gallery\Android\media\com.whatsapp\WhatsApp\Media\WhatsApp Images\IMG-20190627-WA0019.jpg","IMG-20190627-WA0019.jpg","182097","4199968"
"C:\Users\flier\OneDrive\תמונות\Samsung Gallery\Android\media\com.whatsapp\WhatsApp\Media\WhatsApp Images\IMG-20190627-WA0020.jpg","IMG-20190627-WA0020.jpg","83343","4199968"
"C:\Users\flier\OneDrive\תמונות\Samsung Gallery\Android\media\com.whatsapp\WhatsApp\Media\WhatsApp Images\IMG-20190627-WA0021.jpg","IMG-20190627-WA0021.jpg","185032","4199968"
"C:\Users\flier\OneDrive\תמונות\Samsung Gallery\Android\media\com.whatsapp\WhatsApp\Media\WhatsApp Images\IMG-20190627-WA0022.jpg","IMG-20190627-WA0022.jpg","172132","4199968"
"C:\Users\flier\OneDrive\תמונות\Samsung Gallery\Android\media\com.whatsapp\WhatsApp\Media\WhatsApp Images\IMG-20190627-WA0023.jpg","IMG-20190627-WA0023.jpg","155154","4199968"
"C:\Users\flier\OneDrive\תמונות\Samsung Gallery\Android\media\com.whatsapp\WhatsApp\Media\WhatsApp Images\IMG-20190627-WA0024.jpg","IMG-20190627-WA0024.jpg","119898","4199968"
"C:\Users\flier\OneDrive\תמונות\Samsung Gallery\Android\media\com.whatsapp\WhatsApp\Media\WhatsApp Images\IMG-20190627-WA0025.jpg","IMG-20190627-WA0025.jpg","204860","4199968"
"C:\Users\flier\OneDrive\תמונות\Samsung Gallery\Android\media\com.whatsapp\WhatsApp\Media\WhatsApp Images\IMG-20190627-WA0026.jpg","IMG-20190627-WA0026.jpg","196406","4199968"
"C:\Users\flier\OneDrive\תמונות\Samsung Gallery\Android\media\com.whatsapp\WhatsApp\Media\WhatsApp Images\IMG-20190627-WA0027.jpg","IMG-20190627-WA0027.jpg","149645","4199968"
"C:\Users\flier\OneDrive\תמונות\Samsung Gallery\Android\media\com.whatsapp\WhatsApp\Media\WhatsApp Images\IMG-20190627-WA0028.jpg","IMG-20190627-WA0028.jpg","176715","4199968"
"C:\Users\flier\OneDrive\תמונות\Samsung Gallery\Android\media\com.whatsapp\WhatsApp\Media\WhatsApp Images\IMG-20190627-WA0029.jpg","IMG-20190627-WA0029.jpg","248724","4199968"
"C:\Users\flier\OneDrive\תמונות\Samsung Gallery\Android\media\com.whatsapp\WhatsApp\Media\WhatsApp Images\IMG-20190627-WA0030.jpg","IMG-20190627-WA0030.jpg","193589","4199968"
"C:\Users\flier\OneDrive\תמונות\Samsung Gallery\Android\media\com.whatsapp\WhatsApp\Media\WhatsApp Images\IMG-20190627-WA0031.jpg","IMG-20190627-WA0031.jpg","125206","4199968"
"C:\Users\flier\OneDrive\תמונות\Samsung Gallery\Android\media\com.whatsapp\WhatsApp\Media\WhatsApp Images\IMG-20190627-WA0032.jpg","IMG-20190627-WA0032.jpg","107604","4199968"
"C:\Users\flier\OneDrive\תמונות\Samsung Gallery\Android\media\com.whatsapp\WhatsApp\Media\WhatsApp Images\IMG-20190628-WA0000.jpg","IMG-20190628-WA0000.jpg","81621","4199968"
"C:\Users\flier\OneDrive\תמונות\Samsung Gallery\Android\media\com.whatsapp\WhatsApp\Media\WhatsApp Images\IMG-20190628-WA0001.jpg","IMG-20190628-WA0001.jpg","94574","4199968"
"C:\Users\flier\OneDrive\תמונות\Samsung Gallery\Android\media\com.whatsapp\WhatsApp\Media\WhatsApp Images\IMG-20190628-WA0002.jpg","IMG-20190628-WA0002.jpg","71757","4199968"
"C:\Users\flier\OneDrive\תמונות\Samsung Gallery\Android\media\com.whatsapp\WhatsApp\Media\WhatsApp Images\IMG-20190628-WA0003.jpg","IMG-20190628-WA0003.jpg","97527","4199968"
"C:\Users\flier\OneDrive\תמונות\Samsung Gallery\Android\media\com.whatsapp\WhatsApp\Media\WhatsApp Images\IMG-20190628-WA0004.jpg","IMG-20190628-WA0004.jpg","89439","4199968"
"C:\Users\flier\OneDrive\תמונות\Samsung Gallery\Android\media\com.whatsapp\WhatsApp\Media\WhatsApp Images\IMG-20190628-WA0005.jpg","IMG-20190628-WA0005.jpg","84073","4199968"
"C:\Users\flier\OneDrive\תמונות\Samsung Gallery\Android\media\com.whatsapp\WhatsApp\Media\WhatsApp Images\IMG-20190628-WA0006.jpg","IMG-20190628-WA0006.jpg","110282","4199968"
"C:\Users\flier\OneDrive\תמונות\Samsung Gallery\Android\media\com.whatsapp\WhatsApp\Media\WhatsApp Images\IMG-20190628-WA0007.jpg","IMG-20190628-WA0007.jpg","199805","4199968"
"C:\Users\flier\OneDrive\תמונות\Samsung Gallery\Android\media\com.whatsapp\WhatsApp\Media\WhatsApp Images\IMG-20190630-WA0002.jpg","IMG-20190630-WA0002.jpg","175133","4199968"
"C:\Users\flier\OneDrive\תמונות\Samsung Gallery\Android\media\com.whatsapp\WhatsApp\Media\WhatsApp Images\IMG-20190702-WA0000.jpg","IMG-20190702-WA0000.jpg","55047","4199968"
"C:\Users\flier\OneDrive\תמונות\Samsung Gallery\Android\media\com.whatsapp\WhatsApp\Media\WhatsApp Images\IMG-20190702-WA0002.jpg","IMG-20190702-WA0002.jpg","74153","4199968"
"C:\Users\flier\OneDrive\תמונות\Samsung Gallery\Android\media\com.whatsapp\WhatsApp\Media\WhatsApp Images\IMG-20190703-WA0000.jpg","IMG-20190703-WA0000.jpg","148271","4199968"
"C:\Users\flier\OneDrive\תמונות\Samsung Gallery\Android\media\com.whatsapp\WhatsApp\Media\WhatsApp Images\IMG-20190703-WA0001.jpg","IMG-20190703-WA0001.jpg","129688","4199968"
"C:\Users\flier\OneDrive\תמונות\Samsung Gallery\Android\media\com.whatsapp\WhatsApp\Media\WhatsApp Images\IMG-20190703-WA0005.jpg","IMG-20190703-WA0005.jpg","63352","4199968"
"C:\Users\flier\OneDrive\תמונות\Samsung Gallery\Android\media\com.whatsapp\WhatsApp\Media\WhatsApp Images\IMG-20190704-WA0000.jpg","IMG-20190704-WA0000.jpg","81632","4199968"
"C:\Users\flier\OneDrive\תמונות\Samsung Gallery\Android\media\com.whatsapp\WhatsApp\Media\WhatsApp Images\IMG-20190704-WA0002.jpg","IMG-20190704-WA0002.jpg","173387","4199968"
"C:\Users\flier\OneDrive\תמונות\Samsung Gallery\Android\media\com.whatsapp\WhatsApp\Media\WhatsApp Images\IMG-20190704-WA0003.jpg","IMG-20190704-WA0003.jpg","100750","4199968"
"C:\Users\flier\OneDrive\תמונות\Samsung Gallery\Android\media\com.whatsapp\WhatsApp\Media\WhatsApp Images\IMG-20190704-WA0004.jpg","IMG-20190704-WA0004.jpg","111386","4199968"
"C:\Users\flier\OneDrive\תמונות\Samsung Gallery\Android\media\com.whatsapp\WhatsApp\Media\WhatsApp Images\IMG-20190704-WA0005.jpg","IMG-20190704-WA0005.jpg","121113","4199968"
"C:\Users\flier\OneDrive\תמונות\Samsung Gallery\Android\media\com.whatsapp\WhatsApp\Media\WhatsApp Images\IMG-20190704-WA0006.jpg","IMG-20190704-WA0006.jpg","90465","4199968"
"C:\Users\flier\OneDrive\תמונות\Samsung Gallery\Android\media\com.whatsapp\WhatsApp\Media\WhatsApp Images\IMG-20190704-WA0007.jpg","IMG-20190704-WA0007.jpg","158301","4199968"
"C:\Users\flier\OneDrive\תמונות\Samsung Gallery\Android\media\com.whatsapp\WhatsApp\Media\WhatsApp Images\IMG-20190704-WA0008.jpg","IMG-20190704-WA0008.jpg","219745","4199968"
"C:\Users\flier\OneDrive\תמונות\Samsung Gallery\Android\media\com.whatsapp\WhatsApp\Media\WhatsApp Images\IMG-20190704-WA0009.jpg","IMG-20190704-WA0009.jpg","176632","4199968"
"C:\Users\flier\OneDrive\תמונות\Samsung Gallery\Android\media\com.whatsapp\WhatsApp\Media\WhatsApp Images\IMG-20190704-WA0010.jpg","IMG-20190704-WA0010.jpg","169876","4199968"
"C:\Users\flier\OneDrive\תמונות\Samsung Gallery\Android\media\com.whatsapp\WhatsApp\Media\WhatsApp Images\IMG-20190704-WA0011.jpg","IMG-20190704-WA0011.jpg","98870","4199968"
"C:\Users\flier\OneDrive\תמונות\Samsung Gallery\Android\media\com.whatsapp\WhatsApp\Media\WhatsApp Images\IMG-20190704-WA0012.jpg","IMG-20190704-WA0012.jpg","125356","4199968"
"C:\Users\flier\OneDrive\תמונות\Samsung Gallery\Android\media\com.whatsapp\WhatsApp\Media\WhatsApp Images\IMG-20190704-WA0013.jpg","IMG-20190704-WA0013.jpg","144870","4199968"
"C:\Users\flier\OneDrive\תמונות\Samsung Gallery\Android\media\com.whatsapp\WhatsApp\Media\WhatsApp Images\IMG-20190704-WA0014.jpg","IMG-20190704-WA0014.jpg","140785","4199968"
"C:\Users\flier\OneDrive\תמונות\Samsung Gallery\Android\media\com.whatsapp\WhatsApp\Media\WhatsApp Images\IMG-20190704-WA0015.jpg","IMG-20190704-WA0015.jpg","192739","4199968"
"C:\Users\flier\OneDrive\תמונות\Samsung Gallery\Android\media\com.whatsapp\WhatsApp\Media\WhatsApp Images\IMG-20190704-WA0017.jpg","IMG-20190704-WA0017.jpg","40553","4199968"
"C:\Users\flier\OneDrive\תמונות\Samsung Gallery\Android\media\com.whatsapp\WhatsApp\Media\WhatsApp Images\IMG-20190704-WA0018.jpg","IMG-20190704-WA0018.jpg","147439","4199968"
"C:\Users\flier\OneDrive\תמונות\Samsung Gallery\Android\media\com.whatsapp\WhatsApp\Media\WhatsApp Images\IMG-20190705-WA0000.jpg","IMG-20190705-WA0000.jpg","524741","4199968"
"C:\Users\flier\OneDrive\תמונות\Samsung Gallery\Android\media\com.whatsapp\WhatsApp\Media\WhatsApp Images\IMG-20190705-WA0001.jpg","IMG-20190705-WA0001.jpg","147224","4199968"
"C:\Users\flier\OneDrive\תמונות\Samsung Gallery\Android\media\com.whatsapp\WhatsApp\Media\WhatsApp Images\IMG-20190705-WA0002.jpg","IMG-20190705-WA0002.jpg","77944","4199968"
"C:\Users\flier\OneDrive\תמונות\Samsung Gallery\Android\media\com.whatsapp\WhatsApp\Media\WhatsApp Images\IMG-20190705-WA0003.jpg","IMG-20190705-WA0003.jpg","116367","4199968"
"C:\Users\flier\OneDrive\תמונות\Samsung Gallery\Android\media\com.whatsapp\WhatsApp\Media\WhatsApp Images\IMG-20190705-WA0006.jpg","IMG-20190705-WA0006.jpg","146849","4199968"
"C:\Users\flier\OneDrive\תמונות\Samsung Gallery\Android\media\com.whatsapp\WhatsApp\Media\WhatsApp Images\IMG-20190705-WA0007.jpg","IMG-20190705-WA0007.jpg","24586","4199968"
"C:\Users\flier\OneDrive\תמונות\Samsung Gallery\Android\media\com.whatsapp\WhatsApp\Media\WhatsApp Images\IMG-20190705-WA0008.jpg","IMG-20190705-WA0008.jpg","176837","4199968"
"C:\Users\flier\OneDrive\תמונות\Samsung Gallery\Android\media\com.whatsapp\WhatsApp\Media\WhatsApp Images\IMG-20190705-WA0009.jpg","IMG-20190705-WA0009.jpg","197296","4199968"
"C:\Users\flier\OneDrive\תמונות\Samsung Gallery\Android\media\com.whatsapp\WhatsApp\Media\WhatsApp Images\IMG-20190706-WA0000.jpg","IMG-20190706-WA0000.jpg","27987","4199968"
"C:\Users\flier\OneDrive\תמונות\Samsung Gallery\Android\media\com.whatsapp\WhatsApp\Media\WhatsApp Images\IMG-20190707-WA0001.jpg","IMG-20190707-WA0001.jpg","40659","4199968"
"C:\Users\flier\OneDrive\תמונות\Samsung Gallery\Android\media\com.whatsapp\WhatsApp\Media\WhatsApp Images\IMG-20190707-WA0002.jpg","IMG-20190707-WA0002.jpg","48290","4199968"
"C:\Users\flier\OneDrive\תמונות\Samsung Gallery\Android\media\com.whatsapp\WhatsApp\Media\WhatsApp Images\IMG-20190707-WA0004.jpg","IMG-20190707-WA0004.jpg","90884","4199968"
"C:\Users\flier\OneDrive\תמונות\Samsung Gallery\Android\media\com.whatsapp\WhatsApp\Media\WhatsApp Images\IMG-20190709-WA0012.jpg","IMG-20190709-WA0012.jpg","114768","4199968"
"C:\Users\flier\OneDrive\תמונות\Samsung Gallery\Android\media\com.whatsapp\WhatsApp\Media\WhatsApp Images\IMG-20190710-WA0006.jpg","IMG-20190710-WA0006.jpg","130366","4199968"
"C:\Users\flier\OneDrive\תמונות\Samsung Gallery\Android\media\com.whatsapp\WhatsApp\Media\WhatsApp Images\IMG-20190710-WA0007.jpg","IMG-20190710-WA0007.jpg","174300","4199968"
"C:\Users\flier\OneDrive\תמונות\Samsung Gallery\Android\media\com.whatsapp\WhatsApp\Media\WhatsApp Images\IMG-20190711-WA0000.jpg","IMG-20190711-WA0000.jpg","70666","4199968"
"C:\Users\flier\OneDrive\תמונות\Samsung Gallery\Android\media\com.whatsapp\WhatsApp\Media\WhatsApp Images\IMG-20190711-WA0001.jpg","IMG-20190711-WA0001.jpg","129610","4199968"
"C:\Users\flier\OneDrive\תמונות\Samsung Gallery\Android\media\com.whatsapp\WhatsApp\Media\WhatsApp Images\IMG-20190712-WA0001.jpg","IMG-20190712-WA0001.jpg","87339","4199968"
"C:\Users\flier\OneDrive\תמונות\Samsung Gallery\Android\media\com.whatsapp\WhatsApp\Media\WhatsApp Images\IMG-20190712-WA0002.jpg","IMG-20190712-WA0002.jpg","108005","4199968"
"C:\Users\flier\OneDrive\תמונות\Samsung Gallery\Android\media\com.whatsapp\WhatsApp\Media\WhatsApp Images\IMG-20190712-WA0003.jpg","IMG-20190712-WA0003.jpg","97278","4199968"
"C:\Users\flier\OneDrive\תמונות\Samsung Gallery\Android\media\com.whatsapp\WhatsApp\Media\WhatsApp Images\IMG-20190712-WA0004.jpg","IMG-20190712-WA0004.jpg","94894","4199968"
"C:\Users\flier\OneDrive\תמונות\Samsung Gallery\Android\media\com.whatsapp\WhatsApp\Media\WhatsApp Images\IMG-20190712-WA0005.jpg","IMG-20190712-WA0005.jpg","99486","4199968"
"C:\Users\flier\OneDrive\תמונות\Samsung Gallery\Android\media\com.whatsapp\WhatsApp\Media\WhatsApp Images\IMG-20190712-WA0006.jpg","IMG-20190712-WA0006.jpg","105372","4199968"
"C:\Users\flier\OneDrive\תמונות\Samsung Gallery\Android\media\com.whatsapp\WhatsApp\Media\WhatsApp Images\IMG-20190712-WA0007.jpg","IMG-20190712-WA0007.jpg","370356","4199968"
"C:\Users\flier\OneDrive\תמונות\Samsung Gallery\Android\media\com.whatsapp\WhatsApp\Media\WhatsApp Images\IMG-20190714-WA0002.jpg","IMG-20190714-WA0002.jpg","94068","4199968"
"C:\Users\flier\OneDrive\תמונות\Samsung Gallery\Android\media\com.whatsapp\WhatsApp\Media\WhatsApp Images\IMG-20190714-WA0005.jpg","IMG-20190714-WA0005.jpg","78352","4199968"
"C:\Users\flier\OneDrive\תמונות\Samsung Gallery\Android\media\com.whatsapp\WhatsApp\Media\WhatsApp Images\IMG-20190714-WA0006.jpg","IMG-20190714-WA0006.jpg","81715","4199968"
"C:\Users\flier\OneDrive\תמונות\Samsung Gallery\Android\media\com.whatsapp\WhatsApp\Media\WhatsApp Images\IMG-20190714-WA0008.jpg","IMG-20190714-WA0008.jpg","26711","4199968"
"C:\Users\flier\OneDrive\תמונות\Samsung Gallery\Android\media\com.whatsapp\WhatsApp\Media\WhatsApp Images\IMG-20190714-WA0009.jpg","IMG-20190714-WA0009.jpg","64598","4199968"
"C:\Users\flier\OneDrive\תמונות\Samsung Gallery\Android\media\com.whatsapp\WhatsApp\Media\WhatsApp Images\IMG-20190714-WA0014.jpg","IMG-20190714-WA0014.jpg","64598","4199968"
"C:\Users\flier\OneDrive\תמונות\Samsung Gallery\Android\media\com.whatsapp\WhatsApp\Media\WhatsApp Images\IMG-20190714-WA0015.jpg","IMG-20190714-WA0015.jpg","26711","4199968"
"C:\Users\flier\OneDrive\תמונות\Samsung Gallery\Android\media\com.whatsapp\WhatsApp\Media\WhatsApp Images\IMG-20190714-WA0018.jpg","IMG-20190714-WA0018.jpg","78352","4199968"
"C:\Users\flier\OneDrive\תמונות\Samsung Gallery\Android\media\com.whatsapp\WhatsApp\Media\WhatsApp Images\IMG-20190714-WA0019.jpg","IMG-20190714-WA0019.jpg","81715","4199968"
"C:\Users\flier\OneDrive\תמונות\Samsung Gallery\Android\media\com.whatsapp\WhatsApp\Media\WhatsApp Images\IMG-20190715-WA0001.jpg","IMG-20190715-WA0001.jpg","94362","4199968"
"C:\Users\flier\OneDrive\תמונות\Samsung Gallery\Android\media\com.whatsapp\WhatsApp\Media\WhatsApp Images\IMG-20190715-WA0002.jpg","IMG-20190715-WA0002.jpg","163380","4199968"
"C:\Users\flier\OneDrive\תמונות\Samsung Gallery\Android\media\com.whatsapp\WhatsApp\Media\WhatsApp Images\IMG-20190715-WA0003.jpg","IMG-20190715-WA0003.jpg","149672","4199968"
"C:\Users\flier\OneDrive\תמונות\Samsung Gallery\Android\media\com.whatsapp\WhatsApp\Media\WhatsApp Images\IMG-20190715-WA0004.jpg","IMG-20190715-WA0004.jpg","164055","4199968"
"C:\Users\flier\OneDrive\תמונות\Samsung Gallery\Android\media\com.whatsapp\WhatsApp\Media\WhatsApp Images\IMG-20190715-WA0005.jpg","IMG-20190715-WA0005.jpg","161086","4199968"
"C:\Users\flier\OneDrive\תמונות\Samsung Gallery\Android\media\com.whatsapp\WhatsApp\Media\WhatsApp Images\IMG-20190715-WA0006.jpg","IMG-20190715-WA0006.jpg","158228","4199968"
"C:\Users\flier\OneDrive\תמונות\Samsung Gallery\Android\media\com.whatsapp\WhatsApp\Media\WhatsApp Images\IMG-20190715-WA0007.jpg","IMG-20190715-WA0007.jpg","186770","4199968"
"C:\Users\flier\OneDrive\תמונות\Samsung Gallery\Android\media\com.whatsapp\WhatsApp\Media\WhatsApp Images\IMG-20190715-WA0008.jpg","IMG-20190715-WA0008.jpg","157360","4199968"
"C:\Users\flier\OneDrive\תמונות\Samsung Gallery\Android\media\com.whatsapp\WhatsApp\Media\WhatsApp Images\IMG-20190715-WA0009.jpg","IMG-20190715-WA0009.jpg","164644","4199968"
"C:\Users\flier\OneDrive\תמונות\Samsung Gallery\Android\media\com.whatsapp\WhatsApp\Media\WhatsApp Images\IMG-20190715-WA0010.jpg","IMG-20190715-WA0010.jpg","195192","4199968"
"C:\Users\flier\OneDrive\תמונות\Samsung Gallery\Android\media\com.whatsapp\WhatsApp\Media\WhatsApp Images\IMG-20190715-WA0017.jpg","IMG-20190715-WA0017.jpg","101671","4199968"
"C:\Users\flier\OneDrive\תמונות\Samsung Gallery\Android\media\com.whatsapp\WhatsApp\Media\WhatsApp Images\IMG-20190716-WA0000.jpg","IMG-20190716-WA0000.jpg","193115","4199968"
"C:\Users\flier\OneDrive\תמונות\Samsung Gallery\Android\media\com.whatsapp\WhatsApp\Media\WhatsApp Images\IMG-20190716-WA0001.jpg","IMG-20190716-WA0001.jpg","233037","4199968"
"C:\Users\flier\OneDrive\תמונות\Samsung Gallery\Android\media\com.whatsapp\WhatsApp\Media\WhatsApp Images\IMG-20190716-WA0002.jpg","IMG-20190716-WA0002.jpg","188880","4199968"
"C:\Users\flier\OneDrive\תמונות\Samsung Gallery\Android\media\com.whatsapp\WhatsApp\Media\WhatsApp Images\IMG-20190716-WA0003.jpg","IMG-20190716-WA0003.jpg","175563","4199968"
"C:\Users\flier\OneDrive\תמונות\Samsung Gallery\Android\media\com.whatsapp\WhatsApp\Media\WhatsApp Images\IMG-20190716-WA0004.jpg","IMG-20190716-WA0004.jpg","235283","4199968"
"C:\Users\flier\OneDrive\תמונות\Samsung Gallery\Android\media\com.whatsapp\WhatsApp\Media\WhatsApp Images\IMG-20190716-WA0005.jpg","IMG-20190716-WA0005.jpg","217219","4199968"
"C:\Users\flier\OneDrive\תמונות\Samsung Gallery\Android\media\com.whatsapp\WhatsApp\Media\WhatsApp Images\IMG-20190716-WA0006.jpg","IMG-20190716-WA0006.jpg","139909","4199968"
"C:\Users\flier\OneDrive\תמונות\Samsung Gallery\Android\media\com.whatsapp\WhatsApp\Media\WhatsApp Images\IMG-20190716-WA0008.jpg","IMG-20190716-WA0008.jpg","155629","4199968"
"C:\Users\flier\OneDrive\תמונות\Samsung Gallery\Android\media\com.whatsapp\WhatsApp\Media\WhatsApp Images\IMG-20190716-WA0009.jpg","IMG-20190716-WA0009.jpg","179708","4199968"
"C:\Users\flier\OneDrive\תמונות\Samsung Gallery\Android\media\com.whatsapp\WhatsApp\Media\WhatsApp Images\IMG-20190716-WA0010.jpg","IMG-20190716-WA0010.jpg","114070","4199968"
"C:\Users\flier\OneDrive\תמונות\Samsung Gallery\Android\media\com.whatsapp\WhatsApp\Media\WhatsApp Images\IMG-20190716-WA0011.jpg","IMG-20190716-WA0011.jpg","175206","4199968"
"C:\Users\flier\OneDrive\תמונות\Samsung Gallery\Android\media\com.whatsapp\WhatsApp\Media\WhatsApp Images\IMG-20190716-WA0012.jpg","IMG-20190716-WA0012.jpg","172642","4199968"
"C:\Users\flier\OneDrive\תמונות\Samsung Gallery\Android\media\com.whatsapp\WhatsApp\Media\WhatsApp Images\IMG-20190716-WA0022.jpg","IMG-20190716-WA0022.jpg","473284","4199968"
"C:\Users\flier\OneDrive\תמונות\Samsung Gallery\Android\media\com.whatsapp\WhatsApp\Media\WhatsApp Images\IMG-20190717-WA0000.jpg","IMG-20190717-WA0000.jpg","174883","4199968"
"C:\Users\flier\OneDrive\תמונות\Samsung Gallery\Android\media\com.whatsapp\WhatsApp\Media\WhatsApp Images\IMG-20190717-WA0002.jpg","IMG-20190717-WA0002.jpg","21307","4199968"
"C:\Users\flier\OneDrive\תמונות\Samsung Gallery\Android\media\com.whatsapp\WhatsApp\Media\WhatsApp Images\IMG-20190718-WA0000.jpg","IMG-20190718-WA0000.jpg","134763","4199968"
"C:\Users\flier\OneDrive\תמונות\Samsung Gallery\Android\media\com.whatsapp\WhatsApp\Media\WhatsApp Images\IMG-20190718-WA0001.jpg","IMG-20190718-WA0001.jpg","181928","4199968"
"C:\Users\flier\OneDrive\תמונות\Samsung Gallery\Android\media\com.whatsapp\WhatsApp\Media\WhatsApp Images\IMG-20190718-WA0002.jpg","IMG-20190718-WA0002.jpg","236503","4199968"
"C:\Users\flier\OneDrive\תמונות\Samsung Gallery\Android\media\com.whatsapp\WhatsApp\Media\WhatsApp Images\IMG-20190718-WA0003.jpg","IMG-20190718-WA0003.jpg","223328","4199968"
"C:\Users\flier\OneDrive\תמונות\Samsung Gallery\Android\media\com.whatsapp\WhatsApp\Media\WhatsApp Images\IMG-20190718-WA0004.jpg","IMG-20190718-WA0004.jpg","180993","4199968"
"C:\Users\flier\OneDrive\תמונות\Samsung Gallery\Android\media\com.whatsapp\WhatsApp\Media\WhatsApp Images\IMG-20190718-WA0005.jpg","IMG-20190718-WA0005.jpg","166452","4199968"
"C:\Users\flier\OneDrive\תמונות\Samsung Gallery\Android\media\com.whatsapp\WhatsApp\Media\WhatsApp Images\IMG-20190718-WA0006.jpg","IMG-20190718-WA0006.jpg","200811","4199968"
"C:\Users\flier\OneDrive\תמונות\Samsung Gallery\Android\media\com.whatsapp\WhatsApp\Media\WhatsApp Images\IMG-20190718-WA0007.jpg","IMG-20190718-WA0007.jpg","82185","4199968"
"C:\Users\flier\OneDrive\תמונות\Samsung Gallery\Android\media\com.whatsapp\WhatsApp\Media\WhatsApp Images\IMG-20190718-WA0008.jpg","IMG-20190718-WA0008.jpg","202098","4199968"
"C:\Users\flier\OneDrive\תמונות\Samsung Gallery\Android\media\com.whatsapp\WhatsApp\Media\WhatsApp Images\IMG-20190718-WA0009.jpg","IMG-20190718-WA0009.jpg","152542","4199968"
"C:\Users\flier\OneDrive\תמונות\Samsung Gallery\Android\media\com.whatsapp\WhatsApp\Media\WhatsApp Images\IMG-20190718-WA0010.jpg","IMG-20190718-WA0010.jpg","170788","4199968"
"C:\Users\flier\OneDrive\תמונות\Samsung Gallery\Android\media\com.whatsapp\WhatsApp\Media\WhatsApp Images\IMG-20190718-WA0011.jpg","IMG-20190718-WA0011.jpg","145949","4199968"
"C:\Users\flier\OneDrive\תמונות\Samsung Gallery\Android\media\com.whatsapp\WhatsApp\Media\WhatsApp Images\IMG-20190718-WA0012.jpg","IMG-20190718-WA0012.jpg","123962","4199968"
"C:\Users\flier\OneDrive\תמונות\Samsung Gallery\Android\media\com.whatsapp\WhatsApp\Media\WhatsApp Images\IMG-20190718-WA0013.jpg","IMG-20190718-WA0013.jpg","109598","4199968"
"C:\Users\flier\OneDrive\תמונות\Samsung Gallery\Android\media\com.whatsapp\WhatsApp\Media\WhatsApp Images\IMG-20190718-WA0014.jpg","IMG-20190718-WA0014.jpg","102580","4199968"
"C:\Users\flier\OneDrive\תמונות\Samsung Gallery\Android\media\com.whatsapp\WhatsApp\Media\WhatsApp Images\IMG-20190718-WA0015.jpg","IMG-20190718-WA0015.jpg","154930","4199968"
"C:\Users\flier\OneDrive\תמונות\Samsung Gallery\Android\media\com.whatsapp\WhatsApp\Media\WhatsApp Images\IMG-20190718-WA0018.jpg","IMG-20190718-WA0018.jpg","67260","4199968"
"C:\Users\flier\OneDrive\תמונות\Samsung Gallery\Android\media\com.whatsapp\WhatsApp\Media\WhatsApp Images\IMG-20190718-WA0019.jpg","IMG-20190718-WA0019.jpg","115750","4199968"
"C:\Users\flier\OneDrive\תמונות\Samsung Gallery\Android\media\com.whatsapp\WhatsApp\Media\WhatsApp Images\IMG-20190718-WA0020.jpg","IMG-20190718-WA0020.jpg","40149","4199968"
"C:\Users\flier\OneDrive\תמונות\Samsung Gallery\Android\media\com.whatsapp\WhatsApp\Media\WhatsApp Images\IMG-20190718-WA0021.jpg","IMG-20190718-WA0021.jpg","142278","4199968"
"C:\Users\flier\OneDrive\תמונות\Samsung Gallery\Android\media\com.whatsapp\WhatsApp\Media\WhatsApp Images\IMG-20190718-WA0022.jpg","IMG-20190718-WA0022.jpg","133503","4199968"
"C:\Users\flier\OneDrive\תמונות\Samsung Gallery\Android\media\com.whatsapp\WhatsApp\Media\WhatsApp Images\IMG-20190718-WA0023.jpg","IMG-20190718-WA0023.jpg","133503","4199968"
"C:\Users\flier\OneDrive\תמונות\Samsung Gallery\Android\media\com.whatsapp\WhatsApp\Media\WhatsApp Images\IMG-20190719-WA0000.jpg","IMG-20190719-WA0000.jpg","112679","4199968"
"C:\Users\flier\OneDrive\תמונות\Samsung Gallery\Android\media\com.whatsapp\WhatsApp\Media\WhatsApp Images\IMG-20190719-WA0001.jpg","IMG-20190719-WA0001.jpg","75839","4199968"
"C:\Users\flier\OneDrive\תמונות\Samsung Gallery\Android\media\com.whatsapp\WhatsApp\Media\WhatsApp Images\IMG-20190719-WA0002.jpg","IMG-20190719-WA0002.jpg","319600","4199968"
"C:\Users\flier\OneDrive\תמונות\Samsung Gallery\Android\media\com.whatsapp\WhatsApp\Media\WhatsApp Images\IMG-20190719-WA0003.jpg","IMG-20190719-WA0003.jpg","272485","4199968"
"C:\Users\flier\OneDrive\תמונות\Samsung Gallery\Android\media\com.whatsapp\WhatsApp\Media\WhatsApp Images\IMG-20190719-WA0004.jpg","IMG-20190719-WA0004.jpg","259045","4199968"
"C:\Users\flier\OneDrive\תמונות\Samsung Gallery\Android\media\com.whatsapp\WhatsApp\Media\WhatsApp Images\IMG-20190719-WA0005.jpg","IMG-20190719-WA0005.jpg","202089","4199968"
"C:\Users\flier\OneDrive\תמונות\Samsung Gallery\Android\media\com.whatsapp\WhatsApp\Media\WhatsApp Images\IMG-20190719-WA0006.jpg","IMG-20190719-WA0006.jpg","240849","4199968"
"C:\Users\flier\OneDrive\תמונות\Samsung Gallery\Android\media\com.whatsapp\WhatsApp\Media\WhatsApp Images\IMG-20190719-WA0007.jpg","IMG-20190719-WA0007.jpg","251394","4199968"
"C:\Users\flier\OneDrive\תמונות\Samsung Gallery\Android\media\com.whatsapp\WhatsApp\Media\WhatsApp Images\IMG-20190720-WA0001.jpeg","IMG-20190720-WA0001.jpeg","1488495","4199968"
"C:\Users\flier\OneDrive\תמונות\Samsung Gallery\Android\media\com.whatsapp\WhatsApp\Media\WhatsApp Images\IMG-20190721-WA0002.jpg","IMG-20190721-WA0002.jpg","29196","4199968"
"C:\Users\flier\OneDrive\תמונות\Samsung Gallery\Android\media\com.whatsapp\WhatsApp\Media\WhatsApp Images\IMG-20190722-WA0000.jpg","IMG-20190722-WA0000.jpg","98129","4199968"
"C:\Users\flier\OneDrive\תמונות\Samsung Gallery\Android\media\com.whatsapp\WhatsApp\Media\WhatsApp Images\IMG-20190723-WA0001.jpeg","IMG-20190723-WA0001.jpeg","891171","4199968"
"C:\Users\flier\OneDrive\תמונות\Samsung Gallery\Android\media\com.whatsapp\WhatsApp\Media\WhatsApp Images\IMG-20190725-WA0000.jpg","IMG-20190725-WA0000.jpg","98803","4199968"
"C:\Users\flier\OneDrive\תמונות\Samsung Gallery\Android\media\com.whatsapp\WhatsApp\Media\WhatsApp Images\IMG-20190726-WA0000.jpg","IMG-20190726-WA0000.jpg","287035","4199968"
"C:\Users\flier\OneDrive\תמונות\Samsung Gallery\Android\media\com.whatsapp\WhatsApp\Media\WhatsApp Images\IMG-20190726-WA0001.jpg","IMG-20190726-WA0001.jpg","108648","4199968"
"C:\Users\flier\OneDrive\תמונות\Samsung Gallery\Android\media\com.whatsapp\WhatsApp\Media\WhatsApp Images\IMG-20190727-WA0000.jpg","IMG-20190727-WA0000.jpg","193140","4199968"
"C:\Users\flier\OneDrive\תמונות\Samsung Gallery\Android\media\com.whatsapp\WhatsApp\Media\WhatsApp Images\IMG-20190727-WA0001.jpg","IMG-20190727-WA0001.jpg","99244","4199968"
"C:\Users\flier\OneDrive\תמונות\Samsung Gallery\Android\media\com.whatsapp\WhatsApp\Media\WhatsApp Images\IMG-20190727-WA0002.jpg","IMG-20190727-WA0002.jpg","147467","4199968"
"C:\Users\flier\OneDrive\תמונות\Samsung Gallery\Android\media\com.whatsapp\WhatsApp\Media\WhatsApp Images\IMG-20190727-WA0003.jpg","IMG-20190727-WA0003.jpg","155346","4199968"
"C:\Users\flier\OneDrive\תמונות\Samsung Gallery\Android\media\com.whatsapp\WhatsApp\Media\WhatsApp Images\IMG-20190727-WA0004.jpg","IMG-20190727-WA0004.jpg","96611","4199968"
"C:\Users\flier\OneDrive\תמונות\Samsung Gallery\Android\media\com.whatsapp\WhatsApp\Media\WhatsApp Images\IMG-20190727-WA0005.jpg","IMG-20190727-WA0005.jpg","472575","4199968"
"C:\Users\flier\OneDrive\תמונות\Samsung Gallery\Android\media\com.whatsapp\WhatsApp\Media\WhatsApp Images\IMG-20190727-WA0006.jpg","IMG-20190727-WA0006.jpg","344526","4199968"
"C:\Users\flier\OneDrive\תמונות\Samsung Gallery\Android\media\com.whatsapp\WhatsApp\Media\WhatsApp Images\IMG-20190727-WA0007.jpg","IMG-20190727-WA0007.jpg","398206","4199968"
"C:\Users\flier\OneDrive\תמונות\Samsung Gallery\Android\media\com.whatsapp\WhatsApp\Media\WhatsApp Images\IMG-20190727-WA0008.jpg","IMG-20190727-WA0008.jpg","249659","4199968"
"C:\Users\flier\OneDrive\תמונות\Samsung Gallery\Android\media\com.whatsapp\WhatsApp\Media\WhatsApp Images\IMG-20190727-WA0009.jpg","IMG-20190727-WA0009.jpg","143349","4199968"
"C:\Users\flier\OneDrive\תמונות\Samsung Gallery\Android\media\com.whatsapp\WhatsApp\Media\WhatsApp Images\IMG-20190729-WA0000.jpg","IMG-20190729-WA0000.jpg","180107","4199968"
"C:\Users\flier\OneDrive\תמונות\Samsung Gallery\Android\media\com.whatsapp\WhatsApp\Media\WhatsApp Images\IMG-20190729-WA0001.jpg","IMG-20190729-WA0001.jpg","251249","4199968"
"C:\Users\flier\OneDrive\תמונות\Samsung Gallery\Android\media\com.whatsapp\WhatsApp\Media\WhatsApp Images\IMG-20190729-WA0002.jpg","IMG-20190729-WA0002.jpg","230223","4199968"
"C:\Users\flier\OneDrive\תמונות\Samsung Gallery\Android\media\com.whatsapp\WhatsApp\Media\WhatsApp Images\IMG-20190729-WA0003.jpg","IMG-20190729-WA0003.jpg","235294","4199968"
"C:\Users\flier\OneDrive\תמונות\Samsung Gallery\Android\media\com.whatsapp\WhatsApp\Media\WhatsApp Images\IMG-20190729-WA0004.jpg","IMG-20190729-WA0004.jpg","176885","4199968"
"C:\Users\flier\OneDrive\תמונות\Samsung Gallery\Android\media\com.whatsapp\WhatsApp\Media\WhatsApp Images\IMG-20190729-WA0005.jpg","IMG-20190729-WA0005.jpg","172676","4199968"
"C:\Users\flier\OneDrive\תמונות\Samsung Gallery\Android\media\com.whatsapp\WhatsApp\Media\WhatsApp Images\IMG-20190729-WA0006.jpg","IMG-20190729-WA0006.jpg","175531","4199968"
"C:\Users\flier\OneDrive\תמונות\Samsung Gallery\Android\media\com.whatsapp\WhatsApp\Media\WhatsApp Images\IMG-20190729-WA0007.jpg","IMG-20190729-WA0007.jpg","254119","4199968"
"C:\Users\flier\OneDrive\תמונות\Samsung Gallery\Android\media\com.whatsapp\WhatsApp\Media\WhatsApp Images\IMG-20190729-WA0008.jpg","IMG-20190729-WA0008.jpg","206271","4199968"
"C:\Users\flier\OneDrive\תמונות\Samsung Gallery\Android\media\com.whatsapp\WhatsApp\Media\WhatsApp Images\IMG-20190729-WA0009.jpg","IMG-20190729-WA0009.jpg","251928","4199968"
"C:\Users\flier\OneDrive\תמונות\Samsung Gallery\Android\media\com.whatsapp\WhatsApp\Media\WhatsApp Images\IMG-20190729-WA0010.jpg","IMG-20190729-WA0010.jpg","197170","4199968"
"C:\Users\flier\OneDrive\תמונות\Samsung Gallery\Android\media\com.whatsapp\WhatsApp\Media\WhatsApp Images\IMG-20190729-WA0011.jpg","IMG-20190729-WA0011.jpg","199698","4199968"
"C:\Users\flier\OneDrive\תמונות\Samsung Gallery\Android\media\com.whatsapp\WhatsApp\Media\WhatsApp Images\IMG-20190729-WA0012.jpg","IMG-20190729-WA0012.jpg","221312","4199968"
"C:\Users\flier\OneDrive\תמונות\Samsung Gallery\Android\media\com.whatsapp\WhatsApp\Media\WhatsApp Images\IMG-20190729-WA0013.jpg","IMG-20190729-WA0013.jpg","217535","4199968"
"C:\Users\flier\OneDrive\תמונות\Samsung Gallery\Android\media\com.whatsapp\WhatsApp\Media\WhatsApp Images\IMG-20190729-WA0014.jpg","IMG-20190729-WA0014.jpg","176202","4199968"
"C:\Users\flier\OneDrive\תמונות\Samsung Gallery\Android\media\com.whatsapp\WhatsApp\Media\WhatsApp Images\IMG-20190729-WA0015.jpg","IMG-20190729-WA0015.jpg","211563","4199968"
"C:\Users\flier\OneDrive\תמונות\Samsung Gallery\Android\media\com.whatsapp\WhatsApp\Media\WhatsApp Images\IMG-20190729-WA0016.jpg","IMG-20190729-WA0016.jpg","211677","4199968"
"C:\Users\flier\OneDrive\תמונות\Samsung Gallery\Android\media\com.whatsapp\WhatsApp\Media\WhatsApp Images\IMG-20190729-WA0017.jpg","IMG-20190729-WA0017.jpg","166574","4199968"
"C:\Users\flier\OneDrive\תמונות\Samsung Gallery\Android\media\com.whatsapp\WhatsApp\Media\WhatsApp Images\IMG-20190729-WA0018.jpg","IMG-20190729-WA0018.jpg","270771","4199968"
"C:\Users\flier\OneDrive\תמונות\Samsung Gallery\Android\media\com.whatsapp\WhatsApp\Media\WhatsApp Images\IMG-20190729-WA0019.jpg","IMG-20190729-WA0019.jpg","201879","4199968"
"C:\Users\flier\OneDrive\תמונות\Samsung Gallery\Android\media\com.whatsapp\WhatsApp\Media\WhatsApp Images\IMG-20190729-WA0020.jpg","IMG-20190729-WA0020.jpg","277361","4199968"
"C:\Users\flier\OneDrive\תמונות\Samsung Gallery\Android\media\com.whatsapp\WhatsApp\Media\WhatsApp Images\IMG-20190729-WA0021.jpg","IMG-20190729-WA0021.jpg","183799","4199968"
"C:\Users\flier\OneDrive\תמונות\Samsung Gallery\Android\media\com.whatsapp\WhatsApp\Media\WhatsApp Images\IMG-20190729-WA0022.jpg","IMG-20190729-WA0022.jpg","219101","4199968"
"C:\Users\flier\OneDrive\תמונות\Samsung Gallery\Android\media\com.whatsapp\WhatsApp\Media\WhatsApp Images\IMG-20190729-WA0023.jpg","IMG-20190729-WA0023.jpg","183465","4199968"
"C:\Users\flier\OneDrive\תמונות\Samsung Gallery\Android\media\com.whatsapp\WhatsApp\Media\WhatsApp Images\IMG-20190729-WA0024.jpg","IMG-20190729-WA0024.jpg","172806","4199968"
"C:\Users\flier\OneDrive\תמונות\Samsung Gallery\Android\media\com.whatsapp\WhatsApp\Media\WhatsApp Images\IMG-20190729-WA0025.jpg","IMG-20190729-WA0025.jpg","255045","4199968"
"C:\Users\flier\OneDrive\תמונות\Samsung Gallery\Android\media\com.whatsapp\WhatsApp\Media\WhatsApp Images\IMG-20190729-WA0026.jpg","IMG-20190729-WA0026.jpg","234789","4199968"
"C:\Users\flier\OneDrive\תמונות\Samsung Gallery\Android\media\com.whatsapp\WhatsApp\Media\WhatsApp Images\IMG-20190729-WA0027.jpg","IMG-20190729-WA0027.jpg","260272","4199968"
"C:\Users\flier\OneDrive\תמונות\Samsung Gallery\Android\media\com.whatsapp\WhatsApp\Media\WhatsApp Images\IMG-20190729-WA0028.jpg","IMG-20190729-WA0028.jpg","218245","4199968"
"C:\Users\flier\OneDrive\תמונות\Samsung Gallery\Android\media\com.whatsapp\WhatsApp\Media\WhatsApp Images\IMG-20190729-WA0029.jpg","IMG-20190729-WA0029.jpg","190181","4199968"
"C:\Users\flier\OneDrive\תמונות\Samsung Gallery\Android\media\com.whatsapp\WhatsApp\Media\WhatsApp Images\IMG-20190729-WA0030.jpg","IMG-20190729-WA0030.jpg","186550","4199968"
"C:\Users\flier\OneDrive\תמונות\Samsung Gallery\Android\media\com.whatsapp\WhatsApp\Media\WhatsApp Images\IMG-20190729-WA0031.jpg","IMG-20190729-WA0031.jpg","200459","4199968"
"C:\Users\flier\OneDrive\תמונות\Samsung Gallery\Android\media\com.whatsapp\WhatsApp\Media\WhatsApp Images\IMG-20190731-WA0000.jpg","IMG-20190731-WA0000.jpg","221250","4199968"
"C:\Users\flier\OneDrive\תמונות\Samsung Gallery\Android\media\com.whatsapp\WhatsApp\Media\WhatsApp Images\IMG-20190731-WA0001.jpg","IMG-20190731-WA0001.jpg","128242","4199968"
"C:\Users\flier\OneDrive\תמונות\Samsung Gallery\Android\media\com.whatsapp\WhatsApp\Media\WhatsApp Images\IMG-20190731-WA0002.jpg","IMG-20190731-WA0002.jpg","215616","4199968"
"C:\Users\flier\OneDrive\תמונות\Samsung Gallery\Android\media\com.whatsapp\WhatsApp\Media\WhatsApp Images\IMG-20190731-WA0003.jpg","IMG-20190731-WA0003.jpg","146890","4199968"
"C:\Users\flier\OneDrive\תמונות\Samsung Gallery\Android\media\com.whatsapp\WhatsApp\Media\WhatsApp Images\IMG-20190731-WA0004.jpg","IMG-20190731-WA0004.jpg","164783","4199968"
"C:\Users\flier\OneDrive\תמונות\Samsung Gallery\Android\media\com.whatsapp\WhatsApp\Media\WhatsApp Images\IMG-20190731-WA0005.jpg","IMG-20190731-WA0005.jpg","90359","4199968"
"C:\Users\flier\OneDrive\תמונות\Samsung Gallery\Android\media\com.whatsapp\WhatsApp\Media\WhatsApp Images\IMG-20190731-WA0006.jpg","IMG-20190731-WA0006.jpg","166949","4199968"
"C:\Users\flier\OneDrive\תמונות\Samsung Gallery\Android\media\com.whatsapp\WhatsApp\Media\WhatsApp Images\IMG-20190731-WA0007.jpg","IMG-20190731-WA0007.jpg","186999","4199968"
"C:\Users\flier\OneDrive\תמונות\Samsung Gallery\Android\media\com.whatsapp\WhatsApp\Media\WhatsApp Images\IMG-20190731-WA0008.jpg","IMG-20190731-WA0008.jpg","144943","4199968"
"C:\Users\flier\OneDrive\תמונות\Samsung Gallery\Android\media\com.whatsapp\WhatsApp\Media\WhatsApp Images\IMG-20190731-WA0009.jpg","IMG-20190731-WA0009.jpg","316845","4199968"
"C:\Users\flier\OneDrive\תמונות\Samsung Gallery\Android\media\com.whatsapp\WhatsApp\Media\WhatsApp Images\IMG-20190731-WA0010.jpg","IMG-20190731-WA0010.jpg","74189","4199968"
"C:\Users\flier\OneDrive\תמונות\Samsung Gallery\Android\media\com.whatsapp\WhatsApp\Media\WhatsApp Images\IMG-20190801-WA0000.jpeg","IMG-20190801-WA0000.jpeg","2181620","4199968"
"C:\Users\flier\OneDrive\תמונות\Samsung Gallery\Android\media\com.whatsapp\WhatsApp\Media\WhatsApp Images\IMG-20190801-WA0004.jpg","IMG-20190801-WA0004.jpg","321912","4199968"
"C:\Users\flier\OneDrive\תמונות\Samsung Gallery\Android\media\com.whatsapp\WhatsApp\Media\WhatsApp Images\IMG-20190802-WA0000.jpg","IMG-20190802-WA0000.jpg","202061","4199968"
"C:\Users\flier\OneDrive\תמונות\Samsung Gallery\Android\media\com.whatsapp\WhatsApp\Media\WhatsApp Images\IMG-20190802-WA0001.jpg","IMG-20190802-WA0001.jpg","81081","4199968"
"C:\Users\flier\OneDrive\תמונות\Samsung Gallery\Android\media\com.whatsapp\WhatsApp\Media\WhatsApp Images\IMG-20190802-WA0005.jpg","IMG-20190802-WA0005.jpg","222017","4199968"
"C:\Users\flier\OneDrive\תמונות\Samsung Gallery\Android\media\com.whatsapp\WhatsApp\Media\WhatsApp Images\IMG-20190802-WA0006.jpg","IMG-20190802-WA0006.jpg","270928","4199968"
"C:\Users\flier\OneDrive\תמונות\Samsung Gallery\Android\media\com.whatsapp\WhatsApp\Media\WhatsApp Images\IMG-20190802-WA0007.jpg","IMG-20190802-WA0007.jpg","144330","4199968"
"C:\Users\flier\OneDrive\תמונות\Samsung Gallery\Android\media\com.whatsapp\WhatsApp\Media\WhatsApp Images\IMG-20190802-WA0008.jpg","IMG-20190802-WA0008.jpg","319661","4199968"
"C:\Users\flier\OneDrive\תמונות\Samsung Gallery\Android\media\com.whatsapp\WhatsApp\Media\WhatsApp Images\IMG-20190804-WA0003.jpg","IMG-20190804-WA0003.jpg","149098","4199968"
"C:\Users\flier\OneDrive\תמונות\Samsung Gallery\Android\media\com.whatsapp\WhatsApp\Media\WhatsApp Images\IMG-20190805-WA0003.jpg","IMG-20190805-WA0003.jpg","107098","4199968"
"C:\Users\flier\OneDrive\תמונות\Samsung Gallery\Android\media\com.whatsapp\WhatsApp\Media\WhatsApp Images\IMG-20190805-WA0004.jpg","IMG-20190805-WA0004.jpg","220989","4199968"
"C:\Users\flier\OneDrive\תמונות\Samsung Gallery\Android\media\com.whatsapp\WhatsApp\Media\WhatsApp Images\IMG-20190805-WA0114.jpg","IMG-20190805-WA0114.jpg","26499","4199968"
"C:\Users\flier\OneDrive\תמונות\Samsung Gallery\Android\media\com.whatsapp\WhatsApp\Media\WhatsApp Images\IMG-20190807-WA0000.jpg","IMG-20190807-WA0000.jpg","106198","4199968"
"C:\Users\flier\OneDrive\תמונות\Samsung Gallery\Android\media\com.whatsapp\WhatsApp\Media\WhatsApp Images\IMG-20190807-WA0004.jpeg","IMG-20190807-WA0004.jpeg","5106815","4199968"
"C:\Users\flier\OneDrive\תמונות\Samsung Gallery\Android\media\com.whatsapp\WhatsApp\Media\WhatsApp Images\IMG-20190808-WA0000.jpg","IMG-20190808-WA0000.jpg","231183","4199968"
"C:\Users\flier\OneDrive\תמונות\Samsung Gallery\Android\media\com.whatsapp\WhatsApp\Media\WhatsApp Images\IMG-20190809-WA0000.jpg","IMG-20190809-WA0000.jpg","167309","4199968"
"C:\Users\flier\OneDrive\תמונות\Samsung Gallery\Android\media\com.whatsapp\WhatsApp\Media\WhatsApp Images\IMG-20190809-WA0001.jpg","IMG-20190809-WA0001.jpg","202651","4199968"
"C:\Users\flier\OneDrive\תמונות\Samsung Gallery\Android\media\com.whatsapp\WhatsApp\Media\WhatsApp Images\IMG-20190809-WA0004.jpg","IMG-20190809-WA0004.jpg","55017","4199968"
"C:\Users\flier\OneDrive\תמונות\Samsung Gallery\Android\media\com.whatsapp\WhatsApp\Media\WhatsApp Images\IMG-20190810-WA0001.jpg","IMG-20190810-WA0001.jpg","152300","4199968"
"C:\Users\flier\OneDrive\תמונות\Samsung Gallery\Android\media\com.whatsapp\WhatsApp\Media\WhatsApp Images\IMG-20190811-WA0001.jpg","IMG-20190811-WA0001.jpg","155988","4199968"
"C:\Users\flier\OneDrive\תמונות\Samsung Gallery\Android\media\com.whatsapp\WhatsApp\Media\WhatsApp Images\IMG-20190811-WA0004.jpg","IMG-20190811-WA0004.jpg","103787","4199968"
"C:\Users\flier\OneDrive\תמונות\Samsung Gallery\Android\media\com.whatsapp\WhatsApp\Media\WhatsApp Images\IMG-20190812-WA0002.jpg","IMG-20190812-WA0002.jpg","44938","4199968"
"C:\Users\flier\OneDrive\תמונות\Samsung Gallery\Android\media\com.whatsapp\WhatsApp\Media\WhatsApp Images\IMG-20190812-WA0006.jpg","IMG-20190812-WA0006.jpg","13783","4199968"
"C:\Users\flier\OneDrive\תמונות\Samsung Gallery\Android\media\com.whatsapp\WhatsApp\Media\WhatsApp Images\IMG-20190812-WA0009.jpg","IMG-20190812-WA0009.jpg","31077","4199968"
"C:\Users\flier\OneDrive\תמונות\Samsung Gallery\Android\media\com.whatsapp\WhatsApp\Media\WhatsApp Images\IMG-20190812-WA0010.jpg","IMG-20190812-WA0010.jpg","59580","4199968"
"C:\Users\flier\OneDrive\תמונות\Samsung Gallery\Android\media\com.whatsapp\WhatsApp\Media\WhatsApp Images\IMG-20190812-WA0011.jpg","IMG-20190812-WA0011.jpg","52938","4199968"
"C:\Users\flier\OneDrive\תמונות\Samsung Gallery\Android\media\com.whatsapp\WhatsApp\Media\WhatsApp Images\IMG-20190812-WA0012.jpg","IMG-20190812-WA0012.jpg","43550","4199968"
"C:\Users\flier\OneDrive\תמונות\Samsung Gallery\Android\media\com.whatsapp\WhatsApp\Media\WhatsApp Images\IMG-20190812-WA0013.jpg","IMG-20190812-WA0013.jpg","28292","4199968"
"C:\Users\flier\OneDrive\תמונות\Samsung Gallery\Android\media\com.whatsapp\WhatsApp\Media\WhatsApp Images\IMG-20190812-WA0015.jpg","IMG-20190812-WA0015.jpg","32506","4199968"
"C:\Users\flier\OneDrive\תמונות\Samsung Gallery\Android\media\com.whatsapp\WhatsApp\Media\WhatsApp Images\IMG-20190812-WA0016.jpg","IMG-20190812-WA0016.jpg","14491","4199968"
"C:\Users\flier\OneDrive\תמונות\Samsung Gallery\Android\media\com.whatsapp\WhatsApp\Media\WhatsApp Images\IMG-20190812-WA0017.jpg","IMG-20190812-WA0017.jpg","33964","4199968"
"C:\Users\flier\OneDrive\תמונות\Samsung Gallery\Android\media\com.whatsapp\WhatsApp\Media\WhatsApp Images\IMG-20190812-WA0019.jpg","IMG-20190812-WA0019.jpg","14275","4199968"
"C:\Users\flier\OneDrive\תמונות\Samsung Gallery\Android\media\com.whatsapp\WhatsApp\Media\WhatsApp Images\IMG-20190812-WA0020.jpg","IMG-20190812-WA0020.jpg","45271","4199968"
"C:\Users\flier\OneDrive\תמונות\Samsung Gallery\Android\media\com.whatsapp\WhatsApp\Media\WhatsApp Images\IMG-20190812-WA0022.jpg","IMG-20190812-WA0022.jpg","72529","4199968"
"C:\Users\flier\OneDrive\תמונות\Samsung Gallery\Android\media\com.whatsapp\WhatsApp\Media\WhatsApp Images\IMG-20190812-WA0024.jpg","IMG-20190812-WA0024.jpg","67865","4199968"
"C:\Users\flier\OneDrive\תמונות\Samsung Gallery\Android\media\com.whatsapp\WhatsApp\Media\WhatsApp Images\IMG-20190814-WA0001.jpg","IMG-20190814-WA0001.jpg","167034","4199968"
"C:\Users\flier\OneDrive\תמונות\Samsung Gallery\Android\media\com.whatsapp\WhatsApp\Media\WhatsApp Images\IMG-20190814-WA0002.jpg","IMG-20190814-WA0002.jpg","162362","4199968"
"C:\Users\flier\OneDrive\תמונות\Samsung Gallery\Android\media\com.whatsapp\WhatsApp\Media\WhatsApp Images\IMG-20190814-WA0005.jpg","IMG-20190814-WA0005.jpg","92269","4199968"
"C:\Users\flier\OneDrive\תמונות\Samsung Gallery\Android\media\com.whatsapp\WhatsApp\Media\WhatsApp Images\IMG-20190814-WA0006.jpg","IMG-20190814-WA0006.jpg","203145","4199968"
"C:\Users\flier\OneDrive\תמונות\Samsung Gallery\Android\media\com.whatsapp\WhatsApp\Media\WhatsApp Images\IMG-20190815-WA0003.jpg","IMG-20190815-WA0003.jpg","135578","4199968"
"C:\Users\flier\OneDrive\תמונות\Samsung Gallery\Android\media\com.whatsapp\WhatsApp\Media\WhatsApp Images\IMG-20190815-WA0005.jpg","IMG-20190815-WA0005.jpg","170707","4199968"
"C:\Users\flier\OneDrive\תמונות\Samsung Gallery\Android\media\com.whatsapp\WhatsApp\Media\WhatsApp Images\IMG-20190815-WA0006.jpg","IMG-20190815-WA0006.jpg","379288","4199968"
"C:\Users\flier\OneDrive\תמונות\Samsung Gallery\Android\media\com.whatsapp\WhatsApp\Media\WhatsApp Images\IMG-20190815-WA0007.jpg","IMG-20190815-WA0007.jpg","143967","4199968"
"C:\Users\flier\OneDrive\תמונות\Samsung Gallery\Android\media\com.whatsapp\WhatsApp\Media\WhatsApp Images\IMG-20190816-WA0002.jpg","IMG-20190816-WA0002.jpg","130061","4199968"
"C:\Users\flier\OneDrive\תמונות\Samsung Gallery\Android\media\com.whatsapp\WhatsApp\Media\WhatsApp Images\IMG-20190818-WA0001.jpg","IMG-20190818-WA0001.jpg","165981","4199968"
"C:\Users\flier\OneDrive\תמונות\Samsung Gallery\Android\media\com.whatsapp\WhatsApp\Media\WhatsApp Images\IMG-20190819-WA0000.jpg","IMG-20190819-WA0000.jpg","182303","4199968"
"C:\Users\flier\OneDrive\תמונות\Samsung Gallery\Android\media\com.whatsapp\WhatsApp\Media\WhatsApp Images\IMG-20190819-WA0002.jpg","IMG-20190819-WA0002.jpg","125712","4199968"
"C:\Users\flier\OneDrive\תמונות\Samsung Gallery\Android\media\com.whatsapp\WhatsApp\Media\WhatsApp Images\IMG-20190819-WA0004.jpg","IMG-20190819-WA0004.jpg","58277","4199968"
"C:\Users\flier\OneDrive\תמונות\Samsung Gallery\Android\media\com.whatsapp\WhatsApp\Media\WhatsApp Images\IMG-20190820-WA0000.jpg","IMG-20190820-WA0000.jpg","41243","4199968"
"C:\Users\flier\OneDrive\תמונות\Samsung Gallery\Android\media\com.whatsapp\WhatsApp\Media\WhatsApp Images\IMG-20190820-WA0001.jpg","IMG-20190820-WA0001.jpg","48212","4199968"
"C:\Users\flier\OneDrive\תמונות\Samsung Gallery\Android\media\com.whatsapp\WhatsApp\Media\WhatsApp Images\IMG-20190820-WA0002.jpg","IMG-20190820-WA0002.jpg","77110","4199968"
"C:\Users\flier\OneDrive\תמונות\Samsung Gallery\Android\media\com.whatsapp\WhatsApp\Media\WhatsApp Images\IMG-20190820-WA0003.jpeg","IMG-20190820-WA0003.jpeg","3625286","4199968"
"C:\Users\flier\OneDrive\תמונות\Samsung Gallery\Android\media\com.whatsapp\WhatsApp\Media\WhatsApp Images\IMG-20190820-WA0005.jpg","IMG-20190820-WA0005.jpg","107137","4199968"
"C:\Users\flier\OneDrive\תמונות\Samsung Gallery\Android\media\com.whatsapp\WhatsApp\Media\WhatsApp Images\IMG-20190821-WA0001.jpg","IMG-20190821-WA0001.jpg","138184","4199968"
"C:\Users\flier\OneDrive\תמונות\Samsung Gallery\Android\media\com.whatsapp\WhatsApp\Media\WhatsApp Images\IMG-20190821-WA0002.jpg","IMG-20190821-WA0002.jpg","88686","4199968"
"C:\Users\flier\OneDrive\תמונות\Samsung Gallery\Android\media\com.whatsapp\WhatsApp\Media\WhatsApp Images\IMG-20190821-WA0003.jpg","IMG-20190821-WA0003.jpg","203598","4199968"
"C:\Users\flier\OneDrive\תמונות\Samsung Gallery\Android\media\com.whatsapp\WhatsApp\Media\WhatsApp Images\IMG-20190822-WA0000.jpg","IMG-20190822-WA0000.jpg","236182","4199968"
"C:\Users\flier\OneDrive\תמונות\Samsung Gallery\Android\media\com.whatsapp\WhatsApp\Media\WhatsApp Images\IMG-20190822-WA0006.jpg","IMG-20190822-WA0006.jpg","318493","4199968"
"C:\Users\flier\OneDrive\תמונות\Samsung Gallery\Android\media\com.whatsapp\WhatsApp\Media\WhatsApp Images\IMG-20190822-WA0007.jpg","IMG-20190822-WA0007.jpg","210435","4199968"
"C:\Users\flier\OneDrive\תמונות\Samsung Gallery\Android\media\com.whatsapp\WhatsApp\Media\WhatsApp Images\IMG-20190822-WA0008.jpg","IMG-20190822-WA0008.jpg","138282","4199968"
"C:\Users\flier\OneDrive\תמונות\Samsung Gallery\Android\media\com.whatsapp\WhatsApp\Media\WhatsApp Images\IMG-20190822-WA0009.jpg","IMG-20190822-WA0009.jpg","255156","4199968"
"C:\Users\flier\OneDrive\תמונות\Samsung Gallery\Android\media\com.whatsapp\WhatsApp\Media\WhatsApp Images\IMG-20190822-WA0010.jpg","IMG-20190822-WA0010.jpg","271033","4199968"
"C:\Users\flier\OneDrive\תמונות\Samsung Gallery\Android\media\com.whatsapp\WhatsApp\Media\WhatsApp Images\IMG-20190822-WA0029.jpg","IMG-20190822-WA0029.jpg","98254","4199968"
"C:\Users\flier\OneDrive\תמונות\Samsung Gallery\Android\media\com.whatsapp\WhatsApp\Media\WhatsApp Images\IMG-20190822-WA0030.jpg","IMG-20190822-WA0030.jpg","95805","4199968"
"C:\Users\flier\OneDrive\תמונות\Samsung Gallery\Android\media\com.whatsapp\WhatsApp\Media\WhatsApp Images\IMG-20190823-WA0000.jpg","IMG-20190823-WA0000.jpg","367192","4199968"
"C:\Users\flier\OneDrive\תמונות\Samsung Gallery\Android\media\com.whatsapp\WhatsApp\Media\WhatsApp Images\IMG-20190823-WA0003.jpg","IMG-20190823-WA0003.jpg","400699","4199968"
"C:\Users\flier\OneDrive\תמונות\Samsung Gallery\Android\media\com.whatsapp\WhatsApp\Media\WhatsApp Images\IMG-20190823-WA0024.jpg","IMG-20190823-WA0024.jpg","91815","4199968"
"C:\Users\flier\OneDrive\תמונות\Samsung Gallery\Android\media\com.whatsapp\WhatsApp\Media\WhatsApp Images\IMG-20190823-WA0025.jpg","IMG-20190823-WA0025.jpg","51544","4199968"
"C:\Users\flier\OneDrive\תמונות\Samsung Gallery\Android\media\com.whatsapp\WhatsApp\Media\WhatsApp Images\IMG-20190826-WA0000.jpg","IMG-20190826-WA0000.jpg","38911","4199968"
"C:\Users\flier\OneDrive\תמונות\Samsung Gallery\Android\media\com.whatsapp\WhatsApp\Media\WhatsApp Images\IMG-20190826-WA0001.jpg","IMG-20190826-WA0001.jpg","103852","4199968"
"C:\Users\flier\OneDrive\תמונות\Samsung Gallery\Android\media\com.whatsapp\WhatsApp\Media\WhatsApp Images\IMG-20190826-WA0004.jpg","IMG-20190826-WA0004.jpg","69507","4199968"
"C:\Users\flier\OneDrive\תמונות\Samsung Gallery\Android\media\com.whatsapp\WhatsApp\Media\WhatsApp Images\IMG-20190826-WA0007.jpg","IMG-20190826-WA0007.jpg","61034","4199968"
"C:\Users\flier\OneDrive\תמונות\Samsung Gallery\Android\media\com.whatsapp\WhatsApp\Media\WhatsApp Images\IMG-20190828-WA0000.jpg","IMG-20190828-WA0000.jpg","142481","4199968"
"C:\Users\flier\OneDrive\תמונות\Samsung Gallery\Android\media\com.whatsapp\WhatsApp\Media\WhatsApp Images\IMG-20190828-WA0002.jpg","IMG-20190828-WA0002.jpg","14936","4199968"
"C:\Users\flier\OneDrive\תמונות\Samsung Gallery\Android\media\com.whatsapp\WhatsApp\Media\WhatsApp Images\IMG-20190829-WA0001.jpg","IMG-20190829-WA0001.jpg","58500","4199968"
"C:\Users\flier\OneDrive\תמונות\Samsung Gallery\Android\media\com.whatsapp\WhatsApp\Media\WhatsApp Images\IMG-20190830-WA0000.jpeg","IMG-20190830-WA0000.jpeg","7137191","4199968"
"C:\Users\flier\OneDrive\תמונות\Samsung Gallery\Android\media\com.whatsapp\WhatsApp\Media\WhatsApp Images\IMG-20190830-WA0002.jpg","IMG-20190830-WA0002.jpg","91808","4199968"
"C:\Users\flier\OneDrive\תמונות\Samsung Gallery\Android\media\com.whatsapp\WhatsApp\Media\WhatsApp Images\IMG-20190830-WA0003.jpg","IMG-20190830-WA0003.jpg","229276","4199968"
"C:\Users\flier\OneDrive\תמונות\Samsung Gallery\Android\media\com.whatsapp\WhatsApp\Media\WhatsApp Images\IMG-20190830-WA0004.jpg","IMG-20190830-WA0004.jpg","200045","4199968"
"C:\Users\flier\OneDrive\תמונות\Samsung Gallery\Android\media\com.whatsapp\WhatsApp\Media\WhatsApp Images\IMG-20190830-WA0005.jpg","IMG-20190830-WA0005.jpg","159051","4199968"
"C:\Users\flier\OneDrive\תמונות\Samsung Gallery\Android\media\com.whatsapp\WhatsApp\Media\WhatsApp Images\IMG-20190830-WA0006.jpg","IMG-20190830-WA0006.jpg","134296","4199968"
"C:\Users\flier\OneDrive\תמונות\Samsung Gallery\Android\media\com.whatsapp\WhatsApp\Media\WhatsApp Images\IMG-20190830-WA0007.jpg","IMG-20190830-WA0007.jpg","282851","4199968"
"C:\Users\flier\OneDrive\תמונות\Samsung Gallery\Android\media\com.whatsapp\WhatsApp\Media\WhatsApp Images\IMG-20190830-WA0008.jpg","IMG-20190830-WA0008.jpg","91808","4199968"
"C:\Users\flier\OneDrive\תמונות\Samsung Gallery\Android\media\com.whatsapp\WhatsApp\Media\WhatsApp Images\IMG-20190830-WA0009.jpg","IMG-20190830-WA0009.jpg","323532","4199968"
"C:\Users\flier\OneDrive\תמונות\Samsung Gallery\Android\media\com.whatsapp\WhatsApp\Media\WhatsApp Images\IMG-20190830-WA0010.jpg","IMG-20190830-WA0010.jpg","266133","4199968"
"C:\Users\flier\OneDrive\תמונות\Samsung Gallery\Android\media\com.whatsapp\WhatsApp\Media\WhatsApp Images\IMG-20190830-WA0011.jpg","IMG-20190830-WA0011.jpg","229276","4199968"
"C:\Users\flier\OneDrive\תמונות\Samsung Gallery\Android\media\com.whatsapp\WhatsApp\Media\WhatsApp Images\IMG-20190830-WA0012.jpg","IMG-20190830-WA0012.jpg","311351","4199968"
"C:\Users\flier\OneDrive\תמונות\Samsung Gallery\Android\media\com.whatsapp\WhatsApp\Media\WhatsApp Images\IMG-20190830-WA0013.jpg","IMG-20190830-WA0013.jpg","294925","4199968"
"C:\Users\flier\OneDrive\תמונות\Samsung Gallery\Android\media\com.whatsapp\WhatsApp\Media\WhatsApp Images\IMG-20190830-WA0014.jpg","IMG-20190830-WA0014.jpg","306449","4199968"
"C:\Users\flier\OneDrive\תמונות\Samsung Gallery\Android\media\com.whatsapp\WhatsApp\Media\WhatsApp Images\IMG-20190830-WA0015.jpg","IMG-20190830-WA0015.jpg","314885","4199968"
"C:\Users\flier\OneDrive\תמונות\Samsung Gallery\Android\media\com.whatsapp\WhatsApp\Media\WhatsApp Images\IMG-20190830-WA0016.jpg","IMG-20190830-WA0016.jpg","303010","4199968"
"C:\Users\flier\OneDrive\תמונות\Samsung Gallery\Android\media\com.whatsapp\WhatsApp\Media\WhatsApp Images\IMG-20190830-WA0017.jpg","IMG-20190830-WA0017.jpg","282716","4199968"
"C:\Users\flier\OneDrive\תמונות\Samsung Gallery\Android\media\com.whatsapp\WhatsApp\Media\WhatsApp Images\IMG-20190830-WA0018.jpg","IMG-20190830-WA0018.jpg","296444","4199968"
"C:\Users\flier\OneDrive\תמונות\Samsung Gallery\Android\media\com.whatsapp\WhatsApp\Media\WhatsApp Images\IMG-20190830-WA0019.jpg","IMG-20190830-WA0019.jpg","292029","4199968"
"C:\Users\flier\OneDrive\תמונות\Samsung Gallery\Android\media\com.whatsapp\WhatsApp\Media\WhatsApp Images\IMG-20190830-WA0020.jpg","IMG-20190830-WA0020.jpg","331431","4199968"
"C:\Users\flier\OneDrive\תמונות\Samsung Gallery\Android\media\com.whatsapp\WhatsApp\Media\WhatsApp Images\IMG-20190830-WA0021.jpg","IMG-20190830-WA0021.jpg","307313","4199968"
"C:\Users\flier\OneDrive\תמונות\Samsung Gallery\Android\media\com.whatsapp\WhatsApp\Media\WhatsApp Images\IMG-20190830-WA0022.jpg","IMG-20190830-WA0022.jpg","368216","4199968"
"C:\Users\flier\OneDrive\תמונות\Samsung Gallery\Android\media\com.whatsapp\WhatsApp\Media\WhatsApp Images\IMG-20190830-WA0023.jpg","IMG-20190830-WA0023.jpg","287667","4199968"
"C:\Users\flier\OneDrive\תמונות\Samsung Gallery\Android\media\com.whatsapp\WhatsApp\Media\WhatsApp Images\IMG-20190830-WA0024.jpg","IMG-20190830-WA0024.jpg","307088","4199968"
"C:\Users\flier\OneDrive\תמונות\Samsung Gallery\Android\media\com.whatsapp\WhatsApp\Media\WhatsApp Images\IMG-20190830-WA0025.jpg","IMG-20190830-WA0025.jpg","308102","4199968"
"C:\Users\flier\OneDrive\תמונות\Samsung Gallery\Android\media\com.whatsapp\WhatsApp\Media\WhatsApp Images\IMG-20190830-WA0026.jpg","IMG-20190830-WA0026.jpg","358075","4199968"
"C:\Users\flier\OneDrive\תמונות\Samsung Gallery\Android\media\com.whatsapp\WhatsApp\Media\WhatsApp Images\IMG-20190830-WA0027.jpg","IMG-20190830-WA0027.jpg","303202","4199968"
"C:\Users\flier\OneDrive\תמונות\Samsung Gallery\Android\media\com.whatsapp\WhatsApp\Media\WhatsApp Images\IMG-20190830-WA0028.jpg","IMG-20190830-WA0028.jpg","231928","4199968"
"C:\Users\flier\OneDrive\תמונות\Samsung Gallery\Android\media\com.whatsapp\WhatsApp\Media\WhatsApp Images\IMG-20190830-WA0029.jpg","IMG-20190830-WA0029.jpg","226810","4199968"
"C:\Users\flier\OneDrive\תמונות\Samsung Gallery\Android\media\com.whatsapp\WhatsApp\Media\WhatsApp Images\IMG-20190830-WA0030.jpg","IMG-20190830-WA0030.jpg","225688","4199968"
"C:\Users\flier\OneDrive\תמונות\Samsung Gallery\Android\media\com.whatsapp\WhatsApp\Media\WhatsApp Images\IMG-20190830-WA0031.jpg","IMG-20190830-WA0031.jpg","95741","4199968"
"C:\Users\flier\OneDrive\תמונות\Samsung Gallery\Android\media\com.whatsapp\WhatsApp\Media\WhatsApp Images\IMG-20190831-WA0000.jpg","IMG-20190831-WA0000.jpg","184269","4199968"
"C:\Users\flier\OneDrive\תמונות\Samsung Gallery\Android\media\com.whatsapp\WhatsApp\Media\WhatsApp Images\IMG-20190831-WA0001.jpg","IMG-20190831-WA0001.jpg","243245","4199968"
"C:\Users\flier\OneDrive\תמונות\Samsung Gallery\Android\media\com.whatsapp\WhatsApp\Media\WhatsApp Images\IMG-20190831-WA0002.jpg","IMG-20190831-WA0002.jpg","214271","4199968"
"C:\Users\flier\OneDrive\תמונות\Samsung Gallery\Android\media\com.whatsapp\WhatsApp\Media\WhatsApp Images\IMG-20190831-WA0003.jpg","IMG-20190831-WA0003.jpg","152265","4199968"
"C:\Users\flier\OneDrive\תמונות\Samsung Gallery\Android\media\com.whatsapp\WhatsApp\Media\WhatsApp Images\IMG-20190831-WA0004.jpg","IMG-20190831-WA0004.jpg","136409","4199968"
"C:\Users\flier\OneDrive\תמונות\Samsung Gallery\Android\media\com.whatsapp\WhatsApp\Media\WhatsApp Images\IMG-20190831-WA0005.jpg","IMG-20190831-WA0005.jpg","215641","4199968"
"C:\Users\flier\OneDrive\תמונות\Samsung Gallery\Android\media\com.whatsapp\WhatsApp\Media\WhatsApp Images\IMG-20190831-WA0006.jpg","IMG-20190831-WA0006.jpg","252144","4199968"
"C:\Users\flier\OneDrive\תמונות\Samsung Gallery\Android\media\com.whatsapp\WhatsApp\Media\WhatsApp Images\IMG-20190831-WA0007.jpg","IMG-20190831-WA0007.jpg","236130","4199968"
"C:\Users\flier\OneDrive\תמונות\Samsung Gallery\Android\media\com.whatsapp\WhatsApp\Media\WhatsApp Images\IMG-20190831-WA0008.jpg","IMG-20190831-WA0008.jpg","280977","4199968"
"C:\Users\flier\OneDrive\תמונות\Samsung Gallery\Android\media\com.whatsapp\WhatsApp\Media\WhatsApp Images\IMG-20190831-WA0009.jpg","IMG-20190831-WA0009.jpg","188772","4199968"
"C:\Users\flier\OneDrive\תמונות\Samsung Gallery\Android\media\com.whatsapp\WhatsApp\Media\WhatsApp Images\IMG-20190831-WA0010.jpg","IMG-20190831-WA0010.jpg","186112","4199968"
"C:\Users\flier\OneDrive\תמונות\Samsung Gallery\Android\media\com.whatsapp\WhatsApp\Media\WhatsApp Images\IMG-20190831-WA0011.jpg","IMG-20190831-WA0011.jpg","49888","4199968"
"C:\Users\flier\OneDrive\תמונות\Samsung Gallery\Android\media\com.whatsapp\WhatsApp\Media\WhatsApp Images\IMG-20190901-WA0002.jpg","IMG-20190901-WA0002.jpg","201055","4199968"
"C:\Users\flier\OneDrive\תמונות\Samsung Gallery\Android\media\com.whatsapp\WhatsApp\Media\WhatsApp Images\IMG-20190901-WA0004.jpg","IMG-20190901-WA0004.jpg","236130","4199968"
"C:\Users\flier\OneDrive\תמונות\Samsung Gallery\Android\media\com.whatsapp\WhatsApp\Media\WhatsApp Images\IMG-20190901-WA0011.jpg","IMG-20190901-WA0011.jpg","155207","4199968"
"C:\Users\flier\OneDrive\תמונות\Samsung Gallery\Android\media\com.whatsapp\WhatsApp\Media\WhatsApp Images\IMG-20190902-WA0012.jpg","IMG-20190902-WA0012.jpg","119224","4199968"
"C:\Users\flier\OneDrive\תמונות\Samsung Gallery\Android\media\com.whatsapp\WhatsApp\Media\WhatsApp Images\IMG-20190902-WA0015.jpg","IMG-20190902-WA0015.jpg","333757","4199968"
"C:\Users\flier\OneDrive\תמונות\Samsung Gallery\Android\media\com.whatsapp\WhatsApp\Media\WhatsApp Images\IMG-20190903-WA0000.jpg","IMG-20190903-WA0000.jpg","248113","4199968"
"C:\Users\flier\OneDrive\תמונות\Samsung Gallery\Android\media\com.whatsapp\WhatsApp\Media\WhatsApp Images\IMG-20190903-WA0001.jpg","IMG-20190903-WA0001.jpg","115130","4199968"
"C:\Users\flier\OneDrive\תמונות\Samsung Gallery\Android\media\com.whatsapp\WhatsApp\Media\WhatsApp Images\IMG-20190903-WA0002.jpg","IMG-20190903-WA0002.jpg","128400","4199968"
"C:\Users\flier\OneDrive\תמונות\Samsung Gallery\Android\media\com.whatsapp\WhatsApp\Media\WhatsApp Images\IMG-20190903-WA0003.jpg","IMG-20190903-WA0003.jpg","287934","4199968"
"C:\Users\flier\OneDrive\תמונות\Samsung Gallery\Android\media\com.whatsapp\WhatsApp\Media\WhatsApp Images\IMG-20190903-WA0004.jpg","IMG-20190903-WA0004.jpg","296940","4199968"
"C:\Users\flier\OneDrive\תמונות\Samsung Gallery\Android\media\com.whatsapp\WhatsApp\Media\WhatsApp Images\IMG-20190903-WA0005.jpg","IMG-20190903-WA0005.jpg","147356","4199968"
"C:\Users\flier\OneDrive\תמונות\Samsung Gallery\Android\media\com.whatsapp\WhatsApp\Media\WhatsApp Images\IMG-20190903-WA0006.jpg","IMG-20190903-WA0006.jpg","173602","4199968"
"C:\Users\flier\OneDrive\תמונות\Samsung Gallery\Android\media\com.whatsapp\WhatsApp\Media\WhatsApp Images\IMG-20190903-WA0007.jpg","IMG-20190903-WA0007.jpg","159310","4199968"
"C:\Users\flier\OneDrive\תמונות\Samsung Gallery\Android\media\com.whatsapp\WhatsApp\Media\WhatsApp Images\IMG-20190903-WA0008.jpg","IMG-20190903-WA0008.jpg","102396","4199968"
"C:\Users\flier\OneDrive\תמונות\Samsung Gallery\Android\media\com.whatsapp\WhatsApp\Media\WhatsApp Images\IMG-20190903-WA0009.jpg","IMG-20190903-WA0009.jpg","274922","4199968"
"C:\Users\flier\OneDrive\תמונות\Samsung Gallery\Android\media\com.whatsapp\WhatsApp\Media\WhatsApp Images\IMG-20190904-WA0002.jpg","IMG-20190904-WA0002.jpg","104429","4199968"
"C:\Users\flier\OneDrive\תמונות\Samsung Gallery\Android\media\com.whatsapp\WhatsApp\Media\WhatsApp Images\IMG-20190904-WA0006.jpg","IMG-20190904-WA0006.jpg","166889","4199968"
"C:\Users\flier\OneDrive\תמונות\Samsung Gallery\Android\media\com.whatsapp\WhatsApp\Media\WhatsApp Images\IMG-20190905-WA0000.jpg","IMG-20190905-WA0000.jpg","30826","4199968"
"C:\Users\flier\OneDrive\תמונות\Samsung Gallery\Android\media\com.whatsapp\WhatsApp\Media\WhatsApp Images\IMG-20190905-WA0001.jpg","IMG-20190905-WA0001.jpg","91775","4199968"
"C:\Users\flier\OneDrive\תמונות\Samsung Gallery\Android\media\com.whatsapp\WhatsApp\Media\WhatsApp Images\IMG-20190905-WA0005.jpg","IMG-20190905-WA0005.jpg","62059","4199968"
"C:\Users\flier\OneDrive\תמונות\Samsung Gallery\Android\media\com.whatsapp\WhatsApp\Media\WhatsApp Images\IMG-20190906-WA0001.jpg","IMG-20190906-WA0001.jpg","126261","4199968"
"C:\Users\flier\OneDrive\תמונות\Samsung Gallery\Android\media\com.whatsapp\WhatsApp\Media\WhatsApp Images\IMG-20190906-WA0003.jpg","IMG-20190906-WA0003.jpg","142232","4199968"
"C:\Users\flier\OneDrive\תמונות\Samsung Gallery\Android\media\com.whatsapp\WhatsApp\Media\WhatsApp Images\IMG-20190906-WA0004.jpg","IMG-20190906-WA0004.jpg","84266","4199968"
"C:\Users\flier\OneDrive\תמונות\Samsung Gallery\Android\media\com.whatsapp\WhatsApp\Media\WhatsApp Images\IMG-20190906-WA0006.jpg","IMG-20190906-WA0006.jpg","565359","4199968"
"C:\Users\flier\OneDrive\תמונות\Samsung Gallery\Android\media\com.whatsapp\WhatsApp\Media\WhatsApp Images\IMG-20190907-WA0000.jpg","IMG-20190907-WA0000.jpg","408647","4199968"
"C:\Users\flier\OneDrive\תמונות\Samsung Gallery\Android\media\com.whatsapp\WhatsApp\Media\WhatsApp Images\IMG-20190907-WA0001.jpg","IMG-20190907-WA0001.jpg","481269","4199968"
"C:\Users\flier\OneDrive\תמונות\Samsung Gallery\Android\media\com.whatsapp\WhatsApp\Media\WhatsApp Images\IMG-20190908-WA0000.jpg","IMG-20190908-WA0000.jpg","117152","4199968"
"C:\Users\flier\OneDrive\תמונות\Samsung Gallery\Android\media\com.whatsapp\WhatsApp\Media\WhatsApp Images\IMG-20190908-WA0001.jpg","IMG-20190908-WA0001.jpg","91286","4199968"
"C:\Users\flier\OneDrive\תמונות\Samsung Gallery\Android\media\com.whatsapp\WhatsApp\Media\WhatsApp Images\IMG-20190909-WA0000.jpg","IMG-20190909-WA0000.jpg","61557","4199968"
"C:\Users\flier\OneDrive\תמונות\Samsung Gallery\Android\media\com.whatsapp\WhatsApp\Media\WhatsApp Images\IMG-20190909-WA0001.jpg","IMG-20190909-WA0001.jpg","30075","4199968"
"C:\Users\flier\OneDrive\תמונות\Samsung Gallery\Android\media\com.whatsapp\WhatsApp\Media\WhatsApp Images\IMG-20190910-WA0002.jpg","IMG-20190910-WA0002.jpg","112390","4199968"
"C:\Users\flier\OneDrive\תמונות\Samsung Gallery\Android\media\com.whatsapp\WhatsApp\Media\WhatsApp Images\IMG-20190911-WA0002.jpg","IMG-20190911-WA0002.jpg","128505","4199968"
"C:\Users\flier\OneDrive\תמונות\Samsung Gallery\Android\media\com.whatsapp\WhatsApp\Media\WhatsApp Images\IMG-20190911-WA0003.jpg","IMG-20190911-WA0003.jpg","120882","4199968"
"C:\Users\flier\OneDrive\תמונות\Samsung Gallery\Android\media\com.whatsapp\WhatsApp\Media\WhatsApp Images\IMG-20190912-WA0000.jpg","IMG-20190912-WA0000.jpg","68690","4199968"
"C:\Users\flier\OneDrive\תמונות\Samsung Gallery\Android\media\com.whatsapp\WhatsApp\Media\WhatsApp Images\IMG-20190912-WA0002.jpg","IMG-20190912-WA0002.jpg","28078","4199968"
"C:\Users\flier\OneDrive\תמונות\Samsung Gallery\Android\media\com.whatsapp\WhatsApp\Media\WhatsApp Images\IMG-20190913-WA0001.jpg","IMG-20190913-WA0001.jpg","87263","4199968"
"C:\Users\flier\OneDrive\תמונות\Samsung Gallery\Android\media\com.whatsapp\WhatsApp\Media\WhatsApp Images\IMG-20190913-WA0002.jpg","IMG-20190913-WA0002.jpg","159103","4199968"
"C:\Users\flier\OneDrive\תמונות\Samsung Gallery\Android\media\com.whatsapp\WhatsApp\Media\WhatsApp Images\IMG-20190913-WA0003.jpg","IMG-20190913-WA0003.jpg","183368","4199968"
"C:\Users\flier\OneDrive\תמונות\Samsung Gallery\Android\media\com.whatsapp\WhatsApp\Media\WhatsApp Images\IMG-20190913-WA0004.jpg","IMG-20190913-WA0004.jpg","166410","4199968"
"C:\Users\flier\OneDrive\תמונות\Samsung Gallery\Android\media\com.whatsapp\WhatsApp\Media\WhatsApp Images\IMG-20190913-WA0005.jpg","IMG-20190913-WA0005.jpg","192203","4199968"
"C:\Users\flier\OneDrive\תמונות\Samsung Gallery\Android\media\com.whatsapp\WhatsApp\Media\WhatsApp Images\IMG-20190915-WA0003.jpg","IMG-20190915-WA0003.jpg","59037","4199968"
"C:\Users\flier\OneDrive\תמונות\Samsung Gallery\Android\media\com.whatsapp\WhatsApp\Media\WhatsApp Images\IMG-20190915-WA0004.jpg","IMG-20190915-WA0004.jpg","378236","4199968"
"C:\Users\flier\OneDrive\תמונות\Samsung Gallery\Android\media\com.whatsapp\WhatsApp\Media\WhatsApp Images\IMG-20190916-WA0000.jpg","IMG-20190916-WA0000.jpg","156193","4199968"
"C:\Users\flier\OneDrive\תמונות\Samsung Gallery\Android\media\com.whatsapp\WhatsApp\Media\WhatsApp Images\IMG-20190916-WA0001.jpg","IMG-20190916-WA0001.jpg","144122","4199968"
"C:\Users\flier\OneDrive\תמונות\Samsung Gallery\Android\media\com.whatsapp\WhatsApp\Media\WhatsApp Images\IMG-20190916-WA0003.jpg","IMG-20190916-WA0003.jpg","117454","4199968"
"C:\Users\flier\OneDrive\תמונות\Samsung Gallery\Android\media\com.whatsapp\WhatsApp\Media\WhatsApp Images\IMG-20190916-WA0004.jpg","IMG-20190916-WA0004.jpg","207638","4199968"
"C:\Users\flier\OneDrive\תמונות\Samsung Gallery\Android\media\com.whatsapp\WhatsApp\Media\WhatsApp Images\IMG-20190916-WA0005.jpg","IMG-20190916-WA0005.jpg","64281","4199968"
"C:\Users\flier\OneDrive\תמונות\Samsung Gallery\Android\media\com.whatsapp\WhatsApp\Media\WhatsApp Images\IMG-20190916-WA0006.jpg","IMG-20190916-WA0006.jpg","91010","4199968"
"C:\Users\flier\OneDrive\תמונות\Samsung Gallery\Android\media\com.whatsapp\WhatsApp\Media\WhatsApp Images\IMG-20190917-WA0000.jpg","IMG-20190917-WA0000.jpg","137119","4199968"
"C:\Users\flier\OneDrive\תמונות\Samsung Gallery\Android\media\com.whatsapp\WhatsApp\Media\WhatsApp Images\IMG-20190917-WA0001.jpg","IMG-20190917-WA0001.jpg","114872","4199968"
"C:\Users\flier\OneDrive\תמונות\Samsung Gallery\Android\media\com.whatsapp\WhatsApp\Media\WhatsApp Images\IMG-20190917-WA0003.jpg","IMG-20190917-WA0003.jpg","134668","4199968"
"C:\Users\flier\OneDrive\תמונות\Samsung Gallery\Android\media\com.whatsapp\WhatsApp\Media\WhatsApp Images\IMG-20190917-WA0006.jpg","IMG-20190917-WA0006.jpg","70493","4199968"
"C:\Users\flier\OneDrive\תמונות\Samsung Gallery\Android\media\com.whatsapp\WhatsApp\Media\WhatsApp Images\IMG-20190917-WA0007.jpg","IMG-20190917-WA0007.jpg","134185","4199968"
"C:\Users\flier\OneDrive\תמונות\Samsung Gallery\Android\media\com.whatsapp\WhatsApp\Media\WhatsApp Images\IMG-20190917-WA0008.jpg","IMG-20190917-WA0008.jpg","137084","4199968"
"C:\Users\flier\OneDrive\תמונות\Samsung Gallery\Android\media\com.whatsapp\WhatsApp\Media\WhatsApp Images\IMG-20190917-WA0009.jpg","IMG-20190917-WA0009.jpg","151305","4199968"
"C:\Users\flier\OneDrive\תמונות\Samsung Gallery\Android\media\com.whatsapp\WhatsApp\Media\WhatsApp Images\IMG-20190917-WA0010.jpg","IMG-20190917-WA0010.jpg","144317","4199968"
"C:\Users\flier\OneDrive\תמונות\Samsung Gallery\Android\media\com.whatsapp\WhatsApp\Media\WhatsApp Images\IMG-20190917-WA0011.jpg","IMG-20190917-WA0011.jpg","150325","4199968"
"C:\Users\flier\OneDrive\תמונות\Samsung Gallery\Android\media\com.whatsapp\WhatsApp\Media\WhatsApp Images\IMG-20190917-WA0012.jpg","IMG-20190917-WA0012.jpg","141748","4199968"
"C:\Users\flier\OneDrive\תמונות\Samsung Gallery\Android\media\com.whatsapp\WhatsApp\Media\WhatsApp Images\IMG-20190917-WA0013.jpg","IMG-20190917-WA0013.jpg","123997","4199968"
"C:\Users\flier\OneDrive\תמונות\Samsung Gallery\Android\media\com.whatsapp\WhatsApp\Media\WhatsApp Images\IMG-20190917-WA0014.jpg","IMG-20190917-WA0014.jpg","135204","4199968"
"C:\Users\flier\OneDrive\תמונות\Samsung Gallery\Android\media\com.whatsapp\WhatsApp\Media\WhatsApp Images\IMG-20190917-WA0015.jpg","IMG-20190917-WA0015.jpg","135123","4199968"
"C:\Users\flier\OneDrive\תמונות\Samsung Gallery\Android\media\com.whatsapp\WhatsApp\Media\WhatsApp Images\IMG-20190917-WA0016.jpg","IMG-20190917-WA0016.jpg","125135","4199968"
"C:\Users\flier\OneDrive\תמונות\Samsung Gallery\Android\media\com.whatsapp\WhatsApp\Media\WhatsApp Images\IMG-20190917-WA0017.jpg","IMG-20190917-WA0017.jpg","114663","4199968"
"C:\Users\flier\OneDrive\תמונות\Samsung Gallery\Android\media\com.whatsapp\WhatsApp\Media\WhatsApp Images\IMG-20190917-WA0018.jpg","IMG-20190917-WA0018.jpg","124650","4199968"
"C:\Users\flier\OneDrive\תמונות\Samsung Gallery\Android\media\com.whatsapp\WhatsApp\Media\WhatsApp Images\IMG-20190917-WA0019.jpg","IMG-20190917-WA0019.jpg","146997","4199968"
"C:\Users\flier\OneDrive\תמונות\Samsung Gallery\Android\media\com.whatsapp\WhatsApp\Media\WhatsApp Images\IMG-20190917-WA0020.jpg","IMG-20190917-WA0020.jpg","134233","4199968"
"C:\Users\flier\OneDrive\תמונות\Samsung Gallery\Android\media\com.whatsapp\WhatsApp\Media\WhatsApp Images\IMG-20190917-WA0021.jpg","IMG-20190917-WA0021.jpg","132420","4199968"
"C:\Users\flier\OneDrive\תמונות\Samsung Gallery\Android\media\com.whatsapp\WhatsApp\Media\WhatsApp Images\IMG-20190917-WA0022.jpg","IMG-20190917-WA0022.jpg","129160","4199968"
"C:\Users\flier\OneDrive\תמונות\Samsung Gallery\Android\media\com.whatsapp\WhatsApp\Media\WhatsApp Images\IMG-20190917-WA0023.jpg","IMG-20190917-WA0023.jpg","138736","4199968"
"C:\Users\flier\OneDrive\תמונות\Samsung Gallery\Android\media\com.whatsapp\WhatsApp\Media\WhatsApp Images\IMG-20190917-WA0024.jpg","IMG-20190917-WA0024.jpg","201759","4199968"
"C:\Users\flier\OneDrive\תמונות\Samsung Gallery\Android\media\com.whatsapp\WhatsApp\Media\WhatsApp Images\IMG-20190918-WA0000.jpg","IMG-20190918-WA0000.jpg","227554","4199968"
"C:\Users\flier\OneDrive\תמונות\Samsung Gallery\Android\media\com.whatsapp\WhatsApp\Media\WhatsApp Images\IMG-20190918-WA0001.jpg","IMG-20190918-WA0001.jpg","185273","4199968"
"C:\Users\flier\OneDrive\תמונות\Samsung Gallery\Android\media\com.whatsapp\WhatsApp\Media\WhatsApp Images\IMG-20190919-WA0000.jpg","IMG-20190919-WA0000.jpg","65589","4199968"
"C:\Users\flier\OneDrive\תמונות\Samsung Gallery\Android\media\com.whatsapp\WhatsApp\Media\WhatsApp Images\IMG-20190919-WA0001.jpg","IMG-20190919-WA0001.jpg","120710","4199968"
"C:\Users\flier\OneDrive\תמונות\Samsung Gallery\Android\media\com.whatsapp\WhatsApp\Media\WhatsApp Images\IMG-20190919-WA0003.jpg","IMG-20190919-WA0003.jpg","59321","4199968"
"C:\Users\flier\OneDrive\תמונות\Samsung Gallery\Android\media\com.whatsapp\WhatsApp\Media\WhatsApp Images\IMG-20190919-WA0007.jpg","IMG-20190919-WA0007.jpg","193083","4199968"
"C:\Users\flier\OneDrive\תמונות\Samsung Gallery\Android\media\com.whatsapp\WhatsApp\Media\WhatsApp Images\IMG-20190919-WA0008.jpg","IMG-20190919-WA0008.jpg","216185","4199968"
"C:\Users\flier\OneDrive\תמונות\Samsung Gallery\Android\media\com.whatsapp\WhatsApp\Media\WhatsApp Images\IMG-20190919-WA0010.jpg","IMG-20190919-WA0010.jpg","279727","4199968"
"C:\Users\flier\OneDrive\תמונות\Samsung Gallery\Android\media\com.whatsapp\WhatsApp\Media\WhatsApp Images\IMG-20190920-WA0000.jpg","IMG-20190920-WA0000.jpg","127868","4199968"
"C:\Users\flier\OneDrive\תמונות\Samsung Gallery\Android\media\com.whatsapp\WhatsApp\Media\WhatsApp Images\IMG-20190920-WA0002.jpeg","IMG-20190920-WA0002.jpeg","2396563","4199968"
"C:\Users\flier\OneDrive\תמונות\Samsung Gallery\Android\media\com.whatsapp\WhatsApp\Media\WhatsApp Images\IMG-20190920-WA0009.jpg","IMG-20190920-WA0009.jpg","304053","4199968"
"C:\Users\flier\OneDrive\תמונות\Samsung Gallery\Android\media\com.whatsapp\WhatsApp\Media\WhatsApp Images\IMG-20190920-WA0010.jpg","IMG-20190920-WA0010.jpg","304053","4199968"
"C:\Users\flier\OneDrive\תמונות\Samsung Gallery\Android\media\com.whatsapp\WhatsApp\Media\WhatsApp Images\IMG-20190921-WA0000.jpg","IMG-20190921-WA0000.jpg","50086","4199968"
"C:\Users\flier\OneDrive\תמונות\Samsung Gallery\Android\media\com.whatsapp\WhatsApp\Media\WhatsApp Images\IMG-20190921-WA0001.jpg","IMG-20190921-WA0001.jpg","99450","4199968"
"C:\Users\flier\OneDrive\תמונות\Samsung Gallery\Android\media\com.whatsapp\WhatsApp\Media\WhatsApp Images\IMG-20190921-WA0002.jpg","IMG-20190921-WA0002.jpg","209531","4199968"
"C:\Users\flier\OneDrive\תמונות\Samsung Gallery\Android\media\com.whatsapp\WhatsApp\Media\WhatsApp Images\IMG-20190921-WA0003.jpg","IMG-20190921-WA0003.jpg","121512","4199968"
"C:\Users\flier\OneDrive\תמונות\Samsung Gallery\Android\media\com.whatsapp\WhatsApp\Media\WhatsApp Images\IMG-20190921-WA0004.jpg","IMG-20190921-WA0004.jpg","45184","4199968"
"C:\Users\flier\OneDrive\תמונות\Samsung Gallery\Android\media\com.whatsapp\WhatsApp\Media\WhatsApp Images\IMG-20190921-WA0005.jpg","IMG-20190921-WA0005.jpg","65884","4199968"
"C:\Users\flier\OneDrive\תמונות\Samsung Gallery\Android\media\com.whatsapp\WhatsApp\Media\WhatsApp Images\IMG-20190921-WA0006.jpg","IMG-20190921-WA0006.jpg","266662","4199968"
"C:\Users\flier\OneDrive\תמונות\Samsung Gallery\Android\media\com.whatsapp\WhatsApp\Media\WhatsApp Images\IMG-20190921-WA0007.jpg","IMG-20190921-WA0007.jpg","268744","4199968"
"C:\Users\flier\OneDrive\תמונות\Samsung Gallery\Android\media\com.whatsapp\WhatsApp\Media\WhatsApp Images\IMG-20190921-WA0008.jpg","IMG-20190921-WA0008.jpg","333925","4199968"
"C:\Users\flier\OneDrive\תמונות\Samsung Gallery\Android\media\com.whatsapp\WhatsApp\Media\WhatsApp Images\IMG-20190921-WA0009.jpg","IMG-20190921-WA0009.jpg","301256","4199968"
"C:\Users\flier\OneDrive\תמונות\Samsung Gallery\Android\media\com.whatsapp\WhatsApp\Media\WhatsApp Images\IMG-20190921-WA0010.jpg","IMG-20190921-WA0010.jpg","189506","4199968"
"C:\Users\flier\OneDrive\תמונות\Samsung Gallery\Android\media\com.whatsapp\WhatsApp\Media\WhatsApp Images\IMG-20190921-WA0011.jpg","IMG-20190921-WA0011.jpg","263726","4199968"
"C:\Users\flier\OneDrive\תמונות\Samsung Gallery\Android\media\com.whatsapp\WhatsApp\Media\WhatsApp Images\IMG-20190921-WA0012.jpg","IMG-20190921-WA0012.jpg","156473","4199968"
"C:\Users\flier\OneDrive\תמונות\Samsung Gallery\Android\media\com.whatsapp\WhatsApp\Media\WhatsApp Images\IMG-20190921-WA0013.jpg","IMG-20190921-WA0013.jpg","167558","4199968"
"C:\Users\flier\OneDrive\תמונות\Samsung Gallery\Android\media\com.whatsapp\WhatsApp\Media\WhatsApp Images\IMG-20190921-WA0014.jpg","IMG-20190921-WA0014.jpg","141989","4199968"
"C:\Users\flier\OneDrive\תמונות\Samsung Gallery\Android\media\com.whatsapp\WhatsApp\Media\WhatsApp Images\IMG-20190921-WA0015.jpg","IMG-20190921-WA0015.jpg","148993","4199968"
"C:\Users\flier\OneDrive\תמונות\Samsung Gallery\Android\media\com.whatsapp\WhatsApp\Media\WhatsApp Images\IMG-20190921-WA0016.jpg","IMG-20190921-WA0016.jpg","163396","4199968"
"C:\Users\flier\OneDrive\תמונות\Samsung Gallery\Android\media\com.whatsapp\WhatsApp\Media\WhatsApp Images\IMG-20190921-WA0017.jpg","IMG-20190921-WA0017.jpg","160606","4199968"
"C:\Users\flier\OneDrive\תמונות\Samsung Gallery\Android\media\com.whatsapp\WhatsApp\Media\WhatsApp Images\IMG-20190921-WA0018.jpg","IMG-20190921-WA0018.jpg","183279","4199968"
"C:\Users\flier\OneDrive\תמונות\Samsung Gallery\Android\media\com.whatsapp\WhatsApp\Media\WhatsApp Images\IMG-20190921-WA0019.jpg","IMG-20190921-WA0019.jpg","358811","4199968"
"C:\Users\flier\OneDrive\תמונות\Samsung Gallery\Android\media\com.whatsapp\WhatsApp\Media\WhatsApp Images\IMG-20190921-WA0020.jpg","IMG-20190921-WA0020.jpg","395852","4199968"
"C:\Users\flier\OneDrive\תמונות\Samsung Gallery\Android\media\com.whatsapp\WhatsApp\Media\WhatsApp Images\IMG-20190921-WA0021.jpg","IMG-20190921-WA0021.jpg","396794","4199968"
"C:\Users\flier\OneDrive\תמונות\Samsung Gallery\Android\media\com.whatsapp\WhatsApp\Media\WhatsApp Images\IMG-20190921-WA0022.jpg","IMG-20190921-WA0022.jpg","395979","4199968"
"C:\Users\flier\OneDrive\תמונות\Samsung Gallery\Android\media\com.whatsapp\WhatsApp\Media\WhatsApp Images\IMG-20190921-WA0023.jpg","IMG-20190921-WA0023.jpg","355406","4199968"
"C:\Users\flier\OneDrive\תמונות\Samsung Gallery\Android\media\com.whatsapp\WhatsApp\Media\WhatsApp Images\IMG-20190921-WA0025.jpg","IMG-20190921-WA0025.jpg","398066","4199968"
"C:\Users\flier\OneDrive\תמונות\Samsung Gallery\Android\media\com.whatsapp\WhatsApp\Media\WhatsApp Images\IMG-20190923-WA0000.jpeg","IMG-20190923-WA0000.jpeg","3826937","4199968"
"C:\Users\flier\OneDrive\תמונות\Samsung Gallery\Android\media\com.whatsapp\WhatsApp\Media\WhatsApp Images\IMG-20190923-WA0004.jpg","IMG-20190923-WA0004.jpg","32616","4199968"
"C:\Users\flier\OneDrive\תמונות\Samsung Gallery\Android\media\com.whatsapp\WhatsApp\Media\WhatsApp Images\IMG-20190924-WA0002.jpg","IMG-20190924-WA0002.jpg","195746","4199968"
"C:\Users\flier\OneDrive\תמונות\Samsung Gallery\Android\media\com.whatsapp\WhatsApp\Media\WhatsApp Images\IMG-20190925-WA0001.jpg","IMG-20190925-WA0001.jpg","86937","4199968"
"C:\Users\flier\OneDrive\תמונות\Samsung Gallery\Android\media\com.whatsapp\WhatsApp\Media\WhatsApp Images\IMG-20190926-WA0001.jpg","IMG-20190926-WA0001.jpg","106636","4199968"
"C:\Users\flier\OneDrive\תמונות\Samsung Gallery\Android\media\com.whatsapp\WhatsApp\Media\WhatsApp Images\IMG-20190926-WA0003.jpg","IMG-20190926-WA0003.jpg","116260","4199968"
"C:\Users\flier\OneDrive\תמונות\Samsung Gallery\Android\media\com.whatsapp\WhatsApp\Media\WhatsApp Images\IMG-20190926-WA0004.jpg","IMG-20190926-WA0004.jpg","118881","4199968"
"C:\Users\flier\OneDrive\תמונות\Samsung Gallery\Android\media\com.whatsapp\WhatsApp\Media\WhatsApp Images\IMG-20190926-WA0006.jpg","IMG-20190926-WA0006.jpg","151451","4199968"
"C:\Users\flier\OneDrive\תמונות\Samsung Gallery\Android\media\com.whatsapp\WhatsApp\Media\WhatsApp Images\IMG-20190927-WA0000.jpg","IMG-20190927-WA0000.jpg","105508","4199968"
"C:\Users\flier\OneDrive\תמונות\Samsung Gallery\Android\media\com.whatsapp\WhatsApp\Media\WhatsApp Images\IMG-20190927-WA0001.jpg","IMG-20190927-WA0001.jpg","110315","4199968"
"C:\Users\flier\OneDrive\תמונות\Samsung Gallery\Android\media\com.whatsapp\WhatsApp\Media\WhatsApp Images\IMG-20190927-WA0005.jpg","IMG-20190927-WA0005.jpg","117416","4199968"
"C:\Users\flier\OneDrive\תמונות\Samsung Gallery\Android\media\com.whatsapp\WhatsApp\Media\WhatsApp Images\IMG-20190928-WA0002.jpg","IMG-20190928-WA0002.jpg","309469","4199968"
"C:\Users\flier\OneDrive\תמונות\Samsung Gallery\Android\media\com.whatsapp\WhatsApp\Media\WhatsApp Images\IMG-20190929-WA0000.jpg","IMG-20190929-WA0000.jpg","42771","4199968"
"C:\Users\flier\OneDrive\תמונות\Samsung Gallery\Android\media\com.whatsapp\WhatsApp\Media\WhatsApp Images\IMG-20190929-WA0001.jpg","IMG-20190929-WA0001.jpg","229622","4199968"
"C:\Users\flier\OneDrive\תמונות\Samsung Gallery\Android\media\com.whatsapp\WhatsApp\Media\WhatsApp Images\IMG-20190929-WA0010.jpg","IMG-20190929-WA0010.jpg","292035","4199968"
"C:\Users\flier\OneDrive\תמונות\Samsung Gallery\Android\media\com.whatsapp\WhatsApp\Media\WhatsApp Images\IMG-20190929-WA0012.jpg","IMG-20190929-WA0012.jpg","122631","4199968"
"C:\Users\flier\OneDrive\תמונות\Samsung Gallery\Android\media\com.whatsapp\WhatsApp\Media\WhatsApp Images\IMG-20190930-WA0000.jpg","IMG-20190930-WA0000.jpg","115018","4199968"
"C:\Users\flier\OneDrive\תמונות\Samsung Gallery\Android\media\com.whatsapp\WhatsApp\Media\WhatsApp Images\IMG-20190930-WA0001.jpg","IMG-20190930-WA0001.jpg","274117","4199968"
"C:\Users\flier\OneDrive\תמונות\Samsung Gallery\Android\media\com.whatsapp\WhatsApp\Media\WhatsApp Images\IMG-20190930-WA0002.jpeg","IMG-20190930-WA0002.jpeg","4151787","4199968"
"C:\Users\flier\OneDrive\תמונות\Samsung Gallery\Android\media\com.whatsapp\WhatsApp\Media\WhatsApp Images\IMG-20190930-WA0004.jpeg","IMG-20190930-WA0004.jpeg","5035833","4199968"
"C:\Users\flier\OneDrive\תמונות\Samsung Gallery\Android\media\com.whatsapp\WhatsApp\Media\WhatsApp Images\IMG-20190930-WA0006.jpg","IMG-20190930-WA0006.jpg","281526","4199968"
"C:\Users\flier\OneDrive\תמונות\Samsung Gallery\Android\media\com.whatsapp\WhatsApp\Media\WhatsApp Images\IMG-20190930-WA0007.jpg","IMG-20190930-WA0007.jpg","69333","4199968"
"C:\Users\flier\OneDrive\תמונות\Samsung Gallery\Android\media\com.whatsapp\WhatsApp\Media\WhatsApp Images\IMG-20190930-WA0008.jpg","IMG-20190930-WA0008.jpg","274183","4199968"
"C:\Users\flier\OneDrive\תמונות\Samsung Gallery\Android\media\com.whatsapp\WhatsApp\Media\WhatsApp Images\IMG-20190930-WA0009.jpg","IMG-20190930-WA0009.jpg","174545","4199968"
"C:\Users\flier\OneDrive\תמונות\Samsung Gallery\Android\media\com.whatsapp\WhatsApp\Media\WhatsApp Images\IMG-20190930-WA0010.jpg","IMG-20190930-WA0010.jpg","194624","4199968"
"C:\Users\flier\OneDrive\תמונות\Samsung Gallery\Android\media\com.whatsapp\WhatsApp\Media\WhatsApp Images\IMG-20191002-WA0002.jpg","IMG-20191002-WA0002.jpg","73704","4199968"
"C:\Users\flier\OneDrive\תמונות\Samsung Gallery\Android\media\com.whatsapp\WhatsApp\Media\WhatsApp Images\IMG-20191002-WA0010.jpg","IMG-20191002-WA0010.jpg","84933","4199968"
"C:\Users\flier\OneDrive\תמונות\Samsung Gallery\Android\media\com.whatsapp\WhatsApp\Media\WhatsApp Images\IMG-20191002-WA0015.jpg","IMG-20191002-WA0015.jpg","35652","4199968"
"C:\Users\flier\OneDrive\תמונות\Samsung Gallery\Android\media\com.whatsapp\WhatsApp\Media\WhatsApp Images\IMG-20191002-WA0017.jpg","IMG-20191002-WA0017.jpg","37018","4199968"
"C:\Users\flier\OneDrive\תמונות\Samsung Gallery\Android\media\com.whatsapp\WhatsApp\Media\WhatsApp Images\IMG-20191003-WA0005.jpg","IMG-20191003-WA0005.jpg","42727","4199968"
"C:\Users\flier\OneDrive\תמונות\Samsung Gallery\Android\media\com.whatsapp\WhatsApp\Media\WhatsApp Images\IMG-20191004-WA0000.jpg","IMG-20191004-WA0000.jpg","84656","4199968"
"C:\Users\flier\OneDrive\תמונות\Samsung Gallery\Android\media\com.whatsapp\WhatsApp\Media\WhatsApp Images\IMG-20191004-WA0003.jpg","IMG-20191004-WA0003.jpg","58277","4199968"
"C:\Users\flier\OneDrive\תמונות\Samsung Gallery\Android\media\com.whatsapp\WhatsApp\Media\WhatsApp Images\IMG-20191007-WA0002.jpg","IMG-20191007-WA0002.jpg","152897","4199968"
"C:\Users\flier\OneDrive\תמונות\Samsung Gallery\Android\media\com.whatsapp\WhatsApp\Media\WhatsApp Images\IMG-20191008-WA0000.jpg","IMG-20191008-WA0000.jpg","127890","4199968"
"C:\Users\flier\OneDrive\תמונות\Samsung Gallery\Android\media\com.whatsapp\WhatsApp\Media\WhatsApp Images\IMG-20191010-WA0002.jpeg","IMG-20191010-WA0002.jpeg","3658785","4199968"
"C:\Users\flier\OneDrive\תמונות\Samsung Gallery\Android\media\com.whatsapp\WhatsApp\Media\WhatsApp Images\IMG-20191010-WA0004.jpeg","IMG-20191010-WA0004.jpeg","3518724","4199968"
"C:\Users\flier\OneDrive\תמונות\Samsung Gallery\Android\media\com.whatsapp\WhatsApp\Media\WhatsApp Images\IMG-20191010-WA0006.jpg","IMG-20191010-WA0006.jpg","150252","4199968"
"C:\Users\flier\OneDrive\תמונות\Samsung Gallery\Android\media\com.whatsapp\WhatsApp\Media\WhatsApp Images\IMG-20191011-WA0018.jpg","IMG-20191011-WA0018.jpg","45645","4199968"
"C:\Users\flier\OneDrive\תמונות\Samsung Gallery\Android\media\com.whatsapp\WhatsApp\Media\WhatsApp Images\IMG-20191011-WA0023.jpg","IMG-20191011-WA0023.jpg","215731","4199968"
"C:\Users\flier\OneDrive\תמונות\Samsung Gallery\Android\media\com.whatsapp\WhatsApp\Media\WhatsApp Images\IMG-20191011-WA0024.jpg","IMG-20191011-WA0024.jpg","335639","4199968"
"C:\Users\flier\OneDrive\תמונות\Samsung Gallery\Android\media\com.whatsapp\WhatsApp\Media\WhatsApp Images\IMG-20191012-WA0002.jpg","IMG-20191012-WA0002.jpg","250238","4199968"
"C:\Users\flier\OneDrive\תמונות\Samsung Gallery\Android\media\com.whatsapp\WhatsApp\Media\WhatsApp Images\IMG-20191012-WA0004.jpg","IMG-20191012-WA0004.jpg","120857","4199968"
"C:\Users\flier\OneDrive\תמונות\Samsung Gallery\Android\media\com.whatsapp\WhatsApp\Media\WhatsApp Images\IMG-20191012-WA0005.jpg","IMG-20191012-WA0005.jpg","153753","4199968"
"C:\Users\flier\OneDrive\תמונות\Samsung Gallery\Android\media\com.whatsapp\WhatsApp\Media\WhatsApp Images\IMG-20191012-WA0006.jpg","IMG-20191012-WA0006.jpg","210206","4199968"
"C:\Users\flier\OneDrive\תמונות\Samsung Gallery\Android\media\com.whatsapp\WhatsApp\Media\WhatsApp Images\IMG-20191013-WA0002.jpg","IMG-20191013-WA0002.jpg","49816","4199968"
"C:\Users\flier\OneDrive\תמונות\Samsung Gallery\Android\media\com.whatsapp\WhatsApp\Media\WhatsApp Images\IMG-20191013-WA0008.jpg","IMG-20191013-WA0008.jpg","58431","4199968"
"C:\Users\flier\OneDrive\תמונות\Samsung Gallery\Android\media\com.whatsapp\WhatsApp\Media\WhatsApp Images\IMG-20191013-WA0009.jpg","IMG-20191013-WA0009.jpg","166530","4199968"
"C:\Users\flier\OneDrive\תמונות\Samsung Gallery\Android\media\com.whatsapp\WhatsApp\Media\WhatsApp Images\IMG-20191013-WA0010.jpg","IMG-20191013-WA0010.jpg","277094","4199968"
"C:\Users\flier\OneDrive\תמונות\Samsung Gallery\Android\media\com.whatsapp\WhatsApp\Media\WhatsApp Images\IMG-20191013-WA0025.jpg","IMG-20191013-WA0025.jpg","152411","4199968"
"C:\Users\flier\OneDrive\תמונות\Samsung Gallery\Android\media\com.whatsapp\WhatsApp\Media\WhatsApp Images\IMG-20191014-WA0000.jpg","IMG-20191014-WA0000.jpg","148468","4199968"
"C:\Users\flier\OneDrive\תמונות\Samsung Gallery\Android\media\com.whatsapp\WhatsApp\Media\WhatsApp Images\IMG-20191014-WA0001.jpg","IMG-20191014-WA0001.jpg","154588","4199968"
"C:\Users\flier\OneDrive\תמונות\Samsung Gallery\Android\media\com.whatsapp\WhatsApp\Media\WhatsApp Images\IMG-20191014-WA0002.jpg","IMG-20191014-WA0002.jpg","106682","4199968"
"C:\Users\flier\OneDrive\תמונות\Samsung Gallery\Android\media\com.whatsapp\WhatsApp\Media\WhatsApp Images\IMG-20191014-WA0004.jpg","IMG-20191014-WA0004.jpg","161708","4199968"
"C:\Users\flier\OneDrive\תמונות\Samsung Gallery\Android\media\com.whatsapp\WhatsApp\Media\WhatsApp Images\IMG-20191015-WA0000.jpg","IMG-20191015-WA0000.jpg","67132","4199968"
"C:\Users\flier\OneDrive\תמונות\Samsung Gallery\Android\media\com.whatsapp\WhatsApp\Media\WhatsApp Images\IMG-20191016-WA0002.jpg","IMG-20191016-WA0002.jpg","342547","4199968"
"C:\Users\flier\OneDrive\תמונות\Samsung Gallery\Android\media\com.whatsapp\WhatsApp\Media\WhatsApp Images\IMG-20191016-WA0003.jpg","IMG-20191016-WA0003.jpg","404248","4199968"
"C:\Users\flier\OneDrive\תמונות\Samsung Gallery\Android\media\com.whatsapp\WhatsApp\Media\WhatsApp Images\IMG-20191016-WA0004.jpg","IMG-20191016-WA0004.jpg","340963","4199968"
"C:\Users\flier\OneDrive\תמונות\Samsung Gallery\Android\media\com.whatsapp\WhatsApp\Media\WhatsApp Images\IMG-20191016-WA0005.jpg","IMG-20191016-WA0005.jpg","336503","4199968"
"C:\Users\flier\OneDrive\תמונות\Samsung Gallery\Android\media\com.whatsapp\WhatsApp\Media\WhatsApp Images\IMG-20191016-WA0006.jpg","IMG-20191016-WA0006.jpg","399834","4199968"
"C:\Users\flier\OneDrive\תמונות\Samsung Gallery\Android\media\com.whatsapp\WhatsApp\Media\WhatsApp Images\IMG-20191016-WA0007.jpg","IMG-20191016-WA0007.jpg","394180","4199968"
"C:\Users\flier\OneDrive\תמונות\Samsung Gallery\Android\media\com.whatsapp\WhatsApp\Media\WhatsApp Images\IMG-20191016-WA0008.jpg","IMG-20191016-WA0008.jpg","366640","4199968"
"C:\Users\flier\OneDrive\תמונות\Samsung Gallery\Android\media\com.whatsapp\WhatsApp\Media\WhatsApp Images\IMG-20191016-WA0009.jpg","IMG-20191016-WA0009.jpg","352493","4199968"
"C:\Users\flier\OneDrive\תמונות\Samsung Gallery\Android\media\com.whatsapp\WhatsApp\Media\WhatsApp Images\IMG-20191016-WA0010.jpg","IMG-20191016-WA0010.jpg","418249","4199968"
"C:\Users\flier\OneDrive\תמונות\Samsung Gallery\Android\media\com.whatsapp\WhatsApp\Media\WhatsApp Images\IMG-20191016-WA0011.jpg","IMG-20191016-WA0011.jpg","421813","4199968"
"C:\Users\flier\OneDrive\תמונות\Samsung Gallery\Android\media\com.whatsapp\WhatsApp\Media\WhatsApp Images\IMG-20191016-WA0012.jpg","IMG-20191016-WA0012.jpg","380673","4199968"
"C:\Users\flier\OneDrive\תמונות\Samsung Gallery\Android\media\com.whatsapp\WhatsApp\Media\WhatsApp Images\IMG-20191016-WA0013.jpg","IMG-20191016-WA0013.jpg","396314","4199968"
"C:\Users\flier\OneDrive\תמונות\Samsung Gallery\Android\media\com.whatsapp\WhatsApp\Media\WhatsApp Images\IMG-20191016-WA0014.jpg","IMG-20191016-WA0014.jpg","152323","4199968"
"C:\Users\flier\OneDrive\תמונות\Samsung Gallery\Android\media\com.whatsapp\WhatsApp\Media\WhatsApp Images\IMG-20191016-WA0015.jpg","IMG-20191016-WA0015.jpg","156243","4199968"
"C:\Users\flier\OneDrive\תמונות\Samsung Gallery\Android\media\com.whatsapp\WhatsApp\Media\WhatsApp Images\IMG-20191016-WA0016.jpg","IMG-20191016-WA0016.jpg","192238","4199968"
"C:\Users\flier\OneDrive\תמונות\Samsung Gallery\Android\media\com.whatsapp\WhatsApp\Media\WhatsApp Images\IMG-20191017-WA0002.jpeg","IMG-20191017-WA0002.jpeg","3567479","4199968"
"C:\Users\flier\OneDrive\תמונות\Samsung Gallery\Android\media\com.whatsapp\WhatsApp\Media\WhatsApp Images\IMG-20191017-WA0004.jpg","IMG-20191017-WA0004.jpg","39671","4199968"
"C:\Users\flier\OneDrive\תמונות\Samsung Gallery\Android\media\com.whatsapp\WhatsApp\Media\WhatsApp Images\IMG-20191017-WA0006.jpg","IMG-20191017-WA0006.jpg","185701","4199968"
"C:\Users\flier\OneDrive\תמונות\Samsung Gallery\Android\media\com.whatsapp\WhatsApp\Media\WhatsApp Images\IMG-20191017-WA0007.jpg","IMG-20191017-WA0007.jpg","265221","4199968"
"C:\Users\flier\OneDrive\תמונות\Samsung Gallery\Android\media\com.whatsapp\WhatsApp\Media\WhatsApp Images\IMG-20191018-WA0000.jpg","IMG-20191018-WA0000.jpg","83771","4199968"
"C:\Users\flier\OneDrive\תמונות\Samsung Gallery\Android\media\com.whatsapp\WhatsApp\Media\WhatsApp Images\IMG-20191018-WA0001.jpg","IMG-20191018-WA0001.jpg","179839","4199968"
"C:\Users\flier\OneDrive\תמונות\Samsung Gallery\Android\media\com.whatsapp\WhatsApp\Media\WhatsApp Images\IMG-20191018-WA0002.jpg","IMG-20191018-WA0002.jpg","234071","4199968"
"C:\Users\flier\OneDrive\תמונות\Samsung Gallery\Android\media\com.whatsapp\WhatsApp\Media\WhatsApp Images\IMG-20191018-WA0004.jpg","IMG-20191018-WA0004.jpg","189985","4199968"
"C:\Users\flier\OneDrive\תמונות\Samsung Gallery\Android\media\com.whatsapp\WhatsApp\Media\WhatsApp Images\IMG-20191019-WA0000.jpeg","IMG-20191019-WA0000.jpeg","4259654","4199968"
"C:\Users\flier\OneDrive\תמונות\Samsung Gallery\Android\media\com.whatsapp\WhatsApp\Media\WhatsApp Images\IMG-20191019-WA0002.jpg","IMG-20191019-WA0002.jpg","281068","4199968"
"C:\Users\flier\OneDrive\תמונות\Samsung Gallery\Android\media\com.whatsapp\WhatsApp\Media\WhatsApp Images\IMG-20191019-WA0003.jpeg","IMG-20191019-WA0003.jpeg","5595113","4199968"
"C:\Users\flier\OneDrive\תמונות\Samsung Gallery\Android\media\com.whatsapp\WhatsApp\Media\WhatsApp Images\IMG-20191019-WA0005.jpeg","IMG-20191019-WA0005.jpeg","5831385","4199968"
"C:\Users\flier\OneDrive\תמונות\Samsung Gallery\Android\media\com.whatsapp\WhatsApp\Media\WhatsApp Images\IMG-20191019-WA0007.jpeg","IMG-20191019-WA0007.jpeg","5144588","4199968"
"C:\Users\flier\OneDrive\תמונות\Samsung Gallery\Android\media\com.whatsapp\WhatsApp\Media\WhatsApp Images\IMG-20191020-WA0000.jpg","IMG-20191020-WA0000.jpg","661915","4199968"
"C:\Users\flier\OneDrive\תמונות\Samsung Gallery\Android\media\com.whatsapp\WhatsApp\Media\WhatsApp Images\IMG-20191020-WA0002.jpg","IMG-20191020-WA0002.jpg","210374","4199968"
"C:\Users\flier\OneDrive\תמונות\Samsung Gallery\Android\media\com.whatsapp\WhatsApp\Media\WhatsApp Images\IMG-20191020-WA0004.jpg","IMG-20191020-WA0004.jpg","197145","4199968"
"C:\Users\flier\OneDrive\תמונות\Samsung Gallery\Android\media\com.whatsapp\WhatsApp\Media\WhatsApp Images\IMG-20191020-WA0008.jpeg","IMG-20191020-WA0008.jpeg","4852043","4199968"
"C:\Users\flier\OneDrive\תמונות\Samsung Gallery\Android\media\com.whatsapp\WhatsApp\Media\WhatsApp Images\IMG-20191020-WA0011.jpeg","IMG-20191020-WA0011.jpeg","5694415","4199968"
"C:\Users\flier\OneDrive\תמונות\Samsung Gallery\Android\media\com.whatsapp\WhatsApp\Media\WhatsApp Images\IMG-20191021-WA0000.jpg","IMG-20191021-WA0000.jpg","28991","4199968"
"C:\Users\flier\OneDrive\תמונות\Samsung Gallery\Android\media\com.whatsapp\WhatsApp\Media\WhatsApp Images\IMG-20191021-WA0001.jpeg","IMG-20191021-WA0001.jpeg","3770333","4199968"
"C:\Users\flier\OneDrive\תמונות\Samsung Gallery\Android\media\com.whatsapp\WhatsApp\Media\WhatsApp Images\IMG-20191022-WA0000.jpg","IMG-20191022-WA0000.jpg","403684","4199968"
"C:\Users\flier\OneDrive\תמונות\Samsung Gallery\Android\media\com.whatsapp\WhatsApp\Media\WhatsApp Images\IMG-20191022-WA0001.jpg","IMG-20191022-WA0001.jpg","338523","4199968"
"C:\Users\flier\OneDrive\תמונות\Samsung Gallery\Android\media\com.whatsapp\WhatsApp\Media\WhatsApp Images\IMG-20191022-WA0002.jpg","IMG-20191022-WA0002.jpg","434268","4199968"
"C:\Users\flier\OneDrive\תמונות\Samsung Gallery\Android\media\com.whatsapp\WhatsApp\Media\WhatsApp Images\IMG-20191022-WA0003.jpg","IMG-20191022-WA0003.jpg","367767","4199968"
"C:\Users\flier\OneDrive\תמונות\Samsung Gallery\Android\media\com.whatsapp\WhatsApp\Media\WhatsApp Images\IMG-20191022-WA0004.jpg","IMG-20191022-WA0004.jpg","264733","4199968"
"C:\Users\flier\OneDrive\תמונות\Samsung Gallery\Android\media\com.whatsapp\WhatsApp\Media\WhatsApp Images\IMG-20191022-WA0005.jpg","IMG-20191022-WA0005.jpg","256127","4199968"
"C:\Users\flier\OneDrive\תמונות\Samsung Gallery\Android\media\com.whatsapp\WhatsApp\Media\WhatsApp Images\IMG-20191022-WA0006.jpg","IMG-20191022-WA0006.jpg","436515","4199968"
"C:\Users\flier\OneDrive\תמונות\Samsung Gallery\Android\media\com.whatsapp\WhatsApp\Media\WhatsApp Images\IMG-20191022-WA0007.jpg","IMG-20191022-WA0007.jpg","392227","4199968"
"C:\Users\flier\OneDrive\תמונות\Samsung Gallery\Android\media\com.whatsapp\WhatsApp\Media\WhatsApp Images\IMG-20191022-WA0008.jpg","IMG-20191022-WA0008.jpg","451119","4199968"
"C:\Users\flier\OneDrive\תמונות\Samsung Gallery\Android\media\com.whatsapp\WhatsApp\Media\WhatsApp Images\IMG-20191022-WA0009.jpg","IMG-20191022-WA0009.jpg","382061","4199968"
"C:\Users\flier\OneDrive\תמונות\Samsung Gallery\Android\media\com.whatsapp\WhatsApp\Media\WhatsApp Images\IMG-20191022-WA0010.jpg","IMG-20191022-WA0010.jpg","318978","4199968"
"C:\Users\flier\OneDrive\תמונות\Samsung Gallery\Android\media\com.whatsapp\WhatsApp\Media\WhatsApp Images\IMG-20191022-WA0011.jpg","IMG-20191022-WA0011.jpg","379449","4199968"
"C:\Users\flier\OneDrive\תמונות\Samsung Gallery\Android\media\com.whatsapp\WhatsApp\Media\WhatsApp Images\IMG-20191022-WA0012.jpg","IMG-20191022-WA0012.jpg","352884","4199968"
"C:\Users\flier\OneDrive\תמונות\Samsung Gallery\Android\media\com.whatsapp\WhatsApp\Media\WhatsApp Images\IMG-20191022-WA0013.jpg","IMG-20191022-WA0013.jpg","291784","4199968"
"C:\Users\flier\OneDrive\תמונות\Samsung Gallery\Android\media\com.whatsapp\WhatsApp\Media\WhatsApp Images\IMG-20191022-WA0014.jpg","IMG-20191022-WA0014.jpg","302493","4199968"
"C:\Users\flier\OneDrive\תמונות\Samsung Gallery\Android\media\com.whatsapp\WhatsApp\Media\WhatsApp Images\IMG-20191022-WA0015.jpg","IMG-20191022-WA0015.jpg","425431","4199968"
"C:\Users\flier\OneDrive\תמונות\Samsung Gallery\Android\media\com.whatsapp\WhatsApp\Media\WhatsApp Images\IMG-20191022-WA0016.jpg","IMG-20191022-WA0016.jpg","430337","4199968"
"C:\Users\flier\OneDrive\תמונות\Samsung Gallery\Android\media\com.whatsapp\WhatsApp\Media\WhatsApp Images\IMG-20191022-WA0017.jpg","IMG-20191022-WA0017.jpg","335343","4199968"
"C:\Users\flier\OneDrive\תמונות\Samsung Gallery\Android\media\com.whatsapp\WhatsApp\Media\WhatsApp Images\IMG-20191022-WA0018.jpg","IMG-20191022-WA0018.jpg","240624","4199968"
"C:\Users\flier\OneDrive\תמונות\Samsung Gallery\Android\media\com.whatsapp\WhatsApp\Media\WhatsApp Images\IMG-20191022-WA0019.jpg","IMG-20191022-WA0019.jpg","357723","4199968"
"C:\Users\flier\OneDrive\תמונות\Samsung Gallery\Android\media\com.whatsapp\WhatsApp\Media\WhatsApp Images\IMG-20191022-WA0020.jpg","IMG-20191022-WA0020.jpg","369665","4199968"
"C:\Users\flier\OneDrive\תמונות\Samsung Gallery\Android\media\com.whatsapp\WhatsApp\Media\WhatsApp Images\IMG-20191023-WA0000.jpg","IMG-20191023-WA0000.jpg","49319","4199968"
"C:\Users\flier\OneDrive\תמונות\Samsung Gallery\Android\media\com.whatsapp\WhatsApp\Media\WhatsApp Images\IMG-20191023-WA0001.jpg","IMG-20191023-WA0001.jpg","70405","4199968"
"C:\Users\flier\OneDrive\תמונות\Samsung Gallery\Android\media\com.whatsapp\WhatsApp\Media\WhatsApp Images\IMG-20191023-WA0002.jpg","IMG-20191023-WA0002.jpg","25926","4199968"
"C:\Users\flier\OneDrive\תמונות\Samsung Gallery\Android\media\com.whatsapp\WhatsApp\Media\WhatsApp Images\IMG-20191023-WA0003.jpg","IMG-20191023-WA0003.jpg","65683","4199968"
"C:\Users\flier\OneDrive\תמונות\Samsung Gallery\Android\media\com.whatsapp\WhatsApp\Media\WhatsApp Images\IMG-20191023-WA0005.jpg","IMG-20191023-WA0005.jpg","11248","4199968"
"C:\Users\flier\OneDrive\תמונות\Samsung Gallery\Android\media\com.whatsapp\WhatsApp\Media\WhatsApp Images\IMG-20191023-WA0008.jpg","IMG-20191023-WA0008.jpg","47834","4199968"
"C:\Users\flier\OneDrive\תמונות\Samsung Gallery\Android\media\com.whatsapp\WhatsApp\Media\WhatsApp Images\IMG-20191023-WA0011.jpg","IMG-20191023-WA0011.jpg","23351","4199968"
"C:\Users\flier\OneDrive\תמונות\Samsung Gallery\Android\media\com.whatsapp\WhatsApp\Media\WhatsApp Images\IMG-20191023-WA0016.jpg","IMG-20191023-WA0016.jpg","38000","4199968"
"C:\Users\flier\OneDrive\תמונות\Samsung Gallery\Android\media\com.whatsapp\WhatsApp\Media\WhatsApp Images\IMG-20191023-WA0017.jpg","IMG-20191023-WA0017.jpg","37732","4199968"
"C:\Users\flier\OneDrive\תמונות\Samsung Gallery\Android\media\com.whatsapp\WhatsApp\Media\WhatsApp Images\IMG-20191023-WA0018.jpg","IMG-20191023-WA0018.jpg","55423","4199968"
"C:\Users\flier\OneDrive\תמונות\Samsung Gallery\Android\media\com.whatsapp\WhatsApp\Media\WhatsApp Images\IMG-20191023-WA0019.jpg","IMG-20191023-WA0019.jpg","6274","4199968"
"C:\Users\flier\OneDrive\תמונות\Samsung Gallery\Android\media\com.whatsapp\WhatsApp\Media\WhatsApp Images\IMG-20191023-WA0020.jpg","IMG-20191023-WA0020.jpg","38172","4199968"
"C:\Users\flier\OneDrive\תמונות\Samsung Gallery\Android\media\com.whatsapp\WhatsApp\Media\WhatsApp Images\IMG-20191023-WA0021.jpg","IMG-20191023-WA0021.jpg","29278","4199968"
"C:\Users\flier\OneDrive\תמונות\Samsung Gallery\Android\media\com.whatsapp\WhatsApp\Media\WhatsApp Images\IMG-20191023-WA0022.jpg","IMG-20191023-WA0022.jpg","67132","4199968"
"C:\Users\flier\OneDrive\תמונות\Samsung Gallery\Android\media\com.whatsapp\WhatsApp\Media\WhatsApp Images\IMG-20191025-WA0000.jpg","IMG-20191025-WA0000.jpg","347952","4199968"
"C:\Users\flier\OneDrive\תמונות\Samsung Gallery\Android\media\com.whatsapp\WhatsApp\Media\WhatsApp Images\IMG-20191025-WA0001.jpeg","IMG-20191025-WA0001.jpeg","2518772","4199968"
"C:\Users\flier\OneDrive\תמונות\Samsung Gallery\Android\media\com.whatsapp\WhatsApp\Media\WhatsApp Images\IMG-20191025-WA0003.jpg","IMG-20191025-WA0003.jpg","171069","4199968"
"C:\Users\flier\OneDrive\תמונות\Samsung Gallery\Android\media\com.whatsapp\WhatsApp\Media\WhatsApp Images\IMG-20191025-WA0005.jpg","IMG-20191025-WA0005.jpg","270930","4199968"
"C:\Users\flier\OneDrive\תמונות\Samsung Gallery\Android\media\com.whatsapp\WhatsApp\Media\WhatsApp Images\IMG-20191025-WA0007.jpeg","IMG-20191025-WA0007.jpeg","2418372","4199968"
"C:\Users\flier\OneDrive\תמונות\Samsung Gallery\Android\media\com.whatsapp\WhatsApp\Media\WhatsApp Images\IMG-20191025-WA0009.jpg","IMG-20191025-WA0009.jpg","154313","4199968"
"C:\Users\flier\OneDrive\תמונות\Samsung Gallery\Android\media\com.whatsapp\WhatsApp\Media\WhatsApp Images\IMG-20191025-WA0010.jpeg","IMG-20191025-WA0010.jpeg","2391854","4199968"
"C:\Users\flier\OneDrive\תמונות\Samsung Gallery\Android\media\com.whatsapp\WhatsApp\Media\WhatsApp Images\IMG-20191025-WA0012.jpg","IMG-20191025-WA0012.jpg","258497","4199968"
"C:\Users\flier\OneDrive\תמונות\Samsung Gallery\Android\media\com.whatsapp\WhatsApp\Media\WhatsApp Images\IMG-20191026-WA0000.jpg","IMG-20191026-WA0000.jpg","111069","4199968"
"C:\Users\flier\OneDrive\תמונות\Samsung Gallery\Android\media\com.whatsapp\WhatsApp\Media\WhatsApp Images\IMG-20191026-WA0001.jpg","IMG-20191026-WA0001.jpg","96189","4199968"
"C:\Users\flier\OneDrive\תמונות\Samsung Gallery\Android\media\com.whatsapp\WhatsApp\Media\WhatsApp Images\IMG-20191026-WA0002.jpg","IMG-20191026-WA0002.jpg","150602","4199968"
"C:\Users\flier\OneDrive\תמונות\Samsung Gallery\Android\media\com.whatsapp\WhatsApp\Media\WhatsApp Images\IMG-20191028-WA0000.jpeg","IMG-20191028-WA0000.jpeg","2395278","4199968"
"C:\Users\flier\OneDrive\תמונות\Samsung Gallery\Android\media\com.whatsapp\WhatsApp\Media\WhatsApp Images\IMG-20191028-WA0003.jpg","IMG-20191028-WA0003.jpg","28754","4199968"
"C:\Users\flier\OneDrive\תמונות\Samsung Gallery\Android\media\com.whatsapp\WhatsApp\Media\WhatsApp Images\IMG-20191028-WA0007.jpg","IMG-20191028-WA0007.jpg","26690","4199968"
"C:\Users\flier\OneDrive\תמונות\Samsung Gallery\Android\media\com.whatsapp\WhatsApp\Media\WhatsApp Images\IMG-20191028-WA0008.jpg","IMG-20191028-WA0008.jpg","26130","4199968"
"C:\Users\flier\OneDrive\תמונות\Samsung Gallery\Android\media\com.whatsapp\WhatsApp\Media\WhatsApp Images\IMG-20191028-WA0011.jpg","IMG-20191028-WA0011.jpg","78352","4199968"
"C:\Users\flier\OneDrive\תמונות\Samsung Gallery\Android\media\com.whatsapp\WhatsApp\Media\WhatsApp Images\IMG-20191029-WA0000.jpg","IMG-20191029-WA0000.jpg","153331","4199968"
"C:\Users\flier\OneDrive\תמונות\Samsung Gallery\Android\media\com.whatsapp\WhatsApp\Media\WhatsApp Images\IMG-20191029-WA0004.jpg","IMG-20191029-WA0004.jpg","296341","4199968"
"C:\Users\flier\OneDrive\תמונות\Samsung Gallery\Android\media\com.whatsapp\WhatsApp\Media\WhatsApp Images\IMG-20191030-WA0000.jpg","IMG-20191030-WA0000.jpg","31314","4199968"
"C:\Users\flier\OneDrive\תמונות\Samsung Gallery\Android\media\com.whatsapp\WhatsApp\Media\WhatsApp Images\IMG-20191031-WA0001.jpg","IMG-20191031-WA0001.jpg","142373","4199968"
"C:\Users\flier\OneDrive\תמונות\Samsung Gallery\Android\media\com.whatsapp\WhatsApp\Media\WhatsApp Images\IMG-20191031-WA0002.jpg","IMG-20191031-WA0002.jpg","346266","4199968"
"C:\Users\flier\OneDrive\תמונות\Samsung Gallery\Android\media\com.whatsapp\WhatsApp\Media\WhatsApp Images\IMG-20191031-WA0003.jpg","IMG-20191031-WA0003.jpg","178416","4199968"
"C:\Users\flier\OneDrive\תמונות\Samsung Gallery\Android\media\com.whatsapp\WhatsApp\Media\WhatsApp Images\IMG-20191101-WA0000.jpg","IMG-20191101-WA0000.jpg","213723","4199968"
"C:\Users\flier\OneDrive\תמונות\Samsung Gallery\Android\media\com.whatsapp\WhatsApp\Media\WhatsApp Images\IMG-20191101-WA0001.jpg","IMG-20191101-WA0001.jpg","69249","4199968"
"C:\Users\flier\OneDrive\תמונות\Samsung Gallery\Android\media\com.whatsapp\WhatsApp\Media\WhatsApp Images\IMG-20191103-WA0000.jpg","IMG-20191103-WA0000.jpg","85095","4199968"
"C:\Users\flier\OneDrive\תמונות\Samsung Gallery\Android\media\com.whatsapp\WhatsApp\Media\WhatsApp Images\IMG-20191104-WA0009.jpeg","IMG-20191104-WA0009.jpeg","3581365","4199968"
"C:\Users\flier\OneDrive\תמונות\Samsung Gallery\Android\media\com.whatsapp\WhatsApp\Media\WhatsApp Images\IMG-20191105-WA0004.jpg","IMG-20191105-WA0004.jpg","18589","4199968"
"C:\Users\flier\OneDrive\תמונות\Samsung Gallery\Android\media\com.whatsapp\WhatsApp\Media\WhatsApp Images\IMG-20191105-WA0008.jpg","IMG-20191105-WA0008.jpg","26391","4199968"
"C:\Users\flier\OneDrive\תמונות\Samsung Gallery\Android\media\com.whatsapp\WhatsApp\Media\WhatsApp Images\IMG-20191105-WA0011.jpg","IMG-20191105-WA0011.jpg","14916","4199968"
"C:\Users\flier\OneDrive\תמונות\Samsung Gallery\Android\media\com.whatsapp\WhatsApp\Media\WhatsApp Images\IMG-20191106-WA0000.jpg","IMG-20191106-WA0000.jpg","45778","4199968"
"C:\Users\flier\OneDrive\תמונות\Samsung Gallery\Android\media\com.whatsapp\WhatsApp\Media\WhatsApp Images\IMG-20191106-WA0002.jpg","IMG-20191106-WA0002.jpg","189968","4199968"
"C:\Users\flier\OneDrive\תמונות\Samsung Gallery\Android\media\com.whatsapp\WhatsApp\Media\WhatsApp Images\IMG-20191106-WA0003.jpg","IMG-20191106-WA0003.jpg","257716","4199968"
"C:\Users\flier\OneDrive\תמונות\Samsung Gallery\Android\media\com.whatsapp\WhatsApp\Media\WhatsApp Images\IMG-20191106-WA0004.jpg","IMG-20191106-WA0004.jpg","265668","4199968"
"C:\Users\flier\OneDrive\תמונות\Samsung Gallery\Android\media\com.whatsapp\WhatsApp\Media\WhatsApp Images\IMG-20191106-WA0005.jpg","IMG-20191106-WA0005.jpg","302729","4199968"
"C:\Users\flier\OneDrive\תמונות\Samsung Gallery\Android\media\com.whatsapp\WhatsApp\Media\WhatsApp Images\IMG-20191106-WA0008.jpg","IMG-20191106-WA0008.jpg","183957","4199968"
"C:\Users\flier\OneDrive\תמונות\Samsung Gallery\Android\media\com.whatsapp\WhatsApp\Media\WhatsApp Images\IMG-20191107-WA0005.jpg","IMG-20191107-WA0005.jpg","206550","4199968"
"C:\Users\flier\OneDrive\תמונות\Samsung Gallery\Android\media\com.whatsapp\WhatsApp\Media\WhatsApp Images\IMG-20191107-WA0006.jpg","IMG-20191107-WA0006.jpg","160143","4199968"
"C:\Users\flier\OneDrive\תמונות\Samsung Gallery\Android\media\com.whatsapp\WhatsApp\Media\WhatsApp Images\IMG-20191107-WA0007.jpg","IMG-20191107-WA0007.jpg","190866","4199968"
"C:\Users\flier\OneDrive\תמונות\Samsung Gallery\Android\media\com.whatsapp\WhatsApp\Media\WhatsApp Images\IMG-20191107-WA0008.jpg","IMG-20191107-WA0008.jpg","187934","4199968"
"C:\Users\flier\OneDrive\תמונות\Samsung Gallery\Android\media\com.whatsapp\WhatsApp\Media\WhatsApp Images\IMG-20191107-WA0009.jpg","IMG-20191107-WA0009.jpg","160597","4199968"
"C:\Users\flier\OneDrive\תמונות\Samsung Gallery\Android\media\com.whatsapp\WhatsApp\Media\WhatsApp Images\IMG-20191107-WA0010.jpg","IMG-20191107-WA0010.jpg","204041","4199968"
"C:\Users\flier\OneDrive\תמונות\Samsung Gallery\Android\media\com.whatsapp\WhatsApp\Media\WhatsApp Images\IMG-20191107-WA0011.jpg","IMG-20191107-WA0011.jpg","173096","4199968"
"C:\Users\flier\OneDrive\תמונות\Samsung Gallery\Android\media\com.whatsapp\WhatsApp\Media\WhatsApp Images\IMG-20191107-WA0012.jpg","IMG-20191107-WA0012.jpg","156771","4199968"
"C:\Users\flier\OneDrive\תמונות\Samsung Gallery\Android\media\com.whatsapp\WhatsApp\Media\WhatsApp Images\IMG-20191107-WA0013.jpg","IMG-20191107-WA0013.jpg","183108","4199968"
"C:\Users\flier\OneDrive\תמונות\Samsung Gallery\Android\media\com.whatsapp\WhatsApp\Media\WhatsApp Images\IMG-20191107-WA0014.jpg","IMG-20191107-WA0014.jpg","178280","4199968"
"C:\Users\flier\OneDrive\תמונות\Samsung Gallery\Android\media\com.whatsapp\WhatsApp\Media\WhatsApp Images\IMG-20191107-WA0015.jpg","IMG-20191107-WA0015.jpg","158626","4199968"
"C:\Users\flier\OneDrive\תמונות\Samsung Gallery\Android\media\com.whatsapp\WhatsApp\Media\WhatsApp Images\IMG-20191107-WA0016.jpg","IMG-20191107-WA0016.jpg","154294","4199968"
"C:\Users\flier\OneDrive\תמונות\Samsung Gallery\Android\media\com.whatsapp\WhatsApp\Media\WhatsApp Images\IMG-20191107-WA0018.jpg","IMG-20191107-WA0018.jpg","76501","4199968"
"C:\Users\flier\OneDrive\תמונות\Samsung Gallery\Android\media\com.whatsapp\WhatsApp\Media\WhatsApp Images\IMG-20191107-WA0019.jpeg","IMG-20191107-WA0019.jpeg","3717450","4199968"
"C:\Users\flier\OneDrive\תמונות\Samsung Gallery\Android\media\com.whatsapp\WhatsApp\Media\WhatsApp Images\IMG-20191108-WA0000.jpg","IMG-20191108-WA0000.jpg","130672","4199968"
"C:\Users\flier\OneDrive\תמונות\Samsung Gallery\Android\media\com.whatsapp\WhatsApp\Media\WhatsApp Images\IMG-20191108-WA0003.jpg","IMG-20191108-WA0003.jpg","182084","4199968"
"C:\Users\flier\OneDrive\תמונות\Samsung Gallery\Android\media\com.whatsapp\WhatsApp\Media\WhatsApp Images\IMG-20191108-WA0004.jpg","IMG-20191108-WA0004.jpg","188358","4199968"
"C:\Users\flier\OneDrive\תמונות\Samsung Gallery\Android\media\com.whatsapp\WhatsApp\Media\WhatsApp Images\IMG-20191108-WA0005.jpg","IMG-20191108-WA0005.jpg","163191","4199968"
"C:\Users\flier\OneDrive\תמונות\Samsung Gallery\Android\media\com.whatsapp\WhatsApp\Media\WhatsApp Images\IMG-20191108-WA0006.jpg","IMG-20191108-WA0006.jpg","178571","4199968"
"C:\Users\flier\OneDrive\תמונות\Samsung Gallery\Android\media\com.whatsapp\WhatsApp\Media\WhatsApp Images\IMG-20191108-WA0007.jpg","IMG-20191108-WA0007.jpg","242189","4199968"
"C:\Users\flier\OneDrive\תמונות\Samsung Gallery\Android\media\com.whatsapp\WhatsApp\Media\WhatsApp Images\IMG-20191108-WA0008.jpg","IMG-20191108-WA0008.jpg","166653","4199968"
"C:\Users\flier\OneDrive\תמונות\Samsung Gallery\Android\media\com.whatsapp\WhatsApp\Media\WhatsApp Images\IMG-20191108-WA0010.jpg","IMG-20191108-WA0010.jpg","211019","4199968"
"C:\Users\flier\OneDrive\תמונות\Samsung Gallery\Android\media\com.whatsapp\WhatsApp\Media\WhatsApp Images\IMG-20191108-WA0011.jpg","IMG-20191108-WA0011.jpg","284928","4199968"
"C:\Users\flier\OneDrive\תמונות\Samsung Gallery\Android\media\com.whatsapp\WhatsApp\Media\WhatsApp Images\IMG-20191108-WA0012.jpg","IMG-20191108-WA0012.jpg","216249","4199968"
"C:\Users\flier\OneDrive\תמונות\Samsung Gallery\Android\media\com.whatsapp\WhatsApp\Media\WhatsApp Images\IMG-20191108-WA0013.jpg","IMG-20191108-WA0013.jpg","274584","4199968"
"C:\Users\flier\OneDrive\תמונות\Samsung Gallery\Android\media\com.whatsapp\WhatsApp\Media\WhatsApp Images\IMG-20191108-WA0014.jpg","IMG-20191108-WA0014.jpg","370318","4199968"
"C:\Users\flier\OneDrive\תמונות\Samsung Gallery\Android\media\com.whatsapp\WhatsApp\Media\WhatsApp Images\IMG-20191108-WA0015.jpg","IMG-20191108-WA0015.jpg","223860","4199968"
"C:\Users\flier\OneDrive\תמונות\Samsung Gallery\Android\media\com.whatsapp\WhatsApp\Media\WhatsApp Images\IMG-20191108-WA0016.jpg","IMG-20191108-WA0016.jpg","204285","4199968"
"C:\Users\flier\OneDrive\תמונות\Samsung Gallery\Android\media\com.whatsapp\WhatsApp\Media\WhatsApp Images\IMG-20191108-WA0017.jpg","IMG-20191108-WA0017.jpg","298910","4199968"
"C:\Users\flier\OneDrive\תמונות\Samsung Gallery\Android\media\com.whatsapp\WhatsApp\Media\WhatsApp Images\IMG-20191108-WA0018.jpg","IMG-20191108-WA0018.jpg","216564","4199968"
"C:\Users\flier\OneDrive\תמונות\Samsung Gallery\Android\media\com.whatsapp\WhatsApp\Media\WhatsApp Images\IMG-20191108-WA0019.jpg","IMG-20191108-WA0019.jpg","318105","4199968"
"C:\Users\flier\OneDrive\תמונות\Samsung Gallery\Android\media\com.whatsapp\WhatsApp\Media\WhatsApp Images\IMG-20191108-WA0020.jpg","IMG-20191108-WA0020.jpg","387720","4199968"
"C:\Users\flier\OneDrive\תמונות\Samsung Gallery\Android\media\com.whatsapp\WhatsApp\Media\WhatsApp Images\IMG-20191108-WA0022.jpg","IMG-20191108-WA0022.jpg","106809","4199968"
"C:\Users\flier\OneDrive\תמונות\Samsung Gallery\Android\media\com.whatsapp\WhatsApp\Media\WhatsApp Images\IMG-20191108-WA0023.jpg","IMG-20191108-WA0023.jpg","147197","4199968"
"C:\Users\flier\OneDrive\תמונות\Samsung Gallery\Android\media\com.whatsapp\WhatsApp\Media\WhatsApp Images\IMG-20191108-WA0024.jpg","IMG-20191108-WA0024.jpg","181422","4199968"
"C:\Users\flier\OneDrive\תמונות\Samsung Gallery\Android\media\com.whatsapp\WhatsApp\Media\WhatsApp Images\IMG-20191108-WA0026.jpg","IMG-20191108-WA0026.jpg","12197","4199968"
"C:\Users\flier\OneDrive\תמונות\Samsung Gallery\Android\media\com.whatsapp\WhatsApp\Media\WhatsApp Images\IMG-20191110-WA0000.jpg","IMG-20191110-WA0000.jpg","59107","4199968"
"C:\Users\flier\OneDrive\תמונות\Samsung Gallery\Android\media\com.whatsapp\WhatsApp\Media\WhatsApp Images\IMG-20191112-WA0000.jpg","IMG-20191112-WA0000.jpg","39155","4199968"
"C:\Users\flier\OneDrive\תמונות\Samsung Gallery\Android\media\com.whatsapp\WhatsApp\Media\WhatsApp Images\IMG-20191112-WA0003.jpg","IMG-20191112-WA0003.jpg","54529","4199968"
"C:\Users\flier\OneDrive\תמונות\Samsung Gallery\Android\media\com.whatsapp\WhatsApp\Media\WhatsApp Images\IMG-20191112-WA0004.jpg","IMG-20191112-WA0004.jpg","28574","4199968"
"C:\Users\flier\OneDrive\תמונות\Samsung Gallery\Android\media\com.whatsapp\WhatsApp\Media\WhatsApp Images\IMG-20191112-WA0007.jpg","IMG-20191112-WA0007.jpg","92947","4199968"
"C:\Users\flier\OneDrive\תמונות\Samsung Gallery\Android\media\com.whatsapp\WhatsApp\Media\WhatsApp Images\IMG-20191112-WA0010.jpg","IMG-20191112-WA0010.jpg","49201","4199968"
"C:\Users\flier\OneDrive\תמונות\Samsung Gallery\Android\media\com.whatsapp\WhatsApp\Media\WhatsApp Images\IMG-20191112-WA0011.jpg","IMG-20191112-WA0011.jpg","50404","4199968"
"C:\Users\flier\OneDrive\תמונות\Samsung Gallery\Android\media\com.whatsapp\WhatsApp\Media\WhatsApp Images\IMG-20191112-WA0012.jpg","IMG-20191112-WA0012.jpg","32493","4199968"
"C:\Users\flier\OneDrive\תמונות\Samsung Gallery\Android\media\com.whatsapp\WhatsApp\Media\WhatsApp Images\IMG-20191112-WA0013.jpg","IMG-20191112-WA0013.jpg","36363","4199968"
"C:\Users\flier\OneDrive\תמונות\Samsung Gallery\Android\media\com.whatsapp\WhatsApp\Media\WhatsApp Images\IMG-20191112-WA0014.jpg","IMG-20191112-WA0014.jpg","33273","4199968"
"C:\Users\flier\OneDrive\תמונות\Samsung Gallery\Android\media\com.whatsapp\WhatsApp\Media\WhatsApp Images\IMG-20191114-WA0000.jpg","IMG-20191114-WA0000.jpg","141598","4199968"
"C:\Users\flier\OneDrive\תמונות\Samsung Gallery\Android\media\com.whatsapp\WhatsApp\Media\WhatsApp Images\IMG-20191114-WA0002.jpg","IMG-20191114-WA0002.jpg","109252","4199968"
"C:\Users\flier\OneDrive\תמונות\Samsung Gallery\Android\media\com.whatsapp\WhatsApp\Media\WhatsApp Images\IMG-20191114-WA0004.jpg","IMG-20191114-WA0004.jpg","182990","4199968"
"C:\Users\flier\OneDrive\תמונות\Samsung Gallery\Android\media\com.whatsapp\WhatsApp\Media\WhatsApp Images\IMG-20191114-WA0005.jpg","IMG-20191114-WA0005.jpg","147989","4199968"
"C:\Users\flier\OneDrive\תמונות\Samsung Gallery\Android\media\com.whatsapp\WhatsApp\Media\WhatsApp Images\IMG-20191115-WA0000.jpg","IMG-20191115-WA0000.jpg","444678","4199968"
"C:\Users\flier\OneDrive\תמונות\Samsung Gallery\Android\media\com.whatsapp\WhatsApp\Media\WhatsApp Images\IMG-20191115-WA0003.jpg","IMG-20191115-WA0003.jpg","69862","4199968"
"C:\Users\flier\OneDrive\תמונות\Samsung Gallery\Android\media\com.whatsapp\WhatsApp\Media\WhatsApp Images\IMG-20191116-WA0000.jpg","IMG-20191116-WA0000.jpg","267075","4199968"
"C:\Users\flier\OneDrive\תמונות\Samsung Gallery\Android\media\com.whatsapp\WhatsApp\Media\WhatsApp Images\IMG-20191116-WA0001.jpg","IMG-20191116-WA0001.jpg","219437","4199968"
"C:\Users\flier\OneDrive\תמונות\Samsung Gallery\Android\media\com.whatsapp\WhatsApp\Media\WhatsApp Images\IMG-20191117-WA0004.jpg","IMG-20191117-WA0004.jpg","48503","4199968"
"C:\Users\flier\OneDrive\תמונות\Samsung Gallery\Android\media\com.whatsapp\WhatsApp\Media\WhatsApp Images\IMG-20191117-WA0005.jpg","IMG-20191117-WA0005.jpg","207442","4199968"
"C:\Users\flier\OneDrive\תמונות\Samsung Gallery\Android\media\com.whatsapp\WhatsApp\Media\WhatsApp Images\IMG-20191117-WA0006.jpg","IMG-20191117-WA0006.jpg","278882","4199968"
"C:\Users\flier\OneDrive\תמונות\Samsung Gallery\Android\media\com.whatsapp\WhatsApp\Media\WhatsApp Images\IMG-20191117-WA0007.jpg","IMG-20191117-WA0007.jpg","258404","4199968"
"C:\Users\flier\OneDrive\תמונות\Samsung Gallery\Android\media\com.whatsapp\WhatsApp\Media\WhatsApp Images\IMG-20191117-WA0008.jpg","IMG-20191117-WA0008.jpg","305717","4199968"
"C:\Users\flier\OneDrive\תמונות\Samsung Gallery\Android\media\com.whatsapp\WhatsApp\Media\WhatsApp Images\IMG-20191117-WA0009.jpg","IMG-20191117-WA0009.jpg","300962","4199968"
"C:\Users\flier\OneDrive\תמונות\Samsung Gallery\Android\media\com.whatsapp\WhatsApp\Media\WhatsApp Images\IMG-20191117-WA0010.jpg","IMG-20191117-WA0010.jpg","217142","4199968"
"C:\Users\flier\OneDrive\תמונות\Samsung Gallery\Android\media\com.whatsapp\WhatsApp\Media\WhatsApp Images\IMG-20191117-WA0011.jpg","IMG-20191117-WA0011.jpg","339387","4199968"
"C:\Users\flier\OneDrive\תמונות\Samsung Gallery\Android\media\com.whatsapp\WhatsApp\Media\WhatsApp Images\IMG-20191117-WA0012.jpg","IMG-20191117-WA0012.jpg","388728","4199968"
"C:\Users\flier\OneDrive\תמונות\Samsung Gallery\Android\media\com.whatsapp\WhatsApp\Media\WhatsApp Images\IMG-20191117-WA0013.jpg","IMG-20191117-WA0013.jpg","370118","4199968"
"C:\Users\flier\OneDrive\תמונות\Samsung Gallery\Android\media\com.whatsapp\WhatsApp\Media\WhatsApp Images\IMG-20191117-WA0014.jpg","IMG-20191117-WA0014.jpg","313760","4199968"
"C:\Users\flier\OneDrive\תמונות\Samsung Gallery\Android\media\com.whatsapp\WhatsApp\Media\WhatsApp Images\IMG-20191117-WA0015.jpg","IMG-20191117-WA0015.jpg","324159","4199968"
"C:\Users\flier\OneDrive\תמונות\Samsung Gallery\Android\media\com.whatsapp\WhatsApp\Media\WhatsApp Images\IMG-20191117-WA0016.jpg","IMG-20191117-WA0016.jpg","341615","4199968"
"C:\Users\flier\OneDrive\תמונות\Samsung Gallery\Android\media\com.whatsapp\WhatsApp\Media\WhatsApp Images\IMG-20191117-WA0018.jpg","IMG-20191117-WA0018.jpg","38255","4199968"
"C:\Users\flier\OneDrive\תמונות\Samsung Gallery\Android\media\com.whatsapp\WhatsApp\Media\WhatsApp Images\IMG-20191117-WA0020.jpg","IMG-20191117-WA0020.jpg","56836","4199968"
"C:\Users\flier\OneDrive\תמונות\Samsung Gallery\Android\media\com.whatsapp\WhatsApp\Media\WhatsApp Images\IMG-20191117-WA0022.jpg","IMG-20191117-WA0022.jpg","26551","4199968"
"C:\Users\flier\OneDrive\תמונות\Samsung Gallery\Android\media\com.whatsapp\WhatsApp\Media\WhatsApp Images\IMG-20191117-WA0023.jpg","IMG-20191117-WA0023.jpg","46044","4199968"
"C:\Users\flier\OneDrive\תמונות\Samsung Gallery\Android\media\com.whatsapp\WhatsApp\Media\WhatsApp Images\IMG-20191117-WA0024.jpg","IMG-20191117-WA0024.jpg","36056","4199968"
"C:\Users\flier\OneDrive\תמונות\Samsung Gallery\Android\media\com.whatsapp\WhatsApp\Media\WhatsApp Images\IMG-20191117-WA0026.jpg","IMG-20191117-WA0026.jpg","41337","4199968"
"C:\Users\flier\OneDrive\תמונות\Samsung Gallery\Android\media\com.whatsapp\WhatsApp\Media\WhatsApp Images\IMG-20191117-WA0027.jpg","IMG-20191117-WA0027.jpg","347287","4199968"
"C:\Users\flier\OneDrive\תמונות\Samsung Gallery\Android\media\com.whatsapp\WhatsApp\Media\WhatsApp Images\IMG-20191117-WA0028.jpg","IMG-20191117-WA0028.jpg","264561","4199968"
"C:\Users\flier\OneDrive\תמונות\Samsung Gallery\Android\media\com.whatsapp\WhatsApp\Media\WhatsApp Images\IMG-20191118-WA0000.jpg","IMG-20191118-WA0000.jpg","330874","4199968"
"C:\Users\flier\OneDrive\תמונות\Samsung Gallery\Android\media\com.whatsapp\WhatsApp\Media\WhatsApp Images\IMG-20191118-WA0001.jpg","IMG-20191118-WA0001.jpg","128429","4199968"
"C:\Users\flier\OneDrive\תמונות\Samsung Gallery\Android\media\com.whatsapp\WhatsApp\Media\WhatsApp Images\IMG-20191118-WA0002.jpg","IMG-20191118-WA0002.jpg","196646","4199968"
"C:\Users\flier\OneDrive\תמונות\Samsung Gallery\Android\media\com.whatsapp\WhatsApp\Media\WhatsApp Images\IMG-20191118-WA0003.jpg","IMG-20191118-WA0003.jpg","143682","4199968"
"C:\Users\flier\OneDrive\תמונות\Samsung Gallery\Android\media\com.whatsapp\WhatsApp\Media\WhatsApp Images\IMG-20191118-WA0004.jpg","IMG-20191118-WA0004.jpg","161002","4199968"
"C:\Users\flier\OneDrive\תמונות\Samsung Gallery\Android\media\com.whatsapp\WhatsApp\Media\WhatsApp Images\IMG-20191118-WA0005.jpg","IMG-20191118-WA0005.jpg","211344","4199968"
"C:\Users\flier\OneDrive\תמונות\Samsung Gallery\Android\media\com.whatsapp\WhatsApp\Media\WhatsApp Images\IMG-20191118-WA0006.jpg","IMG-20191118-WA0006.jpg","212736","4199968"
"C:\Users\flier\OneDrive\תמונות\Samsung Gallery\Android\media\com.whatsapp\WhatsApp\Media\WhatsApp Images\IMG-20191118-WA0007.jpg","IMG-20191118-WA0007.jpg","224932","4199968"
"C:\Users\flier\OneDrive\תמונות\Samsung Gallery\Android\media\com.whatsapp\WhatsApp\Media\WhatsApp Images\IMG-20191120-WA0000.jpeg","IMG-20191120-WA0000.jpeg","3746927","4199968"
"C:\Users\flier\OneDrive\תמונות\Samsung Gallery\Android\media\com.whatsapp\WhatsApp\Media\WhatsApp Images\IMG-20191120-WA0004.jpg","IMG-20191120-WA0004.jpg","68999","4199968"
"C:\Users\flier\OneDrive\תמונות\Samsung Gallery\Android\media\com.whatsapp\WhatsApp\Media\WhatsApp Images\IMG-20191122-WA0000.jpg","IMG-20191122-WA0000.jpg","201034","4199968"
"C:\Users\flier\OneDrive\תמונות\Samsung Gallery\Android\media\com.whatsapp\WhatsApp\Media\WhatsApp Images\IMG-20191122-WA0001.jpg","IMG-20191122-WA0001.jpg","77337","4199968"
"C:\Users\flier\OneDrive\תמונות\Samsung Gallery\Android\media\com.whatsapp\WhatsApp\Media\WhatsApp Images\IMG-20191123-WA0000.jpg","IMG-20191123-WA0000.jpg","94228","4199968"
"C:\Users\flier\OneDrive\תמונות\Samsung Gallery\Android\media\com.whatsapp\WhatsApp\Media\WhatsApp Images\IMG-20191123-WA0001.jpg","IMG-20191123-WA0001.jpg","82207","4199968"
"C:\Users\flier\OneDrive\תמונות\Samsung Gallery\Android\media\com.whatsapp\WhatsApp\Media\WhatsApp Images\IMG-20191124-WA0002.jpeg","IMG-20191124-WA0002.jpeg","3910378","4199968"
"C:\Users\flier\OneDrive\תמונות\Samsung Gallery\Android\media\com.whatsapp\WhatsApp\Media\WhatsApp Images\IMG-20191124-WA0004.jpeg","IMG-20191124-WA0004.jpeg","4603486","4199968"
"C:\Users\flier\OneDrive\תמונות\Samsung Gallery\Android\media\com.whatsapp\WhatsApp\Media\WhatsApp Images\IMG-20191124-WA0008.jpg","IMG-20191124-WA0008.jpg","248238","4199968"
"C:\Users\flier\OneDrive\תמונות\Samsung Gallery\Android\media\com.whatsapp\WhatsApp\Media\WhatsApp Images\IMG-20191124-WA0010.jpg","IMG-20191124-WA0010.jpg","269502","4199968"
"C:\Users\flier\OneDrive\תמונות\Samsung Gallery\Android\media\com.whatsapp\WhatsApp\Media\WhatsApp Images\IMG-20191124-WA0011.jpg","IMG-20191124-WA0011.jpg","286586","4199968"
"C:\Users\flier\OneDrive\תמונות\Samsung Gallery\Android\media\com.whatsapp\WhatsApp\Media\WhatsApp Images\IMG-20191124-WA0012.jpg","IMG-20191124-WA0012.jpg","288115","4199968"
"C:\Users\flier\OneDrive\תמונות\Samsung Gallery\Android\media\com.whatsapp\WhatsApp\Media\WhatsApp Images\IMG-20191124-WA0013.jpg","IMG-20191124-WA0013.jpg","376675","4199968"
"C:\Users\flier\OneDrive\תמונות\Samsung Gallery\Android\media\com.whatsapp\WhatsApp\Media\WhatsApp Images\IMG-20191124-WA0014.jpg","IMG-20191124-WA0014.jpg","360594","4199968"
"C:\Users\flier\OneDrive\תמונות\Samsung Gallery\Android\media\com.whatsapp\WhatsApp\Media\WhatsApp Images\IMG-20191124-WA0015.jpg","IMG-20191124-WA0015.jpg","428459","4199968"
"C:\Users\flier\OneDrive\תמונות\Samsung Gallery\Android\media\com.whatsapp\WhatsApp\Media\WhatsApp Images\IMG-20191124-WA0016.jpg","IMG-20191124-WA0016.jpg","307726","4199968"
"C:\Users\flier\OneDrive\תמונות\Samsung Gallery\Android\media\com.whatsapp\WhatsApp\Media\WhatsApp Images\IMG-20191124-WA0017.jpg","IMG-20191124-WA0017.jpg","239080","4199968"
"C:\Users\flier\OneDrive\תמונות\Samsung Gallery\Android\media\com.whatsapp\WhatsApp\Media\WhatsApp Images\IMG-20191124-WA0018.jpg","IMG-20191124-WA0018.jpg","467065","4199968"
"C:\Users\flier\OneDrive\תמונות\Samsung Gallery\Android\media\com.whatsapp\WhatsApp\Media\WhatsApp Images\IMG-20191124-WA0019.jpg","IMG-20191124-WA0019.jpg","274832","4199968"
"C:\Users\flier\OneDrive\תמונות\Samsung Gallery\Android\media\com.whatsapp\WhatsApp\Media\WhatsApp Images\IMG-20191124-WA0020.jpg","IMG-20191124-WA0020.jpg","187900","4199968"
"C:\Users\flier\OneDrive\תמונות\Samsung Gallery\Android\media\com.whatsapp\WhatsApp\Media\WhatsApp Images\IMG-20191124-WA0021.jpg","IMG-20191124-WA0021.jpg","221969","4199968"
"C:\Users\flier\OneDrive\תמונות\Samsung Gallery\Android\media\com.whatsapp\WhatsApp\Media\WhatsApp Images\IMG-20191124-WA0022.jpg","IMG-20191124-WA0022.jpg","260725","4199968"
"C:\Users\flier\OneDrive\תמונות\Samsung Gallery\Android\media\com.whatsapp\WhatsApp\Media\WhatsApp Images\IMG-20191124-WA0023.jpg","IMG-20191124-WA0023.jpg","292039","4199968"
"C:\Users\flier\OneDrive\תמונות\Samsung Gallery\Android\media\com.whatsapp\WhatsApp\Media\WhatsApp Images\IMG-20191124-WA0024.jpg","IMG-20191124-WA0024.jpg","231326","4199968"
"C:\Users\flier\OneDrive\תמונות\Samsung Gallery\Android\media\com.whatsapp\WhatsApp\Media\WhatsApp Images\IMG-20191124-WA0025.jpg","IMG-20191124-WA0025.jpg","216086","4199968"
"C:\Users\flier\OneDrive\תמונות\Samsung Gallery\Android\media\com.whatsapp\WhatsApp\Media\WhatsApp Images\IMG-20191124-WA0026.jpg","IMG-20191124-WA0026.jpg","269271","4199968"
"C:\Users\flier\OneDrive\תמונות\Samsung Gallery\Android\media\com.whatsapp\WhatsApp\Media\WhatsApp Images\IMG-20191124-WA0027.jpg","IMG-20191124-WA0027.jpg","294475","4199968"
"C:\Users\flier\OneDrive\תמונות\Samsung Gallery\Android\media\com.whatsapp\WhatsApp\Media\WhatsApp Images\IMG-20191124-WA0028.jpg","IMG-20191124-WA0028.jpg","432140","4199968"
"C:\Users\flier\OneDrive\תמונות\Samsung Gallery\Android\media\com.whatsapp\WhatsApp\Media\WhatsApp Images\IMG-20191124-WA0029.jpg","IMG-20191124-WA0029.jpg","489755","4199968"
"C:\Users\flier\OneDrive\תמונות\Samsung Gallery\Android\media\com.whatsapp\WhatsApp\Media\WhatsApp Images\IMG-20191124-WA0030.jpg","IMG-20191124-WA0030.jpg","374055","4199968"
"C:\Users\flier\OneDrive\תמונות\Samsung Gallery\Android\media\com.whatsapp\WhatsApp\Media\WhatsApp Images\IMG-20191124-WA0031.jpg","IMG-20191124-WA0031.jpg","268178","4199968"
"C:\Users\flier\OneDrive\תמונות\Samsung Gallery\Android\media\com.whatsapp\WhatsApp\Media\WhatsApp Images\IMG-20191124-WA0032.jpg","IMG-20191124-WA0032.jpg","232350","4199968"
"C:\Users\flier\OneDrive\תמונות\Samsung Gallery\Android\media\com.whatsapp\WhatsApp\Media\WhatsApp Images\IMG-20191124-WA0033.jpg","IMG-20191124-WA0033.jpg","219153","4199968"
"C:\Users\flier\OneDrive\תמונות\Samsung Gallery\Android\media\com.whatsapp\WhatsApp\Media\WhatsApp Images\IMG-20191124-WA0034.jpg","IMG-20191124-WA0034.jpg","266863","4199968"
"C:\Users\flier\OneDrive\תמונות\Samsung Gallery\Android\media\com.whatsapp\WhatsApp\Media\WhatsApp Images\IMG-20191124-WA0035.jpg","IMG-20191124-WA0035.jpg","289554","4199968"
"C:\Users\flier\OneDrive\תמונות\Samsung Gallery\Android\media\com.whatsapp\WhatsApp\Media\WhatsApp Images\IMG-20191124-WA0036.jpg","IMG-20191124-WA0036.jpg","317606","4199968"
"C:\Users\flier\OneDrive\תמונות\Samsung Gallery\Android\media\com.whatsapp\WhatsApp\Media\WhatsApp Images\IMG-20191124-WA0037.jpg","IMG-20191124-WA0037.jpg","356419","4199968"
"C:\Users\flier\OneDrive\תמונות\Samsung Gallery\Android\media\com.whatsapp\WhatsApp\Media\WhatsApp Images\IMG-20191125-WA0008.jpg","IMG-20191125-WA0008.jpg","40407","4199968"
"C:\Users\flier\OneDrive\תמונות\Samsung Gallery\Android\media\com.whatsapp\WhatsApp\Media\WhatsApp Images\IMG-20191126-WA0000.jpg","IMG-20191126-WA0000.jpg","55663","4199968"
"C:\Users\flier\OneDrive\תמונות\Samsung Gallery\Android\media\com.whatsapp\WhatsApp\Media\WhatsApp Images\IMG-20191127-WA0003.jpg","IMG-20191127-WA0003.jpg","248189","4199968"
"C:\Users\flier\OneDrive\תמונות\Samsung Gallery\Android\media\com.whatsapp\WhatsApp\Media\WhatsApp Images\IMG-20191127-WA0004.jpg","IMG-20191127-WA0004.jpg","144474","4199968"
"C:\Users\flier\OneDrive\תמונות\Samsung Gallery\Android\media\com.whatsapp\WhatsApp\Media\WhatsApp Images\IMG-20191127-WA0005.jpg","IMG-20191127-WA0005.jpg","239142","4199968"
"C:\Users\flier\OneDrive\תמונות\Samsung Gallery\Android\media\com.whatsapp\WhatsApp\Media\WhatsApp Images\IMG-20191128-WA0002.jpg","IMG-20191128-WA0002.jpg","355942","4199968"
"C:\Users\flier\OneDrive\תמונות\Samsung Gallery\Android\media\com.whatsapp\WhatsApp\Media\WhatsApp Images\IMG-20191129-WA0000.jpg","IMG-20191129-WA0000.jpg","375820","4199968"
"C:\Users\flier\OneDrive\תמונות\Samsung Gallery\Android\media\com.whatsapp\WhatsApp\Media\WhatsApp Images\IMG-20191130-WA0000.jpg","IMG-20191130-WA0000.jpg","139992","4199968"
"C:\Users\flier\OneDrive\תמונות\Samsung Gallery\Android\media\com.whatsapp\WhatsApp\Media\WhatsApp Images\IMG-20191201-WA0000.jpg","IMG-20191201-WA0000.jpg","41082","4199968"
"C:\Users\flier\OneDrive\תמונות\Samsung Gallery\Android\media\com.whatsapp\WhatsApp\Media\WhatsApp Images\IMG-20191202-WA0000.jpg","IMG-20191202-WA0000.jpg","310182","4199968"
"C:\Users\flier\OneDrive\תמונות\Samsung Gallery\Android\media\com.whatsapp\WhatsApp\Media\WhatsApp Images\IMG-20191204-WA0000.jpg","IMG-20191204-WA0000.jpg","46484","4199968"
"C:\Users\flier\OneDrive\תמונות\Samsung Gallery\Android\media\com.whatsapp\WhatsApp\Media\WhatsApp Images\IMG-20191204-WA0003.jpg","IMG-20191204-WA0003.jpg","214168","4199968"
"C:\Users\flier\OneDrive\תמונות\Samsung Gallery\Android\media\com.whatsapp\WhatsApp\Media\WhatsApp Images\IMG-20191204-WA0004.jpg","IMG-20191204-WA0004.jpg","123403","4199968"
"C:\Users\flier\OneDrive\תמונות\Samsung Gallery\Android\media\com.whatsapp\WhatsApp\Media\WhatsApp Images\IMG-20191204-WA0005.jpg","IMG-20191204-WA0005.jpg","200185","4199968"
"C:\Users\flier\OneDrive\תמונות\Samsung Gallery\Android\media\com.whatsapp\WhatsApp\Media\WhatsApp Images\IMG-20191204-WA0006.jpg","IMG-20191204-WA0006.jpg","144151","4199968"
"C:\Users\flier\OneDrive\תמונות\Samsung Gallery\Android\media\com.whatsapp\WhatsApp\Media\WhatsApp Images\IMG-20191204-WA0007.jpg","IMG-20191204-WA0007.jpg","227335","4199968"
"C:\Users\flier\OneDrive\תמונות\Samsung Gallery\Android\media\com.whatsapp\WhatsApp\Media\WhatsApp Images\IMG-20191204-WA0008.jpg","IMG-20191204-WA0008.jpg","160374","4199968"
"C:\Users\flier\OneDrive\תמונות\Samsung Gallery\Android\media\com.whatsapp\WhatsApp\Media\WhatsApp Images\IMG-20191204-WA0009.jpg","IMG-20191204-WA0009.jpg","194258","4199968"
"C:\Users\flier\OneDrive\תמונות\Samsung Gallery\Android\media\com.whatsapp\WhatsApp\Media\WhatsApp Images\IMG-20191204-WA0010.jpg","IMG-20191204-WA0010.jpg","203182","4199968"
"C:\Users\flier\OneDrive\תמונות\Samsung Gallery\Android\media\com.whatsapp\WhatsApp\Media\WhatsApp Images\IMG-20191204-WA0011.jpg","IMG-20191204-WA0011.jpg","201060","4199968"
"C:\Users\flier\OneDrive\תמונות\Samsung Gallery\Android\media\com.whatsapp\WhatsApp\Media\WhatsApp Images\IMG-20191204-WA0012.jpg","IMG-20191204-WA0012.jpg","217966","4199968"
"C:\Users\flier\OneDrive\תמונות\Samsung Gallery\Android\media\com.whatsapp\WhatsApp\Media\WhatsApp Images\IMG-20191204-WA0013.jpg","IMG-20191204-WA0013.jpg","243141","4199968"
"C:\Users\flier\OneDrive\תמונות\Samsung Gallery\Android\media\com.whatsapp\WhatsApp\Media\WhatsApp Images\IMG-20191204-WA0014.jpg","IMG-20191204-WA0014.jpg","209408","4199968"
"C:\Users\flier\OneDrive\תמונות\Samsung Gallery\Android\media\com.whatsapp\WhatsApp\Media\WhatsApp Images\IMG-20191204-WA0015.jpg","IMG-20191204-WA0015.jpg","227443","4199968"
"C:\Users\flier\OneDrive\תמונות\Samsung Gallery\Android\media\com.whatsapp\WhatsApp\Media\WhatsApp Images\IMG-20191204-WA0016.jpg","IMG-20191204-WA0016.jpg","95771","4199968"
"C:\Users\flier\OneDrive\תמונות\Samsung Gallery\Android\media\com.whatsapp\WhatsApp\Media\WhatsApp Images\IMG-20191208-WA0000.jpg","IMG-20191208-WA0000.jpg","51819","4199968"
"C:\Users\flier\OneDrive\תמונות\Samsung Gallery\Android\media\com.whatsapp\WhatsApp\Media\WhatsApp Images\IMG-20191208-WA0002.jpg","IMG-20191208-WA0002.jpg","65390","4199968"
"C:\Users\flier\OneDrive\תמונות\Samsung Gallery\Android\media\com.whatsapp\WhatsApp\Media\WhatsApp Images\IMG-20191209-WA0000.jpg","IMG-20191209-WA0000.jpg","464169","4199968"
"C:\Users\flier\OneDrive\תמונות\Samsung Gallery\Android\media\com.whatsapp\WhatsApp\Media\WhatsApp Images\IMG-20191209-WA0003.jpg","IMG-20191209-WA0003.jpg","49034","4199968"
"C:\Users\flier\OneDrive\תמונות\Samsung Gallery\Android\media\com.whatsapp\WhatsApp\Media\WhatsApp Images\IMG-20191211-WA0000.jpeg","IMG-20191211-WA0000.jpeg","3421659","4199968"
"C:\Users\flier\OneDrive\תמונות\Samsung Gallery\Android\media\com.whatsapp\WhatsApp\Media\WhatsApp Images\IMG-20191212-WA0003.jpeg","IMG-20191212-WA0003.jpeg","3935841","4199968"
"C:\Users\flier\OneDrive\תמונות\Samsung Gallery\Android\media\com.whatsapp\WhatsApp\Media\WhatsApp Images\IMG-20191212-WA0007.jpg","IMG-20191212-WA0007.jpg","52357","4199968"
"C:\Users\flier\OneDrive\תמונות\Samsung Gallery\Android\media\com.whatsapp\WhatsApp\Media\WhatsApp Images\IMG-20191213-WA0000.jpg","IMG-20191213-WA0000.jpg","439714","4199968"
"C:\Users\flier\OneDrive\תמונות\Samsung Gallery\Android\media\com.whatsapp\WhatsApp\Media\WhatsApp Images\IMG-20191213-WA0001.jpg","IMG-20191213-WA0001.jpg","146016","4199968"
"C:\Users\flier\OneDrive\תמונות\Samsung Gallery\Android\media\com.whatsapp\WhatsApp\Media\WhatsApp Images\IMG-20191214-WA0000.jpg","IMG-20191214-WA0000.jpg","157664","4199968"
"C:\Users\flier\OneDrive\תמונות\Samsung Gallery\Android\media\com.whatsapp\WhatsApp\Media\WhatsApp Images\IMG-20191214-WA0001.jpg","IMG-20191214-WA0001.jpg","336486","4199968"
"C:\Users\flier\OneDrive\תמונות\Samsung Gallery\Android\media\com.whatsapp\WhatsApp\Media\WhatsApp Images\IMG-20191214-WA0002.jpg","IMG-20191214-WA0002.jpg","197723","4199968"
"C:\Users\flier\OneDrive\תמונות\Samsung Gallery\Android\media\com.whatsapp\WhatsApp\Media\WhatsApp Images\IMG-20191214-WA0005.jpg","IMG-20191214-WA0005.jpg","76008","4199968"
"C:\Users\flier\OneDrive\תמונות\Samsung Gallery\Android\media\com.whatsapp\WhatsApp\Media\WhatsApp Images\IMG-20191215-WA0000.jpg","IMG-20191215-WA0000.jpg","104107","4199968"
"C:\Users\flier\OneDrive\תמונות\Samsung Gallery\Android\media\com.whatsapp\WhatsApp\Media\WhatsApp Images\IMG-20191215-WA0003.jpeg","IMG-20191215-WA0003.jpeg","3861403","4199968"
"C:\Users\flier\OneDrive\תמונות\Samsung Gallery\Android\media\com.whatsapp\WhatsApp\Media\WhatsApp Images\IMG-20191215-WA0005.jpg","IMG-20191215-WA0005.jpg","213176","4199968"
"C:\Users\flier\OneDrive\תמונות\Samsung Gallery\Android\media\com.whatsapp\WhatsApp\Media\WhatsApp Images\IMG-20191216-WA0000.jpg","IMG-20191216-WA0000.jpg","145312","4199968"
"C:\Users\flier\OneDrive\תמונות\Samsung Gallery\Android\media\com.whatsapp\WhatsApp\Media\WhatsApp Images\IMG-20191218-WA0000.jpg","IMG-20191218-WA0000.jpg","245101","4199968"
"C:\Users\flier\OneDrive\תמונות\Samsung Gallery\Android\media\com.whatsapp\WhatsApp\Media\WhatsApp Images\IMG-20191218-WA0001.jpg","IMG-20191218-WA0001.jpg","62999","4199968"
"C:\Users\flier\OneDrive\תמונות\Samsung Gallery\Android\media\com.whatsapp\WhatsApp\Media\WhatsApp Images\IMG-20191218-WA0002.jpg","IMG-20191218-WA0002.jpg","280338","4199968"
"C:\Users\flier\OneDrive\תמונות\Samsung Gallery\Android\media\com.whatsapp\WhatsApp\Media\WhatsApp Images\IMG-20191218-WA0003.jpg","IMG-20191218-WA0003.jpg","258754","4199968"
"C:\Users\flier\OneDrive\תמונות\Samsung Gallery\Android\media\com.whatsapp\WhatsApp\Media\WhatsApp Images\IMG-20191218-WA0004.jpg","IMG-20191218-WA0004.jpg","109741","4199968"
"C:\Users\flier\OneDrive\תמונות\Samsung Gallery\Android\media\com.whatsapp\WhatsApp\Media\WhatsApp Images\IMG-20191218-WA0005.jpg","IMG-20191218-WA0005.jpg","143285","4199968"
"C:\Users\flier\OneDrive\תמונות\Samsung Gallery\Android\media\com.whatsapp\WhatsApp\Media\WhatsApp Images\IMG-20191218-WA0006.jpg","IMG-20191218-WA0006.jpg","195717","4199968"
"C:\Users\flier\OneDrive\תמונות\Samsung Gallery\Android\media\com.whatsapp\WhatsApp\Media\WhatsApp Images\IMG-20191218-WA0007.jpg","IMG-20191218-WA0007.jpg","189281","4199968"
"C:\Users\flier\OneDrive\תמונות\Samsung Gallery\Android\media\com.whatsapp\WhatsApp\Media\WhatsApp Images\IMG-20191218-WA0008.jpg","IMG-20191218-WA0008.jpg","106873","4199968"
"C:\Users\flier\OneDrive\תמונות\Samsung Gallery\Android\media\com.whatsapp\WhatsApp\Media\WhatsApp Images\IMG-20191218-WA0009.jpg","IMG-20191218-WA0009.jpg","221113","4199968"
"C:\Users\flier\OneDrive\תמונות\Samsung Gallery\Android\media\com.whatsapp\WhatsApp\Media\WhatsApp Images\IMG-20191218-WA0010.jpg","IMG-20191218-WA0010.jpg","184805","4199968"
"C:\Users\flier\OneDrive\תמונות\Samsung Gallery\Android\media\com.whatsapp\WhatsApp\Media\WhatsApp Images\IMG-20191218-WA0011.jpg","IMG-20191218-WA0011.jpg","347611","4199968"
"C:\Users\flier\OneDrive\תמונות\Samsung Gallery\Android\media\com.whatsapp\WhatsApp\Media\WhatsApp Images\IMG-20191218-WA0012.jpg","IMG-20191218-WA0012.jpg","313848","4199968"
"C:\Users\flier\OneDrive\תמונות\Samsung Gallery\Android\media\com.whatsapp\WhatsApp\Media\WhatsApp Images\IMG-20191218-WA0013.jpg","IMG-20191218-WA0013.jpg","357107","4199968"
"C:\Users\flier\OneDrive\תמונות\Samsung Gallery\Android\media\com.whatsapp\WhatsApp\Media\WhatsApp Images\IMG-20191218-WA0014.jpg","IMG-20191218-WA0014.jpg","290401","4199968"
"C:\Users\flier\OneDrive\תמונות\Samsung Gallery\Android\media\com.whatsapp\WhatsApp\Media\WhatsApp Images\IMG-20191218-WA0015.jpg","IMG-20191218-WA0015.jpg","156823","4199968"
"C:\Users\flier\OneDrive\תמונות\Samsung Gallery\Android\media\com.whatsapp\WhatsApp\Media\WhatsApp Images\IMG-20191218-WA0016.jpg","IMG-20191218-WA0016.jpg","215437","4199968"
"C:\Users\flier\OneDrive\תמונות\Samsung Gallery\Android\media\com.whatsapp\WhatsApp\Media\WhatsApp Images\IMG-20191218-WA0017.jpg","IMG-20191218-WA0017.jpg","223129","4199968"
"C:\Users\flier\OneDrive\תמונות\Samsung Gallery\Android\media\com.whatsapp\WhatsApp\Media\WhatsApp Images\IMG-20191218-WA0018.jpg","IMG-20191218-WA0018.jpg","223323","4199968"
"C:\Users\flier\OneDrive\תמונות\Samsung Gallery\Android\media\com.whatsapp\WhatsApp\Media\WhatsApp Images\IMG-20191218-WA0019.jpg","IMG-20191218-WA0019.jpg","228666","4199968"
"C:\Users\flier\OneDrive\תמונות\Samsung Gallery\Android\media\com.whatsapp\WhatsApp\Media\WhatsApp Images\IMG-20191218-WA0020.jpg","IMG-20191218-WA0020.jpg","242530","4199968"
"C:\Users\flier\OneDrive\תמונות\Samsung Gallery\Android\media\com.whatsapp\WhatsApp\Media\WhatsApp Images\IMG-20191218-WA0021.jpg","IMG-20191218-WA0021.jpg","230128","4199968"
"C:\Users\flier\OneDrive\תמונות\Samsung Gallery\Android\media\com.whatsapp\WhatsApp\Media\WhatsApp Images\IMG-20191218-WA0022.jpg","IMG-20191218-WA0022.jpg","247134","4199968"
"C:\Users\flier\OneDrive\תמונות\Samsung Gallery\Android\media\com.whatsapp\WhatsApp\Media\WhatsApp Images\IMG-20191218-WA0023.jpg","IMG-20191218-WA0023.jpg","190339","4199968"
"C:\Users\flier\OneDrive\תמונות\Samsung Gallery\Android\media\com.whatsapp\WhatsApp\Media\WhatsApp Images\IMG-20191218-WA0024.jpg","IMG-20191218-WA0024.jpg","184502","4199968"
"C:\Users\flier\OneDrive\תמונות\Samsung Gallery\Android\media\com.whatsapp\WhatsApp\Media\WhatsApp Images\IMG-20191218-WA0025.jpg","IMG-20191218-WA0025.jpg","227573","4199968"
"C:\Users\flier\OneDrive\תמונות\Samsung Gallery\Android\media\com.whatsapp\WhatsApp\Media\WhatsApp Images\IMG-20191218-WA0026.jpg","IMG-20191218-WA0026.jpg","261255","4199968"
"C:\Users\flier\OneDrive\תמונות\Samsung Gallery\Android\media\com.whatsapp\WhatsApp\Media\WhatsApp Images\IMG-20191218-WA0027.jpg","IMG-20191218-WA0027.jpg","211641","4199968"
"C:\Users\flier\OneDrive\תמונות\Samsung Gallery\Android\media\com.whatsapp\WhatsApp\Media\WhatsApp Images\IMG-20191218-WA0028.jpg","IMG-20191218-WA0028.jpg","346082","4199968"
"C:\Users\flier\OneDrive\תמונות\Samsung Gallery\Android\media\com.whatsapp\WhatsApp\Media\WhatsApp Images\IMG-20191218-WA0029.jpg","IMG-20191218-WA0029.jpg","183639","4199968"
"C:\Users\flier\OneDrive\תמונות\Samsung Gallery\Android\media\com.whatsapp\WhatsApp\Media\WhatsApp Images\IMG-20191218-WA0030.jpg","IMG-20191218-WA0030.jpg","227520","4199968"
"C:\Users\flier\OneDrive\תמונות\Samsung Gallery\Android\media\com.whatsapp\WhatsApp\Media\WhatsApp Images\IMG-20191218-WA0031.jpg","IMG-20191218-WA0031.jpg","104890","4199968"
"C:\Users\flier\OneDrive\תמונות\Samsung Gallery\Android\media\com.whatsapp\WhatsApp\Media\WhatsApp Images\IMG-20191218-WA0032.jpg","IMG-20191218-WA0032.jpg","117759","4199968"
"C:\Users\flier\OneDrive\תמונות\Samsung Gallery\Android\media\com.whatsapp\WhatsApp\Media\WhatsApp Images\IMG-20191218-WA0033.jpg","IMG-20191218-WA0033.jpg","211003","4199968"
"C:\Users\flier\OneDrive\תמונות\Samsung Gallery\Android\media\com.whatsapp\WhatsApp\Media\WhatsApp Images\IMG-20191218-WA0034.jpg","IMG-20191218-WA0034.jpg","172939","4199968"
"C:\Users\flier\OneDrive\תמונות\Samsung Gallery\Android\media\com.whatsapp\WhatsApp\Media\WhatsApp Images\IMG-20191218-WA0035.jpg","IMG-20191218-WA0035.jpg","146753","4199968"
"C:\Users\flier\OneDrive\תמונות\Samsung Gallery\Android\media\com.whatsapp\WhatsApp\Media\WhatsApp Images\IMG-20191218-WA0036.jpg","IMG-20191218-WA0036.jpg","306787","4199968"
"C:\Users\flier\OneDrive\תמונות\Samsung Gallery\Android\media\com.whatsapp\WhatsApp\Media\WhatsApp Images\IMG-20191218-WA0037.jpg","IMG-20191218-WA0037.jpg","201707","4199968"
"C:\Users\flier\OneDrive\תמונות\Samsung Gallery\Android\media\com.whatsapp\WhatsApp\Media\WhatsApp Images\IMG-20191218-WA0039.jpg","IMG-20191218-WA0039.jpg","119032","4199968"
"C:\Users\flier\OneDrive\תמונות\Samsung Gallery\Android\media\com.whatsapp\WhatsApp\Media\WhatsApp Images\IMG-20191218-WA0040.jpg","IMG-20191218-WA0040.jpg","128659","4199968"
"C:\Users\flier\OneDrive\תמונות\Samsung Gallery\Android\media\com.whatsapp\WhatsApp\Media\WhatsApp Images\IMG-20191219-WA0002.jpg","IMG-20191219-WA0002.jpg","241161","4199968"
"C:\Users\flier\OneDrive\תמונות\Samsung Gallery\Android\media\com.whatsapp\WhatsApp\Media\WhatsApp Images\IMG-20191219-WA0003.jpg","IMG-20191219-WA0003.jpg","208591","4199968"
"C:\Users\flier\OneDrive\תמונות\Samsung Gallery\Android\media\com.whatsapp\WhatsApp\Media\WhatsApp Images\IMG-20191219-WA0004.jpg","IMG-20191219-WA0004.jpg","249946","4199968"
"C:\Users\flier\OneDrive\תמונות\Samsung Gallery\Android\media\com.whatsapp\WhatsApp\Media\WhatsApp Images\IMG-20191219-WA0005.jpg","IMG-20191219-WA0005.jpg","197299","4199968"
"C:\Users\flier\OneDrive\תמונות\Samsung Gallery\Android\media\com.whatsapp\WhatsApp\Media\WhatsApp Images\IMG-20191219-WA0006.jpg","IMG-20191219-WA0006.jpg","252334","4199968"
"C:\Users\flier\OneDrive\תמונות\Samsung Gallery\Android\media\com.whatsapp\WhatsApp\Media\WhatsApp Images\IMG-20191219-WA0007.jpg","IMG-20191219-WA0007.jpg","255394","4199968"
"C:\Users\flier\OneDrive\תמונות\Samsung Gallery\Android\media\com.whatsapp\WhatsApp\Media\WhatsApp Images\IMG-20191219-WA0008.jpg","IMG-20191219-WA0008.jpg","266630","4199968"
"C:\Users\flier\OneDrive\תמונות\Samsung Gallery\Android\media\com.whatsapp\WhatsApp\Media\WhatsApp Images\IMG-20191219-WA0009.jpg","IMG-20191219-WA0009.jpg","239463","4199968"
"C:\Users\flier\OneDrive\תמונות\Samsung Gallery\Android\media\com.whatsapp\WhatsApp\Media\WhatsApp Images\IMG-20191219-WA0010.jpg","IMG-20191219-WA0010.jpg","233752","4199968"
"C:\Users\flier\OneDrive\תמונות\Samsung Gallery\Android\media\com.whatsapp\WhatsApp\Media\WhatsApp Images\IMG-20191219-WA0011.jpg","IMG-20191219-WA0011.jpg","344285","4199968"
"C:\Users\flier\OneDrive\תמונות\Samsung Gallery\Android\media\com.whatsapp\WhatsApp\Media\WhatsApp Images\IMG-20191220-WA0000.jpg","IMG-20191220-WA0000.jpg","222704","4199968"
"C:\Users\flier\OneDrive\תמונות\Samsung Gallery\Android\media\com.whatsapp\WhatsApp\Media\WhatsApp Images\IMG-20191220-WA0002.jpg","IMG-20191220-WA0002.jpg","199314","4199968"
"C:\Users\flier\OneDrive\תמונות\Samsung Gallery\Android\media\com.whatsapp\WhatsApp\Media\WhatsApp Images\IMG-20191220-WA0004.jpg","IMG-20191220-WA0004.jpg","99262","4199968"
"C:\Users\flier\OneDrive\תמונות\Samsung Gallery\Android\media\com.whatsapp\WhatsApp\Media\WhatsApp Images\IMG-20191220-WA0006.jpg","IMG-20191220-WA0006.jpg","248284","4199968"
"C:\Users\flier\OneDrive\תמונות\Samsung Gallery\Android\media\com.whatsapp\WhatsApp\Media\WhatsApp Images\IMG-20191220-WA0007.jpg","IMG-20191220-WA0007.jpg","237228","4199968"
"C:\Users\flier\OneDrive\תמונות\Samsung Gallery\Android\media\com.whatsapp\WhatsApp\Media\WhatsApp Images\IMG-20191220-WA0008.jpeg","IMG-20191220-WA0008.jpeg","2929670","4199968"
"C:\Users\flier\OneDrive\תמונות\Samsung Gallery\Android\media\com.whatsapp\WhatsApp\Media\WhatsApp Images\IMG-20191220-WA0010.jpg","IMG-20191220-WA0010.jpg","293448","4199968"
"C:\Users\flier\OneDrive\תמונות\Samsung Gallery\Android\media\com.whatsapp\WhatsApp\Media\WhatsApp Images\IMG-20191221-WA0000.jpg","IMG-20191221-WA0000.jpg","122711","4199968"
"C:\Users\flier\OneDrive\תמונות\Samsung Gallery\Android\media\com.whatsapp\WhatsApp\Media\WhatsApp Images\IMG-20191221-WA0001.jpg","IMG-20191221-WA0001.jpg","95426","4199968"
"C:\Users\flier\OneDrive\תמונות\Samsung Gallery\Android\media\com.whatsapp\WhatsApp\Media\WhatsApp Images\IMG-20191221-WA0003.jpg","IMG-20191221-WA0003.jpg","107379","4199968"
"C:\Users\flier\OneDrive\תמונות\Samsung Gallery\Android\media\com.whatsapp\WhatsApp\Media\WhatsApp Images\IMG-20191221-WA0004.jpg","IMG-20191221-WA0004.jpg","106301","4199968"
"C:\Users\flier\OneDrive\תמונות\Samsung Gallery\Android\media\com.whatsapp\WhatsApp\Media\WhatsApp Images\IMG-20191221-WA0006.jpg","IMG-20191221-WA0006.jpg","90018","4199968"
"C:\Users\flier\OneDrive\תמונות\Samsung Gallery\Android\media\com.whatsapp\WhatsApp\Media\WhatsApp Images\IMG-20191221-WA0007.jpg","IMG-20191221-WA0007.jpg","112100","4199968"
"C:\Users\flier\OneDrive\תמונות\Samsung Gallery\Android\media\com.whatsapp\WhatsApp\Media\WhatsApp Images\IMG-20191221-WA0009.jpg","IMG-20191221-WA0009.jpg","205565","4199968"
"C:\Users\flier\OneDrive\תמונות\Samsung Gallery\Android\media\com.whatsapp\WhatsApp\Media\WhatsApp Images\IMG-20191221-WA0010.jpg","IMG-20191221-WA0010.jpg","211907","4199968"
"C:\Users\flier\OneDrive\תמונות\Samsung Gallery\Android\media\com.whatsapp\WhatsApp\Media\WhatsApp Images\IMG-20191221-WA0011.jpg","IMG-20191221-WA0011.jpg","202464","4199968"
"C:\Users\flier\OneDrive\תמונות\Samsung Gallery\Android\media\com.whatsapp\WhatsApp\Media\WhatsApp Images\IMG-20191221-WA0012.jpg","IMG-20191221-WA0012.jpg","213059","4199968"
"C:\Users\flier\OneDrive\תמונות\Samsung Gallery\Android\media\com.whatsapp\WhatsApp\Media\WhatsApp Images\IMG-20191221-WA0013.jpg","IMG-20191221-WA0013.jpg","227655","4199968"
"C:\Users\flier\OneDrive\תמונות\Samsung Gallery\Android\media\com.whatsapp\WhatsApp\Media\WhatsApp Images\IMG-20191221-WA0014.jpg","IMG-20191221-WA0014.jpg","185616","4199968"
"C:\Users\flier\OneDrive\תמונות\Samsung Gallery\Android\media\com.whatsapp\WhatsApp\Media\WhatsApp Images\IMG-20191221-WA0015.jpg","IMG-20191221-WA0015.jpg","180864","4199968"
"C:\Users\flier\OneDrive\תמונות\Samsung Gallery\Android\media\com.whatsapp\WhatsApp\Media\WhatsApp Images\IMG-20191221-WA0017.jpg","IMG-20191221-WA0017.jpg","712109","4199968"
"C:\Users\flier\OneDrive\תמונות\Samsung Gallery\Android\media\com.whatsapp\WhatsApp\Media\WhatsApp Images\IMG-20191221-WA0018.jpeg","IMG-20191221-WA0018.jpeg","3196987","4199968"
"C:\Users\flier\OneDrive\תמונות\Samsung Gallery\Android\media\com.whatsapp\WhatsApp\Media\WhatsApp Images\IMG-20191221-WA0020.jpg","IMG-20191221-WA0020.jpg","136462","4199968"
"C:\Users\flier\OneDrive\תמונות\Samsung Gallery\Android\media\com.whatsapp\WhatsApp\Media\WhatsApp Images\IMG-20191221-WA0021.jpg","IMG-20191221-WA0021.jpg","177607","4199968"
"C:\Users\flier\OneDrive\תמונות\Samsung Gallery\Android\media\com.whatsapp\WhatsApp\Media\WhatsApp Images\IMG-20191222-WA0003.jpeg","IMG-20191222-WA0003.jpeg","2488647","4199968"
"C:\Users\flier\OneDrive\תמונות\Samsung Gallery\Android\media\com.whatsapp\WhatsApp\Media\WhatsApp Images\IMG-20191224-WA0000.jpg","IMG-20191224-WA0000.jpg","66093","4199968"
"C:\Users\flier\OneDrive\תמונות\Samsung Gallery\Android\media\com.whatsapp\WhatsApp\Media\WhatsApp Images\IMG-20191224-WA0002.jpg","IMG-20191224-WA0002.jpg","123641","4199968"
"C:\Users\flier\OneDrive\תמונות\Samsung Gallery\Android\media\com.whatsapp\WhatsApp\Media\WhatsApp Images\IMG-20191224-WA0004.jpg","IMG-20191224-WA0004.jpg","158130","4199968"
"C:\Users\flier\OneDrive\תמונות\Samsung Gallery\Android\media\com.whatsapp\WhatsApp\Media\WhatsApp Images\IMG-20191224-WA0005.jpg","IMG-20191224-WA0005.jpg","110992","4199968"
"C:\Users\flier\OneDrive\תמונות\Samsung Gallery\Android\media\com.whatsapp\WhatsApp\Media\WhatsApp Images\IMG-20191224-WA0007.jpg","IMG-20191224-WA0007.jpg","39974","4199968"
"C:\Users\flier\OneDrive\תמונות\Samsung Gallery\Android\media\com.whatsapp\WhatsApp\Media\WhatsApp Images\IMG-20191226-WA0000.jpg","IMG-20191226-WA0000.jpg","95955","4199968"
"C:\Users\flier\OneDrive\תמונות\Samsung Gallery\Android\media\com.whatsapp\WhatsApp\Media\WhatsApp Images\IMG-20191226-WA0003.jpg","IMG-20191226-WA0003.jpg","85589","4199968"
"C:\Users\flier\OneDrive\תמונות\Samsung Gallery\Android\media\com.whatsapp\WhatsApp\Media\WhatsApp Images\IMG-20191227-WA0000.jpg","IMG-20191227-WA0000.jpg","301610","4199968"
"C:\Users\flier\OneDrive\תמונות\Samsung Gallery\Android\media\com.whatsapp\WhatsApp\Media\WhatsApp Images\IMG-20191227-WA0003.jpeg","IMG-20191227-WA0003.jpeg","3455087","4199968"
"C:\Users\flier\OneDrive\תמונות\Samsung Gallery\Android\media\com.whatsapp\WhatsApp\Media\WhatsApp Images\IMG-20191228-WA0000.jpg","IMG-20191228-WA0000.jpg","201974","4199968"
"C:\Users\flier\OneDrive\תמונות\Samsung Gallery\Android\media\com.whatsapp\WhatsApp\Media\WhatsApp Images\IMG-20191229-WA0006.jpg","IMG-20191229-WA0006.jpg","303443","4199968"
"C:\Users\flier\OneDrive\תמונות\Samsung Gallery\Android\media\com.whatsapp\WhatsApp\Media\WhatsApp Images\IMG-20191229-WA0007.jpg","IMG-20191229-WA0007.jpg","212329","4199968"
"C:\Users\flier\OneDrive\תמונות\Samsung Gallery\Android\media\com.whatsapp\WhatsApp\Media\WhatsApp Images\IMG-20191229-WA0008.jpg","IMG-20191229-WA0008.jpg","433290","4199968"
"C:\Users\flier\OneDrive\תמונות\Samsung Gallery\Android\media\com.whatsapp\WhatsApp\Media\WhatsApp Images\IMG-20191229-WA0009.jpg","IMG-20191229-WA0009.jpg","383929","4199968"
"C:\Users\flier\OneDrive\תמונות\Samsung Gallery\Android\media\com.whatsapp\WhatsApp\Media\WhatsApp Images\IMG-20191229-WA0010.jpg","IMG-20191229-WA0010.jpg","289011","4199968"
"C:\Users\flier\OneDrive\תמונות\Samsung Gallery\Android\media\com.whatsapp\WhatsApp\Media\WhatsApp Images\IMG-20191229-WA0011.jpg","IMG-20191229-WA0011.jpg","386364","4199968"
"C:\Users\flier\OneDrive\תמונות\Samsung Gallery\Android\media\com.whatsapp\WhatsApp\Media\WhatsApp Images\IMG-20191229-WA0012.jpg","IMG-20191229-WA0012.jpg","302988","4199968"
"C:\Users\flier\OneDrive\תמונות\Samsung Gallery\Android\media\com.whatsapp\WhatsApp\Media\WhatsApp Images\IMG-20191229-WA0013.jpg","IMG-20191229-WA0013.jpg","421920","4199968"
"C:\Users\flier\OneDrive\תמונות\Samsung Gallery\Android\media\com.whatsapp\WhatsApp\Media\WhatsApp Images\IMG-20191229-WA0014.jpg","IMG-20191229-WA0014.jpg","261673","4199968"
"C:\Users\flier\OneDrive\תמונות\Samsung Gallery\Android\media\com.whatsapp\WhatsApp\Media\WhatsApp Images\IMG-20191229-WA0015.jpg","IMG-20191229-WA0015.jpg","165652","4199968"
"C:\Users\flier\OneDrive\תמונות\Samsung Gallery\Android\media\com.whatsapp\WhatsApp\Media\WhatsApp Images\IMG-20191229-WA0016.jpg","IMG-20191229-WA0016.jpg","205131","4199968"
"C:\Users\flier\OneDrive\תמונות\Samsung Gallery\Android\media\com.whatsapp\WhatsApp\Media\WhatsApp Images\IMG-20191229-WA0017.jpg","IMG-20191229-WA0017.jpg","124276","4199968"
"C:\Users\flier\OneDrive\תמונות\Samsung Gallery\Android\media\com.whatsapp\WhatsApp\Media\WhatsApp Images\IMG-20191229-WA0018.jpg","IMG-20191229-WA0018.jpg","95023","4199968"
"C:\Users\flier\OneDrive\תמונות\Samsung Gallery\Android\media\com.whatsapp\WhatsApp\Media\WhatsApp Images\IMG-20191229-WA0019.jpg","IMG-20191229-WA0019.jpg","129291","4199968"
"C:\Users\flier\OneDrive\תמונות\Samsung Gallery\Android\media\com.whatsapp\WhatsApp\Media\WhatsApp Images\IMG-20191229-WA0020.jpg","IMG-20191229-WA0020.jpg","209734","4199968"
"C:\Users\flier\OneDrive\תמונות\Samsung Gallery\Android\media\com.whatsapp\WhatsApp\Media\WhatsApp Images\IMG-20191229-WA0021.jpg","IMG-20191229-WA0021.jpg","86866","4199968"
"C:\Users\flier\OneDrive\תמונות\Samsung Gallery\Android\media\com.whatsapp\WhatsApp\Media\WhatsApp Images\IMG-20191229-WA0022.jpg","IMG-20191229-WA0022.jpg","127412","4199968"
"C:\Users\flier\OneDrive\תמונות\Samsung Gallery\Android\media\com.whatsapp\WhatsApp\Media\WhatsApp Images\IMG-20191229-WA0023.jpg","IMG-20191229-WA0023.jpg","147812","4199968"
"C:\Users\flier\OneDrive\תמונות\Samsung Gallery\Android\media\com.whatsapp\WhatsApp\Media\WhatsApp Images\IMG-20191229-WA0024.jpg","IMG-20191229-WA0024.jpg","147443","4199968"
"C:\Users\flier\OneDrive\תמונות\Samsung Gallery\Android\media\com.whatsapp\WhatsApp\Media\WhatsApp Images\IMG-20191229-WA0025.jpg","IMG-20191229-WA0025.jpg","126809","4199968"
"C:\Users\flier\OneDrive\תמונות\Samsung Gallery\Android\media\com.whatsapp\WhatsApp\Media\WhatsApp Images\IMG-20191229-WA0026.jpg","IMG-20191229-WA0026.jpg","112972","4199968"
"C:\Users\flier\OneDrive\תמונות\Samsung Gallery\Android\media\com.whatsapp\WhatsApp\Media\WhatsApp Images\IMG-20191229-WA0027.jpg","IMG-20191229-WA0027.jpg","205874","4199968"
"C:\Users\flier\OneDrive\תמונות\Samsung Gallery\Android\media\com.whatsapp\WhatsApp\Media\WhatsApp Images\IMG-20191229-WA0028.jpg","IMG-20191229-WA0028.jpg","106323","4199968"
"C:\Users\flier\OneDrive\תמונות\Samsung Gallery\Android\media\com.whatsapp\WhatsApp\Media\WhatsApp Images\IMG-20191229-WA0029.jpg","IMG-20191229-WA0029.jpg","207159","4199968"
"C:\Users\flier\OneDrive\תמונות\Samsung Gallery\Android\media\com.whatsapp\WhatsApp\Media\WhatsApp Images\IMG-20191229-WA0030.jpg","IMG-20191229-WA0030.jpg","159520","4199968"
"C:\Users\flier\OneDrive\תמונות\Samsung Gallery\Android\media\com.whatsapp\WhatsApp\Media\WhatsApp Images\IMG-20191229-WA0031.jpg","IMG-20191229-WA0031.jpg","114480","4199968"
"C:\Users\flier\OneDrive\תמונות\Samsung Gallery\Android\media\com.whatsapp\WhatsApp\Media\WhatsApp Images\IMG-20191229-WA0032.jpg","IMG-20191229-WA0032.jpg","144299","4199968"
"C:\Users\flier\OneDrive\תמונות\Samsung Gallery\Android\media\com.whatsapp\WhatsApp\Media\WhatsApp Images\IMG-20191229-WA0033.jpg","IMG-20191229-WA0033.jpg","143683","4199968"
"C:\Users\flier\OneDrive\תמונות\Samsung Gallery\Android\media\com.whatsapp\WhatsApp\Media\WhatsApp Images\IMG-20191229-WA0034.jpg","IMG-20191229-WA0034.jpg","145703","4199968"
"C:\Users\flier\OneDrive\תמונות\Samsung Gallery\Android\media\com.whatsapp\WhatsApp\Media\WhatsApp Images\IMG-20191229-WA0035.jpg","IMG-20191229-WA0035.jpg","168463","4199968"
"C:\Users\flier\OneDrive\תמונות\Samsung Gallery\Android\media\com.whatsapp\WhatsApp\Media\WhatsApp Images\IMG-20191229-WA0036.jpg","IMG-20191229-WA0036.jpg","102486","4199968"
"C:\Users\flier\OneDrive\תמונות\Samsung Gallery\Android\media\com.whatsapp\WhatsApp\Media\WhatsApp Images\IMG-20191229-WA0038.jpg","IMG-20191229-WA0038.jpg","27867","4199968"
"C:\Users\flier\OneDrive\תמונות\Samsung Gallery\Android\media\com.whatsapp\WhatsApp\Media\WhatsApp Images\IMG-20191229-WA0039.jpeg","IMG-20191229-WA0039.jpeg","2738965","4199968"
"C:\Users\flier\OneDrive\תמונות\Samsung Gallery\Android\media\com.whatsapp\WhatsApp\Media\WhatsApp Images\IMG-20191229-WA0041.jpg","IMG-20191229-WA0041.jpg","189652","4199968"
"C:\Users\flier\OneDrive\תמונות\Samsung Gallery\Android\media\com.whatsapp\WhatsApp\Media\WhatsApp Images\IMG-20191230-WA0001.jpg","IMG-20191230-WA0001.jpg","60723","4199968"
"C:\Users\flier\OneDrive\תמונות\Samsung Gallery\Android\media\com.whatsapp\WhatsApp\Media\WhatsApp Images\IMG-20191230-WA0002.jpg","IMG-20191230-WA0002.jpg","79025","4199968"
"C:\Users\flier\OneDrive\תמונות\Samsung Gallery\Android\media\com.whatsapp\WhatsApp\Media\WhatsApp Images\IMG-20191230-WA0003.jpg","IMG-20191230-WA0003.jpg","304334","4199968"
"C:\Users\flier\OneDrive\תמונות\Samsung Gallery\Android\media\com.whatsapp\WhatsApp\Media\WhatsApp Images\IMG-20191230-WA0004.jpg","IMG-20191230-WA0004.jpg","244124","4199968"
"C:\Users\flier\OneDrive\תמונות\Samsung Gallery\Android\media\com.whatsapp\WhatsApp\Media\WhatsApp Images\IMG-20191230-WA0005.jpg","IMG-20191230-WA0005.jpg","310084","4199968"
"C:\Users\flier\OneDrive\תמונות\Samsung Gallery\Android\media\com.whatsapp\WhatsApp\Media\WhatsApp Images\IMG-20191230-WA0006.jpg","IMG-20191230-WA0006.jpg","144982","4199968"
"C:\Users\flier\OneDrive\תמונות\Samsung Gallery\Android\media\com.whatsapp\WhatsApp\Media\WhatsApp Images\IMG-20191230-WA0007.jpg","IMG-20191230-WA0007.jpg","230405","4199968"
"C:\Users\flier\OneDrive\תמונות\Samsung Gallery\Android\media\com.whatsapp\WhatsApp\Media\WhatsApp Images\IMG-20191230-WA0008.jpg","IMG-20191230-WA0008.jpg","236817","4199968"
"C:\Users\flier\OneDrive\תמונות\Samsung Gallery\Android\media\com.whatsapp\WhatsApp\Media\WhatsApp Images\IMG-20191230-WA0009.jpg","IMG-20191230-WA0009.jpg","375453","4199968"
"C:\Users\flier\OneDrive\תמונות\Samsung Gallery\Android\media\com.whatsapp\WhatsApp\Media\WhatsApp Images\IMG-20191230-WA0010.jpg","IMG-20191230-WA0010.jpg","346715","4199968"
"C:\Users\flier\OneDrive\תמונות\Samsung Gallery\Android\media\com.whatsapp\WhatsApp\Media\WhatsApp Images\IMG-20191230-WA0011.jpg","IMG-20191230-WA0011.jpg","382973","4199968"
"C:\Users\flier\OneDrive\תמונות\Samsung Gallery\Android\media\com.whatsapp\WhatsApp\Media\WhatsApp Images\IMG-20191230-WA0012.jpg","IMG-20191230-WA0012.jpg","445474","4199968"
"C:\Users\flier\OneDrive\תמונות\Samsung Gallery\Android\media\com.whatsapp\WhatsApp\Media\WhatsApp Images\IMG-20191230-WA0013.jpg","IMG-20191230-WA0013.jpg","433273","4199968"
"C:\Users\flier\OneDrive\תמונות\Samsung Gallery\Android\media\com.whatsapp\WhatsApp\Media\WhatsApp Images\IMG-20191230-WA0014.jpg","IMG-20191230-WA0014.jpg","364971","4199968"
"C:\Users\flier\OneDrive\תמונות\Samsung Gallery\Android\media\com.whatsapp\WhatsApp\Media\WhatsApp Images\IMG-20191230-WA0015.jpg","IMG-20191230-WA0015.jpg","369174","4199968"
"C:\Users\flier\OneDrive\תמונות\Samsung Gallery\Android\media\com.whatsapp\WhatsApp\Media\WhatsApp Images\IMG-20191230-WA0016.jpg","IMG-20191230-WA0016.jpg","401075","4199968"
"C:\Users\flier\OneDrive\תמונות\Samsung Gallery\Android\media\com.whatsapp\WhatsApp\Media\WhatsApp Images\IMG-20191230-WA0017.jpg","IMG-20191230-WA0017.jpg","352834","4199968"
"C:\Users\flier\OneDrive\תמונות\Samsung Gallery\Android\media\com.whatsapp\WhatsApp\Media\WhatsApp Images\IMG-20191231-WA0002.jpg","IMG-20191231-WA0002.jpg","178428","4199968"
"C:\Users\flier\OneDrive\תמונות\Samsung Gallery\Android\media\com.whatsapp\WhatsApp\Media\WhatsApp Images\IMG-20200101-WA0000.jpg","IMG-20200101-WA0000.jpg","305076","4199968"
"C:\Users\flier\OneDrive\תמונות\Samsung Gallery\Android\media\com.whatsapp\WhatsApp\Media\WhatsApp Images\IMG-20200101-WA0005.jpeg","IMG-20200101-WA0005.jpeg","3512646","4199968"
"C:\Users\flier\OneDrive\תמונות\Samsung Gallery\Android\media\com.whatsapp\WhatsApp\Media\WhatsApp Images\IMG-20200102-WA0002.jpg","IMG-20200102-WA0002.jpg","67104","4199968"
"C:\Users\flier\OneDrive\תמונות\Samsung Gallery\Android\media\com.whatsapp\WhatsApp\Media\WhatsApp Images\IMG-20200103-WA0001.jpg","IMG-20200103-WA0001.jpg","145339","4199968"
"C:\Users\flier\OneDrive\תמונות\Samsung Gallery\Android\media\com.whatsapp\WhatsApp\Media\WhatsApp Images\IMG-20200104-WA0000.jpg","IMG-20200104-WA0000.jpg","144246","4199968"
"C:\Users\flier\OneDrive\תמונות\Samsung Gallery\Android\media\com.whatsapp\WhatsApp\Media\WhatsApp Images\IMG-20200105-WA0003.jpg","IMG-20200105-WA0003.jpg","45175","4199968"
"C:\Users\flier\OneDrive\תמונות\Samsung Gallery\Android\media\com.whatsapp\WhatsApp\Media\WhatsApp Images\IMG-20200105-WA0004.jpg","IMG-20200105-WA0004.jpg","58548","4199968"
"C:\Users\flier\OneDrive\תמונות\Samsung Gallery\Android\media\com.whatsapp\WhatsApp\Media\WhatsApp Images\IMG-20200105-WA0005.jpg","IMG-20200105-WA0005.jpg","74941","4199968"
"C:\Users\flier\OneDrive\תמונות\Samsung Gallery\Android\media\com.whatsapp\WhatsApp\Media\WhatsApp Images\IMG-20200105-WA0008.jpg","IMG-20200105-WA0008.jpg","47929","4199968"
"C:\Users\flier\OneDrive\תמונות\Samsung Gallery\Android\media\com.whatsapp\WhatsApp\Media\WhatsApp Images\IMG-20200106-WA0000.jpg","IMG-20200106-WA0000.jpg","31560","4199968"
"C:\Users\flier\OneDrive\תמונות\Samsung Gallery\Android\media\com.whatsapp\WhatsApp\Media\WhatsApp Images\IMG-20200106-WA0001.jpg","IMG-20200106-WA0001.jpg","148031","4199968"
"C:\Users\flier\OneDrive\תמונות\Samsung Gallery\Android\media\com.whatsapp\WhatsApp\Media\WhatsApp Images\IMG-20200106-WA0002.jpg","IMG-20200106-WA0002.jpg","128355","4199968"
"C:\Users\flier\OneDrive\תמונות\Samsung Gallery\Android\media\com.whatsapp\WhatsApp\Media\WhatsApp Images\IMG-20200108-WA0000.jpg","IMG-20200108-WA0000.jpg","38328","4199968"
"C:\Users\flier\OneDrive\תמונות\Samsung Gallery\Android\media\com.whatsapp\WhatsApp\Media\WhatsApp Images\IMG-20200108-WA0001.jpg","IMG-20200108-WA0001.jpg","43488","4199968"
"C:\Users\flier\OneDrive\תמונות\Samsung Gallery\Android\media\com.whatsapp\WhatsApp\Media\WhatsApp Images\IMG-20200108-WA0002.jpg","IMG-20200108-WA0002.jpg","54037","4199968"
"C:\Users\flier\OneDrive\תמונות\Samsung Gallery\Android\media\com.whatsapp\WhatsApp\Media\WhatsApp Images\IMG-20200109-WA0001.jpg","IMG-20200109-WA0001.jpg","66129","4199968"
"C:\Users\flier\OneDrive\תמונות\Samsung Gallery\Android\media\com.whatsapp\WhatsApp\Media\WhatsApp Images\IMG-20200110-WA0000.jpg","IMG-20200110-WA0000.jpg","121911","4199968"
"C:\Users\flier\OneDrive\תמונות\Samsung Gallery\Android\media\com.whatsapp\WhatsApp\Media\WhatsApp Images\IMG-20200110-WA0004.jpeg","IMG-20200110-WA0004.jpeg","2514122","4199968"
"C:\Users\flier\OneDrive\תמונות\Samsung Gallery\Android\media\com.whatsapp\WhatsApp\Media\WhatsApp Images\IMG-20200112-WA0001.jpg","IMG-20200112-WA0001.jpg","75442","4199968"
"C:\Users\flier\OneDrive\תמונות\Samsung Gallery\Android\media\com.whatsapp\WhatsApp\Media\WhatsApp Images\IMG-20200112-WA0002.jpg","IMG-20200112-WA0002.jpg","82728","4199968"
"C:\Users\flier\OneDrive\תמונות\Samsung Gallery\Android\media\com.whatsapp\WhatsApp\Media\WhatsApp Images\IMG-20200114-WA0003.jpg","IMG-20200114-WA0003.jpg","282137","4199968"
"C:\Users\flier\OneDrive\תמונות\Samsung Gallery\Android\media\com.whatsapp\WhatsApp\Media\WhatsApp Images\IMG-20200115-WA0000.jpg","IMG-20200115-WA0000.jpg","69693","4199968"
"C:\Users\flier\OneDrive\תמונות\Samsung Gallery\Android\media\com.whatsapp\WhatsApp\Media\WhatsApp Images\IMG-20200115-WA0001.jpg","IMG-20200115-WA0001.jpg","133718","4199968"
"C:\Users\flier\OneDrive\תמונות\Samsung Gallery\Android\media\com.whatsapp\WhatsApp\Media\WhatsApp Images\IMG-20200116-WA0000.jpg","IMG-20200116-WA0000.jpg","163375","4199968"
"C:\Users\flier\OneDrive\תמונות\Samsung Gallery\Android\media\com.whatsapp\WhatsApp\Media\WhatsApp Images\IMG-20200116-WA0001.jpg","IMG-20200116-WA0001.jpg","154400","4199968"
"C:\Users\flier\OneDrive\תמונות\Samsung Gallery\Android\media\com.whatsapp\WhatsApp\Media\WhatsApp Images\IMG-20200116-WA0004.jpg","IMG-20200116-WA0004.jpg","70080","4199968"
"C:\Users\flier\OneDrive\תמונות\Samsung Gallery\Android\media\com.whatsapp\WhatsApp\Media\WhatsApp Images\IMG-20200117-WA0001.jpg","IMG-20200117-WA0001.jpg","235226","4199968"
"C:\Users\flier\OneDrive\תמונות\Samsung Gallery\Android\media\com.whatsapp\WhatsApp\Media\WhatsApp Images\IMG-20200117-WA0002.jpg","IMG-20200117-WA0002.jpg","336576","4199968"
"C:\Users\flier\OneDrive\תמונות\Samsung Gallery\Android\media\com.whatsapp\WhatsApp\Media\WhatsApp Images\IMG-20200117-WA0003.jpg","IMG-20200117-WA0003.jpg","330976","4199968"
"C:\Users\flier\OneDrive\תמונות\Samsung Gallery\Android\media\com.whatsapp\WhatsApp\Media\WhatsApp Images\IMG-20200117-WA0004.jpg","IMG-20200117-WA0004.jpg","286796","4199968"
"C:\Users\flier\OneDrive\תמונות\Samsung Gallery\Android\media\com.whatsapp\WhatsApp\Media\WhatsApp Images\IMG-20200117-WA0005.jpg","IMG-20200117-WA0005.jpg","386241","4199968"
"C:\Users\flier\OneDrive\תמונות\Samsung Gallery\Android\media\com.whatsapp\WhatsApp\Media\WhatsApp Images\IMG-20200117-WA0006.jpg","IMG-20200117-WA0006.jpg","279672","4199968"
"C:\Users\flier\OneDrive\תמונות\Samsung Gallery\Android\media\com.whatsapp\WhatsApp\Media\WhatsApp Images\IMG-20200117-WA0007.jpg","IMG-20200117-WA0007.jpg","435611","4199968"
"C:\Users\flier\OneDrive\תמונות\Samsung Gallery\Android\media\com.whatsapp\WhatsApp\Media\WhatsApp Images\IMG-20200117-WA0008.jpg","IMG-20200117-WA0008.jpg","356848","4199968"
"C:\Users\flier\OneDrive\תמונות\Samsung Gallery\Android\media\com.whatsapp\WhatsApp\Media\WhatsApp Images\IMG-20200117-WA0009.jpg","IMG-20200117-WA0009.jpg","312031","4199968"
"C:\Users\flier\OneDrive\תמונות\Samsung Gallery\Android\media\com.whatsapp\WhatsApp\Media\WhatsApp Images\IMG-20200117-WA0010.jpg","IMG-20200117-WA0010.jpg","367444","4199968"
"C:\Users\flier\OneDrive\תמונות\Samsung Gallery\Android\media\com.whatsapp\WhatsApp\Media\WhatsApp Images\IMG-20200117-WA0011.jpg","IMG-20200117-WA0011.jpg","483215","4199968"
"C:\Users\flier\OneDrive\תמונות\Samsung Gallery\Android\media\com.whatsapp\WhatsApp\Media\WhatsApp Images\IMG-20200117-WA0012.jpg","IMG-20200117-WA0012.jpg","436950","4199968"
"C:\Users\flier\OneDrive\תמונות\Samsung Gallery\Android\media\com.whatsapp\WhatsApp\Media\WhatsApp Images\IMG-20200117-WA0013.jpg","IMG-20200117-WA0013.jpg","407341","4199968"
"C:\Users\flier\OneDrive\תמונות\Samsung Gallery\Android\media\com.whatsapp\WhatsApp\Media\WhatsApp Images\IMG-20200117-WA0014.jpg","IMG-20200117-WA0014.jpg","486627","4199968"
"C:\Users\flier\OneDrive\תמונות\Samsung Gallery\Android\media\com.whatsapp\WhatsApp\Media\WhatsApp Images\IMG-20200117-WA0015.jpg","IMG-20200117-WA0015.jpg","373758","4199968"
"C:\Users\flier\OneDrive\תמונות\Samsung Gallery\Android\media\com.whatsapp\WhatsApp\Media\WhatsApp Images\IMG-20200117-WA0016.jpg","IMG-20200117-WA0016.jpg","313714","4199968"
"C:\Users\flier\OneDrive\תמונות\Samsung Gallery\Android\media\com.whatsapp\WhatsApp\Media\WhatsApp Images\IMG-20200117-WA0017.jpg","IMG-20200117-WA0017.jpg","178586","4199968"
"C:\Users\flier\OneDrive\תמונות\Samsung Gallery\Android\media\com.whatsapp\WhatsApp\Media\WhatsApp Images\IMG-20200117-WA0018.jpg","IMG-20200117-WA0018.jpg","250329","4199968"
"C:\Users\flier\OneDrive\תמונות\Samsung Gallery\Android\media\com.whatsapp\WhatsApp\Media\WhatsApp Images\IMG-20200117-WA0019.jpg","IMG-20200117-WA0019.jpg","256899","4199968"
"C:\Users\flier\OneDrive\תמונות\Samsung Gallery\Android\media\com.whatsapp\WhatsApp\Media\WhatsApp Images\IMG-20200117-WA0020.jpg","IMG-20200117-WA0020.jpg","406520","4199968"
"C:\Users\flier\OneDrive\תמונות\Samsung Gallery\Android\media\com.whatsapp\WhatsApp\Media\WhatsApp Images\IMG-20200117-WA0021.jpg","IMG-20200117-WA0021.jpg","247390","4199968"
"C:\Users\flier\OneDrive\תמונות\Samsung Gallery\Android\media\com.whatsapp\WhatsApp\Media\WhatsApp Images\IMG-20200117-WA0022.jpg","IMG-20200117-WA0022.jpg","402475","4199968"
"C:\Users\flier\OneDrive\תמונות\Samsung Gallery\Android\media\com.whatsapp\WhatsApp\Media\WhatsApp Images\IMG-20200117-WA0023.jpg","IMG-20200117-WA0023.jpg","376161","4199968"
"C:\Users\flier\OneDrive\תמונות\Samsung Gallery\Android\media\com.whatsapp\WhatsApp\Media\WhatsApp Images\IMG-20200117-WA0024.jpg","IMG-20200117-WA0024.jpg","467410","4199968"
"C:\Users\flier\OneDrive\תמונות\Samsung Gallery\Android\media\com.whatsapp\WhatsApp\Media\WhatsApp Images\IMG-20200117-WA0025.jpg","IMG-20200117-WA0025.jpg","247869","4199968"
"C:\Users\flier\OneDrive\תמונות\Samsung Gallery\Android\media\com.whatsapp\WhatsApp\Media\WhatsApp Images\IMG-20200117-WA0026.jpg","IMG-20200117-WA0026.jpg","350900","4199968"
"C:\Users\flier\OneDrive\תמונות\Samsung Gallery\Android\media\com.whatsapp\WhatsApp\Media\WhatsApp Images\IMG-20200117-WA0027.jpg","IMG-20200117-WA0027.jpg","147441","4199968"
"C:\Users\flier\OneDrive\תמונות\Samsung Gallery\Android\media\com.whatsapp\WhatsApp\Media\WhatsApp Images\IMG-20200117-WA0029.jpeg","IMG-20200117-WA0029.jpeg","5004422","4199968"
"C:\Users\flier\OneDrive\תמונות\Samsung Gallery\Android\media\com.whatsapp\WhatsApp\Media\WhatsApp Images\IMG-20200118-WA0001.jpg","IMG-20200118-WA0001.jpg","308936","4199968"
"C:\Users\flier\OneDrive\תמונות\Samsung Gallery\Android\media\com.whatsapp\WhatsApp\Media\WhatsApp Images\IMG-20200118-WA0002.jpg","IMG-20200118-WA0002.jpg","96259","4199968"
"C:\Users\flier\OneDrive\תמונות\Samsung Gallery\Android\media\com.whatsapp\WhatsApp\Media\WhatsApp Images\IMG-20200118-WA0003.jpg","IMG-20200118-WA0003.jpg","77025","4199968"
"C:\Users\flier\OneDrive\תמונות\Samsung Gallery\Android\media\com.whatsapp\WhatsApp\Media\WhatsApp Images\IMG-20200119-WA0000.jpg","IMG-20200119-WA0000.jpg","137826","4199968"
"C:\Users\flier\OneDrive\תמונות\Samsung Gallery\Android\media\com.whatsapp\WhatsApp\Media\WhatsApp Images\IMG-20200119-WA0001.jpg","IMG-20200119-WA0001.jpg","127198","4199968"
"C:\Users\flier\OneDrive\תמונות\Samsung Gallery\Android\media\com.whatsapp\WhatsApp\Media\WhatsApp Images\IMG-20200119-WA0003.jpg","IMG-20200119-WA0003.jpg","140729","4199968"
"C:\Users\flier\OneDrive\תמונות\Samsung Gallery\Android\media\com.whatsapp\WhatsApp\Media\WhatsApp Images\IMG-20200120-WA0000.jpg","IMG-20200120-WA0000.jpg","356197","4199968"
"C:\Users\flier\OneDrive\תמונות\Samsung Gallery\Android\media\com.whatsapp\WhatsApp\Media\WhatsApp Images\IMG-20200120-WA0001.jpg","IMG-20200120-WA0001.jpg","174956","4199968"
"C:\Users\flier\OneDrive\תמונות\Samsung Gallery\Android\media\com.whatsapp\WhatsApp\Media\WhatsApp Images\IMG-20200120-WA0002.jpg","IMG-20200120-WA0002.jpg","133908","4199968"
"C:\Users\flier\OneDrive\תמונות\Samsung Gallery\Android\media\com.whatsapp\WhatsApp\Media\WhatsApp Images\IMG-20200120-WA0003.jpg","IMG-20200120-WA0003.jpg","147311","4199968"
"C:\Users\flier\OneDrive\תמונות\Samsung Gallery\Android\media\com.whatsapp\WhatsApp\Media\WhatsApp Images\IMG-20200120-WA0004.jpg","IMG-20200120-WA0004.jpg","267914","4199968"
"C:\Users\flier\OneDrive\תמונות\Samsung Gallery\Android\media\com.whatsapp\WhatsApp\Media\WhatsApp Images\IMG-20200120-WA0009.jpg","IMG-20200120-WA0009.jpg","99607","4199968"
"C:\Users\flier\OneDrive\תמונות\Samsung Gallery\Android\media\com.whatsapp\WhatsApp\Media\WhatsApp Images\IMG-20200122-WA0000.jpg","IMG-20200122-WA0000.jpg","110962","4199968"
"C:\Users\flier\OneDrive\תמונות\Samsung Gallery\Android\media\com.whatsapp\WhatsApp\Media\WhatsApp Images\IMG-20200122-WA0007.jpg","IMG-20200122-WA0007.jpg","33096","4199968"
"C:\Users\flier\OneDrive\תמונות\Samsung Gallery\Android\media\com.whatsapp\WhatsApp\Media\WhatsApp Images\IMG-20200123-WA0010.jpg","IMG-20200123-WA0010.jpg","50446","4199968"
"C:\Users\flier\OneDrive\תמונות\Samsung Gallery\Android\media\com.whatsapp\WhatsApp\Media\WhatsApp Images\IMG-20200123-WA0012.jpg","IMG-20200123-WA0012.jpg","69468","4199968"
"C:\Users\flier\OneDrive\תמונות\Samsung Gallery\Android\media\com.whatsapp\WhatsApp\Media\WhatsApp Images\IMG-20200123-WA0015.jpg","IMG-20200123-WA0015.jpg","226445","4199968"
"C:\Users\flier\OneDrive\תמונות\Samsung Gallery\Android\media\com.whatsapp\WhatsApp\Media\WhatsApp Images\IMG-20200123-WA0016.jpg","IMG-20200123-WA0016.jpg","242974","4199968"
"C:\Users\flier\OneDrive\תמונות\Samsung Gallery\Android\media\com.whatsapp\WhatsApp\Media\WhatsApp Images\IMG-20200123-WA0017.jpg","IMG-20200123-WA0017.jpg","210466","4199968"
"C:\Users\flier\OneDrive\תמונות\Samsung Gallery\Android\media\com.whatsapp\WhatsApp\Media\WhatsApp Images\IMG-20200123-WA0018.jpg","IMG-20200123-WA0018.jpg","85366","4199968"
"C:\Users\flier\OneDrive\תמונות\Samsung Gallery\Android\media\com.whatsapp\WhatsApp\Media\WhatsApp Images\IMG-20200125-WA0000.jpg","IMG-20200125-WA0000.jpg","35523","4199968"
"C:\Users\flier\OneDrive\תמונות\Samsung Gallery\Android\media\com.whatsapp\WhatsApp\Media\WhatsApp Images\IMG-20200125-WA0001.jpg","IMG-20200125-WA0001.jpg","134924","4199968"
"C:\Users\flier\OneDrive\תמונות\Samsung Gallery\Android\media\com.whatsapp\WhatsApp\Media\WhatsApp Images\IMG-20200126-WA0000.jpg","IMG-20200126-WA0000.jpg","92157","4199968"
"C:\Users\flier\OneDrive\תמונות\Samsung Gallery\Android\media\com.whatsapp\WhatsApp\Media\WhatsApp Images\IMG-20200126-WA0001.jpg","IMG-20200126-WA0001.jpg","90580","4199968"
"C:\Users\flier\OneDrive\תמונות\Samsung Gallery\Android\media\com.whatsapp\WhatsApp\Media\WhatsApp Images\IMG-20200126-WA0003.jpg","IMG-20200126-WA0003.jpg","265417","4199968"
"C:\Users\flier\OneDrive\תמונות\Samsung Gallery\Android\media\com.whatsapp\WhatsApp\Media\WhatsApp Images\IMG-20200126-WA0004.jpg","IMG-20200126-WA0004.jpg","167012","4199968"
"C:\Users\flier\OneDrive\תמונות\Samsung Gallery\Android\media\com.whatsapp\WhatsApp\Media\WhatsApp Images\IMG-20200126-WA0005.jpg","IMG-20200126-WA0005.jpg","277869","4199968"
"C:\Users\flier\OneDrive\תמונות\Samsung Gallery\Android\media\com.whatsapp\WhatsApp\Media\WhatsApp Images\IMG-20200126-WA0006.jpg","IMG-20200126-WA0006.jpg","217585","4199968"
"C:\Users\flier\OneDrive\תמונות\Samsung Gallery\Android\media\com.whatsapp\WhatsApp\Media\WhatsApp Images\IMG-20200126-WA0007.jpg","IMG-20200126-WA0007.jpg","204002","4199968"
"C:\Users\flier\OneDrive\תמונות\Samsung Gallery\Android\media\com.whatsapp\WhatsApp\Media\WhatsApp Images\IMG-20200126-WA0008.jpg","IMG-20200126-WA0008.jpg","261836","4199968"
"C:\Users\flier\OneDrive\תמונות\Samsung Gallery\Android\media\com.whatsapp\WhatsApp\Media\WhatsApp Images\IMG-20200126-WA0009.jpg","IMG-20200126-WA0009.jpg","133248","4199968"
"C:\Users\flier\OneDrive\תמונות\Samsung Gallery\Android\media\com.whatsapp\WhatsApp\Media\WhatsApp Images\IMG-20200126-WA0010.jpg","IMG-20200126-WA0010.jpg","240429","4199968"
"C:\Users\flier\OneDrive\תמונות\Samsung Gallery\Android\media\com.whatsapp\WhatsApp\Media\WhatsApp Images\IMG-20200127-WA0003.jpg","IMG-20200127-WA0003.jpg","103886","4199968"
"C:\Users\flier\OneDrive\תמונות\Samsung Gallery\Android\media\com.whatsapp\WhatsApp\Media\WhatsApp Images\IMG-20200128-WA0001.jpg","IMG-20200128-WA0001.jpg","101386","4199968"
"C:\Users\flier\OneDrive\תמונות\Samsung Gallery\Android\media\com.whatsapp\WhatsApp\Media\WhatsApp Images\IMG-20200128-WA0002.jpeg","IMG-20200128-WA0002.jpeg","3756611","4199968"
"C:\Users\flier\OneDrive\תמונות\Samsung Gallery\Android\media\com.whatsapp\WhatsApp\Media\WhatsApp Images\IMG-20200128-WA0004.jpg","IMG-20200128-WA0004.jpg","78934","4199968"
"C:\Users\flier\OneDrive\תמונות\Samsung Gallery\Android\media\com.whatsapp\WhatsApp\Media\WhatsApp Images\IMG-20200128-WA0005.jpg","IMG-20200128-WA0005.jpg","126911","4199968"
"C:\Users\flier\OneDrive\תמונות\Samsung Gallery\Android\media\com.whatsapp\WhatsApp\Media\WhatsApp Images\IMG-20200128-WA0006.jpg","IMG-20200128-WA0006.jpg","61589","4199968"
"C:\Users\flier\OneDrive\תמונות\Samsung Gallery\Android\media\com.whatsapp\WhatsApp\Media\WhatsApp Images\IMG-20200129-WA0001.jpg","IMG-20200129-WA0001.jpg","65727","4199968"
"C:\Users\flier\OneDrive\תמונות\Samsung Gallery\Android\media\com.whatsapp\WhatsApp\Media\WhatsApp Images\IMG-20200129-WA0004.jpg","IMG-20200129-WA0004.jpg","346350","4199968"
"C:\Users\flier\OneDrive\תמונות\Samsung Gallery\Android\media\com.whatsapp\WhatsApp\Media\WhatsApp Images\IMG-20200129-WA0005.jpg","IMG-20200129-WA0005.jpg","313763","4199968"
"C:\Users\flier\OneDrive\תמונות\Samsung Gallery\Android\media\com.whatsapp\WhatsApp\Media\WhatsApp Images\IMG-20200129-WA0006.jpg","IMG-20200129-WA0006.jpg","316308","4199968"
"C:\Users\flier\OneDrive\תמונות\Samsung Gallery\Android\media\com.whatsapp\WhatsApp\Media\WhatsApp Images\IMG-20200129-WA0007.jpg","IMG-20200129-WA0007.jpg","386855","4199968"
"C:\Users\flier\OneDrive\תמונות\Samsung Gallery\Android\media\com.whatsapp\WhatsApp\Media\WhatsApp Images\IMG-20200129-WA0008.jpg","IMG-20200129-WA0008.jpg","142288","4199968"
"C:\Users\flier\OneDrive\תמונות\Samsung Gallery\Android\media\com.whatsapp\WhatsApp\Media\WhatsApp Images\IMG-20200129-WA0009.jpg","IMG-20200129-WA0009.jpg","180219","4199968"
"C:\Users\flier\OneDrive\תמונות\Samsung Gallery\Android\media\com.whatsapp\WhatsApp\Media\WhatsApp Images\IMG-20200129-WA0010.jpg","IMG-20200129-WA0010.jpg","355737","4199968"
"C:\Users\flier\OneDrive\תמונות\Samsung Gallery\Android\media\com.whatsapp\WhatsApp\Media\WhatsApp Images\IMG-20200129-WA0011.jpg","IMG-20200129-WA0011.jpg","391281","4199968"
"C:\Users\flier\OneDrive\תמונות\Samsung Gallery\Android\media\com.whatsapp\WhatsApp\Media\WhatsApp Images\IMG-20200129-WA0012.jpg","IMG-20200129-WA0012.jpg","338670","4199968"
"C:\Users\flier\OneDrive\תמונות\Samsung Gallery\Android\media\com.whatsapp\WhatsApp\Media\WhatsApp Images\IMG-20200129-WA0013.jpg","IMG-20200129-WA0013.jpg","325141","4199968"
"C:\Users\flier\OneDrive\תמונות\Samsung Gallery\Android\media\com.whatsapp\WhatsApp\Media\WhatsApp Images\IMG-20200129-WA0014.jpg","IMG-20200129-WA0014.jpg","361160","4199968"
"C:\Users\flier\OneDrive\תמונות\Samsung Gallery\Android\media\com.whatsapp\WhatsApp\Media\WhatsApp Images\IMG-20200129-WA0015.jpg","IMG-20200129-WA0015.jpg","32803","4199968"
"C:\Users\flier\OneDrive\תמונות\Samsung Gallery\Android\media\com.whatsapp\WhatsApp\Media\WhatsApp Images\IMG-20200130-WA0001.jpg","IMG-20200130-WA0001.jpg","171996","4199968"
"C:\Users\flier\OneDrive\תמונות\Samsung Gallery\Android\media\com.whatsapp\WhatsApp\Media\WhatsApp Images\IMG-20200130-WA0002.jpg","IMG-20200130-WA0002.jpg","79521","4199968"
"C:\Users\flier\OneDrive\תמונות\Samsung Gallery\Android\media\com.whatsapp\WhatsApp\Media\WhatsApp Images\IMG-20200130-WA0005.jpg","IMG-20200130-WA0005.jpg","158707","4199968"
"C:\Users\flier\OneDrive\תמונות\Samsung Gallery\Android\media\com.whatsapp\WhatsApp\Media\WhatsApp Images\IMG-20200130-WA0006.jpg","IMG-20200130-WA0006.jpg","146010","4199968"
"C:\Users\flier\OneDrive\תמונות\Samsung Gallery\Android\media\com.whatsapp\WhatsApp\Media\WhatsApp Images\IMG-20200130-WA0007.jpg","IMG-20200130-WA0007.jpg","22574","4199968"
"C:\Users\flier\OneDrive\תמונות\Samsung Gallery\Android\media\com.whatsapp\WhatsApp\Media\WhatsApp Images\IMG-20200131-WA0002.jpg","IMG-20200131-WA0002.jpg","32502","4199968"
"C:\Users\flier\OneDrive\תמונות\Samsung Gallery\Android\media\com.whatsapp\WhatsApp\Media\WhatsApp Images\IMG-20200131-WA0004.jpg","IMG-20200131-WA0004.jpg","37849","4199968"
"C:\Users\flier\OneDrive\תמונות\Samsung Gallery\Android\media\com.whatsapp\WhatsApp\Media\WhatsApp Images\IMG-20200131-WA0005.jpg","IMG-20200131-WA0005.jpg","53670","4199968"
"C:\Users\flier\OneDrive\תמונות\Samsung Gallery\Android\media\com.whatsapp\WhatsApp\Media\WhatsApp Images\IMG-20200131-WA0010.jpg","IMG-20200131-WA0010.jpg","118184","4199968"
"C:\Users\flier\OneDrive\תמונות\Samsung Gallery\Android\media\com.whatsapp\WhatsApp\Media\WhatsApp Images\IMG-20200131-WA0011.jpg","IMG-20200131-WA0011.jpg","174410","4199968"
"C:\Users\flier\OneDrive\תמונות\Samsung Gallery\Android\media\com.whatsapp\WhatsApp\Media\WhatsApp Images\IMG-20200202-WA0000.jpg","IMG-20200202-WA0000.jpg","171407","4199968"
"C:\Users\flier\OneDrive\תמונות\Samsung Gallery\Android\media\com.whatsapp\WhatsApp\Media\WhatsApp Images\IMG-20200202-WA0002.jpg","IMG-20200202-WA0002.jpg","152552","4199968"
"C:\Users\flier\OneDrive\תמונות\Samsung Gallery\Android\media\com.whatsapp\WhatsApp\Media\WhatsApp Images\IMG-20200203-WA0001.jpg","IMG-20200203-WA0001.jpg","172089","4199968"
"C:\Users\flier\OneDrive\תמונות\Samsung Gallery\Android\media\com.whatsapp\WhatsApp\Media\WhatsApp Images\IMG-20200203-WA0003.jpg","IMG-20200203-WA0003.jpg","158924","4199968"
"C:\Users\flier\OneDrive\תמונות\Samsung Gallery\Android\media\com.whatsapp\WhatsApp\Media\WhatsApp Images\IMG-20200203-WA0004.jpg","IMG-20200203-WA0004.jpg","60212","4199968"
"C:\Users\flier\OneDrive\תמונות\Samsung Gallery\Android\media\com.whatsapp\WhatsApp\Media\WhatsApp Images\IMG-20200204-WA0003.jpg","IMG-20200204-WA0003.jpg","64581","4199968"
"C:\Users\flier\OneDrive\תמונות\Samsung Gallery\Android\media\com.whatsapp\WhatsApp\Media\WhatsApp Images\IMG-20200204-WA0006.jpg","IMG-20200204-WA0006.jpg","195921","4199968"
"C:\Users\flier\OneDrive\תמונות\Samsung Gallery\Android\media\com.whatsapp\WhatsApp\Media\WhatsApp Images\IMG-20200205-WA0000.jpg","IMG-20200205-WA0000.jpg","23806","4199968"
"C:\Users\flier\OneDrive\תמונות\Samsung Gallery\Android\media\com.whatsapp\WhatsApp\Media\WhatsApp Images\IMG-20200205-WA0001.jpg","IMG-20200205-WA0001.jpg","13094","4199968"
"C:\Users\flier\OneDrive\תמונות\Samsung Gallery\Android\media\com.whatsapp\WhatsApp\Media\WhatsApp Images\IMG-20200206-WA0001.jpg","IMG-20200206-WA0001.jpg","70417","4199968"
"C:\Users\flier\OneDrive\תמונות\Samsung Gallery\Android\media\com.whatsapp\WhatsApp\Media\WhatsApp Images\IMG-20200206-WA0003.jpeg","IMG-20200206-WA0003.jpeg","3875245","4199968"
"C:\Users\flier\OneDrive\תמונות\Samsung Gallery\Android\media\com.whatsapp\WhatsApp\Media\WhatsApp Images\IMG-20200206-WA0005.jpg","IMG-20200206-WA0005.jpg","46816","4199968"
"C:\Users\flier\OneDrive\תמונות\Samsung Gallery\Android\media\com.whatsapp\WhatsApp\Media\WhatsApp Images\IMG-20200207-WA0003.jpg","IMG-20200207-WA0003.jpg","37385","4199968"
"C:\Users\flier\OneDrive\תמונות\Samsung Gallery\Android\media\com.whatsapp\WhatsApp\Media\WhatsApp Images\IMG-20200208-WA0001.jpeg","IMG-20200208-WA0001.jpeg","4247536","4199968"
"C:\Users\flier\OneDrive\תמונות\Samsung Gallery\Android\media\com.whatsapp\WhatsApp\Media\WhatsApp Images\IMG-20200208-WA0004.jpg","IMG-20200208-WA0004.jpg","27449","4199968"
"C:\Users\flier\OneDrive\תמונות\Samsung Gallery\Android\media\com.whatsapp\WhatsApp\Media\WhatsApp Images\IMG-20200209-WA0003.jpg","IMG-20200209-WA0003.jpg","233689","4199968"
"C:\Users\flier\OneDrive\תמונות\Samsung Gallery\Android\media\com.whatsapp\WhatsApp\Media\WhatsApp Images\IMG-20200209-WA0004.jpg","IMG-20200209-WA0004.jpg","248287","4199968"
"C:\Users\flier\OneDrive\תמונות\Samsung Gallery\Android\media\com.whatsapp\WhatsApp\Media\WhatsApp Images\IMG-20200209-WA0005.jpg","IMG-20200209-WA0005.jpg","309366","4199968"
"C:\Users\flier\OneDrive\תמונות\Samsung Gallery\Android\media\com.whatsapp\WhatsApp\Media\WhatsApp Images\IMG-20200209-WA0006.jpg","IMG-20200209-WA0006.jpg","166967","4199968"
"C:\Users\flier\OneDrive\תמונות\Samsung Gallery\Android\media\com.whatsapp\WhatsApp\Media\WhatsApp Images\IMG-20200209-WA0007.jpg","IMG-20200209-WA0007.jpg","158415","4199968"
"C:\Users\flier\OneDrive\תמונות\Samsung Gallery\Android\media\com.whatsapp\WhatsApp\Media\WhatsApp Images\IMG-20200209-WA0008.jpg","IMG-20200209-WA0008.jpg","142133","4199968"
"C:\Users\flier\OneDrive\תמונות\Samsung Gallery\Android\media\com.whatsapp\WhatsApp\Media\WhatsApp Images\IMG-20200209-WA0009.jpg","IMG-20200209-WA0009.jpg","161688","4199968"
"C:\Users\flier\OneDrive\תמונות\Samsung Gallery\Android\media\com.whatsapp\WhatsApp\Media\WhatsApp Images\IMG-20200209-WA0010.jpg","IMG-20200209-WA0010.jpg","149635","4199968"
"C:\Users\flier\OneDrive\תמונות\Samsung Gallery\Android\media\com.whatsapp\WhatsApp\Media\WhatsApp Images\IMG-20200209-WA0011.jpg","IMG-20200209-WA0011.jpg","142673","4199968"
"C:\Users\flier\OneDrive\תמונות\Samsung Gallery\Android\media\com.whatsapp\WhatsApp\Media\WhatsApp Images\IMG-20200209-WA0012.jpg","IMG-20200209-WA0012.jpg","153270","4199968"
"C:\Users\flier\OneDrive\תמונות\Samsung Gallery\Android\media\com.whatsapp\WhatsApp\Media\WhatsApp Images\IMG-20200209-WA0013.jpg","IMG-20200209-WA0013.jpg","231189","4199968"
"C:\Users\flier\OneDrive\תמונות\Samsung Gallery\Android\media\com.whatsapp\WhatsApp\Media\WhatsApp Images\IMG-20200209-WA0014.jpg","IMG-20200209-WA0014.jpg","149627","4199968"
"C:\Users\flier\OneDrive\תמונות\Samsung Gallery\Android\media\com.whatsapp\WhatsApp\Media\WhatsApp Images\IMG-20200209-WA0015.jpg","IMG-20200209-WA0015.jpg","184220","4199968"
"C:\Users\flier\OneDrive\תמונות\Samsung Gallery\Android\media\com.whatsapp\WhatsApp\Media\WhatsApp Images\IMG-20200209-WA0016.jpg","IMG-20200209-WA0016.jpg","162374","4199968"
"C:\Users\flier\OneDrive\תמונות\Samsung Gallery\Android\media\com.whatsapp\WhatsApp\Media\WhatsApp Images\IMG-20200209-WA0017.jpg","IMG-20200209-WA0017.jpg","147918","4199968"
"C:\Users\flier\OneDrive\תמונות\Samsung Gallery\Android\media\com.whatsapp\WhatsApp\Media\WhatsApp Images\IMG-20200209-WA0018.jpg","IMG-20200209-WA0018.jpg","179070","4199968"
"C:\Users\flier\OneDrive\תמונות\Samsung Gallery\Android\media\com.whatsapp\WhatsApp\Media\WhatsApp Images\IMG-20200209-WA0019.jpg","IMG-20200209-WA0019.jpg","153280","4199968"
"C:\Users\flier\OneDrive\תמונות\Samsung Gallery\Android\media\com.whatsapp\WhatsApp\Media\WhatsApp Images\IMG-20200209-WA0020.jpg","IMG-20200209-WA0020.jpg","132802","4199968"
"C:\Users\flier\OneDrive\תמונות\Samsung Gallery\Android\media\com.whatsapp\WhatsApp\Media\WhatsApp Images\IMG-20200209-WA0021.jpg","IMG-20200209-WA0021.jpg","136788","4199968"
"C:\Users\flier\OneDrive\תמונות\Samsung Gallery\Android\media\com.whatsapp\WhatsApp\Media\WhatsApp Images\IMG-20200209-WA0022.jpg","IMG-20200209-WA0022.jpg","134424","4199968"
"C:\Users\flier\OneDrive\תמונות\Samsung Gallery\Android\media\com.whatsapp\WhatsApp\Media\WhatsApp Images\IMG-20200209-WA0023.jpg","IMG-20200209-WA0023.jpg","123888","4199968"
"C:\Users\flier\OneDrive\תמונות\Samsung Gallery\Android\media\com.whatsapp\WhatsApp\Media\WhatsApp Images\IMG-20200209-WA0024.jpg","IMG-20200209-WA0024.jpg","163109","4199968"
"C:\Users\flier\OneDrive\תמונות\Samsung Gallery\Android\media\com.whatsapp\WhatsApp\Media\WhatsApp Images\IMG-20200209-WA0025.jpg","IMG-20200209-WA0025.jpg","137745","4199968"
"C:\Users\flier\OneDrive\תמונות\Samsung Gallery\Android\media\com.whatsapp\WhatsApp\Media\WhatsApp Images\IMG-20200209-WA0026.jpg","IMG-20200209-WA0026.jpg","172374","4199968"
"C:\Users\flier\OneDrive\תמונות\Samsung Gallery\Android\media\com.whatsapp\WhatsApp\Media\WhatsApp Images\IMG-20200209-WA0027.jpg","IMG-20200209-WA0027.jpg","138133","4199968"
"C:\Users\flier\OneDrive\תמונות\Samsung Gallery\Android\media\com.whatsapp\WhatsApp\Media\WhatsApp Images\IMG-20200209-WA0028.jpg","IMG-20200209-WA0028.jpg","162819","4199968"
"C:\Users\flier\OneDrive\תמונות\Samsung Gallery\Android\media\com.whatsapp\WhatsApp\Media\WhatsApp Images\IMG-20200210-WA0000.jpg","IMG-20200210-WA0000.jpg","209964","4199968"
"C:\Users\flier\OneDrive\תמונות\Samsung Gallery\Android\media\com.whatsapp\WhatsApp\Media\WhatsApp Images\IMG-20200210-WA0001.jpg","IMG-20200210-WA0001.jpg","638608","4199968"
"C:\Users\flier\OneDrive\תמונות\Samsung Gallery\Android\media\com.whatsapp\WhatsApp\Media\WhatsApp Images\IMG-20200210-WA0004.jpg","IMG-20200210-WA0004.jpg","42519","4199968"
"C:\Users\flier\OneDrive\תמונות\Samsung Gallery\Android\media\com.whatsapp\WhatsApp\Media\WhatsApp Images\IMG-20200212-WA0000.jpg","IMG-20200212-WA0000.jpg","131586","4199968"
"C:\Users\flier\OneDrive\תמונות\Samsung Gallery\Android\media\com.whatsapp\WhatsApp\Media\WhatsApp Images\IMG-20200212-WA0001.jpg","IMG-20200212-WA0001.jpg","183832","4199968"
"C:\Users\flier\OneDrive\תמונות\Samsung Gallery\Android\media\com.whatsapp\WhatsApp\Media\WhatsApp Images\IMG-20200212-WA0002.jpg","IMG-20200212-WA0002.jpg","91288","4199968"
"C:\Users\flier\OneDrive\תמונות\Samsung Gallery\Android\media\com.whatsapp\WhatsApp\Media\WhatsApp Images\IMG-20200212-WA0003.jpg","IMG-20200212-WA0003.jpg","128979","4199968"
"C:\Users\flier\OneDrive\תמונות\Samsung Gallery\Android\media\com.whatsapp\WhatsApp\Media\WhatsApp Images\IMG-20200212-WA0012.jpeg","IMG-20200212-WA0012.jpeg","3531198","4199968"
"C:\Users\flier\OneDrive\תמונות\Samsung Gallery\Android\media\com.whatsapp\WhatsApp\Media\WhatsApp Images\IMG-20200212-WA0014.jpg","IMG-20200212-WA0014.jpg","86857","4199968"
"C:\Users\flier\OneDrive\תמונות\Samsung Gallery\Android\media\com.whatsapp\WhatsApp\Media\WhatsApp Images\IMG-20200212-WA0015.jpg","IMG-20200212-WA0015.jpg","89253","4199968"
"C:\Users\flier\OneDrive\תמונות\Samsung Gallery\Android\media\com.whatsapp\WhatsApp\Media\WhatsApp Images\IMG-20200212-WA0016.jpg","IMG-20200212-WA0016.jpg","95947","4199968"
"C:\Users\flier\OneDrive\תמונות\Samsung Gallery\Android\media\com.whatsapp\WhatsApp\Media\WhatsApp Images\IMG-20200212-WA0018.jpg","IMG-20200212-WA0018.jpg","129224","4199968"
"C:\Users\flier\OneDrive\תמונות\Samsung Gallery\Android\media\com.whatsapp\WhatsApp\Media\WhatsApp Images\IMG-20200212-WA0019.jpg","IMG-20200212-WA0019.jpg","84157","4199968"
"C:\Users\flier\OneDrive\תמונות\Samsung Gallery\Android\media\com.whatsapp\WhatsApp\Media\WhatsApp Images\IMG-20200212-WA0020.jpg","IMG-20200212-WA0020.jpg","92178","4199968"
"C:\Users\flier\OneDrive\תמונות\Samsung Gallery\Android\media\com.whatsapp\WhatsApp\Media\WhatsApp Images\IMG-20200212-WA0021.jpg","IMG-20200212-WA0021.jpg","91180","4199968"
"C:\Users\flier\OneDrive\תמונות\Samsung Gallery\Android\media\com.whatsapp\WhatsApp\Media\WhatsApp Images\IMG-20200212-WA0022.jpg","IMG-20200212-WA0022.jpg","94941","4199968"
"C:\Users\flier\OneDrive\תמונות\Samsung Gallery\Android\media\com.whatsapp\WhatsApp\Media\WhatsApp Images\IMG-20200212-WA0023.jpg","IMG-20200212-WA0023.jpg","103820","4199968"
"C:\Users\flier\OneDrive\תמונות\Samsung Gallery\Android\media\com.whatsapp\WhatsApp\Media\WhatsApp Images\IMG-20200212-WA0024.jpg","IMG-20200212-WA0024.jpg","104306","4199968"
"C:\Users\flier\OneDrive\תמונות\Samsung Gallery\Android\media\com.whatsapp\WhatsApp\Media\WhatsApp Images\IMG-20200212-WA0025.jpg","IMG-20200212-WA0025.jpg","87391","4199968"
"C:\Users\flier\OneDrive\תמונות\Samsung Gallery\Android\media\com.whatsapp\WhatsApp\Media\WhatsApp Images\IMG-20200212-WA0027.jpg","IMG-20200212-WA0027.jpg","91701","4199968"
"C:\Users\flier\OneDrive\תמונות\Samsung Gallery\Android\media\com.whatsapp\WhatsApp\Media\WhatsApp Images\IMG-20200212-WA0028.jpg","IMG-20200212-WA0028.jpg","92765","4199968"
"C:\Users\flier\OneDrive\תמונות\Samsung Gallery\Android\media\com.whatsapp\WhatsApp\Media\WhatsApp Images\IMG-20200212-WA0029.jpg","IMG-20200212-WA0029.jpg","96637","4199968"
"C:\Users\flier\OneDrive\תמונות\Samsung Gallery\Android\media\com.whatsapp\WhatsApp\Media\WhatsApp Images\IMG-20200212-WA0030.jpg","IMG-20200212-WA0030.jpg","88812","4199968"
"C:\Users\flier\OneDrive\תמונות\Samsung Gallery\Android\media\com.whatsapp\WhatsApp\Media\WhatsApp Images\IMG-20200212-WA0034.jpg","IMG-20200212-WA0034.jpg","314993","4199968"
"C:\Users\flier\OneDrive\תמונות\Samsung Gallery\Android\media\com.whatsapp\WhatsApp\Media\WhatsApp Images\IMG-20200212-WA0035.jpg","IMG-20200212-WA0035.jpg","151134","4199968"
"C:\Users\flier\OneDrive\תמונות\Samsung Gallery\Android\media\com.whatsapp\WhatsApp\Media\WhatsApp Images\IMG-20200212-WA0036.jpg","IMG-20200212-WA0036.jpg","324244","4199968"
"C:\Users\flier\OneDrive\תמונות\Samsung Gallery\Android\media\com.whatsapp\WhatsApp\Media\WhatsApp Images\IMG-20200212-WA0037.jpg","IMG-20200212-WA0037.jpg","204265","4199968"
"C:\Users\flier\OneDrive\תמונות\Samsung Gallery\Android\media\com.whatsapp\WhatsApp\Media\WhatsApp Images\IMG-20200212-WA0038.jpg","IMG-20200212-WA0038.jpg","264389","4199968"
"C:\Users\flier\OneDrive\תמונות\Samsung Gallery\Android\media\com.whatsapp\WhatsApp\Media\WhatsApp Images\IMG-20200212-WA0039.jpg","IMG-20200212-WA0039.jpg","206597","4199968"
"C:\Users\flier\OneDrive\תמונות\Samsung Gallery\Android\media\com.whatsapp\WhatsApp\Media\WhatsApp Images\IMG-20200212-WA0040.jpg","IMG-20200212-WA0040.jpg","273285","4199968"
"C:\Users\flier\OneDrive\תמונות\Samsung Gallery\Android\media\com.whatsapp\WhatsApp\Media\WhatsApp Images\IMG-20200212-WA0041.jpg","IMG-20200212-WA0041.jpg","327260","4199968"
"C:\Users\flier\OneDrive\תמונות\Samsung Gallery\Android\media\com.whatsapp\WhatsApp\Media\WhatsApp Images\IMG-20200212-WA0042.jpg","IMG-20200212-WA0042.jpg","251980","4199968"
"C:\Users\flier\OneDrive\תמונות\Samsung Gallery\Android\media\com.whatsapp\WhatsApp\Media\WhatsApp Images\IMG-20200212-WA0043.jpg","IMG-20200212-WA0043.jpg","284811","4199968"
"C:\Users\flier\OneDrive\תמונות\Samsung Gallery\Android\media\com.whatsapp\WhatsApp\Media\WhatsApp Images\IMG-20200212-WA0044.jpg","IMG-20200212-WA0044.jpg","325729","4199968"
"C:\Users\flier\OneDrive\תמונות\Samsung Gallery\Android\media\com.whatsapp\WhatsApp\Media\WhatsApp Images\IMG-20200212-WA0045.jpg","IMG-20200212-WA0045.jpg","251400","4199968"
"C:\Users\flier\OneDrive\תמונות\Samsung Gallery\Android\media\com.whatsapp\WhatsApp\Media\WhatsApp Images\IMG-20200212-WA0046.jpg","IMG-20200212-WA0046.jpg","236874","4199968"
"C:\Users\flier\OneDrive\תמונות\Samsung Gallery\Android\media\com.whatsapp\WhatsApp\Media\WhatsApp Images\IMG-20200212-WA0047.jpg","IMG-20200212-WA0047.jpg","264628","4199968"
"C:\Users\flier\OneDrive\תמונות\Samsung Gallery\Android\media\com.whatsapp\WhatsApp\Media\WhatsApp Images\IMG-20200212-WA0048.jpg","IMG-20200212-WA0048.jpg","148949","4199968"
"C:\Users\flier\OneDrive\תמונות\Samsung Gallery\Android\media\com.whatsapp\WhatsApp\Media\WhatsApp Images\IMG-20200212-WA0049.jpg","IMG-20200212-WA0049.jpg","267226","4199968"
"C:\Users\flier\OneDrive\תמונות\Samsung Gallery\Android\media\com.whatsapp\WhatsApp\Media\WhatsApp Images\IMG-20200212-WA0050.jpg","IMG-20200212-WA0050.jpg","319080","4199968"
"C:\Users\flier\OneDrive\תמונות\Samsung Gallery\Android\media\com.whatsapp\WhatsApp\Media\WhatsApp Images\IMG-20200212-WA0052.jpg","IMG-20200212-WA0052.jpg","27958","4199968"
"C:\Users\flier\OneDrive\תמונות\Samsung Gallery\Android\media\com.whatsapp\WhatsApp\Media\WhatsApp Images\IMG-20200212-WA0053.jpg","IMG-20200212-WA0053.jpg","40314","4199968"
"C:\Users\flier\OneDrive\תמונות\Samsung Gallery\Android\media\com.whatsapp\WhatsApp\Media\WhatsApp Images\IMG-20200213-WA0002.jpg","IMG-20200213-WA0002.jpg","142106","4199968"
"C:\Users\flier\OneDrive\תמונות\Samsung Gallery\Android\media\com.whatsapp\WhatsApp\Media\WhatsApp Images\IMG-20200213-WA0003.jpg","IMG-20200213-WA0003.jpg","58461","4199968"
"C:\Users\flier\OneDrive\תמונות\Samsung Gallery\Android\media\com.whatsapp\WhatsApp\Media\WhatsApp Images\IMG-20200213-WA0005.jpg","IMG-20200213-WA0005.jpg","83793","4199968"
"C:\Users\flier\OneDrive\תמונות\Samsung Gallery\Android\media\com.whatsapp\WhatsApp\Media\WhatsApp Images\IMG-20200214-WA0000.jpg","IMG-20200214-WA0000.jpg","19664","4199968"
"C:\Users\flier\OneDrive\תמונות\Samsung Gallery\Android\media\com.whatsapp\WhatsApp\Media\WhatsApp Images\IMG-20200214-WA0001.jpg","IMG-20200214-WA0001.jpg","189689","4199968"
"C:\Users\flier\OneDrive\תמונות\Samsung Gallery\Android\media\com.whatsapp\WhatsApp\Media\WhatsApp Images\IMG-20200214-WA0006.jpg","IMG-20200214-WA0006.jpg","30627","4199968"
"C:\Users\flier\OneDrive\תמונות\Samsung Gallery\Android\media\com.whatsapp\WhatsApp\Media\WhatsApp Images\IMG-20200214-WA0007.jpg","IMG-20200214-WA0007.jpg","60986","4199968"
"C:\Users\flier\OneDrive\תמונות\Samsung Gallery\Android\media\com.whatsapp\WhatsApp\Media\WhatsApp Images\IMG-20200214-WA0008.jpg","IMG-20200214-WA0008.jpg","212828","4199968"
"C:\Users\flier\OneDrive\תמונות\Samsung Gallery\Android\media\com.whatsapp\WhatsApp\Media\WhatsApp Images\IMG-20200214-WA0011.jpg","IMG-20200214-WA0011.jpg","76767","4199968"
"C:\Users\flier\OneDrive\תמונות\Samsung Gallery\Android\media\com.whatsapp\WhatsApp\Media\WhatsApp Images\IMG-20200214-WA0012.jpg","IMG-20200214-WA0012.jpg","12210","4199968"
"C:\Users\flier\OneDrive\תמונות\Samsung Gallery\Android\media\com.whatsapp\WhatsApp\Media\WhatsApp Images\IMG-20200214-WA0013.jpg","IMG-20200214-WA0013.jpg","277197","4199968"
"C:\Users\flier\OneDrive\תמונות\Samsung Gallery\Android\media\com.whatsapp\WhatsApp\Media\WhatsApp Images\IMG-20200215-WA0000.jpg","IMG-20200215-WA0000.jpg","123117","4199968"
"C:\Users\flier\OneDrive\תמונות\Samsung Gallery\Android\media\com.whatsapp\WhatsApp\Media\WhatsApp Images\IMG-20200215-WA0001.jpg","IMG-20200215-WA0001.jpg","132447","4199968"
"C:\Users\flier\OneDrive\תמונות\Samsung Gallery\Android\media\com.whatsapp\WhatsApp\Media\WhatsApp Images\IMG-20200215-WA0002.jpg","IMG-20200215-WA0002.jpg","109912","4199968"
"C:\Users\flier\OneDrive\תמונות\Samsung Gallery\Android\media\com.whatsapp\WhatsApp\Media\WhatsApp Images\IMG-20200215-WA0003.jpg","IMG-20200215-WA0003.jpg","137990","4199968"
"C:\Users\flier\OneDrive\תמונות\Samsung Gallery\Android\media\com.whatsapp\WhatsApp\Media\WhatsApp Images\IMG-20200215-WA0004.jpg","IMG-20200215-WA0004.jpg","128116","4199968"
"C:\Users\flier\OneDrive\תמונות\Samsung Gallery\Android\media\com.whatsapp\WhatsApp\Media\WhatsApp Images\IMG-20200215-WA0006.jpg","IMG-20200215-WA0006.jpg","366806","4199968"
"C:\Users\flier\OneDrive\תמונות\Samsung Gallery\Android\media\com.whatsapp\WhatsApp\Media\WhatsApp Images\IMG-20200215-WA0007.jpg","IMG-20200215-WA0007.jpg","306140","4199968"
"C:\Users\flier\OneDrive\תמונות\Samsung Gallery\Android\media\com.whatsapp\WhatsApp\Media\WhatsApp Images\IMG-20200215-WA0008.jpg","IMG-20200215-WA0008.jpg","145043","4199968"
"C:\Users\flier\OneDrive\תמונות\Samsung Gallery\Android\media\com.whatsapp\WhatsApp\Media\WhatsApp Images\IMG-20200215-WA0013.jpeg","IMG-20200215-WA0013.jpeg","1275941","4199968"
"C:\Users\flier\OneDrive\תמונות\Samsung Gallery\Android\media\com.whatsapp\WhatsApp\Media\WhatsApp Images\IMG-20200215-WA0014.jpeg","IMG-20200215-WA0014.jpeg","3557746","4199968"
"C:\Users\flier\OneDrive\תמונות\Samsung Gallery\Android\media\com.whatsapp\WhatsApp\Media\WhatsApp Images\IMG-20200217-WA0000.jpg","IMG-20200217-WA0000.jpg","343050","4199968"
"C:\Users\flier\OneDrive\תמונות\Samsung Gallery\Android\media\com.whatsapp\WhatsApp\Media\WhatsApp Images\IMG-20200217-WA0001.jpg","IMG-20200217-WA0001.jpg","161392","4199968"
"C:\Users\flier\OneDrive\תמונות\Samsung Gallery\Android\media\com.whatsapp\WhatsApp\Media\WhatsApp Images\IMG-20200217-WA0002.jpg","IMG-20200217-WA0002.jpg","139121","4199968"
"C:\Users\flier\OneDrive\תמונות\Samsung Gallery\Android\media\com.whatsapp\WhatsApp\Media\WhatsApp Images\IMG-20200217-WA0003.jpg","IMG-20200217-WA0003.jpg","143074","4199968"
"C:\Users\flier\OneDrive\תמונות\Samsung Gallery\Android\media\com.whatsapp\WhatsApp\Media\WhatsApp Images\IMG-20200217-WA0004.jpg","IMG-20200217-WA0004.jpg","217524","4199968"
"C:\Users\flier\OneDrive\תמונות\Samsung Gallery\Android\media\com.whatsapp\WhatsApp\Media\WhatsApp Images\IMG-20200217-WA0005.jpg","IMG-20200217-WA0005.jpg","266547","4199968"
"C:\Users\flier\OneDrive\תמונות\Samsung Gallery\Android\media\com.whatsapp\WhatsApp\Media\WhatsApp Images\IMG-20200218-WA0000.jpeg","IMG-20200218-WA0000.jpeg","3756351","4199968"
"C:\Users\flier\OneDrive\תמונות\Samsung Gallery\Android\media\com.whatsapp\WhatsApp\Media\WhatsApp Images\IMG-20200218-WA0002.jpg","IMG-20200218-WA0002.jpg","301795","4199968"
"C:\Users\flier\OneDrive\תמונות\Samsung Gallery\Android\media\com.whatsapp\WhatsApp\Media\WhatsApp Images\IMG-20200218-WA0003.jpg","IMG-20200218-WA0003.jpg","102950","4199968"
"C:\Users\flier\OneDrive\תמונות\Samsung Gallery\Android\media\com.whatsapp\WhatsApp\Media\WhatsApp Images\IMG-20200218-WA0004.jpg","IMG-20200218-WA0004.jpg","132214","4199968"
"C:\Users\flier\OneDrive\תמונות\Samsung Gallery\Android\media\com.whatsapp\WhatsApp\Media\WhatsApp Images\IMG-20200218-WA0006.jpg","IMG-20200218-WA0006.jpg","30914","4199968"
"C:\Users\flier\OneDrive\תמונות\Samsung Gallery\Android\media\com.whatsapp\WhatsApp\Media\WhatsApp Images\IMG-20200219-WA0000.jpg","IMG-20200219-WA0000.jpg","388336","4199968"
"C:\Users\flier\OneDrive\תמונות\Samsung Gallery\Android\media\com.whatsapp\WhatsApp\Media\WhatsApp Images\IMG-20200219-WA0002.jpg","IMG-20200219-WA0002.jpg","180703","4199968"
"C:\Users\flier\OneDrive\תמונות\Samsung Gallery\Android\media\com.whatsapp\WhatsApp\Media\WhatsApp Images\IMG-20200219-WA0003.jpg","IMG-20200219-WA0003.jpg","132804","4199968"
"C:\Users\flier\OneDrive\תמונות\Samsung Gallery\Android\media\com.whatsapp\WhatsApp\Media\WhatsApp Images\IMG-20200220-WA0000.jpeg","IMG-20200220-WA0000.jpeg","3860566","4199968"
"C:\Users\flier\OneDrive\תמונות\Samsung Gallery\Android\media\com.whatsapp\WhatsApp\Media\WhatsApp Images\IMG-20200220-WA0003.jpg","IMG-20200220-WA0003.jpg","64953","4199968"
"C:\Users\flier\OneDrive\תמונות\Samsung Gallery\Android\media\com.whatsapp\WhatsApp\Media\WhatsApp Images\IMG-20200221-WA0000.jpg","IMG-20200221-WA0000.jpg","90167","4199968"
"C:\Users\flier\OneDrive\תמונות\Samsung Gallery\Android\media\com.whatsapp\WhatsApp\Media\WhatsApp Images\IMG-20200221-WA0001.jpg","IMG-20200221-WA0001.jpg","53666","4199968"
"C:\Users\flier\OneDrive\תמונות\Samsung Gallery\Android\media\com.whatsapp\WhatsApp\Media\WhatsApp Images\IMG-20200221-WA0002.jpeg","IMG-20200221-WA0002.jpeg","3904495","4199968"
"C:\Users\flier\OneDrive\תמונות\Samsung Gallery\Android\media\com.whatsapp\WhatsApp\Media\WhatsApp Images\IMG-20200221-WA0003.jpeg","IMG-20200221-WA0003.jpeg","4982370","4199968"
"C:\Users\flier\OneDrive\תמונות\Samsung Gallery\Android\media\com.whatsapp\WhatsApp\Media\WhatsApp Images\IMG-20200221-WA0008.jpg","IMG-20200221-WA0008.jpg","217229","4199968"
"C:\Users\flier\OneDrive\תמונות\Samsung Gallery\Android\media\com.whatsapp\WhatsApp\Media\WhatsApp Images\IMG-20200221-WA0009.jpg","IMG-20200221-WA0009.jpg","144392","4199968"
"C:\Users\flier\OneDrive\תמונות\Samsung Gallery\Android\media\com.whatsapp\WhatsApp\Media\WhatsApp Images\IMG-20200222-WA0001.jpg","IMG-20200222-WA0001.jpg","375522","4199968"
"C:\Users\flier\OneDrive\תמונות\Samsung Gallery\Android\media\com.whatsapp\WhatsApp\Media\WhatsApp Images\IMG-20200223-WA0007.jpg","IMG-20200223-WA0007.jpg","146103","4199968"
"C:\Users\flier\OneDrive\תמונות\Samsung Gallery\Android\media\com.whatsapp\WhatsApp\Media\WhatsApp Images\IMG-20200223-WA0008.jpg","IMG-20200223-WA0008.jpg","222706","4199968"
"C:\Users\flier\OneDrive\תמונות\Samsung Gallery\Android\media\com.whatsapp\WhatsApp\Media\WhatsApp Images\IMG-20200224-WA0000.jpg","IMG-20200224-WA0000.jpg","142158","4199968"
"C:\Users\flier\OneDrive\תמונות\Samsung Gallery\Android\media\com.whatsapp\WhatsApp\Media\WhatsApp Images\IMG-20200224-WA0001.jpg","IMG-20200224-WA0001.jpg","204296","4199968"
"C:\Users\flier\OneDrive\תמונות\Samsung Gallery\Android\media\com.whatsapp\WhatsApp\Media\WhatsApp Images\IMG-20200224-WA0002.jpg","IMG-20200224-WA0002.jpg","294619","4199968"
"C:\Users\flier\OneDrive\תמונות\Samsung Gallery\Android\media\com.whatsapp\WhatsApp\Media\WhatsApp Images\IMG-20200224-WA0003.jpg","IMG-20200224-WA0003.jpg","164928","4199968"
"C:\Users\flier\OneDrive\תמונות\Samsung Gallery\Android\media\com.whatsapp\WhatsApp\Media\WhatsApp Images\IMG-20200225-WA0001.jpg","IMG-20200225-WA0001.jpg","226140","4199968"
"C:\Users\flier\OneDrive\תמונות\Samsung Gallery\Android\media\com.whatsapp\WhatsApp\Media\WhatsApp Images\IMG-20200225-WA0002.jpg","IMG-20200225-WA0002.jpg","147219","4199968"
"C:\Users\flier\OneDrive\תמונות\Samsung Gallery\Android\media\com.whatsapp\WhatsApp\Media\WhatsApp Images\IMG-20200225-WA0003.jpg","IMG-20200225-WA0003.jpg","198721","4199968"
"C:\Users\flier\OneDrive\תמונות\Samsung Gallery\Android\media\com.whatsapp\WhatsApp\Media\WhatsApp Images\IMG-20200225-WA0004.jpg","IMG-20200225-WA0004.jpg","180479","4199968"
"C:\Users\flier\OneDrive\תמונות\Samsung Gallery\Android\media\com.whatsapp\WhatsApp\Media\WhatsApp Images\IMG-20200225-WA0005.jpg","IMG-20200225-WA0005.jpg","173831","4199968"
"C:\Users\flier\OneDrive\תמונות\Samsung Gallery\Android\media\com.whatsapp\WhatsApp\Media\WhatsApp Images\IMG-20200225-WA0006.jpg","IMG-20200225-WA0006.jpg","228077","4199968"
"C:\Users\flier\OneDrive\תמונות\Samsung Gallery\Android\media\com.whatsapp\WhatsApp\Media\WhatsApp Images\IMG-20200225-WA0007.jpg","IMG-20200225-WA0007.jpg","185703","4199968"
"C:\Users\flier\OneDrive\תמונות\Samsung Gallery\Android\media\com.whatsapp\WhatsApp\Media\WhatsApp Images\IMG-20200225-WA0008.jpg","IMG-20200225-WA0008.jpg","114439","4199968"
"C:\Users\flier\OneDrive\תמונות\Samsung Gallery\Android\media\com.whatsapp\WhatsApp\Media\WhatsApp Images\IMG-20200225-WA0009.jpg","IMG-20200225-WA0009.jpg","155767","4199968"
"C:\Users\flier\OneDrive\תמונות\Samsung Gallery\Android\media\com.whatsapp\WhatsApp\Media\WhatsApp Images\IMG-20200225-WA0010.jpg","IMG-20200225-WA0010.jpg","212590","4199968"
"C:\Users\flier\OneDrive\תמונות\Samsung Gallery\Android\media\com.whatsapp\WhatsApp\Media\WhatsApp Images\IMG-20200225-WA0011.jpg","IMG-20200225-WA0011.jpg","42394","4199968"
"C:\Users\flier\OneDrive\תמונות\Samsung Gallery\Android\media\com.whatsapp\WhatsApp\Media\WhatsApp Images\IMG-20200226-WA0001.jpg","IMG-20200226-WA0001.jpg","85681","4199968"
"C:\Users\flier\OneDrive\תמונות\Samsung Gallery\Android\media\com.whatsapp\WhatsApp\Media\WhatsApp Images\IMG-20200227-WA0001.jpg","IMG-20200227-WA0001.jpg","119652","4199968"
"C:\Users\flier\OneDrive\תמונות\Samsung Gallery\Android\media\com.whatsapp\WhatsApp\Media\WhatsApp Images\IMG-20200227-WA0006.jpg","IMG-20200227-WA0006.jpg","116187","4199968"
"C:\Users\flier\OneDrive\תמונות\Samsung Gallery\Android\media\com.whatsapp\WhatsApp\Media\WhatsApp Images\IMG-20200227-WA0008.jpg","IMG-20200227-WA0008.jpg","252268","4199968"
"C:\Users\flier\OneDrive\תמונות\Samsung Gallery\Android\media\com.whatsapp\WhatsApp\Media\WhatsApp Images\IMG-20200227-WA0010.jpg","IMG-20200227-WA0010.jpg","236295","4199968"
"C:\Users\flier\OneDrive\תמונות\Samsung Gallery\Android\media\com.whatsapp\WhatsApp\Media\WhatsApp Images\IMG-20200228-WA0000.jpg","IMG-20200228-WA0000.jpg","242297","4199968"
"C:\Users\flier\OneDrive\תמונות\Samsung Gallery\Android\media\com.whatsapp\WhatsApp\Media\WhatsApp Images\IMG-20200228-WA0001.jpg","IMG-20200228-WA0001.jpg","313516","4199968"
"C:\Users\flier\OneDrive\תמונות\Samsung Gallery\Android\media\com.whatsapp\WhatsApp\Media\WhatsApp Images\IMG-20200228-WA0002.jpg","IMG-20200228-WA0002.jpg","212031","4199968"
"C:\Users\flier\OneDrive\תמונות\Samsung Gallery\Android\media\com.whatsapp\WhatsApp\Media\WhatsApp Images\IMG-20200228-WA0003.jpg","IMG-20200228-WA0003.jpg","223509","4199968"
"C:\Users\flier\OneDrive\תמונות\Samsung Gallery\Android\media\com.whatsapp\WhatsApp\Media\WhatsApp Images\IMG-20200228-WA0004.jpg","IMG-20200228-WA0004.jpg","166603","4199968"
"C:\Users\flier\OneDrive\תמונות\Samsung Gallery\Android\media\com.whatsapp\WhatsApp\Media\WhatsApp Images\IMG-20200228-WA0005.jpg","IMG-20200228-WA0005.jpg","139451","4199968"
"C:\Users\flier\OneDrive\תמונות\Samsung Gallery\Android\media\com.whatsapp\WhatsApp\Media\WhatsApp Images\IMG-20200228-WA0006.jpg","IMG-20200228-WA0006.jpg","66203","4199968"
"C:\Users\flier\OneDrive\תמונות\Samsung Gallery\Android\media\com.whatsapp\WhatsApp\Media\WhatsApp Images\IMG-20200228-WA0011.jpg","IMG-20200228-WA0011.jpg","18527","4199968"
"C:\Users\flier\OneDrive\תמונות\Samsung Gallery\Android\media\com.whatsapp\WhatsApp\Media\WhatsApp Images\IMG-20200228-WA0012.jpg","IMG-20200228-WA0012.jpg","46169","4199968"
"C:\Users\flier\OneDrive\תמונות\Samsung Gallery\Android\media\com.whatsapp\WhatsApp\Media\WhatsApp Images\IMG-20200228-WA0016.jpg","IMG-20200228-WA0016.jpg","24114","4199968"
"C:\Users\flier\OneDrive\תמונות\Samsung Gallery\Android\media\com.whatsapp\WhatsApp\Media\WhatsApp Images\IMG-20200228-WA0019.jpg","IMG-20200228-WA0019.jpg","36710","4199968"
"C:\Users\flier\OneDrive\תמונות\Samsung Gallery\Android\media\com.whatsapp\WhatsApp\Media\WhatsApp Images\IMG-20200228-WA0020.jpg","IMG-20200228-WA0020.jpg","45006","4199968"
"C:\Users\flier\OneDrive\תמונות\Samsung Gallery\Android\media\com.whatsapp\WhatsApp\Media\WhatsApp Images\IMG-20200228-WA0025.jpg","IMG-20200228-WA0025.jpg","367177","4199968"
"C:\Users\flier\OneDrive\תמונות\Samsung Gallery\Android\media\com.whatsapp\WhatsApp\Media\WhatsApp Images\IMG-20200229-WA0000.jpeg","IMG-20200229-WA0000.jpeg","3646969","4199968"
"C:\Users\flier\OneDrive\תמונות\Samsung Gallery\Android\media\com.whatsapp\WhatsApp\Media\WhatsApp Images\IMG-20200229-WA0002.jpg","IMG-20200229-WA0002.jpg","393486","4199968"
"C:\Users\flier\OneDrive\תמונות\Samsung Gallery\Android\media\com.whatsapp\WhatsApp\Media\WhatsApp Images\IMG-20200229-WA0003.jpg","IMG-20200229-WA0003.jpg","368951","4199968"
"C:\Users\flier\OneDrive\תמונות\Samsung Gallery\Android\media\com.whatsapp\WhatsApp\Media\WhatsApp Images\IMG-20200229-WA0004.jpg","IMG-20200229-WA0004.jpg","325998","4199968"
"C:\Users\flier\OneDrive\תמונות\Samsung Gallery\Android\media\com.whatsapp\WhatsApp\Media\WhatsApp Images\IMG-20200301-WA0002.jpg","IMG-20200301-WA0002.jpg","631239","4199968"
"C:\Users\flier\OneDrive\תמונות\Samsung Gallery\Android\media\com.whatsapp\WhatsApp\Media\WhatsApp Images\IMG-20200301-WA0008.jpg","IMG-20200301-WA0008.jpg","49155","4199968"
"C:\Users\flier\OneDrive\תמונות\Samsung Gallery\Android\media\com.whatsapp\WhatsApp\Media\WhatsApp Images\IMG-20200301-WA0009.jpg","IMG-20200301-WA0009.jpg","24756","4199968"
"C:\Users\flier\OneDrive\תמונות\Samsung Gallery\Android\media\com.whatsapp\WhatsApp\Media\WhatsApp Images\IMG-20200301-WA0013.jpg","IMG-20200301-WA0013.jpg","163065","4199968"
"C:\Users\flier\OneDrive\תמונות\Samsung Gallery\Android\media\com.whatsapp\WhatsApp\Media\WhatsApp Images\IMG-20200302-WA0003.jpg","IMG-20200302-WA0003.jpg","172292","4199968"
"C:\Users\flier\OneDrive\תמונות\Samsung Gallery\Android\media\com.whatsapp\WhatsApp\Media\WhatsApp Images\IMG-20200302-WA0004.jpg","IMG-20200302-WA0004.jpg","42297","4199968"
"C:\Users\flier\OneDrive\תמונות\Samsung Gallery\Android\media\com.whatsapp\WhatsApp\Media\WhatsApp Images\IMG-20200302-WA0007.jpg","IMG-20200302-WA0007.jpg","91251","4199968"
"C:\Users\flier\OneDrive\תמונות\Samsung Gallery\Android\media\com.whatsapp\WhatsApp\Media\WhatsApp Images\IMG-20200302-WA0008.jpg","IMG-20200302-WA0008.jpg","42201","4199968"
"C:\Users\flier\OneDrive\תמונות\Samsung Gallery\Android\media\com.whatsapp\WhatsApp\Media\WhatsApp Images\IMG-20200303-WA0000.jpg","IMG-20200303-WA0000.jpg","401761","4199968"
"C:\Users\flier\OneDrive\תמונות\Samsung Gallery\Android\media\com.whatsapp\WhatsApp\Media\WhatsApp Images\IMG-20200303-WA0006.jpg","IMG-20200303-WA0006.jpg","195849","4199968"
"C:\Users\flier\OneDrive\תמונות\Samsung Gallery\Android\media\com.whatsapp\WhatsApp\Media\WhatsApp Images\IMG-20200303-WA0007.jpg","IMG-20200303-WA0007.jpg","51548","4199968"
"C:\Users\flier\OneDrive\תמונות\Samsung Gallery\Android\media\com.whatsapp\WhatsApp\Media\WhatsApp Images\IMG-20200303-WA0010.jpg","IMG-20200303-WA0010.jpg","114471","4199968"
"C:\Users\flier\OneDrive\תמונות\Samsung Gallery\Android\media\com.whatsapp\WhatsApp\Media\WhatsApp Images\IMG-20200303-WA0011.jpg","IMG-20200303-WA0011.jpg","130032","4199968"
"C:\Users\flier\OneDrive\תמונות\Samsung Gallery\Android\media\com.whatsapp\WhatsApp\Media\WhatsApp Images\IMG-20200304-WA0000.jpg","IMG-20200304-WA0000.jpg","375975","4199968"
"C:\Users\flier\OneDrive\תמונות\Samsung Gallery\Android\media\com.whatsapp\WhatsApp\Media\WhatsApp Images\IMG-20200304-WA0001.jpg","IMG-20200304-WA0001.jpg","255852","4199968"
"C:\Users\flier\OneDrive\תמונות\Samsung Gallery\Android\media\com.whatsapp\WhatsApp\Media\WhatsApp Images\IMG-20200304-WA0002.jpg","IMG-20200304-WA0002.jpg","309721","4199968"
"C:\Users\flier\OneDrive\תמונות\Samsung Gallery\Android\media\com.whatsapp\WhatsApp\Media\WhatsApp Images\IMG-20200304-WA0003.jpg","IMG-20200304-WA0003.jpg","291247","4199968"
"C:\Users\flier\OneDrive\תמונות\Samsung Gallery\Android\media\com.whatsapp\WhatsApp\Media\WhatsApp Images\IMG-20200304-WA0004.jpg","IMG-20200304-WA0004.jpg","357505","4199968"
"C:\Users\flier\OneDrive\תמונות\Samsung Gallery\Android\media\com.whatsapp\WhatsApp\Media\WhatsApp Images\IMG-20200304-WA0005.jpg","IMG-20200304-WA0005.jpg","361853","4199968"
"C:\Users\flier\OneDrive\תמונות\Samsung Gallery\Android\media\com.whatsapp\WhatsApp\Media\WhatsApp Images\IMG-20200304-WA0006.jpg","IMG-20200304-WA0006.jpg","642848","4199968"
"C:\Users\flier\OneDrive\תמונות\Samsung Gallery\Android\media\com.whatsapp\WhatsApp\Media\WhatsApp Images\IMG-20200304-WA0007.jpg","IMG-20200304-WA0007.jpg","364058","4199968"
"C:\Users\flier\OneDrive\תמונות\Samsung Gallery\Android\media\com.whatsapp\WhatsApp\Media\WhatsApp Images\IMG-20200304-WA0008.jpg","IMG-20200304-WA0008.jpg","449866","4199968"
"C:\Users\flier\OneDrive\תמונות\Samsung Gallery\Android\media\com.whatsapp\WhatsApp\Media\WhatsApp Images\IMG-20200304-WA0009.jpg","IMG-20200304-WA0009.jpg","424732","4199968"
"C:\Users\flier\OneDrive\תמונות\Samsung Gallery\Android\media\com.whatsapp\WhatsApp\Media\WhatsApp Images\IMG-20200304-WA0010.jpg","IMG-20200304-WA0010.jpg","546013","4199968"
"C:\Users\flier\OneDrive\תמונות\Samsung Gallery\Android\media\com.whatsapp\WhatsApp\Media\WhatsApp Images\IMG-20200304-WA0011.jpg","IMG-20200304-WA0011.jpg","314391","4199968"
"C:\Users\flier\OneDrive\תמונות\Samsung Gallery\Android\media\com.whatsapp\WhatsApp\Media\WhatsApp Images\IMG-20200304-WA0012.jpg","IMG-20200304-WA0012.jpg","342549","4199968"
"C:\Users\flier\OneDrive\תמונות\Samsung Gallery\Android\media\com.whatsapp\WhatsApp\Media\WhatsApp Images\IMG-20200304-WA0013.jpg","IMG-20200304-WA0013.jpg","344919","4199968"
"C:\Users\flier\OneDrive\תמונות\Samsung Gallery\Android\media\com.whatsapp\WhatsApp\Media\WhatsApp Images\IMG-20200304-WA0014.jpg","IMG-20200304-WA0014.jpg","417379","4199968"
"C:\Users\flier\OneDrive\תמונות\Samsung Gallery\Android\media\com.whatsapp\WhatsApp\Media\WhatsApp Images\IMG-20200304-WA0015.jpg","IMG-20200304-WA0015.jpg","283923","4199968"
"C:\Users\flier\OneDrive\תמונות\Samsung Gallery\Android\media\com.whatsapp\WhatsApp\Media\WhatsApp Images\IMG-20200304-WA0016.jpg","IMG-20200304-WA0016.jpg","280989","4199968"
"C:\Users\flier\OneDrive\תמונות\Samsung Gallery\Android\media\com.whatsapp\WhatsApp\Media\WhatsApp Images\IMG-20200304-WA0017.jpg","IMG-20200304-WA0017.jpg","275159","4199968"
"C:\Users\flier\OneDrive\תמונות\Samsung Gallery\Android\media\com.whatsapp\WhatsApp\Media\WhatsApp Images\IMG-20200304-WA0018.jpg","IMG-20200304-WA0018.jpg","441666","4199968"
"C:\Users\flier\OneDrive\תמונות\Samsung Gallery\Android\media\com.whatsapp\WhatsApp\Media\WhatsApp Images\IMG-20200304-WA0019.jpg","IMG-20200304-WA0019.jpg","269526","4199968"
"C:\Users\flier\OneDrive\תמונות\Samsung Gallery\Android\media\com.whatsapp\WhatsApp\Media\WhatsApp Images\IMG-20200304-WA0020.jpg","IMG-20200304-WA0020.jpg","324759","4199968"
"C:\Users\flier\OneDrive\תמונות\Samsung Gallery\Android\media\com.whatsapp\WhatsApp\Media\WhatsApp Images\IMG-20200304-WA0021.jpg","IMG-20200304-WA0021.jpg","251145","4199968"
"C:\Users\flier\OneDrive\תמונות\Samsung Gallery\Android\media\com.whatsapp\WhatsApp\Media\WhatsApp Images\IMG-20200304-WA0022.jpg","IMG-20200304-WA0022.jpg","425195","4199968"
"C:\Users\flier\OneDrive\תמונות\Samsung Gallery\Android\media\com.whatsapp\WhatsApp\Media\WhatsApp Images\IMG-20200304-WA0025.jpg","IMG-20200304-WA0025.jpg","446571","4199968"
"C:\Users\flier\OneDrive\תמונות\Samsung Gallery\Android\media\com.whatsapp\WhatsApp\Media\WhatsApp Images\IMG-20200304-WA0026.jpg","IMG-20200304-WA0026.jpg","197716","4199968"
"C:\Users\flier\OneDrive\תמונות\Samsung Gallery\Android\media\com.whatsapp\WhatsApp\Media\WhatsApp Images\IMG-20200304-WA0027.jpg","IMG-20200304-WA0027.jpg","209373","4199968"
"C:\Users\flier\OneDrive\תמונות\Samsung Gallery\Android\media\com.whatsapp\WhatsApp\Media\WhatsApp Images\IMG-20200304-WA0028.jpg","IMG-20200304-WA0028.jpg","363134","4199968"
"C:\Users\flier\OneDrive\תמונות\Samsung Gallery\Android\media\com.whatsapp\WhatsApp\Media\WhatsApp Images\IMG-20200304-WA0029.jpg","IMG-20200304-WA0029.jpg","236379","4199968"
"C:\Users\flier\OneDrive\תמונות\Samsung Gallery\Android\media\com.whatsapp\WhatsApp\Media\WhatsApp Images\IMG-20200304-WA0030.jpg","IMG-20200304-WA0030.jpg","264418","4199968"
"C:\Users\flier\OneDrive\תמונות\Samsung Gallery\Android\media\com.whatsapp\WhatsApp\Media\WhatsApp Images\IMG-20200304-WA0031.jpg","IMG-20200304-WA0031.jpg","347675","4199968"
"C:\Users\flier\OneDrive\תמונות\Samsung Gallery\Android\media\com.whatsapp\WhatsApp\Media\WhatsApp Images\IMG-20200304-WA0032.jpg","IMG-20200304-WA0032.jpg","579086","4199968"
"C:\Users\flier\OneDrive\תמונות\Samsung Gallery\Android\media\com.whatsapp\WhatsApp\Media\WhatsApp Images\IMG-20200304-WA0033.jpg","IMG-20200304-WA0033.jpg","568380","4199968"
"C:\Users\flier\OneDrive\תמונות\Samsung Gallery\Android\media\com.whatsapp\WhatsApp\Media\WhatsApp Images\IMG-20200304-WA0034.jpg","IMG-20200304-WA0034.jpg","654644","4199968"
"C:\Users\flier\OneDrive\תמונות\Samsung Gallery\Android\media\com.whatsapp\WhatsApp\Media\WhatsApp Images\IMG-20200304-WA0035.jpg","IMG-20200304-WA0035.jpg","234662","4199968"
"C:\Users\flier\OneDrive\תמונות\Samsung Gallery\Android\media\com.whatsapp\WhatsApp\Media\WhatsApp Images\IMG-20200304-WA0036.jpg","IMG-20200304-WA0036.jpg","298448","4199968"
"C:\Users\flier\OneDrive\תמונות\Samsung Gallery\Android\media\com.whatsapp\WhatsApp\Media\WhatsApp Images\IMG-20200304-WA0043.jpg","IMG-20200304-WA0043.jpg","327583","4199968"
"C:\Users\flier\OneDrive\תמונות\Samsung Gallery\Android\media\com.whatsapp\WhatsApp\Media\WhatsApp Images\IMG-20200304-WA0044.jpg","IMG-20200304-WA0044.jpg","207424","4199968"
"C:\Users\flier\OneDrive\תמונות\Samsung Gallery\Android\media\com.whatsapp\WhatsApp\Media\WhatsApp Images\IMG-20200304-WA0045.jpg","IMG-20200304-WA0045.jpg","28869","4199968"
"C:\Users\flier\OneDrive\תמונות\Samsung Gallery\Android\media\com.whatsapp\WhatsApp\Media\WhatsApp Images\IMG-20200305-WA0001.jpg","IMG-20200305-WA0001.jpg","200672","4199968"
"C:\Users\flier\OneDrive\תמונות\Samsung Gallery\Android\media\com.whatsapp\WhatsApp\Media\WhatsApp Images\IMG-20200305-WA0002.jpg","IMG-20200305-WA0002.jpg","194503","4199968"
"C:\Users\flier\OneDrive\תמונות\Samsung Gallery\Android\media\com.whatsapp\WhatsApp\Media\WhatsApp Images\IMG-20200305-WA0003.jpg","IMG-20200305-WA0003.jpg","104292","4199968"
"C:\Users\flier\OneDrive\תמונות\Samsung Gallery\Android\media\com.whatsapp\WhatsApp\Media\WhatsApp Images\IMG-20200305-WA0004.jpg","IMG-20200305-WA0004.jpg","456349","4199968"
"C:\Users\flier\OneDrive\תמונות\Samsung Gallery\Android\media\com.whatsapp\WhatsApp\Media\WhatsApp Images\IMG-20200305-WA0005.jpg","IMG-20200305-WA0005.jpg","38006","4199968"
"C:\Users\flier\OneDrive\תמונות\Samsung Gallery\Android\media\com.whatsapp\WhatsApp\Media\WhatsApp Images\IMG-20200305-WA0006.jpg","IMG-20200305-WA0006.jpg","114994","4199968"
"C:\Users\flier\OneDrive\תמונות\Samsung Gallery\Android\media\com.whatsapp\WhatsApp\Media\WhatsApp Images\IMG-20200305-WA0009.jpg","IMG-20200305-WA0009.jpg","109928","4199968"
"C:\Users\flier\OneDrive\תמונות\Samsung Gallery\Android\media\com.whatsapp\WhatsApp\Media\WhatsApp Images\IMG-20200306-WA0001.jpg","IMG-20200306-WA0001.jpg","72800","4199968"
"C:\Users\flier\OneDrive\תמונות\Samsung Gallery\Android\media\com.whatsapp\WhatsApp\Media\WhatsApp Images\IMG-20200306-WA0003.jpg","IMG-20200306-WA0003.jpg","258970","4199968"
"C:\Users\flier\OneDrive\תמונות\Samsung Gallery\Android\media\com.whatsapp\WhatsApp\Media\WhatsApp Images\IMG-20200306-WA0004.jpg","IMG-20200306-WA0004.jpg","251153","4199968"
"C:\Users\flier\OneDrive\תמונות\Samsung Gallery\Android\media\com.whatsapp\WhatsApp\Media\WhatsApp Images\IMG-20200306-WA0007.jpg","IMG-20200306-WA0007.jpg","59411","4199968"
"C:\Users\flier\OneDrive\תמונות\Samsung Gallery\Android\media\com.whatsapp\WhatsApp\Media\WhatsApp Images\IMG-20200306-WA0008.jpg","IMG-20200306-WA0008.jpg","192381","4199968"
"C:\Users\flier\OneDrive\תמונות\Samsung Gallery\Android\media\com.whatsapp\WhatsApp\Media\WhatsApp Images\IMG-20200306-WA0009.jpg","IMG-20200306-WA0009.jpg","219022","4199968"
"C:\Users\flier\OneDrive\תמונות\Samsung Gallery\Android\media\com.whatsapp\WhatsApp\Media\WhatsApp Images\IMG-20200306-WA0010.jpg","IMG-20200306-WA0010.jpg","329643","4199968"
"C:\Users\flier\OneDrive\תמונות\Samsung Gallery\Android\media\com.whatsapp\WhatsApp\Media\WhatsApp Images\IMG-20200306-WA0011.jpg","IMG-20200306-WA0011.jpg","51780","4199968"
"C:\Users\flier\OneDrive\תמונות\Samsung Gallery\Android\media\com.whatsapp\WhatsApp\Media\WhatsApp Images\IMG-20200307-WA0000.jpg","IMG-20200307-WA0000.jpg","79370","4199968"
"C:\Users\flier\OneDrive\תמונות\Samsung Gallery\Android\media\com.whatsapp\WhatsApp\Media\WhatsApp Images\IMG-20200307-WA0001.jpg","IMG-20200307-WA0001.jpg","477864","4199968"
"C:\Users\flier\OneDrive\תמונות\Samsung Gallery\Android\media\com.whatsapp\WhatsApp\Media\WhatsApp Images\IMG-20200307-WA0002.jpg","IMG-20200307-WA0002.jpg","295696","4199968"
"C:\Users\flier\OneDrive\תמונות\Samsung Gallery\Android\media\com.whatsapp\WhatsApp\Media\WhatsApp Images\IMG-20200307-WA0003.jpg","IMG-20200307-WA0003.jpg","290238","4199968"
"C:\Users\flier\OneDrive\תמונות\Samsung Gallery\Android\media\com.whatsapp\WhatsApp\Media\WhatsApp Images\IMG-20200307-WA0004.jpg","IMG-20200307-WA0004.jpg","209836","4199968"
"C:\Users\flier\OneDrive\תמונות\Samsung Gallery\Android\media\com.whatsapp\WhatsApp\Media\WhatsApp Images\IMG-20200307-WA0005.jpg","IMG-20200307-WA0005.jpg","49839","4199968"
"C:\Users\flier\OneDrive\תמונות\Samsung Gallery\Android\media\com.whatsapp\WhatsApp\Media\WhatsApp Images\IMG-20200307-WA0006.jpg","IMG-20200307-WA0006.jpg","58211","4199968"
"C:\Users\flier\OneDrive\תמונות\Samsung Gallery\Android\media\com.whatsapp\WhatsApp\Media\WhatsApp Images\IMG-20200308-WA0000.jpg","IMG-20200308-WA0000.jpg","54241","4199968"
"C:\Users\flier\OneDrive\תמונות\Samsung Gallery\Android\media\com.whatsapp\WhatsApp\Media\WhatsApp Images\IMG-20200308-WA0001.jpg","IMG-20200308-WA0001.jpg","137841","4199968"
"C:\Users\flier\OneDrive\תמונות\Samsung Gallery\Android\media\com.whatsapp\WhatsApp\Media\WhatsApp Images\IMG-20200308-WA0002.jpeg","IMG-20200308-WA0002.jpeg","3817659","4199968"
"C:\Users\flier\OneDrive\תמונות\Samsung Gallery\Android\media\com.whatsapp\WhatsApp\Media\WhatsApp Images\IMG-20200308-WA0008.jpg","IMG-20200308-WA0008.jpg","266223","4199968"
"C:\Users\flier\OneDrive\תמונות\Samsung Gallery\Android\media\com.whatsapp\WhatsApp\Media\WhatsApp Images\IMG-20200308-WA0009.jpg","IMG-20200308-WA0009.jpg","231640","4199968"
"C:\Users\flier\OneDrive\תמונות\Samsung Gallery\Android\media\com.whatsapp\WhatsApp\Media\WhatsApp Images\IMG-20200308-WA0010.jpg","IMG-20200308-WA0010.jpg","228711","4199968"
"C:\Users\flier\OneDrive\תמונות\Samsung Gallery\Android\media\com.whatsapp\WhatsApp\Media\WhatsApp Images\IMG-20200308-WA0011.jpg","IMG-20200308-WA0011.jpg","369352","4199968"
"C:\Users\flier\OneDrive\תמונות\Samsung Gallery\Android\media\com.whatsapp\WhatsApp\Media\WhatsApp Images\IMG-20200308-WA0012.jpg","IMG-20200308-WA0012.jpg","195834","4199968"
"C:\Users\flier\OneDrive\תמונות\Samsung Gallery\Android\media\com.whatsapp\WhatsApp\Media\WhatsApp Images\IMG-20200308-WA0013.jpg","IMG-20200308-WA0013.jpg","269141","4199968"
"C:\Users\flier\OneDrive\תמונות\Samsung Gallery\Android\media\com.whatsapp\WhatsApp\Media\WhatsApp Images\IMG-20200308-WA0014.jpg","IMG-20200308-WA0014.jpg","320682","4199968"
"C:\Users\flier\OneDrive\תמונות\Samsung Gallery\Android\media\com.whatsapp\WhatsApp\Media\WhatsApp Images\IMG-20200308-WA0015.jpg","IMG-20200308-WA0015.jpg","295288","4199968"
"C:\Users\flier\OneDrive\תמונות\Samsung Gallery\Android\media\com.whatsapp\WhatsApp\Media\WhatsApp Images\IMG-20200308-WA0016.jpg","IMG-20200308-WA0016.jpg","293585","4199968"
"C:\Users\flier\OneDrive\תמונות\Samsung Gallery\Android\media\com.whatsapp\WhatsApp\Media\WhatsApp Images\IMG-20200308-WA0017.jpg","IMG-20200308-WA0017.jpg","262149","4199968"
"C:\Users\flier\OneDrive\תמונות\Samsung Gallery\Android\media\com.whatsapp\WhatsApp\Media\WhatsApp Images\IMG-20200308-WA0018.jpg","IMG-20200308-WA0018.jpg","295789","4199968"
"C:\Users\flier\OneDrive\תמונות\Samsung Gallery\Android\media\com.whatsapp\WhatsApp\Media\WhatsApp Images\IMG-20200308-WA0019.jpg","IMG-20200308-WA0019.jpg","256114","4199968"
"C:\Users\flier\OneDrive\תמונות\Samsung Gallery\Android\media\com.whatsapp\WhatsApp\Media\WhatsApp Images\IMG-20200308-WA0020.jpg","IMG-20200308-WA0020.jpg","286110","4199968"
"C:\Users\flier\OneDrive\תמונות\Samsung Gallery\Android\media\com.whatsapp\WhatsApp\Media\WhatsApp Images\IMG-20200308-WA0021.jpg","IMG-20200308-WA0021.jpg","253368","4199968"
"C:\Users\flier\OneDrive\תמונות\Samsung Gallery\Android\media\com.whatsapp\WhatsApp\Media\WhatsApp Images\IMG-20200308-WA0022.jpg","IMG-20200308-WA0022.jpg","247078","4199968"
"C:\Users\flier\OneDrive\תמונות\Samsung Gallery\Android\media\com.whatsapp\WhatsApp\Media\WhatsApp Images\IMG-20200308-WA0023.jpg","IMG-20200308-WA0023.jpg","307591","4199968"
"C:\Users\flier\OneDrive\תמונות\Samsung Gallery\Android\media\com.whatsapp\WhatsApp\Media\WhatsApp Images\IMG-20200308-WA0024.jpg","IMG-20200308-WA0024.jpg","142286","4199968"
"C:\Users\flier\OneDrive\תמונות\Samsung Gallery\Android\media\com.whatsapp\WhatsApp\Media\WhatsApp Images\IMG-20200308-WA0025.jpg","IMG-20200308-WA0025.jpg","198701","4199968"
"C:\Users\flier\OneDrive\תמונות\Samsung Gallery\Android\media\com.whatsapp\WhatsApp\Media\WhatsApp Images\IMG-20200308-WA0026.jpg","IMG-20200308-WA0026.jpg","76756","4199968"
"C:\Users\flier\OneDrive\תמונות\Samsung Gallery\Android\media\com.whatsapp\WhatsApp\Media\WhatsApp Images\IMG-20200308-WA0027.jpg","IMG-20200308-WA0027.jpg","65352","4199968"
"C:\Users\flier\OneDrive\תמונות\Samsung Gallery\Android\media\com.whatsapp\WhatsApp\Media\WhatsApp Images\IMG-20200308-WA0028.jpg","IMG-20200308-WA0028.jpg","95766","4199968"
"C:\Users\flier\OneDrive\תמונות\Samsung Gallery\Android\media\com.whatsapp\WhatsApp\Media\WhatsApp Images\IMG-20200308-WA0029.jpg","IMG-20200308-WA0029.jpg","19255","4199968"
"C:\Users\flier\OneDrive\תמונות\Samsung Gallery\Android\media\com.whatsapp\WhatsApp\Media\WhatsApp Images\IMG-20200309-WA0002.jpg","IMG-20200309-WA0002.jpg","121014","4199968"
"C:\Users\flier\OneDrive\תמונות\Samsung Gallery\Android\media\com.whatsapp\WhatsApp\Media\WhatsApp Images\IMG-20200309-WA0004.jpg","IMG-20200309-WA0004.jpg","162509","4199968"
"C:\Users\flier\OneDrive\תמונות\Samsung Gallery\Android\media\com.whatsapp\WhatsApp\Media\WhatsApp Images\IMG-20200310-WA0002.jpg","IMG-20200310-WA0002.jpg","60729","4199968"
"C:\Users\flier\OneDrive\תמונות\Samsung Gallery\Android\media\com.whatsapp\WhatsApp\Media\WhatsApp Images\IMG-20200310-WA0004.jpg","IMG-20200310-WA0004.jpg","37210","4199968"
"C:\Users\flier\OneDrive\תמונות\Samsung Gallery\Android\media\com.whatsapp\WhatsApp\Media\WhatsApp Images\IMG-20200310-WA0005.jpg","IMG-20200310-WA0005.jpg","131901","4199968"
"C:\Users\flier\OneDrive\תמונות\Samsung Gallery\Android\media\com.whatsapp\WhatsApp\Media\WhatsApp Images\IMG-20200310-WA0006.jpg","IMG-20200310-WA0006.jpg","96181","4199968"
"C:\Users\flier\OneDrive\תמונות\Samsung Gallery\Android\media\com.whatsapp\WhatsApp\Media\WhatsApp Images\IMG-20200311-WA0002.jpg","IMG-20200311-WA0002.jpg","55080","4199968"
"C:\Users\flier\OneDrive\תמונות\Samsung Gallery\Android\media\com.whatsapp\WhatsApp\Media\WhatsApp Images\IMG-20200311-WA0004.jpg","IMG-20200311-WA0004.jpg","32751","4199968"
"C:\Users\flier\OneDrive\תמונות\Samsung Gallery\Android\media\com.whatsapp\WhatsApp\Media\WhatsApp Images\IMG-20200311-WA0006.jpg","IMG-20200311-WA0006.jpg","9933","4199968"
"C:\Users\flier\OneDrive\תמונות\Samsung Gallery\Android\media\com.whatsapp\WhatsApp\Media\WhatsApp Images\IMG-20200312-WA0000.jpg","IMG-20200312-WA0000.jpg","46580","4199968"
"C:\Users\flier\OneDrive\תמונות\Samsung Gallery\Android\media\com.whatsapp\WhatsApp\Media\WhatsApp Images\IMG-20200312-WA0001.jpg","IMG-20200312-WA0001.jpg","26547","4199968"
"C:\Users\flier\OneDrive\תמונות\Samsung Gallery\Android\media\com.whatsapp\WhatsApp\Media\WhatsApp Images\IMG-20200312-WA0002.jpg","IMG-20200312-WA0002.jpg","39209","4199968"
"C:\Users\flier\OneDrive\תמונות\Samsung Gallery\Android\media\com.whatsapp\WhatsApp\Media\WhatsApp Images\IMG-20200312-WA0003.jpg","IMG-20200312-WA0003.jpg","51295","4199968"
"C:\Users\flier\OneDrive\תמונות\Samsung Gallery\Android\media\com.whatsapp\WhatsApp\Media\WhatsApp Images\IMG-20200312-WA0009.jpg","IMG-20200312-WA0009.jpg","130774","4199968"
"C:\Users\flier\OneDrive\תמונות\Samsung Gallery\Android\media\com.whatsapp\WhatsApp\Media\WhatsApp Images\IMG-20200312-WA0011.jpg","IMG-20200312-WA0011.jpg","50666","4199968"
"C:\Users\flier\OneDrive\תמונות\Samsung Gallery\Android\media\com.whatsapp\WhatsApp\Media\WhatsApp Images\IMG-20200313-WA0001.jpg","IMG-20200313-WA0001.jpg","215208","4199968"
"C:\Users\flier\OneDrive\תמונות\Samsung Gallery\Android\media\com.whatsapp\WhatsApp\Media\WhatsApp Images\IMG-20200313-WA0010.jpg","IMG-20200313-WA0010.jpg","24955","4199968"
"C:\Users\flier\OneDrive\תמונות\Samsung Gallery\Android\media\com.whatsapp\WhatsApp\Media\WhatsApp Images\IMG-20200313-WA0027.jpg","IMG-20200313-WA0027.jpg","61829","4199968"
"C:\Users\flier\OneDrive\תמונות\Samsung Gallery\Android\media\com.whatsapp\WhatsApp\Media\WhatsApp Images\IMG-20200314-WA0002.jpg","IMG-20200314-WA0002.jpg","601006","4199968"
"C:\Users\flier\OneDrive\תמונות\Samsung Gallery\Android\media\com.whatsapp\WhatsApp\Media\WhatsApp Images\IMG-20200314-WA0004.jpg","IMG-20200314-WA0004.jpg","65520","4199968"
"C:\Users\flier\OneDrive\תמונות\Samsung Gallery\Android\media\com.whatsapp\WhatsApp\Media\WhatsApp Images\IMG-20200314-WA0009.jpg","IMG-20200314-WA0009.jpg","49763","4199968"
"C:\Users\flier\OneDrive\תמונות\Samsung Gallery\Android\media\com.whatsapp\WhatsApp\Media\WhatsApp Images\IMG-20200314-WA0011.jpg","IMG-20200314-WA0011.jpg","80193","4199968"
"C:\Users\flier\OneDrive\תמונות\Samsung Gallery\Android\media\com.whatsapp\WhatsApp\Media\WhatsApp Images\IMG-20200314-WA0012.jpg","IMG-20200314-WA0012.jpg","46218","4199968"
"C:\Users\flier\OneDrive\תמונות\Samsung Gallery\Android\media\com.whatsapp\WhatsApp\Media\WhatsApp Images\IMG-20200314-WA0016.jpg","IMG-20200314-WA0016.jpg","36888","4199968"
"C:\Users\flier\OneDrive\תמונות\Samsung Gallery\Android\media\com.whatsapp\WhatsApp\Media\WhatsApp Images\IMG-20200314-WA0017.jpg","IMG-20200314-WA0017.jpg","33958","4199968"
"C:\Users\flier\OneDrive\תמונות\Samsung Gallery\Android\media\com.whatsapp\WhatsApp\Media\WhatsApp Images\IMG-20200315-WA0005.jpg","IMG-20200315-WA0005.jpg","85754","4199968"
"C:\Users\flier\OneDrive\תמונות\Samsung Gallery\Android\media\com.whatsapp\WhatsApp\Media\WhatsApp Images\IMG-20200315-WA0006.jpg","IMG-20200315-WA0006.jpg","99454","4199968"
"C:\Users\flier\OneDrive\תמונות\Samsung Gallery\Android\media\com.whatsapp\WhatsApp\Media\WhatsApp Images\IMG-20200315-WA0007.jpg","IMG-20200315-WA0007.jpg","216652","4199968"
"C:\Users\flier\OneDrive\תמונות\Samsung Gallery\Android\media\com.whatsapp\WhatsApp\Media\WhatsApp Images\IMG-20200315-WA0009.jpg","IMG-20200315-WA0009.jpg","62900","4199968"
"C:\Users\flier\OneDrive\תמונות\Samsung Gallery\Android\media\com.whatsapp\WhatsApp\Media\WhatsApp Images\IMG-20200315-WA0015.jpg","IMG-20200315-WA0015.jpg","33537","4199968"
"C:\Users\flier\OneDrive\תמונות\Samsung Gallery\Android\media\com.whatsapp\WhatsApp\Media\WhatsApp Images\IMG-20200315-WA0016.jpg","IMG-20200315-WA0016.jpg","19200","4199968"
"C:\Users\flier\OneDrive\תמונות\Samsung Gallery\Android\media\com.whatsapp\WhatsApp\Media\WhatsApp Images\IMG-20200315-WA0021.jpg","IMG-20200315-WA0021.jpg","29134","4199968"
"C:\Users\flier\OneDrive\תמונות\Samsung Gallery\Android\media\com.whatsapp\WhatsApp\Media\WhatsApp Images\IMG-20200315-WA0024.jpg","IMG-20200315-WA0024.jpg","87864","4199968"
"C:\Users\flier\OneDrive\תמונות\Samsung Gallery\Android\media\com.whatsapp\WhatsApp\Media\WhatsApp Images\IMG-20200315-WA0025.jpeg","IMG-20200315-WA0025.jpeg","3509663","4199968"
"C:\Users\flier\OneDrive\תמונות\Samsung Gallery\Android\media\com.whatsapp\WhatsApp\Media\WhatsApp Images\IMG-20200315-WA0028.jpg","IMG-20200315-WA0028.jpg","168757","4199968"
"C:\Users\flier\OneDrive\תמונות\Samsung Gallery\Android\media\com.whatsapp\WhatsApp\Media\WhatsApp Images\IMG-20200316-WA0002.jpg","IMG-20200316-WA0002.jpg","235114","4199968"
"C:\Users\flier\OneDrive\תמונות\Samsung Gallery\Android\media\com.whatsapp\WhatsApp\Media\WhatsApp Images\IMG-20200316-WA0004.jpg","IMG-20200316-WA0004.jpg","31845","4199968"
"C:\Users\flier\OneDrive\תמונות\Samsung Gallery\Android\media\com.whatsapp\WhatsApp\Media\WhatsApp Images\IMG-20200316-WA0006.jpg","IMG-20200316-WA0006.jpg","106066","4199968"
"C:\Users\flier\OneDrive\תמונות\Samsung Gallery\Android\media\com.whatsapp\WhatsApp\Media\WhatsApp Images\IMG-20200316-WA0012.jpg","IMG-20200316-WA0012.jpg","89543","4199968"
"C:\Users\flier\OneDrive\תמונות\Samsung Gallery\Android\media\com.whatsapp\WhatsApp\Media\WhatsApp Images\IMG-20200317-WA0003.jpeg","IMG-20200317-WA0003.jpeg","5755436","4199968"
"C:\Users\flier\OneDrive\תמונות\Samsung Gallery\Android\media\com.whatsapp\WhatsApp\Media\WhatsApp Images\IMG-20200317-WA0005.jpg","IMG-20200317-WA0005.jpg","169685","4199968"
"C:\Users\flier\OneDrive\תמונות\Samsung Gallery\Android\media\com.whatsapp\WhatsApp\Media\WhatsApp Images\IMG-20200317-WA0006.jpg","IMG-20200317-WA0006.jpg","58554","4199968"
"C:\Users\flier\OneDrive\תמונות\Samsung Gallery\Android\media\com.whatsapp\WhatsApp\Media\WhatsApp Images\IMG-20200317-WA0008.jpg","IMG-20200317-WA0008.jpg","97514","4199968"
"C:\Users\flier\OneDrive\תמונות\Samsung Gallery\Android\media\com.whatsapp\WhatsApp\Media\WhatsApp Images\IMG-20200317-WA0009.jpg","IMG-20200317-WA0009.jpg","81728","4199968"
"C:\Users\flier\OneDrive\תמונות\Samsung Gallery\Android\media\com.whatsapp\WhatsApp\Media\WhatsApp Images\IMG-20200317-WA0010.jpg","IMG-20200317-WA0010.jpg","63409","4199968"
"C:\Users\flier\OneDrive\תמונות\Samsung Gallery\Android\media\com.whatsapp\WhatsApp\Media\WhatsApp Images\IMG-20200317-WA0015.jpg","IMG-20200317-WA0015.jpg","35518","4199968"
"C:\Users\flier\OneDrive\תמונות\Samsung Gallery\Android\media\com.whatsapp\WhatsApp\Media\WhatsApp Images\IMG-20200317-WA0017.jpg","IMG-20200317-WA0017.jpg","34838","4199968"
"C:\Users\flier\OneDrive\תמונות\Samsung Gallery\Android\media\com.whatsapp\WhatsApp\Media\WhatsApp Images\IMG-20200318-WA0001.jpg","IMG-20200318-WA0001.jpg","180457","4199968"
"C:\Users\flier\OneDrive\תמונות\Samsung Gallery\Android\media\com.whatsapp\WhatsApp\Media\WhatsApp Images\IMG-20200318-WA0012.jpg","IMG-20200318-WA0012.jpg","43206","4199968"
"C:\Users\flier\OneDrive\תמונות\Samsung Gallery\Android\media\com.whatsapp\WhatsApp\Media\WhatsApp Images\IMG-20200319-WA0001.jpg","IMG-20200319-WA0001.jpg","84474","4199968"
"C:\Users\flier\OneDrive\תמונות\Samsung Gallery\Android\media\com.whatsapp\WhatsApp\Media\WhatsApp Images\IMG-20200319-WA0002.jpg","IMG-20200319-WA0002.jpg","69769","4199968"
"C:\Users\flier\OneDrive\תמונות\Samsung Gallery\Android\media\com.whatsapp\WhatsApp\Media\WhatsApp Images\IMG-20200319-WA0006.jpg","IMG-20200319-WA0006.jpg","50533","4199968"
"C:\Users\flier\OneDrive\תמונות\Samsung Gallery\Android\media\com.whatsapp\WhatsApp\Media\WhatsApp Images\IMG-20200319-WA0007.jpg","IMG-20200319-WA0007.jpg","12238","4199968"
"C:\Users\flier\OneDrive\תמונות\Samsung Gallery\Android\media\com.whatsapp\WhatsApp\Media\WhatsApp Images\IMG-20200319-WA0011.jpg","IMG-20200319-WA0011.jpg","27849","4199968"
"C:\Users\flier\OneDrive\תמונות\Samsung Gallery\Android\media\com.whatsapp\WhatsApp\Media\WhatsApp Images\IMG-20200319-WA0013.jpg","IMG-20200319-WA0013.jpg","9807","4199968"
"C:\Users\flier\OneDrive\תמונות\Samsung Gallery\Android\media\com.whatsapp\WhatsApp\Media\WhatsApp Images\IMG-20200319-WA0016.jpg","IMG-20200319-WA0016.jpg","33171","4199968"
"C:\Users\flier\OneDrive\תמונות\Samsung Gallery\Android\media\com.whatsapp\WhatsApp\Media\WhatsApp Images\IMG-20200319-WA0019.jpg","IMG-20200319-WA0019.jpg","15154","4199968"
"C:\Users\flier\OneDrive\תמונות\Samsung Gallery\Android\media\com.whatsapp\WhatsApp\Media\WhatsApp Images\IMG-20200320-WA0004.jpg","IMG-20200320-WA0004.jpg","33655","4199968"
"C:\Users\flier\OneDrive\תמונות\Samsung Gallery\Android\media\com.whatsapp\WhatsApp\Media\WhatsApp Images\IMG-20200320-WA0006.jpg","IMG-20200320-WA0006.jpg","38616","4199968"
"C:\Users\flier\OneDrive\תמונות\Samsung Gallery\Android\media\com.whatsapp\WhatsApp\Media\WhatsApp Images\IMG-20200320-WA0007.jpg","IMG-20200320-WA0007.jpg","62862","4199968"
"C:\Users\flier\OneDrive\תמונות\Samsung Gallery\Android\media\com.whatsapp\WhatsApp\Media\WhatsApp Images\IMG-20200320-WA0009.jpg","IMG-20200320-WA0009.jpg","159841","4199968"
"C:\Users\flier\OneDrive\תמונות\Samsung Gallery\Android\media\com.whatsapp\WhatsApp\Media\WhatsApp Images\IMG-20200320-WA0015.jpg","IMG-20200320-WA0015.jpg","197403","4199968"
"C:\Users\flier\OneDrive\תמונות\Samsung Gallery\Android\media\com.whatsapp\WhatsApp\Media\WhatsApp Images\IMG-20200321-WA0006.jpg","IMG-20200321-WA0006.jpg","47843","4199968"
"C:\Users\flier\OneDrive\תמונות\Samsung Gallery\Android\media\com.whatsapp\WhatsApp\Media\WhatsApp Images\IMG-20200321-WA0007.jpg","IMG-20200321-WA0007.jpg","239465","4199968"
"C:\Users\flier\OneDrive\תמונות\Samsung Gallery\Android\media\com.whatsapp\WhatsApp\Media\WhatsApp Images\IMG-20200321-WA0012.jpg","IMG-20200321-WA0012.jpg","73302","4199968"
"C:\Users\flier\OneDrive\תמונות\Samsung Gallery\Android\media\com.whatsapp\WhatsApp\Media\WhatsApp Images\IMG-20200321-WA0013.jpg","IMG-20200321-WA0013.jpg","48700","4199968"
"C:\Users\flier\OneDrive\תמונות\Samsung Gallery\Android\media\com.whatsapp\WhatsApp\Media\WhatsApp Images\IMG-20200322-WA0002.jpg","IMG-20200322-WA0002.jpg","72971","4199968"
"C:\Users\flier\OneDrive\תמונות\Samsung Gallery\Android\media\com.whatsapp\WhatsApp\Media\WhatsApp Images\IMG-20200322-WA0003.jpg","IMG-20200322-WA0003.jpg","82075","4199968"
"C:\Users\flier\OneDrive\תמונות\Samsung Gallery\Android\media\com.whatsapp\WhatsApp\Media\WhatsApp Images\IMG-20200322-WA0004.jpg","IMG-20200322-WA0004.jpg","74419","4199968"
"C:\Users\flier\OneDrive\תמונות\Samsung Gallery\Android\media\com.whatsapp\WhatsApp\Media\WhatsApp Images\IMG-20200322-WA0007.jpg","IMG-20200322-WA0007.jpg","56209","4199968"
"C:\Users\flier\OneDrive\תמונות\Samsung Gallery\Android\media\com.whatsapp\WhatsApp\Media\WhatsApp Images\IMG-20200322-WA0008.jpg","IMG-20200322-WA0008.jpg","54626","4199968"
"C:\Users\flier\OneDrive\תמונות\Samsung Gallery\Android\media\com.whatsapp\WhatsApp\Media\WhatsApp Images\IMG-20200322-WA0009.jpeg","IMG-20200322-WA0009.jpeg","1789558","4199968"
"C:\Users\flier\OneDrive\תמונות\Samsung Gallery\Android\media\com.whatsapp\WhatsApp\Media\WhatsApp Images\IMG-20200322-WA0011.jpeg","IMG-20200322-WA0011.jpeg","4319560","4199968"
"C:\Users\flier\OneDrive\תמונות\Samsung Gallery\Android\media\com.whatsapp\WhatsApp\Media\WhatsApp Images\IMG-20200322-WA0021.jpg","IMG-20200322-WA0021.jpg","23671","4199968"
"C:\Users\flier\OneDrive\תמונות\Samsung Gallery\Android\media\com.whatsapp\WhatsApp\Media\WhatsApp Images\IMG-20200323-WA0000.jpg","IMG-20200323-WA0000.jpg","106755","4199968"
"C:\Users\flier\OneDrive\תמונות\Samsung Gallery\Android\media\com.whatsapp\WhatsApp\Media\WhatsApp Images\IMG-20200323-WA0001.jpg","IMG-20200323-WA0001.jpg","82428","4199968"
"C:\Users\flier\OneDrive\תמונות\Samsung Gallery\Android\media\com.whatsapp\WhatsApp\Media\WhatsApp Images\IMG-20200323-WA0003.jpg","IMG-20200323-WA0003.jpg","36627","4199968"
"C:\Users\flier\OneDrive\תמונות\Samsung Gallery\Android\media\com.whatsapp\WhatsApp\Media\WhatsApp Images\IMG-20200323-WA0004.jpg","IMG-20200323-WA0004.jpg","53380","4199968"
"C:\Users\flier\OneDrive\תמונות\Samsung Gallery\Android\media\com.whatsapp\WhatsApp\Media\WhatsApp Images\IMG-20200323-WA0011.jpg","IMG-20200323-WA0011.jpg","77442","4199968"
"C:\Users\flier\OneDrive\תמונות\Samsung Gallery\Android\media\com.whatsapp\WhatsApp\Media\WhatsApp Images\IMG-20200324-WA0003.jpg","IMG-20200324-WA0003.jpg","86098","4199968"
"C:\Users\flier\OneDrive\תמונות\Samsung Gallery\Android\media\com.whatsapp\WhatsApp\Media\WhatsApp Images\IMG-20200324-WA0005.jpg","IMG-20200324-WA0005.jpg","40014","4199968"
"C:\Users\flier\OneDrive\תמונות\Samsung Gallery\Android\media\com.whatsapp\WhatsApp\Media\WhatsApp Images\IMG-20200325-WA0005.jpg","IMG-20200325-WA0005.jpg","54447","4199968"
"C:\Users\flier\OneDrive\תמונות\Samsung Gallery\Android\media\com.whatsapp\WhatsApp\Media\WhatsApp Images\IMG-20200325-WA0006.jpg","IMG-20200325-WA0006.jpg","91437","4199968"
"C:\Users\flier\OneDrive\תמונות\Samsung Gallery\Android\media\com.whatsapp\WhatsApp\Media\WhatsApp Images\IMG-20200325-WA0008.jpg","IMG-20200325-WA0008.jpg","45066","4199968"
"C:\Users\flier\OneDrive\תמונות\Samsung Gallery\Android\media\com.whatsapp\WhatsApp\Media\WhatsApp Images\IMG-20200325-WA0011.jpg","IMG-20200325-WA0011.jpg","99551","4199968"
"C:\Users\flier\OneDrive\תמונות\Samsung Gallery\Android\media\com.whatsapp\WhatsApp\Media\WhatsApp Images\IMG-20200325-WA0016.jpg","IMG-20200325-WA0016.jpg","51621","4199968"
"C:\Users\flier\OneDrive\תמונות\Samsung Gallery\Android\media\com.whatsapp\WhatsApp\Media\WhatsApp Images\IMG-20200325-WA0021.jpg","IMG-20200325-WA0021.jpg","64012","4199968"
"C:\Users\flier\OneDrive\תמונות\Samsung Gallery\Android\media\com.whatsapp\WhatsApp\Media\WhatsApp Images\IMG-20200326-WA0004.jpg","IMG-20200326-WA0004.jpg","56191","4199968"
"C:\Users\flier\OneDrive\תמונות\Samsung Gallery\Android\media\com.whatsapp\WhatsApp\Media\WhatsApp Images\IMG-20200326-WA0005.jpeg","IMG-20200326-WA0005.jpeg","3727951","4199968"
"C:\Users\flier\OneDrive\תמונות\Samsung Gallery\Android\media\com.whatsapp\WhatsApp\Media\WhatsApp Images\IMG-20200326-WA0007.jpg","IMG-20200326-WA0007.jpg","16487","4199968"
"C:\Users\flier\OneDrive\תמונות\Samsung Gallery\Android\media\com.whatsapp\WhatsApp\Media\WhatsApp Images\IMG-20200326-WA0014.jpg","IMG-20200326-WA0014.jpg","30518","4199968"
"C:\Users\flier\OneDrive\תמונות\Samsung Gallery\Android\media\com.whatsapp\WhatsApp\Media\WhatsApp Images\IMG-20200326-WA0015.jpg","IMG-20200326-WA0015.jpg","123400","4199968"
"C:\Users\flier\OneDrive\תמונות\Samsung Gallery\Android\media\com.whatsapp\WhatsApp\Media\WhatsApp Images\IMG-20200326-WA0016.jpg","IMG-20200326-WA0016.jpg","17238","4199968"
"C:\Users\flier\OneDrive\תמונות\Samsung Gallery\Android\media\com.whatsapp\WhatsApp\Media\WhatsApp Images\IMG-20200326-WA0020.jpg","IMG-20200326-WA0020.jpg","94483","4199968"
"C:\Users\flier\OneDrive\תמונות\Samsung Gallery\Android\media\com.whatsapp\WhatsApp\Media\WhatsApp Images\IMG-20200326-WA0022.jpg","IMG-20200326-WA0022.jpg","85431","4199968"
"C:\Users\flier\OneDrive\תמונות\Samsung Gallery\Android\media\com.whatsapp\WhatsApp\Media\WhatsApp Images\IMG-20200326-WA0023.jpg","IMG-20200326-WA0023.jpg","65955","4199968"
"C:\Users\flier\OneDrive\תמונות\Samsung Gallery\Android\media\com.whatsapp\WhatsApp\Media\WhatsApp Images\IMG-20200326-WA0026.jpg","IMG-20200326-WA0026.jpg","40945","4199968"
"C:\Users\flier\OneDrive\תמונות\Samsung Gallery\Android\media\com.whatsapp\WhatsApp\Media\WhatsApp Images\IMG-20200327-WA0000.jpg","IMG-20200327-WA0000.jpg","83744","4199968"
"C:\Users\flier\OneDrive\תמונות\Samsung Gallery\Android\media\com.whatsapp\WhatsApp\Media\WhatsApp Images\IMG-20200327-WA0003.jpg","IMG-20200327-WA0003.jpg","57285","4199968"
"C:\Users\flier\OneDrive\תמונות\Samsung Gallery\Android\media\com.whatsapp\WhatsApp\Media\WhatsApp Images\IMG-20200327-WA0004.jpg","IMG-20200327-WA0004.jpg","92209","4199968"
"C:\Users\flier\OneDrive\תמונות\Samsung Gallery\Android\media\com.whatsapp\WhatsApp\Media\WhatsApp Images\IMG-20200327-WA0009.jpg","IMG-20200327-WA0009.jpg","141087","4199968"
"C:\Users\flier\OneDrive\תמונות\Samsung Gallery\Android\media\com.whatsapp\WhatsApp\Media\WhatsApp Images\IMG-20200327-WA0011.jpg","IMG-20200327-WA0011.jpg","124611","4199968"
"C:\Users\flier\OneDrive\תמונות\Samsung Gallery\Android\media\com.whatsapp\WhatsApp\Media\WhatsApp Images\IMG-20200327-WA0013.jpg","IMG-20200327-WA0013.jpg","147488","4199968"
"C:\Users\flier\OneDrive\תמונות\Samsung Gallery\Android\media\com.whatsapp\WhatsApp\Media\WhatsApp Images\IMG-20200327-WA0014.jpg","IMG-20200327-WA0014.jpg","157125","4199968"
"C:\Users\flier\OneDrive\תמונות\Samsung Gallery\Android\media\com.whatsapp\WhatsApp\Media\WhatsApp Images\IMG-20200327-WA0026.jpeg","IMG-20200327-WA0026.jpeg","3542317","4199968"
"C:\Users\flier\OneDrive\תמונות\Samsung Gallery\Android\media\com.whatsapp\WhatsApp\Media\WhatsApp Images\IMG-20200327-WA0031.jpg","IMG-20200327-WA0031.jpg","122938","4199968"
"C:\Users\flier\OneDrive\תמונות\Samsung Gallery\Android\media\com.whatsapp\WhatsApp\Media\WhatsApp Images\IMG-20200327-WA0034.jpg","IMG-20200327-WA0034.jpg","87369","4199968"
"C:\Users\flier\OneDrive\תמונות\Samsung Gallery\Android\media\com.whatsapp\WhatsApp\Media\WhatsApp Images\IMG-20200327-WA0036.jpg","IMG-20200327-WA0036.jpg","77522","4199968"
"C:\Users\flier\OneDrive\תמונות\Samsung Gallery\Android\media\com.whatsapp\WhatsApp\Media\WhatsApp Images\IMG-20200328-WA0001.jpg","IMG-20200328-WA0001.jpg","14374","4199968"
"C:\Users\flier\OneDrive\תמונות\Samsung Gallery\Android\media\com.whatsapp\WhatsApp\Media\WhatsApp Images\IMG-20200328-WA0002.jpg","IMG-20200328-WA0002.jpg","23738","4199968"
"C:\Users\flier\OneDrive\תמונות\Samsung Gallery\Android\media\com.whatsapp\WhatsApp\Media\WhatsApp Images\IMG-20200328-WA0007.jpg","IMG-20200328-WA0007.jpg","10866","4199968"
"C:\Users\flier\OneDrive\תמונות\Samsung Gallery\Android\media\com.whatsapp\WhatsApp\Media\WhatsApp Images\IMG-20200328-WA0008.jpg","IMG-20200328-WA0008.jpg","23540","4199968"
"C:\Users\flier\OneDrive\תמונות\Samsung Gallery\Android\media\com.whatsapp\WhatsApp\Media\WhatsApp Images\IMG-20200328-WA0009.jpg","IMG-20200328-WA0009.jpg","51309","4199968"
"C:\Users\flier\OneDrive\תמונות\Samsung Gallery\Android\media\com.whatsapp\WhatsApp\Media\WhatsApp Images\IMG-20200328-WA0012.jpg","IMG-20200328-WA0012.jpg","95393","4199968"
"C:\Users\flier\OneDrive\תמונות\Samsung Gallery\Android\media\com.whatsapp\WhatsApp\Media\WhatsApp Images\IMG-20200328-WA0013.jpg","IMG-20200328-WA0013.jpg","65783","4199968"
"C:\Users\flier\OneDrive\תמונות\Samsung Gallery\Android\media\com.whatsapp\WhatsApp\Media\WhatsApp Images\IMG-20200328-WA0014.jpg","IMG-20200328-WA0014.jpg","64951","4199968"
"C:\Users\flier\OneDrive\תמונות\Samsung Gallery\Android\media\com.whatsapp\WhatsApp\Media\WhatsApp Images\IMG-20200328-WA0015.jpg","IMG-20200328-WA0015.jpg","43496","4199968"
"C:\Users\flier\OneDrive\תמונות\Samsung Gallery\Android\media\com.whatsapp\WhatsApp\Media\WhatsApp Images\IMG-20200328-WA0019.jpg","IMG-20200328-WA0019.jpg","43977","4199968"
"C:\Users\flier\OneDrive\תמונות\Samsung Gallery\Android\media\com.whatsapp\WhatsApp\Media\WhatsApp Images\IMG-20200328-WA0021.jpg","IMG-20200328-WA0021.jpg","41630","4199968"
"C:\Users\flier\OneDrive\תמונות\Samsung Gallery\Android\media\com.whatsapp\WhatsApp\Media\WhatsApp Images\IMG-20200329-WA0004.jpg","IMG-20200329-WA0004.jpg","117142","4199968"
"C:\Users\flier\OneDrive\תמונות\Samsung Gallery\Android\media\com.whatsapp\WhatsApp\Media\WhatsApp Images\IMG-20200329-WA0006.jpg","IMG-20200329-WA0006.jpg","124487","4199968"
"C:\Users\flier\OneDrive\תמונות\Samsung Gallery\Android\media\com.whatsapp\WhatsApp\Media\WhatsApp Images\IMG-20200329-WA0007.jpg","IMG-20200329-WA0007.jpg","62687","4199968"
"C:\Users\flier\OneDrive\תמונות\Samsung Gallery\Android\media\com.whatsapp\WhatsApp\Media\WhatsApp Images\IMG-20200329-WA0010.jpg","IMG-20200329-WA0010.jpg","37022","4199968"
"C:\Users\flier\OneDrive\תמונות\Samsung Gallery\Android\media\com.whatsapp\WhatsApp\Media\WhatsApp Images\IMG-20200401-WA0005.jpeg","IMG-20200401-WA0005.jpeg","4410829","4199968"
"C:\Users\flier\OneDrive\תמונות\Samsung Gallery\Android\media\com.whatsapp\WhatsApp\Media\WhatsApp Images\IMG-20200414-WA0009.jpg","IMG-20200414-WA0009.jpg","207779","4199968"
"C:\Users\flier\OneDrive\תמונות\Samsung Gallery\Android\media\com.whatsapp\WhatsApp\Media\WhatsApp Images\IMG-20200420-WA0000.jpg","IMG-20200420-WA0000.jpg","214969","4199968"
"C:\Users\flier\OneDrive\תמונות\Samsung Gallery\Android\media\com.whatsapp\WhatsApp\Media\WhatsApp Images\IMG-20200420-WA0004.jpg","IMG-20200420-WA0004.jpg","212966","4199968"
"C:\Users\flier\OneDrive\תמונות\Samsung Gallery\Android\media\com.whatsapp\WhatsApp\Media\WhatsApp Images\IMG-20200420-WA0005.jpg","IMG-20200420-WA0005.jpg","209810","4199968"
"C:\Users\flier\OneDrive\תמונות\Samsung Gallery\Android\media\com.whatsapp\WhatsApp\Media\WhatsApp Images\IMG-20200420-WA0013.jpeg","IMG-20200420-WA0013.jpeg","4221017","4199968"
"C:\Users\flier\OneDrive\תמונות\Samsung Gallery\Android\media\com.whatsapp\WhatsApp\Media\WhatsApp Images\IMG-20200424-WA0006.jpeg","IMG-20200424-WA0006.jpeg","5113383","4199968"
"C:\Users\flier\OneDrive\תמונות\Samsung Gallery\Android\media\com.whatsapp\WhatsApp\Media\WhatsApp Images\IMG-20200424-WA0008.jpeg","IMG-20200424-WA0008.jpeg","3832129","4199968"
"C:\Users\flier\OneDrive\תמונות\Samsung Gallery\Android\media\com.whatsapp\WhatsApp\Media\WhatsApp Images\IMG-20200425-WA0001.jpeg","IMG-20200425-WA0001.jpeg","3820707","4199968"
"C:\Users\flier\OneDrive\תמונות\Samsung Gallery\Android\media\com.whatsapp\WhatsApp\Media\WhatsApp Images\IMG-20200425-WA0005.jpeg","IMG-20200425-WA0005.jpeg","3696619","4199968"
"C:\Users\flier\OneDrive\תמונות\Samsung Gallery\Android\media\com.whatsapp\WhatsApp\Media\WhatsApp Images\IMG-20200425-WA0008.jpeg","IMG-20200425-WA0008.jpeg","4337287","4199968"
"C:\Users\flier\OneDrive\תמונות\Samsung Gallery\Android\media\com.whatsapp\WhatsApp\Media\WhatsApp Images\IMG-20200509-WA0000.jpeg","IMG-20200509-WA0000.jpeg","5242548","4199968"
"C:\Users\flier\OneDrive\תמונות\Samsung Gallery\Android\media\com.whatsapp\WhatsApp\Media\WhatsApp Images\IMG-20200509-WA0004.jpeg","IMG-20200509-WA0004.jpeg","3504314","4199968"
"C:\Users\flier\OneDrive\תמונות\Samsung Gallery\Android\media\com.whatsapp\WhatsApp\Media\WhatsApp Images\IMG-20200509-WA0007.jpeg","IMG-20200509-WA0007.jpeg","5064733","4199968"
"C:\Users\flier\OneDrive\תמונות\Samsung Gallery\Android\media\com.whatsapp\WhatsApp\Media\WhatsApp Images\IMG-20200509-WA0010.jpeg","IMG-20200509-WA0010.jpeg","4380434","4199968"
"C:\Users\flier\OneDrive\תמונות\Samsung Gallery\Android\media\com.whatsapp\WhatsApp\Media\WhatsApp Images\IMG-20200509-WA0012.jpeg","IMG-20200509-WA0012.jpeg","4631941","4199968"
"C:\Users\flier\OneDrive\תמונות\Samsung Gallery\Android\media\com.whatsapp\WhatsApp\Media\WhatsApp Images\IMG-20200509-WA0016.jpeg","IMG-20200509-WA0016.jpeg","3143427","4199968"
"C:\Users\flier\OneDrive\תמונות\Samsung Gallery\Android\media\com.whatsapp\WhatsApp\Media\WhatsApp Images\IMG-20200519-WA0005.jpeg","IMG-20200519-WA0005.jpeg","3543464","4199968"
"C:\Users\flier\OneDrive\תמונות\Samsung Gallery\Android\media\com.whatsapp\WhatsApp\Media\WhatsApp Images\IMG-20200520-WA0004.jpeg","IMG-20200520-WA0004.jpeg","3501702","4199968"
"C:\Users\flier\OneDrive\תמונות\Samsung Gallery\Android\media\com.whatsapp\WhatsApp\Media\WhatsApp Images\IMG-20200522-WA0013.jpeg","IMG-20200522-WA0013.jpeg","3565754","4199968"
"C:\Users\flier\OneDrive\תמונות\Samsung Gallery\Android\media\com.whatsapp\WhatsApp\Media\WhatsApp Images\IMG-20200522-WA0051.jpeg","IMG-20200522-WA0051.jpeg","3637081","4199968"
"C:\Users\flier\OneDrive\תמונות\Samsung Gallery\Android\media\com.whatsapp\WhatsApp\Media\WhatsApp Images\IMG-20200522-WA0055.jpeg","IMG-20200522-WA0055.jpeg","2833630","4199968"
"C:\Users\flier\OneDrive\תמונות\Samsung Gallery\Android\media\com.whatsapp\WhatsApp\Media\WhatsApp Images\IMG-20200522-WA0057.jpeg","IMG-20200522-WA0057.jpeg","1424234","4199968"
"C:\Users\flier\OneDrive\תמונות\Samsung Gallery\Android\media\com.whatsapp\WhatsApp\Media\WhatsApp Images\IMG-20200522-WA0066.jpeg","IMG-20200522-WA0066.jpeg","3471104","4199968"
"C:\Users\flier\OneDrive\תמונות\Samsung Gallery\Android\media\com.whatsapp\WhatsApp\Media\WhatsApp Images\IMG-20200524-WA0008.jpg","IMG-20200524-WA0008.jpg","474573","4199968"
"C:\Users\flier\OneDrive\תמונות\Samsung Gallery\Android\media\com.whatsapp\WhatsApp\Media\WhatsApp Images\IMG-20200524-WA0009.jpg","IMG-20200524-WA0009.jpg","352703","4199968"
"C:\Users\flier\OneDrive\תמונות\Samsung Gallery\Android\media\com.whatsapp\WhatsApp\Media\WhatsApp Images\IMG-20200527-WA0010.jpeg","IMG-20200527-WA0010.jpeg","3675168","4199968"
"C:\Users\flier\OneDrive\תמונות\Samsung Gallery\Android\media\com.whatsapp\WhatsApp\Media\WhatsApp Images\IMG-20200527-WA0012.jpeg","IMG-20200527-WA0012.jpeg","3464255","4199968"
"C:\Users\flier\OneDrive\תמונות\Samsung Gallery\Android\media\com.whatsapp\WhatsApp\Media\WhatsApp Images\IMG-20200608-WA0004.jpeg","IMG-20200608-WA0004.jpeg","4005901","4199968"
"C:\Users\flier\OneDrive\תמונות\Samsung Gallery\Android\media\com.whatsapp\WhatsApp\Media\WhatsApp Images\IMG-20200611-WA0008.jpeg","IMG-20200611-WA0008.jpeg","2140514","4199968"
"C:\Users\flier\OneDrive\תמונות\Samsung Gallery\Android\media\com.whatsapp\WhatsApp\Media\WhatsApp Images\IMG-20200612-WA0002.jpeg","IMG-20200612-WA0002.jpeg","2225984","4199968"
"C:\Users\flier\OneDrive\תמונות\Samsung Gallery\Android\media\com.whatsapp\WhatsApp\Media\WhatsApp Images\IMG-20200613-WA0000.jpeg","IMG-20200613-WA0000.jpeg","2835514","4199968"
"C:\Users\flier\OneDrive\תמונות\Samsung Gallery\Android\media\com.whatsapp\WhatsApp\Media\WhatsApp Images\IMG-20200622-WA0000.jpeg","IMG-20200622-WA0000.jpeg","760830","4199968"
"C:\Users\flier\OneDrive\תמונות\Samsung Gallery\Android\media\com.whatsapp\WhatsApp\Media\WhatsApp Images\IMG-20200622-WA0014.jpeg","IMG-20200622-WA0014.jpeg","1742374","4199968"
"C:\Users\flier\OneDrive\תמונות\Samsung Gallery\Android\media\com.whatsapp\WhatsApp\Media\WhatsApp Images\IMG-20200623-WA0002.jpeg","IMG-20200623-WA0002.jpeg","1452790","4199968"
"C:\Users\flier\OneDrive\תמונות\Samsung Gallery\Android\media\com.whatsapp\WhatsApp\Media\WhatsApp Images\IMG-20200624-WA0002.jpeg","IMG-20200624-WA0002.jpeg","1473576","4199968"
"C:\Users\flier\OneDrive\תמונות\Samsung Gallery\Android\media\com.whatsapp\WhatsApp\Media\WhatsApp Images\IMG-20200624-WA0004.jpeg","IMG-20200624-WA0004.jpeg","640839","4199968"
"C:\Users\flier\OneDrive\תמונות\Samsung Gallery\Android\media\com.whatsapp\WhatsApp\Media\WhatsApp Images\IMG-20200625-WA0012.jpg","IMG-20200625-WA0012.jpg","256942","4199968"
"C:\Users\flier\OneDrive\תמונות\Samsung Gallery\Android\media\com.whatsapp\WhatsApp\Media\WhatsApp Images\IMG-20200625-WA0013.jpg","IMG-20200625-WA0013.jpg","288368","4199968"
"C:\Users\flier\OneDrive\תמונות\Samsung Gallery\Android\media\com.whatsapp\WhatsApp\Media\WhatsApp Images\IMG-20200625-WA0015.jpg","IMG-20200625-WA0015.jpg","316626","4199968"
"C:\Users\flier\OneDrive\תמונות\Samsung Gallery\Android\media\com.whatsapp\WhatsApp\Media\WhatsApp Images\IMG-20200625-WA0016.jpg","IMG-20200625-WA0016.jpg","309572","4199968"
"C:\Users\flier\OneDrive\תמונות\Samsung Gallery\Android\media\com.whatsapp\WhatsApp\Media\WhatsApp Images\IMG-20200625-WA0017.jpg","IMG-20200625-WA0017.jpg","313308","4199968"
"C:\Users\flier\OneDrive\תמונות\Samsung Gallery\Android\media\com.whatsapp\WhatsApp\Media\WhatsApp Images\IMG-20200625-WA0018.jpg","IMG-20200625-WA0018.jpg","261263","4199968"
"C:\Users\flier\OneDrive\תמונות\Samsung Gallery\Android\media\com.whatsapp\WhatsApp\Media\WhatsApp Images\IMG-20200625-WA0019.jpg","IMG-20200625-WA0019.jpg","251225","4199968"
"C:\Users\flier\OneDrive\תמונות\Samsung Gallery\Android\media\com.whatsapp\WhatsApp\Media\WhatsApp Images\IMG-20200626-WA0002.jpeg","IMG-20200626-WA0002.jpeg","1098713","4199968"
"C:\Users\flier\OneDrive\תמונות\Samsung Gallery\Android\media\com.whatsapp\WhatsApp\Media\WhatsApp Images\IMG-20200630-WA0001.jpg","IMG-20200630-WA0001.jpg","297754","4199968"
"C:\Users\flier\OneDrive\תמונות\Samsung Gallery\Android\media\com.whatsapp\WhatsApp\Media\WhatsApp Images\IMG-20200704-WA0004.jpg","IMG-20200704-WA0004.jpg","319680","4199968"
"C:\Users\flier\OneDrive\תמונות\Samsung Gallery\Android\media\com.whatsapp\WhatsApp\Media\WhatsApp Images\IMG-20200704-WA0005.jpg","IMG-20200704-WA0005.jpg","318582","4199968"
"C:\Users\flier\OneDrive\תמונות\Samsung Gallery\Android\media\com.whatsapp\WhatsApp\Media\WhatsApp Images\IMG-20200704-WA0006.jpg","IMG-20200704-WA0006.jpg","320767","4199968"
"C:\Users\flier\OneDrive\תמונות\Samsung Gallery\Android\media\com.whatsapp\WhatsApp\Media\WhatsApp Images\IMG-20200704-WA0007.jpg","IMG-20200704-WA0007.jpg","318409","4199968"
"C:\Users\flier\OneDrive\תמונות\Samsung Gallery\Android\media\com.whatsapp\WhatsApp\Media\WhatsApp Images\IMG-20200704-WA0008.jpg","IMG-20200704-WA0008.jpg","315634","4199968"
"C:\Users\flier\OneDrive\תמונות\Samsung Gallery\Android\media\com.whatsapp\WhatsApp\Media\WhatsApp Images\IMG-20200704-WA0009.jpg","IMG-20200704-WA0009.jpg","315472","4199968"
"C:\Users\flier\OneDrive\תמונות\Samsung Gallery\Android\media\com.whatsapp\WhatsApp\Media\WhatsApp Images\IMG-20200704-WA0010.jpg","IMG-20200704-WA0010.jpg","304127","4199968"
"C:\Users\flier\OneDrive\תמונות\Samsung Gallery\Android\media\com.whatsapp\WhatsApp\Media\WhatsApp Images\IMG-20200706-WA0002.jpg","IMG-20200706-WA0002.jpg","279187","4199968"
"C:\Users\flier\OneDrive\תמונות\Samsung Gallery\Android\media\com.whatsapp\WhatsApp\Media\WhatsApp Images\IMG-20200707-WA0000.jpeg","IMG-20200707-WA0000.jpeg","846433","4199968"
"C:\Users\flier\OneDrive\תמונות\Samsung Gallery\Android\media\com.whatsapp\WhatsApp\Media\WhatsApp Images\IMG-20200708-WA0000.jpg","IMG-20200708-WA0000.jpg","279946","4199968"
"C:\Users\flier\OneDrive\תמונות\Samsung Gallery\Android\media\com.whatsapp\WhatsApp\Media\WhatsApp Images\IMG-20200711-WA0001.jpeg","IMG-20200711-WA0001.jpeg","1068599","4199968"
"C:\Users\flier\OneDrive\תמונות\Samsung Gallery\Android\media\com.whatsapp\WhatsApp\Media\WhatsApp Images\IMG-20200711-WA0003.jpeg","IMG-20200711-WA0003.jpeg","780965","4199968"
"C:\Users\flier\OneDrive\תמונות\Samsung Gallery\Android\media\com.whatsapp\WhatsApp\Media\WhatsApp Images\IMG-20200711-WA0005.jpeg","IMG-20200711-WA0005.jpeg","963186","4199968"
"C:\Users\flier\OneDrive\תמונות\Samsung Gallery\Android\media\com.whatsapp\WhatsApp\Media\WhatsApp Images\IMG-20200711-WA0007.jpeg","IMG-20200711-WA0007.jpeg","733675","4199968"
"C:\Users\flier\OneDrive\תמונות\Samsung Gallery\Android\media\com.whatsapp\WhatsApp\Media\WhatsApp Images\IMG-20200717-WA0006.jpg","IMG-20200717-WA0006.jpg","109013","4199968"
"C:\Users\flier\OneDrive\תמונות\Samsung Gallery\Android\media\com.whatsapp\WhatsApp\Media\WhatsApp Images\IMG-20200717-WA0011.jpg","IMG-20200717-WA0011.jpg","138686","4199968"
"C:\Users\flier\OneDrive\תמונות\Samsung Gallery\Android\media\com.whatsapp\WhatsApp\Media\WhatsApp Images\IMG-20200719-WA0005.jpg","IMG-20200719-WA0005.jpg","182817","4199968"
"C:\Users\flier\OneDrive\תמונות\Samsung Gallery\Android\media\com.whatsapp\WhatsApp\Media\WhatsApp Images\IMG-20200720-WA0012.jpg","IMG-20200720-WA0012.jpg","53720","4199968"
"C:\Users\flier\OneDrive\תמונות\Samsung Gallery\Android\media\com.whatsapp\WhatsApp\Media\WhatsApp Images\IMG-20200720-WA0017.jpg","IMG-20200720-WA0017.jpg","51242","4199968"
"C:\Users\flier\OneDrive\תמונות\Samsung Gallery\Android\media\com.whatsapp\WhatsApp\Media\WhatsApp Images\IMG-20200722-WA0005.jpg","IMG-20200722-WA0005.jpg","46423","4199968"
"C:\Users\flier\OneDrive\תמונות\Samsung Gallery\Android\media\com.whatsapp\WhatsApp\Media\WhatsApp Images\IMG-20200723-WA0006.jpg","IMG-20200723-WA0006.jpg","182935","4199968"
"C:\Users\flier\OneDrive\תמונות\Samsung Gallery\Android\media\com.whatsapp\WhatsApp\Media\WhatsApp Images\IMG-20200724-WA0003.jpg","IMG-20200724-WA0003.jpg","61527","4199968"
"C:\Users\flier\OneDrive\תמונות\Samsung Gallery\Android\media\com.whatsapp\WhatsApp\Media\WhatsApp Images\IMG-20200801-WA0005.jpg","IMG-20200801-WA0005.jpg","177644","4199968"
"C:\Users\flier\OneDrive\תמונות\Samsung Gallery\Android\media\com.whatsapp\WhatsApp\Media\WhatsApp Images\IMG-20200801-WA0008.jpg","IMG-20200801-WA0008.jpg","269010","4199968"
"C:\Users\flier\OneDrive\תמונות\Samsung Gallery\Android\media\com.whatsapp\WhatsApp\Media\WhatsApp Images\IMG-20200801-WA0011.jpg","IMG-20200801-WA0011.jpg","209497","4199968"
"C:\Users\flier\OneDrive\תמונות\Samsung Gallery\Android\media\com.whatsapp\WhatsApp\Media\WhatsApp Images\IMG-20200801-WA0012.jpg","IMG-20200801-WA0012.jpg","210838","4199968"
"C:\Users\flier\OneDrive\תמונות\Samsung Gallery\Android\media\com.whatsapp\WhatsApp\Media\WhatsApp Images\IMG-20200801-WA0019.jpg","IMG-20200801-WA0019.jpg","170784","4199968"
"C:\Users\flier\OneDrive\תמונות\Samsung Gallery\Android\media\com.whatsapp\WhatsApp\Media\WhatsApp Images\IMG-20200805-WA0008.jpg","IMG-20200805-WA0008.jpg","339750","4199968"
"C:\Users\flier\OneDrive\תמונות\Samsung Gallery\Android\media\com.whatsapp\WhatsApp\Media\WhatsApp Images\IMG-20200805-WA0009.jpg","IMG-20200805-WA0009.jpg","385383","4199968"
"C:\Users\flier\OneDrive\תמונות\Samsung Gallery\Android\media\com.whatsapp\WhatsApp\Media\WhatsApp Images\IMG-20200805-WA0010.jpg","IMG-20200805-WA0010.jpg","237339","4199968"
"C:\Users\flier\OneDrive\תמונות\Samsung Gallery\Android\media\com.whatsapp\WhatsApp\Media\WhatsApp Images\IMG-20200805-WA0011.jpg","IMG-20200805-WA0011.jpg","211377","4199968"
"C:\Users\flier\OneDrive\תמונות\Samsung Gallery\Android\media\com.whatsapp\WhatsApp\Media\WhatsApp Images\IMG-20200805-WA0012.jpg","IMG-20200805-WA0012.jpg","432113","4199968"
"C:\Users\flier\OneDrive\תמונות\Samsung Gallery\Android\media\com.whatsapp\WhatsApp\Media\WhatsApp Images\IMG-20200805-WA0013.jpg","IMG-20200805-WA0013.jpg","212562","4199968"
"C:\Users\flier\OneDrive\תמונות\Samsung Gallery\Android\media\com.whatsapp\WhatsApp\Media\WhatsApp Images\IMG-20200805-WA0014.jpg","IMG-20200805-WA0014.jpg","319409","4199968"
"C:\Users\flier\OneDrive\תמונות\Samsung Gallery\Android\media\com.whatsapp\WhatsApp\Media\WhatsApp Images\IMG-20200805-WA0015.jpg","IMG-20200805-WA0015.jpg","346593","4199968"
"C:\Users\flier\OneDrive\תמונות\Samsung Gallery\Android\media\com.whatsapp\WhatsApp\Media\WhatsApp Images\IMG-20200805-WA0016.jpg","IMG-20200805-WA0016.jpg","367738","4199968"
"C:\Users\flier\OneDrive\תמונות\Samsung Gallery\Android\media\com.whatsapp\WhatsApp\Media\WhatsApp Images\IMG-20200805-WA0017.jpg","IMG-20200805-WA0017.jpg","396168","4199968"
"C:\Users\flier\OneDrive\תמונות\Samsung Gallery\Android\media\com.whatsapp\WhatsApp\Media\WhatsApp Images\IMG-20200805-WA0018.jpg","IMG-20200805-WA0018.jpg","399286","4199968"
"C:\Users\flier\OneDrive\תמונות\Samsung Gallery\Android\media\com.whatsapp\WhatsApp\Media\WhatsApp Images\IMG-20200805-WA0019.jpg","IMG-20200805-WA0019.jpg","529368","4199968"
"C:\Users\flier\OneDrive\תמונות\Samsung Gallery\Android\media\com.whatsapp\WhatsApp\Media\WhatsApp Images\IMG-20200805-WA0020.jpg","IMG-20200805-WA0020.jpg","340000","4199968"
"C:\Users\flier\OneDrive\תמונות\Samsung Gallery\Android\media\com.whatsapp\WhatsApp\Media\WhatsApp Images\IMG-20200805-WA0021.jpg","IMG-20200805-WA0021.jpg","236721","4199968"
"C:\Users\flier\OneDrive\תמונות\Samsung Gallery\Android\media\com.whatsapp\WhatsApp\Media\WhatsApp Images\IMG-20200807-WA0000.jpg","IMG-20200807-WA0000.jpg","305515","4199968"
"C:\Users\flier\OneDrive\תמונות\Samsung Gallery\Android\media\com.whatsapp\WhatsApp\Media\WhatsApp Images\IMG-20200809-WA0003.jpg","IMG-20200809-WA0003.jpg","155596","4199968"
"C:\Users\flier\OneDrive\תמונות\Samsung Gallery\Android\media\com.whatsapp\WhatsApp\Media\WhatsApp Images\IMG-20200809-WA0004.jpg","IMG-20200809-WA0004.jpg","184260","4199968"
"C:\Users\flier\OneDrive\תמונות\Samsung Gallery\Android\media\com.whatsapp\WhatsApp\Media\WhatsApp Images\IMG-20200809-WA0007.jpg","IMG-20200809-WA0007.jpg","307125","4199968"
"C:\Users\flier\OneDrive\תמונות\Samsung Gallery\Android\media\com.whatsapp\WhatsApp\Media\WhatsApp Images\IMG-20200810-WA0001.jpg","IMG-20200810-WA0001.jpg","359486","4199968"
"C:\Users\flier\OneDrive\תמונות\Samsung Gallery\Android\media\com.whatsapp\WhatsApp\Media\WhatsApp Images\IMG-20200810-WA0007.jpg","IMG-20200810-WA0007.jpg","356425","4199968"
"C:\Users\flier\OneDrive\תמונות\Samsung Gallery\Android\media\com.whatsapp\WhatsApp\Media\WhatsApp Images\IMG-20200810-WA0008.jpg","IMG-20200810-WA0008.jpg","223300","4199968"
"C:\Users\flier\OneDrive\תמונות\Samsung Gallery\Android\media\com.whatsapp\WhatsApp\Media\WhatsApp Images\IMG-20200810-WA0009.jpg","IMG-20200810-WA0009.jpg","172810","4199968"
"C:\Users\flier\OneDrive\תמונות\Samsung Gallery\Android\media\com.whatsapp\WhatsApp\Media\WhatsApp Images\IMG-20200810-WA0010.jpg","IMG-20200810-WA0010.jpg","325663","4199968"
"C:\Users\flier\OneDrive\תמונות\Samsung Gallery\Android\media\com.whatsapp\WhatsApp\Media\WhatsApp Images\IMG-20200810-WA0011.jpg","IMG-20200810-WA0011.jpg","387704","4199968"
"C:\Users\flier\OneDrive\תמונות\Samsung Gallery\Android\media\com.whatsapp\WhatsApp\Media\WhatsApp Images\IMG-20200810-WA0012.jpg","IMG-20200810-WA0012.jpg","344322","4199968"
"C:\Users\flier\OneDrive\תמונות\Samsung Gallery\Android\media\com.whatsapp\WhatsApp\Media\WhatsApp Images\IMG-20200810-WA0013.jpg","IMG-20200810-WA0013.jpg","385268","4199968"
"C:\Users\flier\OneDrive\תמונות\Samsung Gallery\Android\media\com.whatsapp\WhatsApp\Media\WhatsApp Images\IMG-20200810-WA0014.jpg","IMG-20200810-WA0014.jpg","379737","4199968"
"C:\Users\flier\OneDrive\תמונות\Samsung Gallery\Android\media\com.whatsapp\WhatsApp\Media\WhatsApp Images\IMG-20200813-WA0038.jpg","IMG-20200813-WA0038.jpg","216261","4199968"
"C:\Users\flier\OneDrive\תמונות\Samsung Gallery\Android\media\com.whatsapp\WhatsApp\Media\WhatsApp Images\IMG-20200817-WA0000.jpg","IMG-20200817-WA0000.jpg","142918","4199968"
"C:\Users\flier\OneDrive\תמונות\Samsung Gallery\Android\media\com.whatsapp\WhatsApp\Media\WhatsApp Images\IMG-20200820-WA0003.jpg","IMG-20200820-WA0003.jpg","167847","4199968"
"C:\Users\flier\OneDrive\תמונות\Samsung Gallery\Android\media\com.whatsapp\WhatsApp\Media\WhatsApp Images\IMG-20200820-WA0009.jpg","IMG-20200820-WA0009.jpg","166457","4199968"
"C:\Users\flier\OneDrive\תמונות\Samsung Gallery\Android\media\com.whatsapp\WhatsApp\Media\WhatsApp Images\IMG-20200820-WA0010.jpg","IMG-20200820-WA0010.jpg","142373","4199968"
"C:\Users\flier\OneDrive\תמונות\Samsung Gallery\Android\media\com.whatsapp\WhatsApp\Media\WhatsApp Images\IMG-20200827-WA0000.jpg","IMG-20200827-WA0000.jpg","432760","4199968"
"C:\Users\flier\OneDrive\תמונות\Samsung Gallery\Android\media\com.whatsapp\WhatsApp\Media\WhatsApp Images\IMG-20200827-WA0001.jpg","IMG-20200827-WA0001.jpg","714315","4199968"
"C:\Users\flier\OneDrive\תמונות\Samsung Gallery\Android\media\com.whatsapp\WhatsApp\Media\WhatsApp Images\IMG-20200827-WA0002.jpg","IMG-20200827-WA0002.jpg","708864","4199968"
"C:\Users\flier\OneDrive\תמונות\Samsung Gallery\Android\media\com.whatsapp\WhatsApp\Media\WhatsApp Images\IMG-20200827-WA0003.jpg","IMG-20200827-WA0003.jpg","711580","4199968"
"C:\Users\flier\OneDrive\תמונות\Samsung Gallery\Android\media\com.whatsapp\WhatsApp\Media\WhatsApp Images\IMG-20200827-WA0004.jpg","IMG-20200827-WA0004.jpg","714647","4199968"
"C:\Users\flier\OneDrive\תמונות\Samsung Gallery\Android\media\com.whatsapp\WhatsApp\Media\WhatsApp Images\IMG-20200827-WA0005.jpg","IMG-20200827-WA0005.jpg","715197","4199968"
"C:\Users\flier\OneDrive\תמונות\Samsung Gallery\Android\media\com.whatsapp\WhatsApp\Media\WhatsApp Images\IMG-20200827-WA0006.jpg","IMG-20200827-WA0006.jpg","718724","4199968"
"C:\Users\flier\OneDrive\תמונות\Samsung Gallery\Android\media\com.whatsapp\WhatsApp\Media\WhatsApp Images\IMG-20200827-WA0007.jpg","IMG-20200827-WA0007.jpg","712445","4199968"
"C:\Users\flier\OneDrive\תמונות\Samsung Gallery\Android\media\com.whatsapp\WhatsApp\Media\WhatsApp Images\IMG-20200827-WA0008.jpg","IMG-20200827-WA0008.jpg","713492","4199968"
"C:\Users\flier\OneDrive\תמונות\Samsung Gallery\Android\media\com.whatsapp\WhatsApp\Media\WhatsApp Images\IMG-20200827-WA0009.jpg","IMG-20200827-WA0009.jpg","713760","4199968"
"C:\Users\flier\OneDrive\תמונות\Samsung Gallery\Android\media\com.whatsapp\WhatsApp\Media\WhatsApp Images\IMG-20200827-WA0010.jpg","IMG-20200827-WA0010.jpg","712825","4199968"
"C:\Users\flier\OneDrive\תמונות\Samsung Gallery\Android\media\com.whatsapp\WhatsApp\Media\WhatsApp Images\IMG-20200827-WA0011.jpg","IMG-20200827-WA0011.jpg","692564","4199968"
"C:\Users\flier\OneDrive\תמונות\Samsung Gallery\Android\media\com.whatsapp\WhatsApp\Media\WhatsApp Images\IMG-20200827-WA0012.jpg","IMG-20200827-WA0012.jpg","798774","4199968"
"C:\Users\flier\OneDrive\תמונות\Samsung Gallery\Android\media\com.whatsapp\WhatsApp\Media\WhatsApp Images\IMG-20200827-WA0013.jpg","IMG-20200827-WA0013.jpg","792065","4199968"
"C:\Users\flier\OneDrive\תמונות\Samsung Gallery\Android\media\com.whatsapp\WhatsApp\Media\WhatsApp Images\IMG-20200827-WA0014.jpg","IMG-20200827-WA0014.jpg","793945","4199968"
"C:\Users\flier\OneDrive\תמונות\Samsung Gallery\Android\media\com.whatsapp\WhatsApp\Media\WhatsApp Images\IMG-20200827-WA0015.jpg","IMG-20200827-WA0015.jpg","792146","4199968"
"C:\Users\flier\OneDrive\תמונות\Samsung Gallery\Android\media\com.whatsapp\WhatsApp\Media\WhatsApp Images\IMG-20200827-WA0016.jpg","IMG-20200827-WA0016.jpg","531411","4199968"
"C:\Users\flier\OneDrive\תמונות\Samsung Gallery\Android\media\com.whatsapp\WhatsApp\Media\WhatsApp Images\IMG-20200827-WA0017.jpg","IMG-20200827-WA0017.jpg","533783","4199968"
"C:\Users\flier\OneDrive\תמונות\Samsung Gallery\Android\media\com.whatsapp\WhatsApp\Media\WhatsApp Images\IMG-20200827-WA0018.jpg","IMG-20200827-WA0018.jpg","530071","4199968"
"C:\Users\flier\OneDrive\תמונות\Samsung Gallery\Android\media\com.whatsapp\WhatsApp\Media\WhatsApp Images\IMG-20200827-WA0019.jpg","IMG-20200827-WA0019.jpg","499604","4199968"
"C:\Users\flier\OneDrive\תמונות\Samsung Gallery\Android\media\com.whatsapp\WhatsApp\Media\WhatsApp Images\IMG-20200827-WA0020.jpg","IMG-20200827-WA0020.jpg","532618","4199968"
"C:\Users\flier\OneDrive\תמונות\Samsung Gallery\Android\media\com.whatsapp\WhatsApp\Media\WhatsApp Images\IMG-20200827-WA0021.jpg","IMG-20200827-WA0021.jpg","552084","4199968"
"C:\Users\flier\OneDrive\תמונות\Samsung Gallery\Android\media\com.whatsapp\WhatsApp\Media\WhatsApp Images\IMG-20200827-WA0022.jpg","IMG-20200827-WA0022.jpg","524830","4199968"
"C:\Users\flier\OneDrive\תמונות\Samsung Gallery\Android\media\com.whatsapp\WhatsApp\Media\WhatsApp Images\IMG-20200827-WA0023.jpg","IMG-20200827-WA0023.jpg","519578","4199968"
"C:\Users\flier\OneDrive\תמונות\Samsung Gallery\Android\media\com.whatsapp\WhatsApp\Media\WhatsApp Images\IMG-20200827-WA0024.jpg","IMG-20200827-WA0024.jpg","514465","4199968"
"C:\Users\flier\OneDrive\תמונות\Samsung Gallery\Android\media\com.whatsapp\WhatsApp\Media\WhatsApp Images\IMG-20200827-WA0025.jpg","IMG-20200827-WA0025.jpg","523604","4199968"
"C:\Users\flier\OneDrive\תמונות\Samsung Gallery\Android\media\com.whatsapp\WhatsApp\Media\WhatsApp Images\IMG-20200827-WA0026.jpg","IMG-20200827-WA0026.jpg","518855","4199968"
"C:\Users\flier\OneDrive\תמונות\Samsung Gallery\Android\media\com.whatsapp\WhatsApp\Media\WhatsApp Images\IMG-20200827-WA0027.jpg","IMG-20200827-WA0027.jpg","531609","4199968"
"C:\Users\flier\OneDrive\תמונות\Samsung Gallery\Android\media\com.whatsapp\WhatsApp\Media\WhatsApp Images\IMG-20200827-WA0028.jpg","IMG-20200827-WA0028.jpg","530420","4199968"
"C:\Users\flier\OneDrive\תמונות\Samsung Gallery\Android\media\com.whatsapp\WhatsApp\Media\WhatsApp Images\IMG-20200827-WA0029.jpg","IMG-20200827-WA0029.jpg","531952","4199968"
"C:\Users\flier\OneDrive\תמונות\Samsung Gallery\Android\media\com.whatsapp\WhatsApp\Media\WhatsApp Images\IMG-20200827-WA0030.jpg","IMG-20200827-WA0030.jpg","352846","4199968"
"C:\Users\flier\OneDrive\תמונות\Samsung Gallery\Android\media\com.whatsapp\WhatsApp\Media\WhatsApp Images\IMG-20200827-WA0031.jpg","IMG-20200827-WA0031.jpg","311528","4199968"
"C:\Users\flier\OneDrive\תמונות\Samsung Gallery\Android\media\com.whatsapp\WhatsApp\Media\WhatsApp Images\IMG-20200827-WA0032.jpg","IMG-20200827-WA0032.jpg","347612","4199968"
"C:\Users\flier\OneDrive\תמונות\Samsung Gallery\Android\media\com.whatsapp\WhatsApp\Media\WhatsApp Images\IMG-20200827-WA0033.jpg","IMG-20200827-WA0033.jpg","328374","4199968"
"C:\Users\flier\OneDrive\תמונות\Samsung Gallery\Android\media\com.whatsapp\WhatsApp\Media\WhatsApp Images\IMG-20200827-WA0034.jpg","IMG-20200827-WA0034.jpg","346603","4199968"
"C:\Users\flier\OneDrive\תמונות\Samsung Gallery\Android\media\com.whatsapp\WhatsApp\Media\WhatsApp Images\IMG-20200827-WA0035.jpg","IMG-20200827-WA0035.jpg","362180","4199968"
"C:\Users\flier\OneDrive\תמונות\Samsung Gallery\Android\media\com.whatsapp\WhatsApp\Media\WhatsApp Images\IMG-20200827-WA0036.jpg","IMG-20200827-WA0036.jpg","335646","4199968"
"C:\Users\flier\OneDrive\תמונות\Samsung Gallery\Android\media\com.whatsapp\WhatsApp\Media\WhatsApp Images\IMG-20200827-WA0037.jpg","IMG-20200827-WA0037.jpg","857376","4199968"
"C:\Users\flier\OneDrive\תמונות\Samsung Gallery\Android\media\com.whatsapp\WhatsApp\Media\WhatsApp Images\IMG-20200827-WA0038.jpg","IMG-20200827-WA0038.jpg","332310","4199968"
"C:\Users\flier\OneDrive\תמונות\Samsung Gallery\Android\media\com.whatsapp\WhatsApp\Media\WhatsApp Images\IMG-20200827-WA0039.jpg","IMG-20200827-WA0039.jpg","852288","4199968"
"C:\Users\flier\OneDrive\תמונות\Samsung Gallery\Android\media\com.whatsapp\WhatsApp\Media\WhatsApp Images\IMG-20200827-WA0040.jpg","IMG-20200827-WA0040.jpg","865406","4199968"
"C:\Users\flier\OneDrive\תמונות\Samsung Gallery\Android\media\com.whatsapp\WhatsApp\Media\WhatsApp Images\IMG-20200827-WA0041.jpg","IMG-20200827-WA0041.jpg","866933","4199968"
"C:\Users\flier\OneDrive\תמונות\Samsung Gallery\Android\media\com.whatsapp\WhatsApp\Media\WhatsApp Images\IMG-20200831-WA0004.jpg","IMG-20200831-WA0004.jpg","218352","4199968"
"C:\Users\flier\OneDrive\תמונות\Samsung Gallery\Android\media\com.whatsapp\WhatsApp\Media\WhatsApp Images\IMG-20200831-WA0005.jpg","IMG-20200831-WA0005.jpg","162897","4199968"
"C:\Users\flier\OneDrive\תמונות\Samsung Gallery\Android\media\com.whatsapp\WhatsApp\Media\WhatsApp Images\IMG-20200831-WA0006.jpg","IMG-20200831-WA0006.jpg","208111","4199968"
"C:\Users\flier\OneDrive\תמונות\Samsung Gallery\Android\media\com.whatsapp\WhatsApp\Media\WhatsApp Images\IMG-20200831-WA0007.jpg","IMG-20200831-WA0007.jpg","215090","4199968"
"C:\Users\flier\OneDrive\תמונות\Samsung Gallery\Android\media\com.whatsapp\WhatsApp\Media\WhatsApp Images\IMG-20200831-WA0008.jpg","IMG-20200831-WA0008.jpg","182805","4199968"
"C:\Users\flier\OneDrive\תמונות\Samsung Gallery\Android\media\com.whatsapp\WhatsApp\Media\WhatsApp Images\IMG-20200901-WA0000.jpg","IMG-20200901-WA0000.jpg","322983","4199968"
"C:\Users\flier\OneDrive\תמונות\Samsung Gallery\Android\media\com.whatsapp\WhatsApp\Media\WhatsApp Images\IMG-20200901-WA0001.jpg","IMG-20200901-WA0001.jpg","121625","4199968"
"C:\Users\flier\OneDrive\תמונות\Samsung Gallery\Android\media\com.whatsapp\WhatsApp\Media\WhatsApp Images\IMG-20200901-WA0002.jpg","IMG-20200901-WA0002.jpg","322227","4199968"
"C:\Users\flier\OneDrive\תמונות\Samsung Gallery\Android\media\com.whatsapp\WhatsApp\Media\WhatsApp Images\IMG-20200901-WA0003.jpg","IMG-20200901-WA0003.jpg","128216","4199968"
"C:\Users\flier\OneDrive\תמונות\Samsung Gallery\Android\media\com.whatsapp\WhatsApp\Media\WhatsApp Images\IMG-20200901-WA0004.jpg","IMG-20200901-WA0004.jpg","167452","4199968"
"C:\Users\flier\OneDrive\תמונות\Samsung Gallery\Android\media\com.whatsapp\WhatsApp\Media\WhatsApp Images\IMG-20200901-WA0005.jpg","IMG-20200901-WA0005.jpg","169533","4199968"
"C:\Users\flier\OneDrive\תמונות\Samsung Gallery\Android\media\com.whatsapp\WhatsApp\Media\WhatsApp Images\IMG-20200901-WA0006.jpg","IMG-20200901-WA0006.jpg","247564","4199968"
"C:\Users\flier\OneDrive\תמונות\Samsung Gallery\Android\media\com.whatsapp\WhatsApp\Media\WhatsApp Images\IMG-20200901-WA0007.jpg","IMG-20200901-WA0007.jpg","328766","4199968"
"C:\Users\flier\OneDrive\תמונות\Samsung Gallery\Android\media\com.whatsapp\WhatsApp\Media\WhatsApp Images\IMG-20200901-WA0008.jpg","IMG-20200901-WA0008.jpg","373470","4199968"
"C:\Users\flier\OneDrive\תמונות\Samsung Gallery\Android\media\com.whatsapp\WhatsApp\Media\WhatsApp Images\IMG-20200901-WA0009.jpg","IMG-20200901-WA0009.jpg","388717","4199968"
"C:\Users\flier\OneDrive\תמונות\Samsung Gallery\Android\media\com.whatsapp\WhatsApp\Media\WhatsApp Images\IMG-20200901-WA0010.jpg","IMG-20200901-WA0010.jpg","317163","4199968"
"C:\Users\flier\OneDrive\תמונות\Samsung Gallery\Android\media\com.whatsapp\WhatsApp\Media\WhatsApp Images\IMG-20200901-WA0011.jpg","IMG-20200901-WA0011.jpg","318241","4199968"
"C:\Users\flier\OneDrive\תמונות\Samsung Gallery\Android\media\com.whatsapp\WhatsApp\Media\WhatsApp Images\IMG-20200901-WA0012.jpg","IMG-20200901-WA0012.jpg","359704","4199968"
"C:\Users\flier\OneDrive\תמונות\Samsung Gallery\Android\media\com.whatsapp\WhatsApp\Media\WhatsApp Images\IMG-20200901-WA0013.jpg","IMG-20200901-WA0013.jpg","187777","4199968"
"C:\Users\flier\OneDrive\תמונות\Samsung Gallery\Android\media\com.whatsapp\WhatsApp\Media\WhatsApp Images\IMG-20200901-WA0021.jpeg","IMG-20200901-WA0021.jpeg","767645","4199968"
"C:\Users\flier\OneDrive\תמונות\Samsung Gallery\Android\media\com.whatsapp\WhatsApp\Media\WhatsApp Images\IMG-20200905-WA0005.jpg","IMG-20200905-WA0005.jpg","136481","4199968"
"C:\Users\flier\OneDrive\תמונות\Samsung Gallery\Android\media\com.whatsapp\WhatsApp\Media\WhatsApp Images\IMG-20200905-WA0006.jpg","IMG-20200905-WA0006.jpg","288743","4199968"
"C:\Users\flier\OneDrive\תמונות\Samsung Gallery\Android\media\com.whatsapp\WhatsApp\Media\WhatsApp Images\IMG-20201004-WA0087.jpg","IMG-20201004-WA0087.jpg","162226","4199968"
"C:\Users\flier\OneDrive\תמונות\Samsung Gallery\Android\media\com.whatsapp\WhatsApp\Media\WhatsApp Images\IMG-20201004-WA0088.jpg","IMG-20201004-WA0088.jpg","159859","4199968"
"C:\Users\flier\OneDrive\תמונות\Samsung Gallery\Android\media\com.whatsapp\WhatsApp\Media\WhatsApp Images\IMG-20201004-WA0090.jpg","IMG-20201004-WA0090.jpg","156835","4199968"
"C:\Users\flier\OneDrive\תמונות\Samsung Gallery\Android\media\com.whatsapp\WhatsApp\Media\WhatsApp Images\IMG-20201004-WA0091.jpg","IMG-20201004-WA0091.jpg","164390","4199968"
"C:\Users\flier\OneDrive\תמונות\Samsung Gallery\Android\media\com.whatsapp\WhatsApp\Media\WhatsApp Images\IMG-20201004-WA0092.jpg","IMG-20201004-WA0092.jpg","155778","4199968"
"C:\Users\flier\OneDrive\תמונות\Samsung Gallery\Android\media\com.whatsapp\WhatsApp\Media\WhatsApp Images\IMG-20201004-WA0093.jpg","IMG-20201004-WA0093.jpg","163860","4199968"
"C:\Users\flier\OneDrive\תמונות\Samsung Gallery\Android\media\com.whatsapp\WhatsApp\Media\WhatsApp Images\IMG-20201010-WA0062.jpg","IMG-20201010-WA0062.jpg","169354","4199968"
"C:\Users\flier\OneDrive\תמונות\Samsung Gallery\Android\media\com.whatsapp\WhatsApp\Media\WhatsApp Images\IMG-20201010-WA0063.jpg","IMG-20201010-WA0063.jpg","214111","4199968"
"C:\Users\flier\OneDrive\תמונות\Samsung Gallery\Android\media\com.whatsapp\WhatsApp\Media\WhatsApp Images\IMG-20201010-WA0064.jpg","IMG-20201010-WA0064.jpg","174498","4199968"
"C:\Users\flier\OneDrive\תמונות\Samsung Gallery\Android\media\com.whatsapp\WhatsApp\Media\WhatsApp Images\IMG-20201010-WA0066.jpg","IMG-20201010-WA0066.jpg","159549","4199968"
"C:\Users\flier\OneDrive\תמונות\Samsung Gallery\Android\media\com.whatsapp\WhatsApp\Media\WhatsApp Images\IMG-20201010-WA0069.jpg","IMG-20201010-WA0069.jpg","164000","4199968"
"C:\Users\flier\OneDrive\תמונות\Samsung Gallery\Android\media\com.whatsapp\WhatsApp\Media\WhatsApp Images\IMG-20201011-WA0136.jpg","IMG-20201011-WA0136.jpg","184430","4199968"
"C:\Users\flier\OneDrive\תמונות\Samsung Gallery\Android\media\com.whatsapp\WhatsApp\Media\WhatsApp Images\IMG-20201011-WA0143.jpg","IMG-20201011-WA0143.jpg","171554","4199968"
"C:\Users\flier\OneDrive\תמונות\Samsung Gallery\Android\media\com.whatsapp\WhatsApp\Media\WhatsApp Images\IMG-20201011-WA0144.jpg","IMG-20201011-WA0144.jpg","267439","4199968"
"C:\Users\flier\OneDrive\תמונות\Samsung Gallery\Android\media\com.whatsapp\WhatsApp\Media\WhatsApp Images\IMG-20201015-WA0004.jpg","IMG-20201015-WA0004.jpg","175402","4199968"
"C:\Users\flier\OneDrive\תמונות\Samsung Gallery\Android\media\com.whatsapp\WhatsApp\Media\WhatsApp Images\IMG-20201017-WA0003.jpg","IMG-20201017-WA0003.jpg","397641","4199968"
"C:\Users\flier\OneDrive\תמונות\Samsung Gallery\Android\media\com.whatsapp\WhatsApp\Media\WhatsApp Images\IMG-20201017-WA0004.jpg","IMG-20201017-WA0004.jpg","388822","4199968"
"C:\Users\flier\OneDrive\תמונות\Samsung Gallery\Android\media\com.whatsapp\WhatsApp\Media\WhatsApp Images\IMG-20201017-WA0005.jpg","IMG-20201017-WA0005.jpg","315586","4199968"
"C:\Users\flier\OneDrive\תמונות\Samsung Gallery\Android\media\com.whatsapp\WhatsApp\Media\WhatsApp Images\IMG-20201017-WA0006.jpg","IMG-20201017-WA0006.jpg","366884","4199968"
"C:\Users\flier\OneDrive\תמונות\Samsung Gallery\Android\media\com.whatsapp\WhatsApp\Media\WhatsApp Images\IMG-20201017-WA0007.jpg","IMG-20201017-WA0007.jpg","224299","4199968"
"C:\Users\flier\OneDrive\תמונות\Samsung Gallery\Android\media\com.whatsapp\WhatsApp\Media\WhatsApp Images\IMG-20201017-WA0008.jpg","IMG-20201017-WA0008.jpg","411819","4199968"
"C:\Users\flier\OneDrive\תמונות\Samsung Gallery\Android\media\com.whatsapp\WhatsApp\Media\WhatsApp Images\IMG-20201017-WA0009.jpg","IMG-20201017-WA0009.jpg","377112","4199968"
"C:\Users\flier\OneDrive\תמונות\Samsung Gallery\Android\media\com.whatsapp\WhatsApp\Media\WhatsApp Images\IMG-20201020-WA0128.jpg","IMG-20201020-WA0128.jpg","148200","4199968"
"C:\Users\flier\OneDrive\תמונות\Samsung Gallery\Android\media\com.whatsapp\WhatsApp\Media\WhatsApp Images\IMG-20201020-WA0129.jpg","IMG-20201020-WA0129.jpg","165077","4199968"
"C:\Users\flier\OneDrive\תמונות\Samsung Gallery\Android\media\com.whatsapp\WhatsApp\Media\WhatsApp Images\IMG-20201020-WA0130.jpg","IMG-20201020-WA0130.jpg","166692","4199968"
"C:\Users\flier\OneDrive\תמונות\Samsung Gallery\Android\media\com.whatsapp\WhatsApp\Media\WhatsApp Images\IMG-20201020-WA0131.jpg","IMG-20201020-WA0131.jpg","173941","4199968"
"C:\Users\flier\OneDrive\תמונות\Samsung Gallery\Android\media\com.whatsapp\WhatsApp\Media\WhatsApp Images\IMG-20201020-WA0132.jpg","IMG-20201020-WA0132.jpg","151251","4199968"
"C:\Users\flier\OneDrive\תמונות\Samsung Gallery\Android\media\com.whatsapp\WhatsApp\Media\WhatsApp Images\IMG-20201020-WA0134.jpg","IMG-20201020-WA0134.jpg","90653","4199968"
"C:\Users\flier\OneDrive\תמונות\Samsung Gallery\Android\media\com.whatsapp\WhatsApp\Media\WhatsApp Images\IMG-20201021-WA0098.jpg","IMG-20201021-WA0098.jpg","102500","4199968"
"C:\Users\flier\OneDrive\תמונות\Samsung Gallery\Android\media\com.whatsapp\WhatsApp\Media\WhatsApp Images\IMG-20201022-WA0004.jpg","IMG-20201022-WA0004.jpg","159220","4199968"
"C:\Users\flier\OneDrive\תמונות\Samsung Gallery\Android\media\com.whatsapp\WhatsApp\Media\WhatsApp Images\IMG-20201023-WA0001.jpg","IMG-20201023-WA0001.jpg","202574","4199968"
"C:\Users\flier\OneDrive\תמונות\Samsung Gallery\Android\media\com.whatsapp\WhatsApp\Media\WhatsApp Images\IMG-20201023-WA0002.jpg","IMG-20201023-WA0002.jpg","162214","4199968"
"C:\Users\flier\OneDrive\תמונות\Samsung Gallery\Android\media\com.whatsapp\WhatsApp\Media\WhatsApp Images\IMG-20201024-WA0043.jpg","IMG-20201024-WA0043.jpg","251618","4199968"
"C:\Users\flier\OneDrive\תמונות\Samsung Gallery\Android\media\com.whatsapp\WhatsApp\Media\WhatsApp Images\IMG-20201027-WA0012.jpg","IMG-20201027-WA0012.jpg","150195","4199968"
"C:\Users\flier\OneDrive\תמונות\Samsung Gallery\Android\media\com.whatsapp\WhatsApp\Media\WhatsApp Images\IMG-20201027-WA0013.jpg","IMG-20201027-WA0013.jpg","181052","4199968"
"C:\Users\flier\OneDrive\תמונות\Samsung Gallery\Android\media\com.whatsapp\WhatsApp\Media\WhatsApp Images\IMG-20201031-WA0022.jpg","IMG-20201031-WA0022.jpg","169854","4199968"
"C:\Users\flier\OneDrive\תמונות\Samsung Gallery\Android\media\com.whatsapp\WhatsApp\Media\WhatsApp Images\IMG-20201031-WA0023.jpg","IMG-20201031-WA0023.jpg","354737","4199968"
"C:\Users\flier\OneDrive\תמונות\Samsung Gallery\Android\media\com.whatsapp\WhatsApp\Media\WhatsApp Images\IMG-20201031-WA0024.jpg","IMG-20201031-WA0024.jpg","253724","4199968"
"C:\Users\flier\OneDrive\תמונות\Samsung Gallery\Android\media\com.whatsapp\WhatsApp\Media\WhatsApp Images\IMG-20201103-WA0042.jpg","IMG-20201103-WA0042.jpg","60829","4199968"
"C:\Users\flier\OneDrive\תמונות\Samsung Gallery\Android\media\com.whatsapp\WhatsApp\Media\WhatsApp Images\IMG-20201103-WA0047.jpg","IMG-20201103-WA0047.jpg","220307","4199968"
"C:\Users\flier\OneDrive\תמונות\Samsung Gallery\Android\media\com.whatsapp\WhatsApp\Media\WhatsApp Images\IMG-20201103-WA0048.jpg","IMG-20201103-WA0048.jpg","212656","4199968"
"C:\Users\flier\OneDrive\תמונות\Samsung Gallery\Android\media\com.whatsapp\WhatsApp\Media\WhatsApp Images\IMG-20201104-WA0000.jpg","IMG-20201104-WA0000.jpg","135275","4199968"
"C:\Users\flier\OneDrive\תמונות\Samsung Gallery\Android\media\com.whatsapp\WhatsApp\Media\WhatsApp Images\IMG-20201104-WA0008.jpg","IMG-20201104-WA0008.jpg","128248","4199968"
"C:\Users\flier\OneDrive\תמונות\Samsung Gallery\Android\media\com.whatsapp\WhatsApp\Media\WhatsApp Images\IMG-20201104-WA0009.jpg","IMG-20201104-WA0009.jpg","63571","4199968"
"C:\Users\flier\OneDrive\תמונות\Samsung Gallery\Android\media\com.whatsapp\WhatsApp\Media\WhatsApp Images\IMG-20201104-WA0010.jpg","IMG-20201104-WA0010.jpg","184669","4199968"
"C:\Users\flier\OneDrive\תמונות\Samsung Gallery\Android\media\com.whatsapp\WhatsApp\Media\WhatsApp Images\IMG-20201105-WA0042.jpg","IMG-20201105-WA0042.jpg","280692","4199968"
"C:\Users\flier\OneDrive\תמונות\Samsung Gallery\Android\media\com.whatsapp\WhatsApp\Media\WhatsApp Images\IMG-20201105-WA0043.jpg","IMG-20201105-WA0043.jpg","261553","4199968"
"C:\Users\flier\OneDrive\תמונות\Samsung Gallery\Android\media\com.whatsapp\WhatsApp\Media\WhatsApp Images\IMG-20201105-WA0044.jpg","IMG-20201105-WA0044.jpg","277325","4199968"
"C:\Users\flier\OneDrive\תמונות\Samsung Gallery\Android\media\com.whatsapp\WhatsApp\Media\WhatsApp Images\IMG-20201105-WA0046.jpg","IMG-20201105-WA0046.jpg","252139","4199968"
"C:\Users\flier\OneDrive\תמונות\Samsung Gallery\Android\media\com.whatsapp\WhatsApp\Media\WhatsApp Images\IMG-20201105-WA0047.jpg","IMG-20201105-WA0047.jpg","308311","4199968"
"C:\Users\flier\OneDrive\תמונות\Samsung Gallery\Android\media\com.whatsapp\WhatsApp\Media\WhatsApp Images\IMG-20201105-WA0048.jpg","IMG-20201105-WA0048.jpg","262615","4199968"
"C:\Users\flier\OneDrive\תמונות\Samsung Gallery\Android\media\com.whatsapp\WhatsApp\Media\WhatsApp Images\IMG-20201105-WA0049.jpg","IMG-20201105-WA0049.jpg","274702","4199968"
"C:\Users\flier\OneDrive\תמונות\Samsung Gallery\Android\media\com.whatsapp\WhatsApp\Media\WhatsApp Images\IMG-20201105-WA0050.jpg","IMG-20201105-WA0050.jpg","310181","4199968"
"C:\Users\flier\OneDrive\תמונות\Samsung Gallery\Android\media\com.whatsapp\WhatsApp\Media\WhatsApp Images\IMG-20201105-WA0051.jpg","IMG-20201105-WA0051.jpg","294474","4199968"
"C:\Users\flier\OneDrive\תמונות\Samsung Gallery\Android\media\com.whatsapp\WhatsApp\Media\WhatsApp Images\IMG-20201105-WA0052.jpg","IMG-20201105-WA0052.jpg","222354","4199968"
"C:\Users\flier\OneDrive\תמונות\Samsung Gallery\Android\media\com.whatsapp\WhatsApp\Media\WhatsApp Images\IMG-20201105-WA0053.jpg","IMG-20201105-WA0053.jpg","306654","4199968"
"C:\Users\flier\OneDrive\תמונות\Samsung Gallery\Android\media\com.whatsapp\WhatsApp\Media\WhatsApp Images\IMG-20201105-WA0054.jpg","IMG-20201105-WA0054.jpg","246237","4199968"
"C:\Users\flier\OneDrive\תמונות\Samsung Gallery\Android\media\com.whatsapp\WhatsApp\Media\WhatsApp Images\IMG-20201105-WA0055.jpg","IMG-20201105-WA0055.jpg","243398","4199968"
"C:\Users\flier\OneDrive\תמונות\Samsung Gallery\Android\media\com.whatsapp\WhatsApp\Media\WhatsApp Images\IMG-20201105-WA0056.jpg","IMG-20201105-WA0056.jpg","239150","4199968"
"C:\Users\flier\OneDrive\תמונות\Samsung Gallery\Android\media\com.whatsapp\WhatsApp\Media\WhatsApp Images\IMG-20201105-WA0057.jpg","IMG-20201105-WA0057.jpg","194734","4199968"
"C:\Users\flier\OneDrive\תמונות\Samsung Gallery\Android\media\com.whatsapp\WhatsApp\Media\WhatsApp Images\IMG-20201105-WA0058.jpg","IMG-20201105-WA0058.jpg","268323","4199968"
"C:\Users\flier\OneDrive\תמונות\Samsung Gallery\Android\media\com.whatsapp\WhatsApp\Media\WhatsApp Images\IMG-20201105-WA0059.jpg","IMG-20201105-WA0059.jpg","271902","4199968"
"C:\Users\flier\OneDrive\תמונות\Samsung Gallery\Android\media\com.whatsapp\WhatsApp\Media\WhatsApp Images\IMG-20201105-WA0060.jpg","IMG-20201105-WA0060.jpg","264481","4199968"
"C:\Users\flier\OneDrive\תמונות\Samsung Gallery\Android\media\com.whatsapp\WhatsApp\Media\WhatsApp Images\IMG-20201109-WA0126.jpg","IMG-20201109-WA0126.jpg","162446","4199968"
"C:\Users\flier\OneDrive\תמונות\Samsung Gallery\Android\media\com.whatsapp\WhatsApp\Media\WhatsApp Images\IMG-20201109-WA0127.jpg","IMG-20201109-WA0127.jpg","156352","4199968"
"C:\Users\flier\OneDrive\תמונות\Samsung Gallery\Android\media\com.whatsapp\WhatsApp\Media\WhatsApp Images\IMG-20201109-WA0128.jpg","IMG-20201109-WA0128.jpg","143958","4199968"
"C:\Users\flier\OneDrive\תמונות\Samsung Gallery\Android\media\com.whatsapp\WhatsApp\Media\WhatsApp Images\IMG-20201109-WA0129.jpg","IMG-20201109-WA0129.jpg","153106","4199968"
"C:\Users\flier\OneDrive\תמונות\Samsung Gallery\Android\media\com.whatsapp\WhatsApp\Media\WhatsApp Images\IMG-20201115-WA0012.jpg","IMG-20201115-WA0012.jpg","162201","4199968"
"C:\Users\flier\OneDrive\תמונות\Samsung Gallery\Android\media\com.whatsapp\WhatsApp\Media\WhatsApp Images\IMG-20201115-WA0013.jpg","IMG-20201115-WA0013.jpg","222680","4199968"
"C:\Users\flier\OneDrive\תמונות\Samsung Gallery\Android\media\com.whatsapp\WhatsApp\Media\WhatsApp Images\IMG-20201115-WA0016.jpg","IMG-20201115-WA0016.jpg","266580","4199968"
"C:\Users\flier\OneDrive\תמונות\Samsung Gallery\Android\media\com.whatsapp\WhatsApp\Media\WhatsApp Images\IMG-20201115-WA0061.jpg","IMG-20201115-WA0061.jpg","250927","4199968"
"C:\Users\flier\OneDrive\תמונות\Samsung Gallery\Android\media\com.whatsapp\WhatsApp\Media\WhatsApp Images\IMG-20201115-WA0061_resized.jpg","IMG-20201115-WA0061_resized.jpg","96011","4199968"
"C:\Users\flier\OneDrive\תמונות\Samsung Gallery\Android\media\com.whatsapp\WhatsApp\Media\WhatsApp Images\IMG-20201122-WA0033.jpg","IMG-20201122-WA0033.jpg","188874","4199968"
"C:\Users\flier\OneDrive\תמונות\Samsung Gallery\Android\media\com.whatsapp\WhatsApp\Media\WhatsApp Images\IMG-20201122-WA0034.jpg","IMG-20201122-WA0034.jpg","203425","4199968"
"C:\Users\flier\OneDrive\תמונות\Samsung Gallery\Android\media\com.whatsapp\WhatsApp\Media\WhatsApp Images\IMG-20201122-WA0035.jpg","IMG-20201122-WA0035.jpg","158597","4199968"
"C:\Users\flier\OneDrive\תמונות\Samsung Gallery\Android\media\com.whatsapp\WhatsApp\Media\WhatsApp Images\IMG-20201122-WA0036.jpg","IMG-20201122-WA0036.jpg","165963","4199968"
"C:\Users\flier\OneDrive\תמונות\Samsung Gallery\Android\media\com.whatsapp\WhatsApp\Media\WhatsApp Images\IMG-20201122-WA0037.jpg","IMG-20201122-WA0037.jpg","119393","4199968"
"C:\Users\flier\OneDrive\תמונות\Samsung Gallery\Android\media\com.whatsapp\WhatsApp\Media\WhatsApp Images\IMG-20201122-WA0038.jpg","IMG-20201122-WA0038.jpg","141118","4199968"
"C:\Users\flier\OneDrive\תמונות\Samsung Gallery\Android\media\com.whatsapp\WhatsApp\Media\WhatsApp Images\IMG-20201122-WA0038_resized.jpg","IMG-20201122-WA0038_resized.jpg","62157","4199968"
"C:\Users\flier\OneDrive\תמונות\Samsung Gallery\Android\media\com.whatsapp\WhatsApp\Media\WhatsApp Images\IMG-20201122-WA0039.jpg","IMG-20201122-WA0039.jpg","153683","4199968"
"C:\Users\flier\OneDrive\תמונות\Samsung Gallery\Android\media\com.whatsapp\WhatsApp\Media\WhatsApp Images\IMG-20201122-WA0040.jpg","IMG-20201122-WA0040.jpg","141568","4199968"
"C:\Users\flier\OneDrive\תמונות\Samsung Gallery\Android\media\com.whatsapp\WhatsApp\Media\WhatsApp Images\IMG-20201122-WA0041.jpg","IMG-20201122-WA0041.jpg","141507","4199968"
"C:\Users\flier\OneDrive\תמונות\Samsung Gallery\Android\media\com.whatsapp\WhatsApp\Media\WhatsApp Images\IMG-20201122-WA0042.jpg","IMG-20201122-WA0042.jpg","124303","4199968"
"C:\Users\flier\OneDrive\תמונות\Samsung Gallery\Android\media\com.whatsapp\WhatsApp\Media\WhatsApp Images\IMG-20201122-WA0043.jpg","IMG-20201122-WA0043.jpg","204440","4199968"
"C:\Users\flier\OneDrive\תמונות\Samsung Gallery\Android\media\com.whatsapp\WhatsApp\Media\WhatsApp Images\IMG-20201122-WA0044.jpg","IMG-20201122-WA0044.jpg","219444","4199968"
"C:\Users\flier\OneDrive\תמונות\Samsung Gallery\Android\media\com.whatsapp\WhatsApp\Media\WhatsApp Images\IMG-20201126-WA0044.jpg","IMG-20201126-WA0044.jpg","116131","4199968"
"C:\Users\flier\OneDrive\תמונות\Samsung Gallery\Android\media\com.whatsapp\WhatsApp\Media\WhatsApp Images\IMG-20201128-WA0005.jpg","IMG-20201128-WA0005.jpg","158112","4199968"
"C:\Users\flier\OneDrive\תמונות\Samsung Gallery\Android\media\com.whatsapp\WhatsApp\Media\WhatsApp Images\IMG-20201128-WA0009.jpg","IMG-20201128-WA0009.jpg","216184","4199968"
"C:\Users\flier\OneDrive\תמונות\Samsung Gallery\Android\media\com.whatsapp\WhatsApp\Media\WhatsApp Images\IMG-20201128-WA0010.jpg","IMG-20201128-WA0010.jpg","239632","4199968"
"C:\Users\flier\OneDrive\תמונות\Samsung Gallery\Android\media\com.whatsapp\WhatsApp\Media\WhatsApp Images\IMG-20201128-WA0012.jpg","IMG-20201128-WA0012.jpg","259054","4199968"
"C:\Users\flier\OneDrive\תמונות\Samsung Gallery\Android\media\com.whatsapp\WhatsApp\Media\WhatsApp Images\IMG-20201128-WA0013.jpg","IMG-20201128-WA0013.jpg","272851","4199968"
"C:\Users\flier\OneDrive\תמונות\Samsung Gallery\Android\media\com.whatsapp\WhatsApp\Media\WhatsApp Images\IMG-20201128-WA0015.jpg","IMG-20201128-WA0015.jpg","253887","4199968"
"C:\Users\flier\OneDrive\תמונות\Samsung Gallery\Android\media\com.whatsapp\WhatsApp\Media\WhatsApp Images\IMG-20201129-WA0007.jpg","IMG-20201129-WA0007.jpg","103530","4199968"
"C:\Users\flier\OneDrive\תמונות\Samsung Gallery\Android\media\com.whatsapp\WhatsApp\Media\WhatsApp Images\IMG-20201210-WA0038.jpg","IMG-20201210-WA0038.jpg","219284","4199968"
"C:\Users\flier\OneDrive\תמונות\Samsung Gallery\Android\media\com.whatsapp\WhatsApp\Media\WhatsApp Images\IMG-20201210-WA0039.jpg","IMG-20201210-WA0039.jpg","154971","4199968"
"C:\Users\flier\OneDrive\תמונות\Samsung Gallery\Android\media\com.whatsapp\WhatsApp\Media\WhatsApp Images\IMG-20201214-WA0002.jpg","IMG-20201214-WA0002.jpg","233804","4199968"
"C:\Users\flier\OneDrive\תמונות\Samsung Gallery\Android\media\com.whatsapp\WhatsApp\Media\WhatsApp Images\IMG-20201214-WA0003.jpg","IMG-20201214-WA0003.jpg","228498","4199968"
"C:\Users\flier\OneDrive\תמונות\Samsung Gallery\Android\media\com.whatsapp\WhatsApp\Media\WhatsApp Images\IMG-20201214-WA0004.jpg","IMG-20201214-WA0004.jpg","251682","4199968"
"C:\Users\flier\OneDrive\תמונות\Samsung Gallery\Android\media\com.whatsapp\WhatsApp\Media\WhatsApp Images\IMG-20201219-WA0003.jpg","IMG-20201219-WA0003.jpg","213603","4199968"
"C:\Users\flier\OneDrive\תמונות\Samsung Gallery\Android\media\com.whatsapp\WhatsApp\Media\WhatsApp Images\IMG-20201219-WA0004.jpg","IMG-20201219-WA0004.jpg","161766","4199968"
"C:\Users\flier\OneDrive\תמונות\Samsung Gallery\Android\media\com.whatsapp\WhatsApp\Media\WhatsApp Images\IMG-20201219-WA0005.jpg","IMG-20201219-WA0005.jpg","495690","4199968"
"C:\Users\flier\OneDrive\תמונות\Samsung Gallery\Android\media\com.whatsapp\WhatsApp\Media\WhatsApp Images\IMG-20201225-WA0004.jpg","IMG-20201225-WA0004.jpg","238261","4199968"
"C:\Users\flier\OneDrive\תמונות\Samsung Gallery\Android\media\com.whatsapp\WhatsApp\Media\WhatsApp Images\IMG-20201225-WA0005.jpg","IMG-20201225-WA0005.jpg","226675","4199968"
"C:\Users\flier\OneDrive\תמונות\Samsung Gallery\Android\media\com.whatsapp\WhatsApp\Media\WhatsApp Images\IMG-20201225-WA0006.jpg","IMG-20201225-WA0006.jpg","190557","4199968"
"C:\Users\flier\OneDrive\תמונות\Samsung Gallery\Android\media\com.whatsapp\WhatsApp\Media\WhatsApp Images\IMG-20201225-WA0007.jpg","IMG-20201225-WA0007.jpg","210645","4199968"
"C:\Users\flier\OneDrive\תמונות\Samsung Gallery\Android\media\com.whatsapp\WhatsApp\Media\WhatsApp Images\IMG-20201225-WA0008.jpg","IMG-20201225-WA0008.jpg","228056","4199968"
"C:\Users\flier\OneDrive\תמונות\Samsung Gallery\Android\media\com.whatsapp\WhatsApp\Media\WhatsApp Images\IMG-20201225-WA0009.jpg","IMG-20201225-WA0009.jpg","99726","4199968"
"C:\Users\flier\OneDrive\תמונות\Samsung Gallery\Android\media\com.whatsapp\WhatsApp\Media\WhatsApp Images\IMG-20201225-WA0010.jpg","IMG-20201225-WA0010.jpg","91246","4199968"
"C:\Users\flier\OneDrive\תמונות\Samsung Gallery\Android\media\com.whatsapp\WhatsApp\Media\WhatsApp Images\IMG-20201225-WA0011.jpg","IMG-20201225-WA0011.jpg","290157","4199968"
"C:\Users\flier\OneDrive\תמונות\Samsung Gallery\Android\media\com.whatsapp\WhatsApp\Media\WhatsApp Images\IMG-20201225-WA0012.jpg","IMG-20201225-WA0012.jpg","133374","4199968"
"C:\Users\flier\OneDrive\תמונות\Samsung Gallery\Android\media\com.whatsapp\WhatsApp\Media\WhatsApp Images\IMG-20201225-WA0013.jpg","IMG-20201225-WA0013.jpg","105176","4199968"
"C:\Users\flier\OneDrive\תמונות\Samsung Gallery\Android\media\com.whatsapp\WhatsApp\Media\WhatsApp Images\IMG-20201225-WA0014.jpg","IMG-20201225-WA0014.jpg","102510","4199968"
"C:\Users\flier\OneDrive\תמונות\Samsung Gallery\Android\media\com.whatsapp\WhatsApp\Media\WhatsApp Images\IMG-20201225-WA0015.jpg","IMG-20201225-WA0015.jpg","357902","4199968"
"C:\Users\flier\OneDrive\תמונות\Samsung Gallery\Android\media\com.whatsapp\WhatsApp\Media\WhatsApp Images\IMG-20201225-WA0016.jpg","IMG-20201225-WA0016.jpg","357865","4199968"
"C:\Users\flier\OneDrive\תמונות\Samsung Gallery\Android\media\com.whatsapp\WhatsApp\Media\WhatsApp Images\IMG-20201225-WA0017.jpg","IMG-20201225-WA0017.jpg","352867","4199968"
"C:\Users\flier\OneDrive\תמונות\Samsung Gallery\Android\media\com.whatsapp\WhatsApp\Media\WhatsApp Images\IMG-20201225-WA0018.jpg","IMG-20201225-WA0018.jpg","372095","4199968"
"C:\Users\flier\OneDrive\תמונות\Samsung Gallery\Android\media\com.whatsapp\WhatsApp\Media\WhatsApp Images\IMG-20201225-WA0024.jpg","IMG-20201225-WA0024.jpg","310949","4199968"
"C:\Users\flier\OneDrive\תמונות\Samsung Gallery\Android\media\com.whatsapp\WhatsApp\Media\WhatsApp Images\IMG-20201225-WA0025.jpg","IMG-20201225-WA0025.jpg","326355","4199968"
"C:\Users\flier\OneDrive\תמונות\Samsung Gallery\Android\media\com.whatsapp\WhatsApp\Media\WhatsApp Images\IMG-20210113-WA0009.jpg","IMG-20210113-WA0009.jpg","141976","4199968"
"C:\Users\flier\OneDrive\תמונות\Samsung Gallery\Android\media\com.whatsapp\WhatsApp\Media\WhatsApp Images\IMG-20210113-WA0010.jpeg","IMG-20210113-WA0010.jpeg","405918","4199968"
"C:\Users\flier\OneDrive\תמונות\Samsung Gallery\Android\media\com.whatsapp\WhatsApp\Media\WhatsApp Images\IMG-20210113-WA0018.jpg","IMG-20210113-WA0018.jpg","115650","4199968"
"C:\Users\flier\OneDrive\תמונות\Samsung Gallery\Android\media\com.whatsapp\WhatsApp\Media\WhatsApp Images\IMG-20210206-WA0002.jpg","IMG-20210206-WA0002.jpg","186851","4199968"
"C:\Users\flier\OneDrive\תמונות\Samsung Gallery\Android\media\com.whatsapp\WhatsApp\Media\WhatsApp Images\IMG-20210207-WA0001.jpg","IMG-20210207-WA0001.jpg","239184","4199968"
"C:\Users\flier\OneDrive\תמונות\Samsung Gallery\Android\media\com.whatsapp\WhatsApp\Media\WhatsApp Images\IMG-20210207-WA0002.jpg","IMG-20210207-WA0002.jpg","142516","4199968"
"C:\Users\flier\OneDrive\תמונות\Samsung Gallery\Android\media\com.whatsapp\WhatsApp\Media\WhatsApp Images\IMG-20210207-WA0003.jpg","IMG-20210207-WA0003.jpg","254907","4199968"
"C:\Users\flier\OneDrive\תמונות\Samsung Gallery\Android\media\com.whatsapp\WhatsApp\Media\WhatsApp Images\IMG-20210207-WA0004.jpg","IMG-20210207-WA0004.jpg","228549","4199968"
"C:\Users\flier\OneDrive\תמונות\Samsung Gallery\Android\media\com.whatsapp\WhatsApp\Media\WhatsApp Images\IMG-20210218-WA0006.jpg","IMG-20210218-WA0006.jpg","204117","4199968"
"C:\Users\flier\OneDrive\תמונות\Samsung Gallery\Android\media\com.whatsapp\WhatsApp\Media\WhatsApp Images\IMG-20210218-WA0009.jpg","IMG-20210218-WA0009.jpg","183343","4199968"
"C:\Users\flier\OneDrive\תמונות\Samsung Gallery\Android\media\com.whatsapp\WhatsApp\Media\WhatsApp Images\IMG-20210219-WA0005.jpg","IMG-20210219-WA0005.jpg","205418","4199968"
"C:\Users\flier\OneDrive\תמונות\Samsung Gallery\Android\media\com.whatsapp\WhatsApp\Media\WhatsApp Images\IMG-20210219-WA0006.jpg","IMG-20210219-WA0006.jpg","81553","4199968"
"C:\Users\flier\OneDrive\תמונות\Samsung Gallery\Android\media\com.whatsapp\WhatsApp\Media\WhatsApp Images\IMG-20210219-WA0007.jpg","IMG-20210219-WA0007.jpg","139173","4199968"
"C:\Users\flier\OneDrive\תמונות\Samsung Gallery\Android\media\com.whatsapp\WhatsApp\Media\WhatsApp Images\IMG-20210219-WA0014.jpg","IMG-20210219-WA0014.jpg","128735","4199968"
"C:\Users\flier\OneDrive\תמונות\Samsung Gallery\Android\media\com.whatsapp\WhatsApp\Media\WhatsApp Images\IMG-20210219-WA0017.jpg","IMG-20210219-WA0017.jpg","131075","4199968"
"C:\Users\flier\OneDrive\תמונות\Samsung Gallery\Android\media\com.whatsapp\WhatsApp\Media\WhatsApp Images\IMG-20210219-WA0018.jpg","IMG-20210219-WA0018.jpg","180648","4199968"
"C:\Users\flier\OneDrive\תמונות\Samsung Gallery\Android\media\com.whatsapp\WhatsApp\Media\WhatsApp Images\IMG-20210219-WA0019.jpg","IMG-20210219-WA0019.jpg","131348","4199968"
"C:\Users\flier\OneDrive\תמונות\Samsung Gallery\Android\media\com.whatsapp\WhatsApp\Media\WhatsApp Images\IMG-20210219-WA0020.jpg","IMG-20210219-WA0020.jpg","201074","4199968"
"C:\Users\flier\OneDrive\תמונות\Samsung Gallery\Android\media\com.whatsapp\WhatsApp\Media\WhatsApp Images\IMG-20210220-WA0003.jpg","IMG-20210220-WA0003.jpg","176340","4199968"
"C:\Users\flier\OneDrive\תמונות\Samsung Gallery\Android\media\com.whatsapp\WhatsApp\Media\WhatsApp Images\IMG-20210302-WA0006.jpg","IMG-20210302-WA0006.jpg","130949","4199968"
"C:\Users\flier\OneDrive\תמונות\Samsung Gallery\Android\media\com.whatsapp\WhatsApp\Media\WhatsApp Images\IMG-20210302-WA0007.jpg","IMG-20210302-WA0007.jpg","141194","4199968"
"C:\Users\flier\OneDrive\תמונות\Samsung Gallery\Android\media\com.whatsapp\WhatsApp\Media\WhatsApp Images\IMG-20210305-WA0002.jpg","IMG-20210305-WA0002.jpg","245551","4199968"
"C:\Users\flier\OneDrive\תמונות\Samsung Gallery\Android\media\com.whatsapp\WhatsApp\Media\WhatsApp Images\IMG-20210305-WA0003.jpg","IMG-20210305-WA0003.jpg","266571","4199968"
"C:\Users\flier\OneDrive\תמונות\Samsung Gallery\Android\media\com.whatsapp\WhatsApp\Media\WhatsApp Images\IMG-20210305-WA0025.jpg","IMG-20210305-WA0025.jpg","122084","4199968"
"C:\Users\flier\OneDrive\תמונות\Samsung Gallery\Android\media\com.whatsapp\WhatsApp\Media\WhatsApp Images\IMG-20210305-WA0026.jpg","IMG-20210305-WA0026.jpg","131619","4199968"
"C:\Users\flier\OneDrive\תמונות\Samsung Gallery\Android\media\com.whatsapp\WhatsApp\Media\WhatsApp Images\IMG-20210305-WA0027.jpg","IMG-20210305-WA0027.jpg","205988","4199968"
"C:\Users\flier\OneDrive\תמונות\Samsung Gallery\Android\media\com.whatsapp\WhatsApp\Media\WhatsApp Images\IMG-20210324-WA0009.jpg","IMG-20210324-WA0009.jpg","125321","4199968"
"C:\Users\flier\OneDrive\תמונות\Samsung Gallery\Android\media\com.whatsapp\WhatsApp\Media\WhatsApp Images\IMG-20210326-WA0000.jpg","IMG-20210326-WA0000.jpg","100351","4199968"
"C:\Users\flier\OneDrive\תמונות\Samsung Gallery\Android\media\com.whatsapp\WhatsApp\Media\WhatsApp Images\IMG-20210327-WA0004.jpg","IMG-20210327-WA0004.jpg","196580","4199968"
"C:\Users\flier\OneDrive\תמונות\Samsung Gallery\Android\media\com.whatsapp\WhatsApp\Media\WhatsApp Images\IMG-20210327-WA0005.jpg","IMG-20210327-WA0005.jpg","175358","4199968"
"C:\Users\flier\OneDrive\תמונות\Samsung Gallery\Android\media\com.whatsapp\WhatsApp\Media\WhatsApp Images\IMG-20210327-WA0006.jpg","IMG-20210327-WA0006.jpg","180372","4199968"
"C:\Users\flier\OneDrive\תמונות\Samsung Gallery\DCIM\Camera\20191210_172354.jpg","20191210_172354.jpg","3008435","4199968"
"C:\Users\flier\OneDrive\תמונות\Samsung Gallery\DCIM\Camera\20191210_172526.jpg","20191210_172526.jpg","4152148","4199968"
"C:\Users\flier\OneDrive\תמונות\Samsung Gallery\DCIM\Camera\20200111_134141.jpg","20200111_134141.jpg","2800175","4199968"
"C:\Users\flier\OneDrive\תמונות\Samsung Gallery\DCIM\Camera\20200111_134149.jpg","20200111_134149.jpg","2856271","4199968"
"C:\Users\flier\OneDrive\תמונות\Samsung Gallery\DCIM\Camera\20200117_142319.jpg","20200117_142319.jpg","1095052","4199968"
"C:\Users\flier\OneDrive\תמונות\Samsung Gallery\DCIM\Camera\20200117_142339.jpg","20200117_142339.jpg","2212823","4199968"
"C:\Users\flier\OneDrive\תמונות\Samsung Gallery\DCIM\Camera\20200117_142522.jpg","20200117_142522.jpg","1835100","4199968"
"C:\Users\flier\OneDrive\תמונות\Samsung Gallery\DCIM\Camera\20200117_142958.jpg","20200117_142958.jpg","1663038","4199968"
"C:\Users\flier\OneDrive\תמונות\Samsung Gallery\DCIM\Camera\20200117_142959.jpg","20200117_142959.jpg","1685687","4199968"
"C:\Users\flier\OneDrive\תמונות\Samsung Gallery\DCIM\Camera\20200117_144414.jpg","20200117_144414.jpg","992912","4199968"
"C:\Users\flier\OneDrive\תמונות\Samsung Gallery\DCIM\Camera\20200117_144720.jpg","20200117_144720.jpg","1185243","4199968"
"C:\Users\flier\OneDrive\תמונות\Samsung Gallery\DCIM\Camera\20200117_144724.jpg","20200117_144724.jpg","1215901","4199968"
"C:\Users\flier\OneDrive\תמונות\Samsung Gallery\DCIM\Camera\20200117_144736.mp4","20200117_144736.mp4","31838325","4199968"
"C:\Users\flier\OneDrive\תמונות\Samsung Gallery\DCIM\Camera\20200117_154558.jpg","20200117_154558.jpg","2659868","4199968"
"C:\Users\flier\OneDrive\תמונות\Samsung Gallery\DCIM\Camera\20200118_085754.jpg","20200118_085754.jpg","3591784","4199968"
"C:\Users\flier\OneDrive\תמונות\Samsung Gallery\DCIM\Camera\20200207_133602.jpg","20200207_133602.jpg","1498608","4199968"
"C:\Users\flier\OneDrive\תמונות\Samsung Gallery\DCIM\Camera\20200208_144553.jpg","20200208_144553.jpg","1995987","4199968"
"C:\Users\flier\OneDrive\תמונות\Samsung Gallery\DCIM\Camera\20200220_190557.jpg","20200220_190557.jpg","1298464","4199968"
"C:\Users\flier\OneDrive\תמונות\Samsung Gallery\DCIM\Camera\20200220_190624.jpg","20200220_190624.jpg","2711811","4199968"
"C:\Users\flier\OneDrive\תמונות\Samsung Gallery\DCIM\Camera\20200229_095134.jpg","20200229_095134.jpg","2617854","4199968"
"C:\Users\flier\OneDrive\תמונות\Samsung Gallery\DCIM\Camera\20200317_143041.jpg","20200317_143041.jpg","2382929","4199968"
"C:\Users\flier\OneDrive\תמונות\Samsung Gallery\DCIM\Camera\20200317_143256.jpg","20200317_143256.jpg","2294514","4199968"
"C:\Users\flier\OneDrive\תמונות\Samsung Gallery\DCIM\Camera\20200317_170731.jpg","20200317_170731.jpg","3600270","4199968"
"C:\Users\flier\OneDrive\תמונות\Samsung Gallery\DCIM\Camera\20200317_170823.jpg","20200317_170823.jpg","1690635","4199968"
"C:\Users\flier\OneDrive\תמונות\Samsung Gallery\DCIM\Camera\20200317_170958.jpg","20200317_170958.jpg","1094006","4199968"
"C:\Users\flier\OneDrive\תמונות\Samsung Gallery\DCIM\Camera\20200317_171030.mp4","20200317_171030.mp4","76411790","4199968"
"C:\Users\flier\OneDrive\תמונות\Samsung Gallery\DCIM\Camera\20200320_125931.jpg","20200320_125931.jpg","2404862","4199968"
"C:\Users\flier\OneDrive\תמונות\Samsung Gallery\DCIM\Camera\20200320_130001.jpg","20200320_130001.jpg","2612192","4199968"
"C:\Users\flier\OneDrive\תמונות\Samsung Gallery\DCIM\Camera\20200324_162750.jpg","20200324_162750.jpg","3519268","4199968"
"C:\Users\flier\OneDrive\תמונות\Samsung Gallery\DCIM\Camera\20200324_180633.jpg","20200324_180633.jpg","3048002","4199968"
"C:\Users\flier\OneDrive\תמונות\Samsung Gallery\DCIM\Camera\20200327_180043.jpg","20200327_180043.jpg","2262927","4199968"
"C:\Users\flier\OneDrive\תמונות\Samsung Gallery\DCIM\Camera\20200327_180113.jpg","20200327_180113.jpg","1864852","4199968"
"C:\Users\flier\OneDrive\תמונות\Samsung Gallery\DCIM\Camera\20200401_104012.jpg","20200401_104012.jpg","1906376","4199968"
"C:\Users\flier\OneDrive\תמונות\Samsung Gallery\DCIM\Camera\20200401_162309.jpg","20200401_162309.jpg","2248648","4199968"
"C:\Users\flier\OneDrive\תמונות\Samsung Gallery\DCIM\Camera\20200401_162331.mp4","20200401_162331.mp4","99501103","4199968"
"C:\Users\flier\OneDrive\תמונות\Samsung Gallery\DCIM\Camera\20200401_162331_1.mp4","20200401_162331_1.mp4","84188461","4199968"
"C:\Users\flier\OneDrive\תמונות\Samsung Gallery\DCIM\Camera\20200401_162331_1_1.mp4","20200401_162331_1_1.mp4","74759745","4199968"
"C:\Users\flier\OneDrive\תמונות\Samsung Gallery\DCIM\Camera\20200407_185757.jpg","20200407_185757.jpg","1294229","4199968"
"C:\Users\flier\OneDrive\תמונות\Samsung Gallery\DCIM\Camera\20200408_105602.jpg","20200408_105602.jpg","1735684","4199968"
"C:\Users\flier\OneDrive\תמונות\Samsung Gallery\DCIM\Camera\20200408_105618.jpg","20200408_105618.jpg","1315499","4199968"
"C:\Users\flier\OneDrive\תמונות\Samsung Gallery\DCIM\Camera\20200408_105646.jpg","20200408_105646.jpg","1691249","4199968"
"C:\Users\flier\OneDrive\תמונות\Samsung Gallery\DCIM\Camera\20200408_110649.jpg","20200408_110649.jpg","1857181","4199968"
"C:\Users\flier\OneDrive\תמונות\Samsung Gallery\DCIM\Camera\20200408_112106.jpg","20200408_112106.jpg","2272970","4199968"
"C:\Users\flier\OneDrive\תמונות\Samsung Gallery\DCIM\Camera\20200408_112213.jpg","20200408_112213.jpg","1449208","4199968"
"C:\Users\flier\OneDrive\תמונות\Samsung Gallery\DCIM\Camera\20200408_112239.jpg","20200408_112239.jpg","1370313","4199968"
"C:\Users\flier\OneDrive\תמונות\Samsung Gallery\DCIM\Camera\20200408_150756.jpg","20200408_150756.jpg","1518081","4199968"
"C:\Users\flier\OneDrive\תמונות\Samsung Gallery\DCIM\Camera\20200408_151709.jpg","20200408_151709.jpg","1399973","4199968"
"C:\Users\flier\OneDrive\תמונות\Samsung Gallery\DCIM\Camera\20200408_151711.jpg","20200408_151711.jpg","1334185","4199968"
"C:\Users\flier\OneDrive\תמונות\Samsung Gallery\DCIM\Camera\20200408_151712.jpg","20200408_151712.jpg","1438655","4199968"
"C:\Users\flier\OneDrive\תמונות\Samsung Gallery\DCIM\Camera\20200414_111404.jpg","20200414_111404.jpg","2180740","4199968"
"C:\Users\flier\OneDrive\תמונות\Samsung Gallery\DCIM\Camera\20200414_111438.jpg","20200414_111438.jpg","1849275","4199968"
"C:\Users\flier\OneDrive\תמונות\Samsung Gallery\DCIM\Camera\20200414_155827.jpg","20200414_155827.jpg","2147910","4199968"
"C:\Users\flier\OneDrive\תמונות\Samsung Gallery\DCIM\Camera\20200414_155922.jpg","20200414_155922.jpg","2199742","4199968"
"C:\Users\flier\OneDrive\תמונות\Samsung Gallery\DCIM\Camera\20200415_173230.jpg","20200415_173230.jpg","1723586","4199968"
"C:\Users\flier\OneDrive\תמונות\Samsung Gallery\DCIM\Camera\20200416_162416.jpg","20200416_162416.jpg","2812983","4199968"
"C:\Users\flier\OneDrive\תמונות\Samsung Gallery\DCIM\Camera\20200416_162507.jpg","20200416_162507.jpg","2416332","4199968"
"C:\Users\flier\OneDrive\תמונות\Samsung Gallery\DCIM\Camera\20200416_162618.png","20200416_162618.png","1647843","4199968"
"C:\Users\flier\OneDrive\תמונות\Samsung Gallery\DCIM\Camera\20200425_121454.jpg","20200425_121454.jpg","1445865","4199968"
"C:\Users\flier\OneDrive\תמונות\Samsung Gallery\DCIM\Camera\20200509_161844.jpg","20200509_161844.jpg","2254142","4199968"
"C:\Users\flier\OneDrive\תמונות\Samsung Gallery\DCIM\Camera\20200509_163023.jpg","20200509_163023.jpg","2053323","4199968"
"C:\Users\flier\OneDrive\תמונות\Samsung Gallery\DCIM\Camera\20200525_100317.jpg","20200525_100317.jpg","2867988","4199968"
"C:\Users\flier\OneDrive\תמונות\Samsung Gallery\DCIM\Camera\20200525_192206.jpg","20200525_192206.jpg","2972424","4199968"
"C:\Users\flier\OneDrive\תמונות\Samsung Gallery\DCIM\Camera\20200527_173351.jpg","20200527_173351.jpg","2669700","4199968"
"C:\Users\flier\OneDrive\תמונות\Samsung Gallery\DCIM\Camera\20200527_173441.jpg","20200527_173441.jpg","1963738","4199968"
"C:\Users\flier\OneDrive\תמונות\Samsung Gallery\DCIM\Camera\20200527_173452.jpg","20200527_173452.jpg","2345700","4199968"
"C:\Users\flier\OneDrive\תמונות\Samsung Gallery\DCIM\Camera\20200527_175724.jpg","20200527_175724.jpg","1966747","4199968"
"C:\Users\flier\OneDrive\תמונות\Samsung Gallery\DCIM\Camera\20200605_170928.jpg","20200605_170928.jpg","2446144","4199968"
"C:\Users\flier\OneDrive\תמונות\Samsung Gallery\DCIM\Camera\20200703_063031.jpg","20200703_063031.jpg","1965166","4199968"
"C:\Users\flier\OneDrive\תמונות\Samsung Gallery\DCIM\Camera\20200721_174039.jpg","20200721_174039.jpg","2029968","4199968"
"C:\Users\flier\OneDrive\תמונות\Samsung Gallery\DCIM\Camera\20200724_202256.jpg","20200724_202256.jpg","2154069","4199968"
"C:\Users\flier\OneDrive\תמונות\Samsung Gallery\DCIM\Camera\20200729_183643.jpg","20200729_183643.jpg","1988791","4199968"
"C:\Users\flier\OneDrive\תמונות\Samsung Gallery\DCIM\Camera\20200801_190725.jpg","20200801_190725.jpg","3027633","4199968"
"C:\Users\flier\OneDrive\תמונות\Samsung Gallery\DCIM\Camera\20200815_101221.jpg","20200815_101221.jpg","2161437","4199968"
"C:\Users\flier\OneDrive\תמונות\Samsung Gallery\DCIM\Camera\20200815_101238.jpg","20200815_101238.jpg","2086468","4199968"
"C:\Users\flier\OneDrive\תמונות\Samsung Gallery\DCIM\Camera\20200822_164300.jpg","20200822_164300.jpg","2395537","4199968"
"C:\Users\flier\OneDrive\תמונות\Samsung Gallery\DCIM\Camera\20200822_164402.jpg","20200822_164402.jpg","2951353","4199968"
"C:\Users\flier\OneDrive\תמונות\Samsung Gallery\DCIM\Camera\20200822_164631.png","20200822_164631.png","7623992","4199968"
"C:\Users\flier\OneDrive\תמונות\Samsung Gallery\DCIM\Camera\20200822_164650.jpg","20200822_164650.jpg","2598771","4199968"
"C:\Users\flier\OneDrive\תמונות\Samsung Gallery\DCIM\Camera\20200822_164704.jpg","20200822_164704.jpg","2749370","4199968"
"C:\Users\flier\OneDrive\תמונות\Samsung Gallery\DCIM\Camera\20200822_164719.jpg","20200822_164719.jpg","2835822","4199968"
"C:\Users\flier\OneDrive\תמונות\Samsung Gallery\DCIM\Camera\20200822_164738.jpg","20200822_164738.jpg","1254077","4199968"
"C:\Users\flier\OneDrive\תמונות\Samsung Gallery\DCIM\Camera\20200904_111504.jpg","20200904_111504.jpg","2648535","4199968"
"C:\Users\flier\OneDrive\תמונות\Samsung Gallery\DCIM\Camera\20200904_111523.jpg","20200904_111523.jpg","2604426","4199968"
"C:\Users\flier\OneDrive\תמונות\Samsung Gallery\DCIM\Camera\20200904_111556.jpg","20200904_111556.jpg","1159062","4199968"
"C:\Users\flier\OneDrive\תמונות\Samsung Gallery\DCIM\Camera\20200904_111613.jpg","20200904_111613.jpg","2317925","4199968"
"C:\Users\flier\OneDrive\תמונות\Samsung Gallery\DCIM\Camera\20200904_111643.jpg","20200904_111643.jpg","1412000","4199968"
"C:\Users\flier\OneDrive\תמונות\Samsung Gallery\DCIM\Camera\20200904_111754.png","20200904_111754.png","6939946","4199968"
"C:\Users\flier\OneDrive\תמונות\Samsung Gallery\DCIM\Camera\20200911_201226.jpg","20200911_201226.jpg","1542196","4199968"
"C:\Users\flier\OneDrive\תמונות\Samsung Gallery\DCIM\Camera\20200922_162827.jpg","20200922_162827.jpg","7191134","4199968"
"C:\Users\flier\OneDrive\תמונות\Samsung Gallery\DCIM\Camera\20200922_162915.jpg","20200922_162915.jpg","655015","4199968"
"C:\Users\flier\OneDrive\תמונות\Samsung Gallery\DCIM\Camera\20200923_171836.jpg","20200923_171836.jpg","6268673","4199968"
"C:\Users\flier\OneDrive\תמונות\Samsung Gallery\DCIM\Camera\20200923_183858.mp4","20200923_183858.mp4","20056063","4199968"
"C:\Users\flier\OneDrive\תמונות\Samsung Gallery\DCIM\Camera\20200923_183921.mp4","20200923_183921.mp4","24243586","4199968"
"C:\Users\flier\OneDrive\תמונות\Samsung Gallery\DCIM\Camera\20200923_184007.mp4","20200923_184007.mp4","19790467","4199968"
"C:\Users\flier\OneDrive\תמונות\Samsung Gallery\DCIM\Camera\20201006_160537.jpg","20201006_160537.jpg","5876507","4199968"
"C:\Users\flier\OneDrive\תמונות\Samsung Gallery\DCIM\Camera\20201006_162851.mp4","20201006_162851.mp4","29444638","4199968"
"C:\Users\flier\OneDrive\תמונות\Samsung Gallery\DCIM\Camera\20201006_162922.mp4","20201006_162922.mp4","39451835","4199968"
"C:\Users\flier\OneDrive\תמונות\Samsung Gallery\DCIM\Camera\20201006_163139.mp4","20201006_163139.mp4","8797816","4199968"
"C:\Users\flier\OneDrive\תמונות\Samsung Gallery\DCIM\Camera\20201006_163151.mp4","20201006_163151.mp4","4807342","4199968"
"C:\Users\flier\OneDrive\תמונות\Samsung Gallery\DCIM\Camera\20201006_163201.mp4","20201006_163201.mp4","12357794","4199968"
"C:\Users\flier\OneDrive\תמונות\Samsung Gallery\DCIM\Camera\20201006_163224.mp4","20201006_163224.mp4","39684930","4199968"
"C:\Users\flier\OneDrive\תמונות\Samsung Gallery\DCIM\Camera\20201006_163606.mp4","20201006_163606.mp4","25485868","4199968"
"C:\Users\flier\OneDrive\תמונות\Samsung Gallery\DCIM\Camera\20201006_163717.mp4","20201006_163717.mp4","37089431","4199968"
"C:\Users\flier\OneDrive\תמונות\Samsung Gallery\DCIM\Camera\20201017_184259.jpg","20201017_184259.jpg","6502848","4199968"
"C:\Users\flier\OneDrive\תמונות\Samsung Gallery\DCIM\Camera\20201017_184333.jpg","20201017_184333.jpg","6370247","4199968"
"C:\Users\flier\OneDrive\תמונות\Samsung Gallery\DCIM\Camera\20201018_222421.jpg","20201018_222421.jpg","5207922","4199968"
"C:\Users\flier\OneDrive\תמונות\Samsung Gallery\DCIM\Camera\20201120_204031.jpg","20201120_204031.jpg","6471408","4199968"
"C:\Users\flier\OneDrive\תמונות\Samsung Gallery\DCIM\Camera\20201128_091056.jpg","20201128_091056.jpg","7325690","4199968"
"C:\Users\flier\OneDrive\תמונות\Samsung Gallery\DCIM\Camera\20201128_091109.jpg","20201128_091109.jpg","7866457","4199968"
"C:\Users\flier\OneDrive\תמונות\Samsung Gallery\DCIM\Camera\20201128_091409.jpg","20201128_091409.jpg","9749058","4199968"
"C:\Users\flier\OneDrive\תמונות\Samsung Gallery\DCIM\Camera\20201212_111100.mp4","20201212_111100.mp4","45135013","4199968"
"C:\Users\flier\OneDrive\תמונות\Samsung Gallery\DCIM\Camera\20201212_111148_01.jpg","20201212_111148_01.jpg","6558291","4199968"
"C:\Users\flier\OneDrive\תמונות\Samsung Gallery\DCIM\Camera\20201212_111148_02.mp4","20201212_111148_02.mp4","21737577","4199968"
"C:\Users\flier\OneDrive\תמונות\Samsung Gallery\DCIM\Camera\20201212_111148_03.jpg","20201212_111148_03.jpg","5285518","4199968"
"C:\Users\flier\OneDrive\תמונות\Samsung Gallery\DCIM\Camera\20201212_111148_04.mp4","20201212_111148_04.mp4","7457016","4199968"
"C:\Users\flier\OneDrive\תמונות\Samsung Gallery\DCIM\Camera\20201212_111148_05.mp4","20201212_111148_05.mp4","6635218","4199968"
"C:\Users\flier\OneDrive\תמונות\Samsung Gallery\DCIM\Camera\20201212_111233.mp4","20201212_111233.mp4","20768562","4199968"
"C:\Users\flier\OneDrive\תמונות\Samsung Gallery\DCIM\Camera\20201212_111246.mp4","20201212_111246.mp4","20786799","4199968"
"C:\Users\flier\OneDrive\תמונות\Samsung Gallery\DCIM\Camera\20201219_184059.jpg","20201219_184059.jpg","6757066","4199968"
"C:\Users\flier\OneDrive\תמונות\Samsung Gallery\DCIM\Camera\20201219_184124.jpg","20201219_184124.jpg","820060","4199968"
"C:\Users\flier\OneDrive\תמונות\Samsung Gallery\DCIM\Camera\20201219_192820.jpg","20201219_192820.jpg","6971586","4199968"
"C:\Users\flier\OneDrive\תמונות\Samsung Gallery\DCIM\Camera\20201220_002329.jpg","20201220_002329.jpg","1810030","4199968"
"C:\Users\flier\OneDrive\תמונות\Samsung Gallery\DCIM\Camera\20201220_170348.jpg","20201220_170348.jpg","6778486","4199968"
"C:\Users\flier\OneDrive\תמונות\Samsung Gallery\DCIM\Camera\20201220_171015.jpg","20201220_171015.jpg","1361627","4199968"
"C:\Users\flier\OneDrive\תמונות\Samsung Gallery\DCIM\Camera\20201220_182614.jpg","20201220_182614.jpg","6271227","4199968"
"C:\Users\flier\OneDrive\תמונות\Samsung Gallery\DCIM\Camera\20201220_191454.jpg","20201220_191454.jpg","1199348","4199968"
"C:\Users\flier\OneDrive\תמונות\Samsung Gallery\DCIM\Camera\20210123_154047.jpg","20210123_154047.jpg","4061823","4199968"
"C:\Users\flier\OneDrive\תמונות\Samsung Gallery\DCIM\Camera\20210123_154113.jpg","20210123_154113.jpg","9192929","4199968"
"C:\Users\flier\OneDrive\תמונות\Samsung Gallery\DCIM\Camera\20210123_154113.mp4","20210123_154113.mp4","4358970","4199968"
"C:\Users\flier\OneDrive\תמונות\Samsung Gallery\DCIM\Camera\20210123_154556.jpg","20210123_154556.jpg","5942465","4199968"
"C:\Users\flier\OneDrive\תמונות\Samsung Gallery\DCIM\Camera\20210123_154637.jpg","20210123_154637.jpg","5824802","4199968"
"C:\Users\flier\OneDrive\תמונות\Samsung Gallery\DCIM\Camera\20210123_154751.jpg","20210123_154751.jpg","5913867","4199968"
"C:\Users\flier\OneDrive\תמונות\Samsung Gallery\DCIM\Camera\20210123_155002.jpg","20210123_155002.jpg","4551699","4199968"
"C:\Users\flier\OneDrive\תמונות\Samsung Gallery\DCIM\Camera\20210123_155209.jpg","20210123_155209.jpg","5710900","4199968"
"C:\Users\flier\OneDrive\תמונות\Samsung Gallery\DCIM\Camera\20210123_165547.jpg","20210123_165547.jpg","7191020","4199968"
"C:\Users\flier\OneDrive\תמונות\Samsung Gallery\DCIM\Camera\20210123_165605.jpg","20210123_165605.jpg","7132052","4199968"
"C:\Users\flier\OneDrive\תמונות\Samsung Gallery\DCIM\Camera\20210123_165605.mp4","20210123_165605.mp4","4150428","4199968"
"C:\Users\flier\OneDrive\תמונות\Samsung Gallery\DCIM\Camera\20210123_170327.jpg","20210123_170327.jpg","1528707","4199968"
"C:\Users\flier\OneDrive\תמונות\Samsung Gallery\DCIM\Camera\20210123_170548.jpg","20210123_170548.jpg","4907916","4199968"
"C:\Users\flier\OneDrive\תמונות\Samsung Gallery\DCIM\Camera\20210123_170616.jpg","20210123_170616.jpg","6353845","4199968"
"C:\Users\flier\OneDrive\תמונות\Samsung Gallery\DCIM\Camera\20210123_171959.jpg","20210123_171959.jpg","6024990","4199968"
"C:\Users\flier\OneDrive\תמונות\Samsung Gallery\DCIM\Camera\20210123_172020.jpg","20210123_172020.jpg","6055178","4199968"
"C:\Users\flier\OneDrive\תמונות\Samsung Gallery\DCIM\Camera\20210123_172311_01.mp4","20210123_172311_01.mp4","7003803","4199968"
"C:\Users\flier\OneDrive\תמונות\Samsung Gallery\DCIM\Camera\20210123_172311_02.mp4","20210123_172311_02.mp4","20390924","4199968"
"C:\Users\flier\OneDrive\תמונות\Samsung Gallery\DCIM\Camera\20210123_172438.jpg","20210123_172438.jpg","8019277","4199968"
"C:\Users\flier\OneDrive\תמונות\Samsung Gallery\DCIM\Camera\20210123_172801.jpg","20210123_172801.jpg","5476978","4199968"
"C:\Users\flier\OneDrive\תמונות\Samsung Gallery\DCIM\Camera\20210205_153855.jpg","20210205_153855.jpg","5273392","4199968"
"C:\Users\flier\OneDrive\תמונות\Samsung Gallery\DCIM\Camera\20210312_174611.mp4","20210312_174611.mp4","57085443","4199968"
"C:\Users\flier\OneDrive\תמונות\Samsung Gallery\DCIM\Camera\20210323_223516.jpg","20210323_223516.jpg","2415607","4199968"
"C:\Users\flier\OneDrive\תמונות\Samsung Gallery\DCIM\Camera\20210402_171737.jpg","20210402_171737.jpg","1864919","4199968"
"C:\Users\flier\OneDrive\תמונות\Samsung Gallery\DCIM\Camera\20210402_173031.jpg","20210402_173031.jpg","2422097","4199968"
"C:\Users\flier\OneDrive\תמונות\Samsung Gallery\DCIM\Camera\20210403_204221.jpg","20210403_204221.jpg","1677018","4199968"
"C:\Users\flier\OneDrive\תמונות\Samsung Gallery\DCIM\Camera\20210406_190045.jpg","20210406_190045.jpg","1029901","4199968"
"C:\Users\flier\OneDrive\תמונות\Samsung Gallery\DCIM\Camera\20210409_100649.jpg","20210409_100649.jpg","2368428","4199968"
"C:\Users\flier\OneDrive\תמונות\Samsung Gallery\DCIM\Camera\20210409_111922.jpg","20210409_111922.jpg","3160913","4199968"
"C:\Users\flier\OneDrive\תמונות\Samsung Gallery\DCIM\Camera\20210420_180025.jpg","20210420_180025.jpg","911740","4199968"
"C:\Users\flier\OneDrive\תמונות\Samsung Gallery\DCIM\Camera\20210420_180317.jpg","20210420_180317.jpg","1970260","4199968"
"C:\Users\flier\OneDrive\תמונות\Samsung Gallery\DCIM\Camera\20210420_180700.jpg","20210420_180700.jpg","7197168","4199968"
"C:\Users\flier\OneDrive\תמונות\Samsung Gallery\DCIM\Camera\20210420_180910_01.mp4","20210420_180910_01.mp4","6461906","4199968"
"C:\Users\flier\OneDrive\תמונות\Samsung Gallery\DCIM\Camera\20210420_180910_02.mp4","20210420_180910_02.mp4","7018654","4199968"
"C:\Users\flier\OneDrive\תמונות\Samsung Gallery\DCIM\Camera\20210420_180910_99.mp4","20210420_180910_99.mp4","20727300","4199968"
"C:\Users\flier\OneDrive\תמונות\Samsung Gallery\DCIM\Camera\20210420_180934_01.mp4","20210420_180934_01.mp4","6476601","4199968"
"C:\Users\flier\OneDrive\תמונות\Samsung Gallery\DCIM\Camera\20210420_180934_02.mp4","20210420_180934_02.mp4","7096538","4199968"
"C:\Users\flier\OneDrive\תמונות\Samsung Gallery\DCIM\Camera\20210420_180934_99.mp4","20210420_180934_99.mp4","20962255","4199968"
"C:\Users\flier\OneDrive\תמונות\Samsung Gallery\DCIM\Camera\20210424_121053.jpg","20210424_121053.jpg","1443626","4199968"
"C:\Users\flier\OneDrive\תמונות\Samsung Gallery\DCIM\Camera\20210526_221828.jpg","20210526_221828.jpg","3037322","4199968"
"C:\Users\flier\OneDrive\תמונות\Samsung Gallery\DCIM\Camera\20210526_221849.jpg","20210526_221849.jpg","1192764","4199968"
"C:\Users\flier\OneDrive\תמונות\Samsung Gallery\DCIM\Camera\20210709_200718.jpg","20210709_200718.jpg","895151","4199968"
"C:\Users\flier\OneDrive\תמונות\Samsung Gallery\DCIM\Camera\20210709_200816.jpg","20210709_200816.jpg","1307382","4199968"
"C:\Users\flier\OneDrive\תמונות\Samsung Gallery\DCIM\Camera\20210709_200851.jpg","20210709_200851.jpg","2730981","4199968"
"C:\Users\flier\OneDrive\תמונות\Samsung Gallery\DCIM\Camera\20210709_201111.jpg","20210709_201111.jpg","1071201","4199968"
"C:\Users\flier\OneDrive\תמונות\Samsung Gallery\DCIM\Camera\20210709_201410.jpg","20210709_201410.jpg","1648807","4199968"
"C:\Users\flier\OneDrive\תמונות\Samsung Gallery\DCIM\Camera\20210731_171225.png","20210731_171225.png","5018167","4199968"
"C:\Users\flier\OneDrive\תמונות\Samsung Gallery\DCIM\Camera\20210731_200948.jpg","20210731_200948.jpg","2157531","4199968"
"C:\Users\flier\OneDrive\תמונות\Samsung Gallery\DCIM\Camera\20210806_150627.jpg","20210806_150627.jpg","2727281","4199968"
"C:\Users\flier\OneDrive\תמונות\Samsung Gallery\DCIM\Camera\20210806_163558.jpg","20210806_163558.jpg","1179038","4199968"
"C:\Users\flier\OneDrive\תמונות\Samsung Gallery\DCIM\Camera\20210906_202756.jpg","20210906_202756.jpg","2087193","4199968"
"C:\Users\flier\OneDrive\תמונות\Samsung Gallery\DCIM\Camera\20210906_202813.jpg","20210906_202813.jpg","2108692","4199968"
"C:\Users\flier\OneDrive\תמונות\Samsung Gallery\DCIM\Camera\20210911_100202.jpg","20210911_100202.jpg","2836459","4199968"
"C:\Users\flier\OneDrive\תמונות\Samsung Gallery\DCIM\Camera\20210916_175911.jpg","20210916_175911.jpg","3385961","4199968"
"C:\Users\flier\OneDrive\תמונות\Samsung Gallery\DCIM\Camera\20210917_115801.jpg","20210917_115801.jpg","3275480","4199968"
"C:\Users\flier\OneDrive\תמונות\Samsung Gallery\DCIM\Camera\20210917_115814.png","20210917_115814.png","3909108","4199968"
"C:\Users\flier\OneDrive\תמונות\Samsung Gallery\DCIM\Camera\20210921_122516.png","20210921_122516.png","6552094","4199968"
"C:\Users\flier\OneDrive\תמונות\Samsung Gallery\DCIM\Camera\20210921_173533.png","20210921_173533.png","6596350","4199968"
"C:\Users\flier\OneDrive\תמונות\Samsung Gallery\DCIM\Camera\20210921_230358.jpg","20210921_230358.jpg","1485355","4199968"
"C:\Users\flier\OneDrive\תמונות\Samsung Gallery\DCIM\Camera\20210921_231147.jpg","20210921_231147.jpg","2470909","4199968"
"C:\Users\flier\OneDrive\תמונות\Samsung Gallery\DCIM\Camera\20210921_231522.png","20210921_231522.png","2090963","4199968"
"C:\Users\flier\OneDrive\תמונות\Samsung Gallery\DCIM\Camera\20210921_231726.jpg","20210921_231726.jpg","1059982","4199968"
"C:\Users\flier\OneDrive\תמונות\Samsung Gallery\DCIM\Camera\20210922_145949.jpg","20210922_145949.jpg","1213372","4199968"
"C:\Users\flier\OneDrive\תמונות\Samsung Gallery\DCIM\Camera\20210922_150008.jpg","20210922_150008.jpg","340570","4199968"
"C:\Users\flier\OneDrive\תמונות\Samsung Gallery\DCIM\Camera\20210922_150032.jpg","20210922_150032.jpg","1038306","4199968"
"C:\Users\flier\OneDrive\תמונות\Samsung Gallery\DCIM\Camera\20211001_205902.jpg","20211001_205902.jpg","2768585","4199968"
"C:\Users\flier\OneDrive\תמונות\Samsung Gallery\DCIM\Camera\20211001_205926.png","20211001_205926.png","5977294","4199968"
"C:\Users\flier\OneDrive\תמונות\Samsung Gallery\DCIM\Camera\20211005_151915.jpg","20211005_151915.jpg","2067156","4199968"
"C:\Users\flier\OneDrive\תמונות\Samsung Gallery\DCIM\Camera\20211009_164645.jpg","20211009_164645.jpg","2062637","4199968"
"C:\Users\flier\OneDrive\תמונות\Samsung Gallery\DCIM\Camera\20211026_220657.mp4","20211026_220657.mp4","65298319","4199968"
"C:\Users\flier\OneDrive\תמונות\Samsung Gallery\DCIM\Camera\20211028_130831.jpg","20211028_130831.jpg","2205369","4199968"
"C:\Users\flier\OneDrive\תמונות\Samsung Gallery\DCIM\Camera\20211029_100456.jpg","20211029_100456.jpg","2534065","4199968"
"C:\Users\flier\OneDrive\תמונות\Samsung Gallery\DCIM\Camera\20211029_100524.jpg","20211029_100524.jpg","3298367","4199968"
"C:\Users\flier\OneDrive\תמונות\Samsung Gallery\DCIM\Camera\20211029_155514.jpg","20211029_155514.jpg","2566700","4199968"
"C:\Users\flier\OneDrive\תמונות\Samsung Gallery\DCIM\Camera\20211030_113422.jpg","20211030_113422.jpg","1351328","4199968"
"C:\Users\flier\OneDrive\תמונות\Samsung Gallery\DCIM\Camera\20211111_102717.jpg","20211111_102717.jpg","3943266","4199968"
"C:\Users\flier\OneDrive\תמונות\Samsung Gallery\DCIM\Camera\20211111_104738.jpg","20211111_104738.jpg","4544283","4199968"
"C:\Users\flier\OneDrive\תמונות\Samsung Gallery\DCIM\Camera\20211111_104808.jpg","20211111_104808.jpg","1117970","4199968"
"C:\Users\flier\OneDrive\תמונות\Samsung Gallery\DCIM\Camera\20211111_104822.jpg","20211111_104822.jpg","1229317","4199968"
"C:\Users\flier\OneDrive\תמונות\Samsung Gallery\DCIM\Camera\20211111_104905.jpg","20211111_104905.jpg","1496787","4199968"
"C:\Users\flier\OneDrive\תמונות\Samsung Gallery\DCIM\Camera\20211111_104938.jpg","20211111_104938.jpg","1060692","4199968"
"C:\Users\flier\OneDrive\תמונות\Samsung Gallery\DCIM\Camera\20211111_105209.jpg","20211111_105209.jpg","4214976","4199968"
"C:\Users\flier\OneDrive\תמונות\Samsung Gallery\DCIM\Camera\20211111_224655.jpg","20211111_224655.jpg","2038474","4199968"
"C:\Users\flier\OneDrive\תמונות\Samsung Gallery\DCIM\Camera\20211111_224718.jpg","20211111_224718.jpg","2011446","4199968"
"C:\Users\flier\OneDrive\תמונות\Samsung Gallery\DCIM\Camera\20211113_181835.jpg","20211113_181835.jpg","330618","4199968"
"C:\Users\flier\OneDrive\תמונות\Samsung Gallery\DCIM\Camera\20211113_181917.jpg","20211113_181917.jpg","534312","4199968"
"C:\Users\flier\OneDrive\תמונות\Samsung Gallery\DCIM\Camera\20211115_175803.jpg","20211115_175803.jpg","2535104","4199968"
"C:\Users\flier\OneDrive\תמונות\Samsung Gallery\DCIM\Camera\20211115_175957.jpg","20211115_175957.jpg","1095890","4199968"
"C:\Users\flier\OneDrive\תמונות\Samsung Gallery\DCIM\Camera\20211118_182919.jpg","20211118_182919.jpg","2263951","4199968"
"C:\Users\flier\OneDrive\תמונות\Samsung Gallery\DCIM\Camera\20211119_171137.jpg","20211119_171137.jpg","2073871","4199968"
"C:\Users\flier\OneDrive\תמונות\Samsung Gallery\DCIM\Camera\20211119_172553.jpg","20211119_172553.jpg","1731036","4199968"
"C:\Users\flier\OneDrive\תמונות\Samsung Gallery\DCIM\Camera\20211127_102807.jpg","20211127_102807.jpg","855192","4199968"
"C:\Users\flier\OneDrive\תמונות\Samsung Gallery\DCIM\Camera\20211130_215014.png","20211130_215014.png","4011538","4199968"
"C:\Users\flier\OneDrive\תמונות\Samsung Gallery\DCIM\Camera\20211207_103134.jpg","20211207_103134.jpg","1730441","4199968"
"C:\Users\flier\OneDrive\תמונות\Samsung Gallery\DCIM\Camera\20211207_103147.jpg","20211207_103147.jpg","1396627","4199968"
"C:\Users\flier\OneDrive\תמונות\Samsung Gallery\DCIM\Camera\20211207_103458.jpg","20211207_103458.jpg","1867907","4199968"
"C:\Users\flier\OneDrive\תמונות\Samsung Gallery\DCIM\Camera\20211209_085111.jpg","20211209_085111.jpg","2172810","4199968"
"C:\Users\flier\OneDrive\תמונות\Samsung Gallery\DCIM\Camera\20211209_085136.jpg","20211209_085136.jpg","2605888","4199968"
"C:\Users\flier\OneDrive\תמונות\Samsung Gallery\DCIM\Camera\20211219_200741.mp4","20211219_200741.mp4","56867224","4199968"
"C:\Users\flier\OneDrive\תמונות\Samsung Gallery\DCIM\Camera\20211225_092041.jpg","20211225_092041.jpg","8079528","4199968"
"C:\Users\flier\OneDrive\תמונות\Samsung Gallery\DCIM\Camera\20211225_092054.jpg","20211225_092054.jpg","8285236","4199968"
"C:\Users\flier\OneDrive\תמונות\Samsung Gallery\DCIM\Camera\20211225_102823.jpg","20211225_102823.jpg","6932124","4199968"
"C:\Users\flier\OneDrive\תמונות\Samsung Gallery\DCIM\Camera\20211225_130901.jpg","20211225_130901.jpg","5084669","4199968"
"C:\Users\flier\OneDrive\תמונות\Samsung Gallery\DCIM\Camera\20211225_130941.jpg","20211225_130941.jpg","11771952","4199968"
"C:\Users\flier\OneDrive\תמונות\Samsung Gallery\DCIM\Camera\20211225_131003.jpg","20211225_131003.jpg","10683785","4199968"
"C:\Users\flier\OneDrive\תמונות\Samsung Gallery\DCIM\Camera\20211225_132747.jpg","20211225_132747.jpg","6198708","4199968"
"C:\Users\flier\OneDrive\תמונות\Samsung Gallery\DCIM\Camera\20220108_193742.jpg","20220108_193742.jpg","4493659","4199968"
"C:\Users\flier\OneDrive\תמונות\Samsung Gallery\DCIM\Camera\20220108_194359.jpg","20220108_194359.jpg","5886797","4199968"
"C:\Users\flier\OneDrive\תמונות\Samsung Gallery\DCIM\Camera\20220108_195130.jpg","20220108_195130.jpg","6251522","4199968"
"C:\Users\flier\OneDrive\תמונות\Samsung Gallery\DCIM\Camera\20220120_102458.mp4","20220120_102458.mp4","64301162","4199968"
"C:\Users\flier\OneDrive\תמונות\Samsung Gallery\DCIM\Camera\20220122_105854.jpg","20220122_105854.jpg","6849754","4199968"
"C:\Users\flier\OneDrive\תמונות\Samsung Gallery\DCIM\Camera\20220122_105912.jpg","20220122_105912.jpg","6011253","4199968"
"C:\Users\flier\OneDrive\תמונות\Samsung Gallery\DCIM\Camera\20220122_110259.jpg","20220122_110259.jpg","7468888","4199968"
"C:\Users\flier\OneDrive\תמונות\Samsung Gallery\DCIM\Camera\20220122_112818.jpg","20220122_112818.jpg","7074873","4199968"
"C:\Users\flier\OneDrive\תמונות\Samsung Gallery\DCIM\Camera\20220122_112840.jpg","20220122_112840.jpg","4271677","4199968"
"C:\Users\flier\OneDrive\תמונות\Samsung Gallery\DCIM\Camera\20220122_113039.jpg","20220122_113039.jpg","5857190","4199968"
"C:\Users\flier\OneDrive\תמונות\Samsung Gallery\DCIM\Camera\20220122_113104.jpg","20220122_113104.jpg","6836732","4199968"
"C:\Users\flier\OneDrive\תמונות\Samsung Gallery\DCIM\Camera\20220122_113113.jpg","20220122_113113.jpg","4361952","4199968"
"C:\Users\flier\OneDrive\תמונות\Samsung Gallery\DCIM\Camera\20220122_114247.jpg","20220122_114247.jpg","6407465","4199968"
"C:\Users\flier\OneDrive\תמונות\Samsung Gallery\DCIM\Camera\20220122_115034.jpg","20220122_115034.jpg","2586366","4199968"
"C:\Users\flier\OneDrive\תמונות\Samsung Gallery\DCIM\Camera\20220122_123703.jpg","20220122_123703.jpg","4429061","4199968"
"C:\Users\flier\OneDrive\תמונות\Samsung Gallery\DCIM\Camera\20220122_123716.jpg","20220122_123716.jpg","7910133","4199968"
"C:\Users\flier\OneDrive\תמונות\Samsung Gallery\DCIM\Camera\20220122_123741.jpg","20220122_123741.jpg","7510835","4199968"
"C:\Users\flier\OneDrive\תמונות\Samsung Gallery\DCIM\Camera\20220122_130443.jpg","20220122_130443.jpg","6316127","4199968"
"C:\Users\flier\OneDrive\תמונות\Samsung Gallery\DCIM\Camera\20220122_131028.jpg","20220122_131028.jpg","5108135","4199968"
"C:\Users\flier\OneDrive\תמונות\Samsung Gallery\DCIM\Camera\20220122_131207.jpg","20220122_131207.jpg","7895973","4199968"
"C:\Users\flier\OneDrive\תמונות\Samsung Gallery\DCIM\Camera\20220122_131347.jpg","20220122_131347.jpg","7506557","4199968"
"C:\Users\flier\OneDrive\תמונות\Samsung Gallery\DCIM\Camera\20220122_131451.jpg","20220122_131451.jpg","7174787","4199968"
"C:\Users\flier\OneDrive\תמונות\Samsung Gallery\DCIM\Camera\20220122_131828.jpg","20220122_131828.jpg","7680355","4199968"
"C:\Users\flier\OneDrive\תמונות\Samsung Gallery\DCIM\Camera\20220122_131839.jpg","20220122_131839.jpg","6874016","4199968"
"C:\Users\flier\OneDrive\תמונות\Samsung Gallery\DCIM\Camera\20220122_131853.jpg","20220122_131853.jpg","6645549","4199968"
"C:\Users\flier\OneDrive\תמונות\Samsung Gallery\DCIM\Camera\20220122_131905.jpg","20220122_131905.jpg","6279466","4199968"
"C:\Users\flier\OneDrive\תמונות\Samsung Gallery\DCIM\Camera\20220122_133051.jpg","20220122_133051.jpg","6707794","4199968"
"C:\Users\flier\OneDrive\תמונות\Samsung Gallery\DCIM\Camera\20220124_193839.jpg","20220124_193839.jpg","6407800","4199968"
"C:\Users\flier\OneDrive\תמונות\Samsung Gallery\DCIM\Camera\20220124_194953.jpg","20220124_194953.jpg","6013297","4199968"
"C:\Users\flier\OneDrive\תמונות\Samsung Gallery\DCIM\Camera\20220124_195237.jpg","20220124_195237.jpg","5258382","4199968"
"C:\Users\flier\OneDrive\תמונות\Samsung Gallery\DCIM\Camera\20220329_090508.jpg","20220329_090508.jpg","3596994","4199968"
"C:\Users\flier\OneDrive\תמונות\Samsung Gallery\DCIM\Camera\20220329_093247.jpg","20220329_093247.jpg","5036410","4199968"
"C:\Users\flier\OneDrive\תמונות\Samsung Gallery\DCIM\Camera\20220329_093307.jpg","20220329_093307.jpg","5086424","4199968"
"C:\Users\flier\OneDrive\תמונות\Samsung Gallery\DCIM\Camera\20220329_110012.jpg","20220329_110012.jpg","4133720","4199968"
"C:\Users\flier\OneDrive\תמונות\Samsung Gallery\DCIM\Camera\20220329_110026.jpg","20220329_110026.jpg","4600155","4199968"
"C:\Users\flier\OneDrive\תמונות\Samsung Gallery\DCIM\Camera\20220329_112537.jpg","20220329_112537.jpg","4374789","4199968"
"C:\Users\flier\OneDrive\תמונות\Samsung Gallery\DCIM\Camera\20220329_112644 1 1.jpg","20220329_112644 1 1.jpg","3309245","4199968"
"C:\Users\flier\OneDrive\תמונות\Samsung Gallery\DCIM\Camera\20220329_112644 1.jpg","20220329_112644 1.jpg","3309245","4199968"
"C:\Users\flier\OneDrive\תמונות\Samsung Gallery\DCIM\Camera\20220329_112644.jpg","20220329_112644.jpg","4275995","4199968"
"C:\Users\flier\OneDrive\תמונות\Samsung Gallery\DCIM\Camera\20220329_112802 1 1.jpg","20220329_112802 1 1.jpg","2870153","4199968"
"C:\Users\flier\OneDrive\תמונות\Samsung Gallery\DCIM\Camera\20220329_112802 1.jpg","20220329_112802 1.jpg","2870153","4199968"
"C:\Users\flier\OneDrive\תמונות\Samsung Gallery\DCIM\Camera\20220329_112802.jpg","20220329_112802.jpg","12248327","4199968"
"C:\Users\flier\OneDrive\תמונות\Samsung Gallery\DCIM\Camera\20220329_140429.jpg","20220329_140429.jpg","3711718","4199968"
"C:\Users\flier\OneDrive\תמונות\Samsung Gallery\DCIM\Camera\20220329_140650.jpg","20220329_140650.jpg","3994172","4199968"
"C:\Users\flier\OneDrive\תמונות\Samsung Gallery\DCIM\Camera\20220329_141911.jpg","20220329_141911.jpg","4185647","4199968"
"C:\Users\flier\OneDrive\תמונות\Samsung Gallery\DCIM\Camera\20220329_142220.jpg","20220329_142220.jpg","1289994","4199968"
"C:\Users\flier\OneDrive\תמונות\Samsung Gallery\DCIM\Camera\20220329_142253.jpg","20220329_142253.jpg","2679067","4199968"
"C:\Users\flier\OneDrive\תמונות\Samsung Gallery\DCIM\Camera\20220330_083850.jpg","20220330_083850.jpg","2819174","4199968"
"C:\Users\flier\OneDrive\תמונות\Samsung Gallery\DCIM\Camera\20220330_111949 1 1.jpg","20220330_111949 1 1.jpg","4490941","4199968"
"C:\Users\flier\OneDrive\תמונות\Samsung Gallery\DCIM\Camera\20220330_111949 1.jpg","20220330_111949 1.jpg","4490941","4199968"
"C:\Users\flier\OneDrive\תמונות\Samsung Gallery\DCIM\Camera\20220330_111949.jpg","20220330_111949.jpg","5820504","4199968"
"C:\Users\flier\OneDrive\תמונות\Samsung Gallery\DCIM\Camera\20220330_132556.jpg","20220330_132556.jpg","4584214","4199968"
"C:\Users\flier\OneDrive\תמונות\Samsung Gallery\DCIM\Camera\20220330_132612.jpg","20220330_132612.jpg","4030635","4199968"
"C:\Users\flier\OneDrive\תמונות\Samsung Gallery\DCIM\Camera\20220330_134638.jpg","20220330_134638.jpg","5259850","4199968"
"C:\Users\flier\OneDrive\תמונות\Samsung Gallery\DCIM\Camera\20220330_134739.jpg","20220330_134739.jpg","4162964","4199968"
"C:\Users\flier\OneDrive\תמונות\Samsung Gallery\DCIM\Camera\20220331_103914.jpg","20220331_103914.jpg","3929731","4199968"
"C:\Users\flier\OneDrive\תמונות\Samsung Gallery\DCIM\Camera\20220331_105125.jpg","20220331_105125.jpg","1297984","4199968"
"C:\Users\flier\OneDrive\תמונות\Samsung Gallery\DCIM\Camera\20220331_105134.jpg","20220331_105134.jpg","1269555","4199968"
"C:\Users\flier\OneDrive\תמונות\Samsung Gallery\DCIM\Camera\20220331_105148.jpg","20220331_105148.jpg","1930551","4199968"
"C:\Users\flier\OneDrive\תמונות\Samsung Gallery\DCIM\Camera\20220422_164630.jpg","20220422_164630.jpg","1351850","4199968"
"C:\Users\flier\OneDrive\תמונות\Samsung Gallery\DCIM\Camera\20220422_183227.jpg","20220422_183227.jpg","2051081","4199968"
"C:\Users\flier\OneDrive\תמונות\Samsung Gallery\DCIM\Camera\20220422_192126.jpg","20220422_192126.jpg","2252129","4199968"
"C:\Users\flier\OneDrive\תמונות\Samsung Gallery\DCIM\Camera\20220519_222255.jpg","20220519_222255.jpg","2657273","4199968"
"C:\Users\flier\OneDrive\תמונות\Samsung Gallery\DCIM\Camera\20220519_222316.jpg","20220519_222316.jpg","2297838","4199968"
"C:\Users\flier\OneDrive\תמונות\Samsung Gallery\DCIM\Camera\20220519_223811.jpg","20220519_223811.jpg","2586422","4199968"
"C:\Users\flier\OneDrive\תמונות\Samsung Gallery\DCIM\Camera\20220519_224928.jpg","20220519_224928.jpg","1604343","4199968"
"C:\Users\flier\OneDrive\תמונות\Samsung Gallery\DCIM\Camera\20220519_224943.jpg","20220519_224943.jpg","1893228","4199968"
"C:\Users\flier\OneDrive\תמונות\Samsung Gallery\DCIM\Camera\20220519_224945.jpg","20220519_224945.jpg","2807320","4199968"
"C:\Users\flier\OneDrive\תמונות\Samsung Gallery\DCIM\Camera\20220520_003333.jpg","20220520_003333.jpg","2138853","4199968"
"C:\Users\flier\OneDrive\תמונות\Samsung Gallery\DCIM\Camera\20220602_184326.jpg","20220602_184326.jpg","427368","4199968"
"C:\Users\flier\OneDrive\תמונות\Samsung Gallery\DCIM\Camera\20220615_142338.jpg","20220615_142338.jpg","4047710","4199968"
"C:\Users\flier\OneDrive\תמונות\Samsung Gallery\DCIM\Camera\20220615_142355.jpg","20220615_142355.jpg","4913008","4199968"
"C:\Users\flier\OneDrive\תמונות\Samsung Gallery\DCIM\Camera\20220615_142408.jpg","20220615_142408.jpg","4937121","4199968"
"C:\Users\flier\OneDrive\תמונות\Samsung Gallery\DCIM\Camera\20220616_230336.jpg","20220616_230336.jpg","328344","4199968"
"C:\Users\flier\OneDrive\תמונות\Samsung Gallery\DCIM\Camera\20220625_181520.jpg","20220625_181520.jpg","1062444","4199968"
"C:\Users\flier\OneDrive\תמונות\Samsung Gallery\DCIM\Camera\20220627_155359.mp4","20220627_155359.mp4","106884458","4199968"
"C:\Users\flier\OneDrive\תמונות\Samsung Gallery\DCIM\Camera\20220701_093501.jpg","20220701_093501.jpg","292873","4199968"
"C:\Users\flier\OneDrive\תמונות\Samsung Gallery\DCIM\Camera\20220722_111224.jpg","20220722_111224.jpg","214073","4199968"
"C:\Users\flier\OneDrive\תמונות\Samsung Gallery\DCIM\Camera\20220730_110445.jpg","20220730_110445.jpg","282185","4199968"
"C:\Users\flier\OneDrive\תמונות\Samsung Gallery\DCIM\Camera\20220809_183931.mp4","20220809_183931.mp4","107210553","4199968"
"C:\Users\flier\OneDrive\תמונות\Samsung Gallery\DCIM\Camera\20220809_184412.mp4","20220809_184412.mp4","136301976","4199968"
"C:\Users\flier\OneDrive\תמונות\Samsung Gallery\DCIM\Camera\20220809_184457.jpg","20220809_184457.jpg","3733267","4199968"
"C:\Users\flier\OneDrive\תמונות\Samsung Gallery\DCIM\Camera\20220809_184516.jpg","20220809_184516.jpg","3615025","4199968"
"C:\Users\flier\OneDrive\תמונות\Samsung Gallery\DCIM\Camera\20220814_111730.jpg","20220814_111730.jpg","177226","4199968"
"C:\Users\flier\OneDrive\תמונות\Samsung Gallery\DCIM\Camera\20220822_201131.mp4","20220822_201131.mp4","101770652","4199968"
"C:\Users\flier\OneDrive\תמונות\Samsung Gallery\DCIM\Camera\20220826_161831.jpg","20220826_161831.jpg","4679733","4199968"
"C:\Users\flier\OneDrive\תמונות\Samsung Gallery\DCIM\Camera\20220826_162016.jpg","20220826_162016.jpg","3601477","4199968"
"C:\Users\flier\OneDrive\תמונות\Samsung Gallery\DCIM\Camera\20220904_225419.jpg","20220904_225419.jpg","225847","4199968"
"C:\Users\flier\OneDrive\תמונות\Samsung Gallery\DCIM\Camera\20220910_144557.jpg","20220910_144557.jpg","3926346","4199968"
"C:\Users\flier\OneDrive\תמונות\Samsung Gallery\DCIM\Camera\20220910_144609.jpg","20220910_144609.jpg","3450646","4199968"
"C:\Users\flier\OneDrive\תמונות\Samsung Gallery\DCIM\Camera\20220910_192343.jpg","20220910_192343.jpg","4146545","4199968"
"C:\Users\flier\OneDrive\תמונות\Samsung Gallery\DCIM\Camera\20220910_192812.jpg","20220910_192812.jpg","8574760","4199968"
"C:\Users\flier\OneDrive\תמונות\Samsung Gallery\DCIM\Camera\20220910_192823.jpg","20220910_192823.jpg","5331457","4199968"
"C:\Users\flier\OneDrive\תמונות\Samsung Gallery\DCIM\Camera\20220916_193050.jpg","20220916_193050.jpg","5006020","4199968"
"C:\Users\flier\OneDrive\תמונות\Samsung Gallery\DCIM\Camera\20221014_213826.jpg","20221014_213826.jpg","5970621","4199968"
"C:\Users\flier\OneDrive\תמונות\Samsung Gallery\DCIM\Camera\20221014_213907.jpg","20221014_213907.jpg","5184913","4199968"
"C:\Users\flier\OneDrive\תמונות\Samsung Gallery\DCIM\Camera\20221014_213931.jpg","20221014_213931.jpg","2933614","4199968"
"C:\Users\flier\OneDrive\תמונות\Samsung Gallery\DCIM\Camera\20221014_214209.mp4","20221014_214209.mp4","268725253","4199968"
"C:\Users\flier\OneDrive\תמונות\Samsung Gallery\DCIM\Camera\20221016_000116.jpg","20221016_000116.jpg","227436","4199968"
"C:\Users\flier\OneDrive\תמונות\Samsung Gallery\DCIM\Camera\20221020_141437.png","20221020_141437.png","9929563","4199968"
"C:\Users\flier\OneDrive\תמונות\Samsung Gallery\DCIM\Camera\20221021_025440.jpg","20221021_025440.jpg","5504723","4199968"
"C:\Users\flier\OneDrive\תמונות\Samsung Gallery\DCIM\Camera\20221021_040851.jpg","20221021_040851.jpg","6217632","4199968"
"C:\Users\flier\OneDrive\תמונות\Samsung Gallery\DCIM\Camera\20221021_041504.jpg","20221021_041504.jpg","3906203","4199968"
"C:\Users\flier\OneDrive\תמונות\Samsung Gallery\DCIM\Camera\20221021_041520.jpg","20221021_041520.jpg","2028839","4199968"
"C:\Users\flier\OneDrive\תמונות\Samsung Gallery\DCIM\Camera\20221021_041525.jpg","20221021_041525.jpg","1876750","4199968"
"C:\Users\flier\OneDrive\תמונות\Samsung Gallery\DCIM\Camera\20221021_041538.jpg","20221021_041538.jpg","2952165","4199968"
"C:\Users\flier\OneDrive\תמונות\Samsung Gallery\DCIM\Camera\20221021_043615.jpg","20221021_043615.jpg","5235591","4199968"
"C:\Users\flier\OneDrive\תמונות\Samsung Gallery\DCIM\Camera\20221021_043622.jpg","20221021_043622.jpg","4793149","4199968"
"C:\Users\flier\OneDrive\תמונות\Samsung Gallery\DCIM\Camera\20221021_044350.jpg","20221021_044350.jpg","3034071","4199968"
"C:\Users\flier\OneDrive\תמונות\Samsung Gallery\DCIM\Camera\20221021_044440.jpg","20221021_044440.jpg","5302827","4199968"
"C:\Users\flier\OneDrive\תמונות\Samsung Gallery\DCIM\Camera\20221021_045802.jpg","20221021_045802.jpg","3315280","4199968"
"C:\Users\flier\OneDrive\תמונות\Samsung Gallery\DCIM\Camera\20221021_193119.jpg","20221021_193119.jpg","12073381","4199968"
"C:\Users\flier\OneDrive\תמונות\Samsung Gallery\DCIM\Camera\20221021_193131.jpg","20221021_193131.jpg","4746464","4199968"
"C:\Users\flier\OneDrive\תמונות\Samsung Gallery\DCIM\Camera\20221023_123309.jpg","20221023_123309.jpg","484792","4199968"
"C:\Users\flier\OneDrive\תמונות\Samsung Gallery\DCIM\Camera\20221104_065248.jpg","20221104_065248.jpg","4272535","4199968"
"C:\Users\flier\OneDrive\תמונות\Samsung Gallery\DCIM\Camera\20221110_111307.jpg","20221110_111307.jpg","4729455","4199968"
"C:\Users\flier\OneDrive\תמונות\Samsung Gallery\DCIM\Camera\20221112_105121.jpg","20221112_105121.jpg","477498","4199968"
"C:\Users\flier\OneDrive\תמונות\Samsung Gallery\DCIM\Camera\20221112_105512.jpg","20221112_105512.jpg","214438","4199968"
"C:\Users\flier\OneDrive\תמונות\Samsung Gallery\DCIM\Camera\20221112_111053.jpg","20221112_111053.jpg","610549","4199968"
"C:\Users\flier\OneDrive\תמונות\Samsung Gallery\DCIM\Camera\20221114_202810.jpg","20221114_202810.jpg","5661809","4199968"
"C:\Users\flier\OneDrive\תמונות\Samsung Gallery\DCIM\Camera\20221115_151841.jpg","20221115_151841.jpg","2027758","4199968"
"C:\Users\flier\OneDrive\תמונות\Samsung Gallery\DCIM\Camera\20221117_160247.jpg","20221117_160247.jpg","605299","4199968"
"C:\Users\flier\OneDrive\תמונות\Samsung Gallery\DCIM\Camera\20221120_121745.jpg","20221120_121745.jpg","615025","4199968"
"C:\Users\flier\OneDrive\תמונות\Samsung Gallery\DCIM\Camera\20221123_182609.jpg","20221123_182609.jpg","693678","4199968"
"C:\Users\flier\OneDrive\תמונות\Samsung Gallery\DCIM\Camera\20221126_103637.jpg","20221126_103637.jpg","4592418","4199968"
"C:\Users\flier\OneDrive\תמונות\Samsung Gallery\DCIM\Camera\20221126_104947.jpg","20221126_104947.jpg","4553141","4199968"
"C:\Users\flier\OneDrive\תמונות\Samsung Gallery\DCIM\Camera\20221126_104958.jpg","20221126_104958.jpg","4166426","4199968"
"C:\Users\flier\OneDrive\תמונות\Samsung Gallery\DCIM\Camera\20221126_105027.jpg","20221126_105027.jpg","4225476","4199968"
"C:\Users\flier\OneDrive\תמונות\Samsung Gallery\DCIM\Camera\20221126_105645.jpg","20221126_105645.jpg","4886380","4199968"
"C:\Users\flier\OneDrive\תמונות\Samsung Gallery\DCIM\Camera\20221126_112622.jpg","20221126_112622.jpg","4820199","4199968"
"C:\Users\flier\OneDrive\תמונות\Samsung Gallery\DCIM\Camera\20221126_112716.jpg","20221126_112716.jpg","4073431","4199968"
"C:\Users\flier\OneDrive\תמונות\Samsung Gallery\DCIM\Camera\20221126_114212.jpg","20221126_114212.jpg","4335169","4199968"
"C:\Users\flier\OneDrive\תמונות\Samsung Gallery\DCIM\Camera\20221126_115110.jpg","20221126_115110.jpg","3915154","4199968"
"C:\Users\flier\OneDrive\תמונות\Samsung Gallery\DCIM\Camera\20221126_115554.jpg","20221126_115554.jpg","3855005","4199968"
"C:\Users\flier\OneDrive\תמונות\Samsung Gallery\DCIM\Camera\20221126_132719.jpg","20221126_132719.jpg","4858232","4199968"
"C:\Users\flier\OneDrive\תמונות\Samsung Gallery\DCIM\Camera\20221126_155843.jpg","20221126_155843.jpg","5225185","4199968"
"C:\Users\flier\OneDrive\תמונות\Samsung Gallery\DCIM\Camera\20221126_191713.jpg","20221126_191713.jpg","4273687","4199968"
"C:\Users\flier\OneDrive\תמונות\Samsung Gallery\DCIM\Camera\20221126_191735.jpg","20221126_191735.jpg","2945916","4199968"
"C:\Users\flier\OneDrive\תמונות\Samsung Gallery\DCIM\Camera\20221201_225744.jpg","20221201_225744.jpg","5329560","4199968"
"C:\Users\flier\OneDrive\תמונות\Samsung Gallery\DCIM\Camera\20221202_131651.jpg","20221202_131651.jpg","4052733","4199968"
"C:\Users\flier\OneDrive\תמונות\Samsung Gallery\DCIM\Camera\20221229_175436.jpg","20221229_175436.jpg","742716","4199968"
"C:\Users\flier\OneDrive\תמונות\Samsung Gallery\DCIM\Camera\20221230_214105.jpg","20221230_214105.jpg","310222","4199968"
"C:\Users\flier\OneDrive\תמונות\Samsung Gallery\DCIM\Camera\20221230_215732.jpg","20221230_215732.jpg","4444833","4199968"
"C:\Users\flier\OneDrive\תמונות\Samsung Gallery\DCIM\Camera\20221230_215757.jpg","20221230_215757.jpg","2473579","4199968"
"C:\Users\flier\OneDrive\תמונות\Samsung Gallery\DCIM\Camera\20221230_235247.jpg","20221230_235247.jpg","5198120","4199968"
"C:\Users\flier\OneDrive\תמונות\Samsung Gallery\DCIM\Camera\20221230_235259.jpg","20221230_235259.jpg","5420898","4199968"
"C:\Users\flier\OneDrive\תמונות\Samsung Gallery\DCIM\Camera\20221230_235314.jpg","20221230_235314.jpg","4267269","4199968"
"C:\Users\flier\OneDrive\תמונות\Samsung Gallery\DCIM\Camera\20221231_094808.jpg","20221231_094808.jpg","4789737","4199968"
"C:\Users\flier\OneDrive\תמונות\Samsung Gallery\DCIM\Camera\20221231_124746.jpg","20221231_124746.jpg","4194215","4199968"
"C:\Users\flier\OneDrive\תמונות\Samsung Gallery\DCIM\Camera\20230106_164350.jpg","20230106_164350.jpg","1232346","4199968"
"C:\Users\flier\OneDrive\תמונות\Samsung Gallery\DCIM\Camera\20230106_164824.jpg","20230106_164824.jpg","2710782","4199968"
"C:\Users\flier\OneDrive\תמונות\Samsung Gallery\DCIM\Camera\20230106_164858.jpg","20230106_164858.jpg","2365512","4199968"
"C:\Users\flier\OneDrive\תמונות\Samsung Gallery\DCIM\Camera\20230114_151455.jpg","20230114_151455.jpg","2437840","4199968"
"C:\Users\flier\OneDrive\תמונות\Samsung Gallery\DCIM\Camera\20230114_151611.jpg","20230114_151611.jpg","6333134","4199968"
"C:\Users\flier\OneDrive\תמונות\Samsung Gallery\DCIM\Camera\20230114_152015.jpg","20230114_152015.jpg","3278526","4199968"
"C:\Users\flier\OneDrive\תמונות\Samsung Gallery\DCIM\Camera\20230114_152027.jpg","20230114_152027.jpg","3267610","4199968"
"C:\Users\flier\OneDrive\תמונות\Samsung Gallery\DCIM\Camera\20230114_152244.jpg","20230114_152244.jpg","3253645","4199968"
"C:\Users\flier\OneDrive\תמונות\Samsung Gallery\DCIM\Camera\20230114_152304.jpg","20230114_152304.jpg","5954402","4199968"
"C:\Users\flier\OneDrive\תמונות\Samsung Gallery\DCIM\Camera\20230114_152641.jpg","20230114_152641.jpg","5680003","4199968"
"C:\Users\flier\OneDrive\תמונות\Samsung Gallery\DCIM\Camera\20230129_105744.jpg","20230129_105744.jpg","1903432","4199968"
"C:\Users\flier\OneDrive\תמונות\Samsung Gallery\DCIM\Camera\20230129_105836.jpg","20230129_105836.jpg","1993222","4199968"
"C:\Users\flier\OneDrive\תמונות\Samsung Gallery\DCIM\Camera\20230203_134707.jpg","20230203_134707.jpg","4689600","4199968"
"C:\Users\flier\OneDrive\תמונות\Samsung Gallery\DCIM\Camera\20230203_135114.jpg","20230203_135114.jpg","5235834","4199968"
"C:\Users\flier\OneDrive\תמונות\Samsung Gallery\DCIM\Camera\20230203_155523.jpg","20230203_155523.jpg","4924263","4199968"
"C:\Users\flier\OneDrive\תמונות\Samsung Gallery\DCIM\Camera\20230203_182358.jpg","20230203_182358.jpg","4654652","4199968"
"C:\Users\flier\OneDrive\תמונות\Samsung Gallery\DCIM\Camera\20230203_192206.jpg","20230203_192206.jpg","5861592","4199968"
"C:\Users\flier\OneDrive\תמונות\Samsung Gallery\DCIM\Camera\20230210_111012.jpg","20230210_111012.jpg","3481737","4199968"
"C:\Users\flier\OneDrive\תמונות\Samsung Gallery\DCIM\Camera\20230212_094549.jpg","20230212_094549.jpg","4458198","4199968"
"C:\Users\flier\OneDrive\תמונות\Samsung Gallery\DCIM\Camera\20230212_094637.jpg","20230212_094637.jpg","4725035","4199968"
"C:\Users\flier\OneDrive\תמונות\Samsung Gallery\DCIM\Camera\20230220_191844.jpg","20230220_191844.jpg","5434919","4199968"
"C:\Users\flier\OneDrive\תמונות\Samsung Gallery\DCIM\Camera\20230222_125050.jpg","20230222_125050.jpg","1780322","4199968"
"C:\Users\flier\OneDrive\תמונות\Samsung Gallery\DCIM\Camera\20230222_125204.jpg","20230222_125204.jpg","713550","4199968"
"C:\Users\flier\OneDrive\תמונות\Samsung Gallery\DCIM\Camera\20230223_133054.jpg","20230223_133054.jpg","4257905","4199968"
"C:\Users\flier\OneDrive\תמונות\Samsung Gallery\DCIM\Camera\20230223_133158.jpg","20230223_133158.jpg","4575856","4199968"
"C:\Users\flier\OneDrive\תמונות\Samsung Gallery\DCIM\Camera\20230223_141715.jpg","20230223_141715.jpg","4340735","4199968"
"C:\Users\flier\OneDrive\תמונות\Samsung Gallery\DCIM\Camera\20230223_141728.jpg","20230223_141728.jpg","3457342","4199968"
"C:\Users\flier\OneDrive\תמונות\Samsung Gallery\DCIM\Camera\20230223_141905.jpg","20230223_141905.jpg","3854880","4199968"
"C:\Users\flier\OneDrive\תמונות\Samsung Gallery\DCIM\Camera\20230223_141916.jpg","20230223_141916.jpg","4270836","4199968"
"C:\Users\flier\OneDrive\תמונות\Samsung Gallery\DCIM\Camera\20230227_194508.jpg","20230227_194508.jpg","2282405","4199968"
"C:\Users\flier\OneDrive\תמונות\Samsung Gallery\DCIM\Camera\20230301_065624.jpg","20230301_065624.jpg","4570942","4199968"
"C:\Users\flier\OneDrive\תמונות\Samsung Gallery\DCIM\Camera\20230304_202231.jpg","20230304_202231.jpg","539813","4199968"
"C:\Users\flier\OneDrive\תמונות\Samsung Gallery\DCIM\Camera\20230306_142150.jpg","20230306_142150.jpg","606867","4199968"
"C:\Users\flier\OneDrive\תמונות\Samsung Gallery\DCIM\Camera\20230307_090341.jpg","20230307_090341.jpg","722603","4199968"
"C:\Users\flier\OneDrive\תמונות\Samsung Gallery\DCIM\Camera\20230307_124647.jpg","20230307_124647.jpg","1624481","4199968"
"C:\Users\flier\OneDrive\תמונות\Samsung Gallery\DCIM\Camera\20230307_124726.jpg","20230307_124726.jpg","1679302","4199968"
"C:\Users\flier\OneDrive\תמונות\Samsung Gallery\DCIM\Camera\20230307_124740.jpg","20230307_124740.jpg","553878","4199968"
"C:\Users\flier\OneDrive\תמונות\Samsung Gallery\DCIM\Camera\20230309_105157.png","20230309_105157.png","2313911","4199968"
"C:\Users\flier\OneDrive\תמונות\Samsung Gallery\DCIM\Camera\20230310_213526.jpg","20230310_213526.jpg","2121984","4199968"
"C:\Users\flier\OneDrive\תמונות\Samsung Gallery\DCIM\Camera\20230312_165657.jpg","20230312_165657.jpg","5091575","4199968"
"C:\Users\flier\OneDrive\תמונות\Samsung Gallery\DCIM\Camera\20230327_164630.jpg","20230327_164630.jpg","1187571","4199968"
"C:\Users\flier\OneDrive\תמונות\Samsung Gallery\DCIM\Camera\20230327_164751.jpg","20230327_164751.jpg","310454","4199968"
"C:\Users\flier\OneDrive\תמונות\Samsung Gallery\DCIM\Camera\20230328_164139.jpg","20230328_164139.jpg","513229","4199968"
"C:\Users\flier\OneDrive\תמונות\Samsung Gallery\DCIM\Camera\20230331_115520.jpg","20230331_115520.jpg","1080093","4199968"
"C:\Users\flier\OneDrive\תמונות\Samsung Gallery\DCIM\Camera\20230331_115527.jpg","20230331_115527.jpg","6964506","4199968"
"C:\Users\flier\OneDrive\תמונות\Samsung Gallery\DCIM\Camera\20230401_111652.jpg","20230401_111652.jpg","4565185","4199968"
"C:\Users\flier\OneDrive\תמונות\Samsung Gallery\DCIM\Camera\20230401_113233.jpg","20230401_113233.jpg","5409003","4199968"
"C:\Users\flier\OneDrive\תמונות\Samsung Gallery\DCIM\Camera\20230401_113236.jpg","20230401_113236.jpg","5743258","4199968"
"C:\Users\flier\OneDrive\תמונות\Samsung Gallery\DCIM\Camera\20230401_113313.jpg","20230401_113313.jpg","5614526","4199968"
"C:\Users\flier\OneDrive\תמונות\Samsung Gallery\DCIM\Camera\20230401_120553.jpg","20230401_120553.jpg","6746074","4199968"
"C:\Users\flier\OneDrive\תמונות\Samsung Gallery\DCIM\Camera\20230417_132141.jpg","20230417_132141.jpg","1018675","4199968"
"C:\Users\flier\OneDrive\תמונות\Samsung Gallery\DCIM\Camera\20230418_102945.jpg","20230418_102945.jpg","3695652","4199968"
"C:\Users\flier\OneDrive\תמונות\Samsung Gallery\DCIM\Camera\20230427_150140.jpg","20230427_150140.jpg","2404415","4199968"
"C:\Users\flier\OneDrive\תמונות\Samsung Gallery\DCIM\Camera\20230428_100755.jpg","20230428_100755.jpg","3941486","4199968"
"C:\Users\flier\OneDrive\תמונות\Samsung Gallery\DCIM\Camera\20230428_100909.jpg","20230428_100909.jpg","4266958","4199968"
"C:\Users\flier\OneDrive\תמונות\Samsung Gallery\DCIM\Camera\20230428_101000.jpg","20230428_101000.jpg","5674686","4199968"
"C:\Users\flier\OneDrive\תמונות\Samsung Gallery\DCIM\Camera\20230429_001107.jpg","20230429_001107.jpg","1061138","4199968"
"C:\Users\flier\OneDrive\תמונות\Samsung Gallery\DCIM\Camera\20230429_051452.jpg","20230429_051452.jpg","5009680","4199968"
"C:\Users\flier\OneDrive\תמונות\Samsung Gallery\DCIM\Camera\20230429_075247.jpg","20230429_075247.jpg","1417791","4199968"
"C:\Users\flier\OneDrive\תמונות\Samsung Gallery\DCIM\Camera\20230429_124705.jpg","20230429_124705.jpg","1926066","4199968"
"C:\Users\flier\OneDrive\תמונות\Samsung Gallery\DCIM\Camera\20230429_124723.jpg","20230429_124723.jpg","4397050","4199968"
"C:\Users\flier\OneDrive\תמונות\Samsung Gallery\DCIM\Camera\20230429_124756.jpg","20230429_124756.jpg","4213685","4199968"
"C:\Users\flier\OneDrive\תמונות\Samsung Gallery\DCIM\Camera\20230429_170125.jpg","20230429_170125.jpg","5726668","4199968"
"C:\Users\flier\OneDrive\תמונות\Samsung Gallery\DCIM\Camera\20230429_170136.jpg","20230429_170136.jpg","2605809","4199968"
"C:\Users\flier\OneDrive\תמונות\Samsung Gallery\DCIM\Camera\20230429_170859.jpg","20230429_170859.jpg","6838081","4199968"
"C:\Users\flier\OneDrive\תמונות\Samsung Gallery\DCIM\Camera\20230429_174430.jpg","20230429_174430.jpg","6623054","4199968"
"C:\Users\flier\OneDrive\תמונות\Samsung Gallery\DCIM\Camera\20230429_174946.jpg","20230429_174946.jpg","7800394","4199968"
"C:\Users\flier\OneDrive\תמונות\Samsung Gallery\DCIM\Camera\20230429_175007.jpg","20230429_175007.jpg","7872010","4199968"
"C:\Users\flier\OneDrive\תמונות\Samsung Gallery\DCIM\Camera\20230429_175217.jpg","20230429_175217.jpg","7036074","4199968"
"C:\Users\flier\OneDrive\תמונות\Samsung Gallery\DCIM\Camera\20230429_175336.jpg","20230429_175336.jpg","2655048","4199968"
"C:\Users\flier\OneDrive\תמונות\Samsung Gallery\DCIM\Camera\20230429_175446.jpg","20230429_175446.jpg","5954408","4199968"
"C:\Users\flier\OneDrive\תמונות\Samsung Gallery\DCIM\Camera\20230429_180122.jpg","20230429_180122.jpg","6481888","4199968"
"C:\Users\flier\OneDrive\תמונות\Samsung Gallery\DCIM\Camera\20230429_181448.jpg","20230429_181448.jpg","7503655","4199968"
"C:\Users\flier\OneDrive\תמונות\Samsung Gallery\DCIM\Camera\20230430_091805.jpg","20230430_091805.jpg","6822034","4199968"
"C:\Users\flier\OneDrive\תמונות\Samsung Gallery\DCIM\Camera\20230430_091843.jpg","20230430_091843.jpg","5793213","4199968"
"C:\Users\flier\OneDrive\תמונות\Samsung Gallery\DCIM\Camera\20230430_091959.jpg","20230430_091959.jpg","5573384","4199968"
"C:\Users\flier\OneDrive\תמונות\Samsung Gallery\DCIM\Camera\20230430_092735.jpg","20230430_092735.jpg","3162498","4199968"
"C:\Users\flier\OneDrive\תמונות\Samsung Gallery\DCIM\Camera\20230430_092803.jpg","20230430_092803.jpg","4198940","4199968"
"C:\Users\flier\OneDrive\תמונות\Samsung Gallery\DCIM\Camera\20230430_110851.jpg","20230430_110851.jpg","7988895","4199968"
"C:\Users\flier\OneDrive\תמונות\Samsung Gallery\DCIM\Camera\20230430_110918.jpg","20230430_110918.jpg","5961374","4199968"
"C:\Users\flier\OneDrive\תמונות\Samsung Gallery\DCIM\Camera\20230430_112513.jpg","20230430_112513.jpg","3907779","4199968"
"C:\Users\flier\OneDrive\תמונות\Samsung Gallery\DCIM\Camera\20230430_112537.jpg","20230430_112537.jpg","4397867","4199968"
"C:\Users\flier\OneDrive\תמונות\Samsung Gallery\DCIM\Camera\20230430_112602.jpg","20230430_112602.jpg","6392917","4199968"
"C:\Users\flier\OneDrive\תמונות\Samsung Gallery\DCIM\Camera\20230430_113416.jpg","20230430_113416.jpg","6057966","4199968"
"C:\Users\flier\OneDrive\תמונות\Samsung Gallery\DCIM\Camera\20230430_120553.jpg","20230430_120553.jpg","3330296","4199968"
"C:\Users\flier\OneDrive\תמונות\Samsung Gallery\DCIM\Camera\20230430_120728.jpg","20230430_120728.jpg","3337685","4199968"
"C:\Users\flier\OneDrive\תמונות\Samsung Gallery\DCIM\Camera\20230430_120740.jpg","20230430_120740.jpg","3357459","4199968"
"C:\Users\flier\OneDrive\תמונות\Samsung Gallery\DCIM\Camera\20230430_134419.jpg","20230430_134419.jpg","7102053","4199968"
"C:\Users\flier\OneDrive\תמונות\Samsung Gallery\DCIM\Camera\20230430_134430.jpg","20230430_134430.jpg","7212980","4199968"
"C:\Users\flier\OneDrive\תמונות\Samsung Gallery\DCIM\Camera\20230430_143033.jpg","20230430_143033.jpg","5886201","4199968"
"C:\Users\flier\OneDrive\תמונות\Samsung Gallery\DCIM\Camera\20230430_154201.jpg","20230430_154201.jpg","6012251","4199968"
"C:\Users\flier\OneDrive\תמונות\Samsung Gallery\DCIM\Camera\20230430_154206.jpg","20230430_154206.jpg","6993911","4199968"
"C:\Users\flier\OneDrive\תמונות\Samsung Gallery\DCIM\Camera\20230430_154222.jpg","20230430_154222.jpg","5638345","4199968"
"C:\Users\flier\OneDrive\תמונות\Samsung Gallery\DCIM\Camera\20230501_080456.jpg","20230501_080456.jpg","4218579","4199968"
"C:\Users\flier\OneDrive\תמונות\Samsung Gallery\DCIM\Camera\20230501_084130.jpg","20230501_084130.jpg","5755989","4199968"
"C:\Users\flier\OneDrive\תמונות\Samsung Gallery\DCIM\Camera\20230501_084353.jpg","20230501_084353.jpg","4694383","4199968"
"C:\Users\flier\OneDrive\תמונות\Samsung Gallery\DCIM\Camera\20230501_091639.jpg","20230501_091639.jpg","5002263","4199968"
"C:\Users\flier\OneDrive\תמונות\Samsung Gallery\DCIM\Camera\20230501_091719.jpg","20230501_091719.jpg","2918442","4199968"
"C:\Users\flier\OneDrive\תמונות\Samsung Gallery\DCIM\Camera\20230501_091739.jpg","20230501_091739.jpg","2233069","4199968"
"C:\Users\flier\OneDrive\תמונות\Samsung Gallery\DCIM\Camera\20230501_091921.jpg","20230501_091921.jpg","2425092","4199968"
"C:\Users\flier\OneDrive\תמונות\Samsung Gallery\DCIM\Camera\20230501_092310.jpg","20230501_092310.jpg","3599261","4199968"
"C:\Users\flier\OneDrive\תמונות\Samsung Gallery\DCIM\Camera\20230501_092319.jpg","20230501_092319.jpg","4174629","4199968"
"C:\Users\flier\OneDrive\תמונות\Samsung Gallery\DCIM\Camera\20230501_092717.jpg","20230501_092717.jpg","2972817","4199968"
"C:\Users\flier\OneDrive\תמונות\Samsung Gallery\DCIM\Camera\20230501_102301.jpg","20230501_102301.jpg","3200415","4199968"
"C:\Users\flier\OneDrive\תמונות\Samsung Gallery\DCIM\Camera\20230501_102724.jpg","20230501_102724.jpg","3363415","4199968"
"C:\Users\flier\OneDrive\תמונות\Samsung Gallery\DCIM\Camera\20230501_103712.jpg","20230501_103712.jpg","4135411","4199968"
"C:\Users\flier\OneDrive\תמונות\Samsung Gallery\DCIM\Camera\20230501_110804.jpg","20230501_110804.jpg","3441869","4199968"
"C:\Users\flier\OneDrive\תמונות\Samsung Gallery\DCIM\Camera\20230501_111801.jpg","20230501_111801.jpg","4332675","4199968"
"C:\Users\flier\OneDrive\תמונות\Samsung Gallery\DCIM\Camera\20230501_112644.jpg","20230501_112644.jpg","5582877","4199968"
"C:\Users\flier\OneDrive\תמונות\Samsung Gallery\DCIM\Camera\20230501_115413.jpg","20230501_115413.jpg","4314463","4199968"
"C:\Users\flier\OneDrive\תמונות\Samsung Gallery\DCIM\Camera\20230501_125059.jpg","20230501_125059.jpg","1856702","4199968"
"C:\Users\flier\OneDrive\תמונות\Samsung Gallery\DCIM\Camera\20230501_141428.jpg","20230501_141428.jpg","2488572","4199968"
"C:\Users\flier\OneDrive\תמונות\Samsung Gallery\DCIM\Camera\20230501_151428.jpg","20230501_151428.jpg","5583210","4199968"
"C:\Users\flier\OneDrive\תמונות\Samsung Gallery\DCIM\Camera\20230501_151503.jpg","20230501_151503.jpg","2978640","4199968"
"C:\Users\flier\OneDrive\תמונות\Samsung Gallery\DCIM\Camera\20230501_151517.jpg","20230501_151517.jpg","2933914","4199968"
"C:\Users\flier\OneDrive\תמונות\Samsung Gallery\DCIM\Camera\20230501_151525.jpg","20230501_151525.jpg","3077907","4199968"
"C:\Users\flier\OneDrive\תמונות\Samsung Gallery\DCIM\Camera\20230501_151542.jpg","20230501_151542.jpg","4719661","4199968"
"C:\Users\flier\OneDrive\תמונות\Samsung Gallery\DCIM\Camera\20230501_154420.jpg","20230501_154420.jpg","3183985","4199968"
"C:\Users\flier\OneDrive\תמונות\Samsung Gallery\DCIM\Camera\20230501_155006.jpg","20230501_155006.jpg","2679307","4199968"
"C:\Users\flier\OneDrive\תמונות\Samsung Gallery\DCIM\Camera\20230501_155123.jpg","20230501_155123.jpg","2632183","4199968"
"C:\Users\flier\OneDrive\תמונות\Samsung Gallery\DCIM\Camera\20230501_155144.jpg","20230501_155144.jpg","3843195","4199968"
"C:\Users\flier\OneDrive\תמונות\Samsung Gallery\DCIM\Camera\20230501_172010.jpg","20230501_172010.jpg","3629453","4199968"
"C:\Users\flier\OneDrive\תמונות\Samsung Gallery\DCIM\Camera\20230501_172039.jpg","20230501_172039.jpg","2827516","4199968"
"C:\Users\flier\OneDrive\תמונות\Samsung Gallery\DCIM\Camera\20230501_172136.jpg","20230501_172136.jpg","4559775","4199968"
"C:\Users\flier\OneDrive\תמונות\Samsung Gallery\DCIM\Camera\20230501_181159.jpg","20230501_181159.jpg","3960969","4199968"
"C:\Users\flier\OneDrive\תמונות\Samsung Gallery\DCIM\Camera\20230501_181240.jpg","20230501_181240.jpg","4115159","4199968"
"C:\Users\flier\OneDrive\תמונות\Samsung Gallery\DCIM\Camera\20230501_181328.jpg","20230501_181328.jpg","4386914","4199968"
"C:\Users\flier\OneDrive\תמונות\Samsung Gallery\DCIM\Camera\20230501_181618.jpg","20230501_181618.jpg","2052511","4199968"
"C:\Users\flier\OneDrive\תמונות\Samsung Gallery\DCIM\Camera\20230501_222254.jpg","20230501_222254.jpg","3090722","4199968"
"C:\Users\flier\OneDrive\תמונות\Samsung Gallery\DCIM\Camera\20230501_225924.jpg","20230501_225924.jpg","3166307","4199968"
"C:\Users\flier\OneDrive\תמונות\Samsung Gallery\DCIM\Camera\20230502_094707.jpg","20230502_094707.jpg","3975809","4199968"
"C:\Users\flier\OneDrive\תמונות\Samsung Gallery\DCIM\Camera\20230502_104138.jpg","20230502_104138.jpg","4177083","4199968"
"C:\Users\flier\OneDrive\תמונות\Samsung Gallery\DCIM\Camera\20230502_104153.jpg","20230502_104153.jpg","4280053","4199968"
"C:\Users\flier\OneDrive\תמונות\Samsung Gallery\DCIM\Camera\20230502_104159.jpg","20230502_104159.jpg","4769786","4199968"
"C:\Users\flier\OneDrive\תמונות\Samsung Gallery\DCIM\Camera\20230502_104355.jpg","20230502_104355.jpg","4598959","4199968"
"C:\Users\flier\OneDrive\תמונות\Samsung Gallery\DCIM\Camera\20230502_104451.jpg","20230502_104451.jpg","3924784","4199968"
"C:\Users\flier\OneDrive\תמונות\Samsung Gallery\DCIM\Camera\20230502_104457.jpg","20230502_104457.jpg","4015681","4199968"
"C:\Users\flier\OneDrive\תמונות\Samsung Gallery\DCIM\Camera\20230502_104524.jpg","20230502_104524.jpg","2802651","4199968"
"C:\Users\flier\OneDrive\תמונות\Samsung Gallery\DCIM\Camera\20230502_104534.jpg","20230502_104534.jpg","2875514","4199968"
"C:\Users\flier\OneDrive\תמונות\Samsung Gallery\DCIM\Camera\20230502_104552.jpg","20230502_104552.jpg","3184966","4199968"
"C:\Users\flier\OneDrive\תמונות\Samsung Gallery\DCIM\Camera\20230502_104608.jpg","20230502_104608.jpg","3024114","4199968"
"C:\Users\flier\OneDrive\תמונות\Samsung Gallery\DCIM\Camera\20230502_105049.jpg","20230502_105049.jpg","3237991","4199968"
"C:\Users\flier\OneDrive\תמונות\Samsung Gallery\DCIM\Camera\20230502_105055.jpg","20230502_105055.jpg","3608222","4199968"
"C:\Users\flier\OneDrive\תמונות\Samsung Gallery\DCIM\Camera\20230502_105320.jpg","20230502_105320.jpg","4171849","4199968"
"C:\Users\flier\OneDrive\תמונות\Samsung Gallery\DCIM\Camera\20230502_114454.jpg","20230502_114454.jpg","2997942","4199968"
"C:\Users\flier\OneDrive\תמונות\Samsung Gallery\DCIM\Camera\20230502_122047.jpg","20230502_122047.jpg","3465100","4199968"
"C:\Users\flier\OneDrive\תמונות\Samsung Gallery\DCIM\Camera\20230502_122341.jpg","20230502_122341.jpg","3895071","4199968"
"C:\Users\flier\OneDrive\תמונות\Samsung Gallery\DCIM\Camera\20230502_123505.jpg","20230502_123505.jpg","4144231","4199968"
"C:\Users\flier\OneDrive\תמונות\Samsung Gallery\DCIM\Camera\20230502_123530.jpg","20230502_123530.jpg","4035741","4199968"
"C:\Users\flier\OneDrive\תמונות\Samsung Gallery\DCIM\Camera\20230502_123845.jpg","20230502_123845.jpg","4168485","4199968"
"C:\Users\flier\OneDrive\תמונות\Samsung Gallery\DCIM\Camera\20230502_132919.jpg","20230502_132919.jpg","2026709","4199968"
"C:\Users\flier\OneDrive\תמונות\Samsung Gallery\DCIM\Camera\20230502_132936.jpg","20230502_132936.jpg","2047487","4199968"
"C:\Users\flier\OneDrive\תמונות\Samsung Gallery\DCIM\Camera\20230502_154336.jpg","20230502_154336.jpg","2427514","4199968"
"C:\Users\flier\OneDrive\תמונות\Samsung Gallery\DCIM\Camera\20230502_154425.jpg","20230502_154425.jpg","2482533","4199968"
"C:\Users\flier\OneDrive\תמונות\Samsung Gallery\DCIM\Camera\20230503_122759.jpg","20230503_122759.jpg","2568589","4199968"
"C:\Users\flier\OneDrive\תמונות\Samsung Gallery\DCIM\Camera\20230503_122827.jpg","20230503_122827.jpg","2581829","4199968"
"C:\Users\flier\OneDrive\תמונות\Samsung Gallery\DCIM\Camera\20230503_122834.jpg","20230503_122834.jpg","2458818","4199968"
"C:\Users\flier\OneDrive\תמונות\Samsung Gallery\DCIM\Camera\20230503_152328.jpg","20230503_152328.jpg","2587093","4199968"
"C:\Users\flier\OneDrive\תמונות\Samsung Gallery\DCIM\Camera\20230503_152332.jpg","20230503_152332.jpg","2498820","4199968"
"C:\Users\flier\OneDrive\תמונות\Samsung Gallery\DCIM\Camera\20230503_182701.jpg","20230503_182701.jpg","2625654","4199968"
"C:\Users\flier\OneDrive\תמונות\Samsung Gallery\DCIM\Camera\20230503_182705.jpg","20230503_182705.jpg","2615570","4199968"
"C:\Users\flier\OneDrive\תמונות\Samsung Gallery\DCIM\Camera\20230503_182719.jpg","20230503_182719.jpg","2473389","4199968"
"C:\Users\flier\OneDrive\תמונות\Samsung Gallery\DCIM\Camera\20230503_182746.jpg","20230503_182746.jpg","1616377","4199968"
"C:\Users\flier\OneDrive\תמונות\Samsung Gallery\DCIM\Camera\20230503_182800.jpg","20230503_182800.jpg","2239564","4199968"
"C:\Users\flier\OneDrive\תמונות\Samsung Gallery\DCIM\Camera\20230503_195924.jpg","20230503_195924.jpg","2599345","4199968"
"C:\Users\flier\OneDrive\תמונות\Samsung Gallery\DCIM\Camera\20230504_084059.jpg","20230504_084059.jpg","1950817","4199968"
"C:\Users\flier\OneDrive\תמונות\Samsung Gallery\DCIM\Camera\20230504_095610.jpg","20230504_095610.jpg","2061096","4199968"
"C:\Users\flier\OneDrive\תמונות\Samsung Gallery\DCIM\Camera\20230504_095750.jpg","20230504_095750.jpg","2622377","4199968"
"C:\Users\flier\OneDrive\תמונות\Samsung Gallery\DCIM\Camera\20230504_095851.jpg","20230504_095851.jpg","2568761","4199968"
"C:\Users\flier\OneDrive\תמונות\Samsung Gallery\DCIM\Camera\20230504_103127.jpg","20230504_103127.jpg","2013353","4199968"
"C:\Users\flier\OneDrive\תמונות\Samsung Gallery\DCIM\Camera\20230504_110614.jpg","20230504_110614.jpg","2553446","4199968"
"C:\Users\flier\OneDrive\תמונות\Samsung Gallery\DCIM\Camera\20230504_110639.jpg","20230504_110639.jpg","2003598","4199968"
"C:\Users\flier\OneDrive\תמונות\Samsung Gallery\DCIM\Camera\20230504_135441.jpg","20230504_135441.jpg","1952286","4199968"
"C:\Users\flier\OneDrive\תמונות\Samsung Gallery\DCIM\Camera\20230504_164404.jpg","20230504_164404.jpg","1780557","4199968"
"C:\Users\flier\OneDrive\תמונות\Samsung Gallery\DCIM\Camera\20230505_074746.jpg","20230505_074746.jpg","2103088","4199968"
"C:\Users\flier\OneDrive\תמונות\Samsung Gallery\DCIM\Camera\20230505_074755.jpg","20230505_074755.jpg","2321568","4199968"
"C:\Users\flier\OneDrive\תמונות\Samsung Gallery\DCIM\Camera\20230505_074834.jpg","20230505_074834.jpg","2037220","4199968"
"C:\Users\flier\OneDrive\תמונות\Samsung Gallery\DCIM\Camera\20230505_102126.jpg","20230505_102126.jpg","1066004","4199968"
"C:\Users\flier\OneDrive\תמונות\Samsung Gallery\DCIM\Camera\סרט 1.mp4","סרט 1.mp4","116518456","4199968"
"C:\Users\flier\OneDrive\תמונות\Samsung Gallery\DCIM\PhotoScan\1585313630996-e6dcf2e9-f374-4beb-b8b5-8f569659efec_.jpg","1585313630996-e6dcf2e9-f374-4beb-b8b5-8f569659efec_.jpg","2690902","4199968"
"C:\Users\flier\OneDrive\תמונות\Samsung Gallery\DCIM\PhotoScan\1585313809269-1f14d2d0-550f-4967-a60d-f4e2a2217a89.jpg","1585313809269-1f14d2d0-550f-4967-a60d-f4e2a2217a89.jpg","3900192","4199968"
"C:\Users\flier\OneDrive\תמונות\Samsung Gallery\DCIM\PhotoScan\1585313896188-89daaf1e-5406-4fba-9913-4be04977b9a1_.jpg","1585313896188-89daaf1e-5406-4fba-9913-4be04977b9a1_.jpg","2929332","4199968"
"C:\Users\flier\OneDrive\תמונות\Samsung Gallery\DCIM\PhotoScan\1585313998949-03a119ee-1731-47fc-a114-95bebc71e32f_.jpg","1585313998949-03a119ee-1731-47fc-a114-95bebc71e32f_.jpg","3758580","4199968"
"C:\Users\flier\OneDrive\תמונות\Samsung Gallery\DCIM\PhotoScan\1585314098150-5e74f6fc-e0f7-447d-bf27-9bfe2977157d_.jpg","1585314098150-5e74f6fc-e0f7-447d-bf27-9bfe2977157d_.jpg","2583965","4199968"
"C:\Users\flier\OneDrive\תמונות\Samsung Gallery\DCIM\PhotoScan\1585314206706-26db2c73-78b4-4d8b-b739-b25d9770e4a1_.jpg","1585314206706-26db2c73-78b4-4d8b-b739-b25d9770e4a1_.jpg","2587965","4199968"
"C:\Users\flier\OneDrive\תמונות\Samsung Gallery\DCIM\PhotoScan\1585314334582-d159b123-f55e-4efd-9b88-bcf167b7f6ae_.jpg","1585314334582-d159b123-f55e-4efd-9b88-bcf167b7f6ae_.jpg","2649156","4199968"
"C:\Users\flier\OneDrive\תמונות\Samsung Gallery\DCIM\PhotoScan\1585314985224-7d4b5e67-c946-4989-940e-c5651ae91441_.jpg","1585314985224-7d4b5e67-c946-4989-940e-c5651ae91441_.jpg","2439675","4199968"
"C:\Users\flier\OneDrive\תמונות\Samsung Gallery\DCIM\PhotoScan\1585315648804-842fdfe8-e719-4cc6-ae14-34bca1a81d64.jpg","1585315648804-842fdfe8-e719-4cc6-ae14-34bca1a81d64.jpg","2681480","4199968"
"C:\Users\flier\OneDrive\תמונות\Samsung Gallery\DCIM\PhotoScan\1585383413608-f5dc0c1e-b8e5-4264-a6ae-c59beca6ea94.jpg","1585383413608-f5dc0c1e-b8e5-4264-a6ae-c59beca6ea94.jpg","2945714","4199968"
"C:\Users\flier\OneDrive\תמונות\Samsung Gallery\DCIM\PhotoScan\1585383557182-b647ce02-05b3-48b2-8397-ea99821057d3.jpg","1585383557182-b647ce02-05b3-48b2-8397-ea99821057d3.jpg","3311213","4199968"
"C:\Users\flier\OneDrive\תמונות\Samsung Gallery\DCIM\PhotoScan\1585383608503-36b4dca8-2ed8-414c-b178-192fc88ed3eb_.jpg","1585383608503-36b4dca8-2ed8-414c-b178-192fc88ed3eb_.jpg","3143764","4199968"
"C:\Users\flier\OneDrive\תמונות\Samsung Gallery\DCIM\PhotoScan\1585383697711-a5270cc6-92c5-4707-9dbd-1c2e478820ac.jpg","1585383697711-a5270cc6-92c5-4707-9dbd-1c2e478820ac.jpg","3001058","4199968"
"C:\Users\flier\OneDrive\תמונות\Samsung Gallery\DCIM\PhotoScan\1585383760720-bd85efa9-7622-41ae-a9ca-cd2c2d14a336_.jpg","1585383760720-bd85efa9-7622-41ae-a9ca-cd2c2d14a336_.jpg","2233682","4199968"
"C:\Users\flier\OneDrive\תמונות\Samsung Gallery\DCIM\PhotoScan\1585383865197-6d95ca67-cc6b-4dd7-bb02-278149b95f6b_.jpg","1585383865197-6d95ca67-cc6b-4dd7-bb02-278149b95f6b_.jpg","3398152","4199968"
"C:\Users\flier\OneDrive\תמונות\Samsung Gallery\DCIM\PhotoScan\1585383930218-c15291ed-3b39-46ee-a96a-988b612a3723_.jpg","1585383930218-c15291ed-3b39-46ee-a96a-988b612a3723_.jpg","4513415","4199968"
"C:\Users\flier\OneDrive\תמונות\Samsung Gallery\DCIM\PhotoScan\1585384040189-79a67dbe-4efb-4b15-ba3f-3ee80b206fa4_.jpg","1585384040189-79a67dbe-4efb-4b15-ba3f-3ee80b206fa4_.jpg","6205866","4199968"
"C:\Users\flier\OneDrive\תמונות\Samsung Gallery\DCIM\PhotoScan\1585384113996-471fad3a-e43f-44ad-b089-ad97d8c01fa6_.jpg","1585384113996-471fad3a-e43f-44ad-b089-ad97d8c01fa6_.jpg","4721350","4199968"
"C:\Users\flier\OneDrive\תמונות\Samsung Gallery\DCIM\PhotoScan\1585384211182-5191323d-d670-4a9b-9354-617e5d928a80_.jpg","1585384211182-5191323d-d670-4a9b-9354-617e5d928a80_.jpg","4469908","4199968"
"C:\Users\flier\OneDrive\תמונות\Samsung Gallery\DCIM\PhotoScan\1585384358630-b7bdfa74-ddd4-4ba7-972f-962948c42f35_.jpg","1585384358630-b7bdfa74-ddd4-4ba7-972f-962948c42f35_.jpg","4796415","4199968"
"C:\Users\flier\OneDrive\תמונות\Samsung Gallery\DCIM\PhotoScan\1585384459126-efa4018a-f082-4deb-bdd8-2df7c4f4a9b7.jpg","1585384459126-efa4018a-f082-4deb-bdd8-2df7c4f4a9b7.jpg","2279072","4199968"
"C:\Users\flier\OneDrive\תמונות\Samsung Gallery\DCIM\PhotoScan\1585384517882-37479132-08fe-4088-a00a-053d658f26af_.jpg","1585384517882-37479132-08fe-4088-a00a-053d658f26af_.jpg","2005888","4199968"
"C:\Users\flier\OneDrive\תמונות\Samsung Gallery\DCIM\PhotoScan\1585384559830-f209c516-8bc3-42bc-912a-add6aa7f2cdf_.jpg","1585384559830-f209c516-8bc3-42bc-912a-add6aa7f2cdf_.jpg","2610720","4199968"
"C:\Users\flier\OneDrive\תמונות\Samsung Gallery\DCIM\PhotoScan\1585384628170-2c6debae-f9c7-40f2-8a53-26af64afc5b6_.jpg","1585384628170-2c6debae-f9c7-40f2-8a53-26af64afc5b6_.jpg","5230162","4199968"
"C:\Users\flier\OneDrive\תמונות\Samsung Gallery\DCIM\PhotoScan\1585384709743-fc27007d-2e06-4b0b-a0e5-5e885bf29a97_.jpg","1585384709743-fc27007d-2e06-4b0b-a0e5-5e885bf29a97_.jpg","5204020","4199968"
"C:\Users\flier\OneDrive\תמונות\Samsung Gallery\DCIM\PhotoScan\1585384782153-2ececf62-096b-455f-b2a6-8d0a5963c312.jpg","1585384782153-2ececf62-096b-455f-b2a6-8d0a5963c312.jpg","2980393","4199968"
"C:\Users\flier\OneDrive\תמונות\Samsung Gallery\DCIM\PhotoScan\1585384833599-ac3f56dc-d095-4441-ae5e-4d4f7d9f3cfa_.jpg","1585384833599-ac3f56dc-d095-4441-ae5e-4d4f7d9f3cfa_.jpg","2386934","4199968"
"C:\Users\flier\OneDrive\תמונות\Samsung Gallery\DCIM\PhotoScan\1585384940820-5301143c-9113-4cac-aa54-fc7b9d70563b.jpg","1585384940820-5301143c-9113-4cac-aa54-fc7b9d70563b.jpg","5983974","4199968"
"C:\Users\flier\OneDrive\תמונות\Samsung Gallery\DCIM\PhotoScan\1585384974859-bc107aee-50f0-4613-90d9-0564f22aa1a6.jpg","1585384974859-bc107aee-50f0-4613-90d9-0564f22aa1a6.jpg","4914550","4199968"
"C:\Users\flier\OneDrive\תמונות\Samsung Gallery\DCIM\PhotoScan\1585385106147-d7c45140-c7d7-4c1a-980a-9ef5c9a38544_.jpg","1585385106147-d7c45140-c7d7-4c1a-980a-9ef5c9a38544_.jpg","4655407","4199968"
"C:\Users\flier\OneDrive\תמונות\Samsung Gallery\DCIM\PhotoScan\1585385162589-d85a9962-d48d-4b52-9b1d-c89b46772bbe_.jpg","1585385162589-d85a9962-d48d-4b52-9b1d-c89b46772bbe_.jpg","5430499","4199968"
"C:\Users\flier\OneDrive\תמונות\Samsung Gallery\DCIM\PhotoScan\1585385271482-be34b14b-ad16-4657-b0e6-3b5795370402_.jpg","1585385271482-be34b14b-ad16-4657-b0e6-3b5795370402_.jpg","5067524","4199968"
"C:\Users\flier\OneDrive\תמונות\Samsung Gallery\DCIM\PhotoScan\1585385333325-2c997e81-48e4-4f98-b47d-273b7480a01f.jpg","1585385333325-2c997e81-48e4-4f98-b47d-273b7480a01f.jpg","5605788","4199968"
"C:\Users\flier\OneDrive\תמונות\Samsung Gallery\DCIM\PhotoScan\1585385376834-b7d48244-b030-47cb-93ee-fadf05e69d70.jpg","1585385376834-b7d48244-b030-47cb-93ee-fadf05e69d70.jpg","4984760","4199968"
"C:\Users\flier\OneDrive\תמונות\Samsung Gallery\DCIM\PhotoScan\1585385446876-5e14f555-83ae-4e1d-a52c-e836aeffdb60.jpg","1585385446876-5e14f555-83ae-4e1d-a52c-e836aeffdb60.jpg","5496748","4199968"
"C:\Users\flier\OneDrive\תמונות\Samsung Gallery\DCIM\PhotoScan\1585389430609-c9ae8050-8ec0-4a92-9a1c-954992beff40_.jpg","1585389430609-c9ae8050-8ec0-4a92-9a1c-954992beff40_.jpg","4762998","4199968"
"C:\Users\flier\OneDrive\תמונות\Samsung Gallery\DCIM\PhotoScan\1585389490095-478f2d31-a47c-415d-9c95-b6241f0ad548_.jpg","1585389490095-478f2d31-a47c-415d-9c95-b6241f0ad548_.jpg","5249432","4199968"
"C:\Users\flier\OneDrive\תמונות\Samsung Gallery\DCIM\PhotoScan\1585389533908-5952da4b-cd12-4cb2-972a-659efab0150a_.jpg","1585389533908-5952da4b-cd12-4cb2-972a-659efab0150a_.jpg","5301665","4199968"
"C:\Users\flier\OneDrive\תמונות\Samsung Gallery\DCIM\PhotoScan\1585389598349-68e71c09-0d7e-4fe5-bcd8-fa0f20036479_.jpg","1585389598349-68e71c09-0d7e-4fe5-bcd8-fa0f20036479_.jpg","4693251","4199968"
"C:\Users\flier\OneDrive\תמונות\Samsung Gallery\DCIM\PhotoScan\1585389649308-2bd984e2-5f23-42dd-af9c-db9572d6d7b3_.jpg","1585389649308-2bd984e2-5f23-42dd-af9c-db9572d6d7b3_.jpg","5879317","4199968"
"C:\Users\flier\OneDrive\תמונות\Samsung Gallery\DCIM\PhotoScan\1585389712192-10c0bdf7-eece-41a6-b212-e5628cf12588.jpg","1585389712192-10c0bdf7-eece-41a6-b212-e5628cf12588.jpg","4881306","4199968"
"C:\Users\flier\OneDrive\תמונות\Samsung Gallery\DCIM\PhotoScan\1585389739563-b02c4372-986d-4ef9-92d4-8c536810e97b.jpg","1585389739563-b02c4372-986d-4ef9-92d4-8c536810e97b.jpg","5114736","4199968"
"C:\Users\flier\OneDrive\תמונות\Samsung Gallery\DCIM\PhotoScan\1585389806353-0c60096f-e09c-4aae-8297-1b89c63eeec5_.jpg","1585389806353-0c60096f-e09c-4aae-8297-1b89c63eeec5_.jpg","5798354","4199968"
"C:\Users\flier\OneDrive\תמונות\Samsung Gallery\DCIM\PhotoScan\1585393352109-34799cb5-b050-474f-a24d-c491eaacf123.jpg","1585393352109-34799cb5-b050-474f-a24d-c491eaacf123.jpg","4665388","4199968"
"C:\Users\flier\OneDrive\תמונות\Samsung Gallery\DCIM\PhotoScan\1585393441392-02679aaa-b884-40ef-af16-a52a003e7916_.jpg","1585393441392-02679aaa-b884-40ef-af16-a52a003e7916_.jpg","5254048","4199968"
"C:\Users\flier\OneDrive\תמונות\Samsung Gallery\DCIM\PhotoScan\1585393510620-b59bf884-e18d-44b4-ab06-331c27be2919_.jpg","1585393510620-b59bf884-e18d-44b4-ab06-331c27be2919_.jpg","5640932","4199968"
"C:\Users\flier\OneDrive\תמונות\Samsung Gallery\DCIM\PhotoScan\1585393589078-577bef50-d530-42f4-821e-cb6775c277d5_.jpg","1585393589078-577bef50-d530-42f4-821e-cb6775c277d5_.jpg","4679995","4199968"
"C:\Users\flier\OneDrive\תמונות\Samsung Gallery\DCIM\PhotoScan\1585393657647-d15bba1e-3c6f-4fe0-8daf-5d0c887aea67_.jpg","1585393657647-d15bba1e-3c6f-4fe0-8daf-5d0c887aea67_.jpg","4485787","4199968"
"C:\Users\flier\OneDrive\תמונות\Samsung Gallery\DCIM\PhotoScan\1585393785501-c5e316a1-ed93-4226-a588-c8f48fc7db11.jpg","1585393785501-c5e316a1-ed93-4226-a588-c8f48fc7db11.jpg","6153690","4199968"
"C:\Users\flier\OneDrive\תמונות\Samsung Gallery\DCIM\PhotoScan\1585394073656-8cd38149-3ceb-440d-a780-bf2cfd5ad591_.jpg","1585394073656-8cd38149-3ceb-440d-a780-bf2cfd5ad591_.jpg","4428577","4199968"
"C:\Users\flier\OneDrive\תמונות\Samsung Gallery\DCIM\PhotoScan\1585394210234-cf635792-2cf9-4f45-8613-b3f0efd6ac1f.jpg","1585394210234-cf635792-2cf9-4f45-8613-b3f0efd6ac1f.jpg","2531403","4199968"
"C:\Users\flier\OneDrive\תמונות\Samsung Gallery\DCIM\PhotoScan\1585394243613-dd1f34b1-3626-4e55-8b7d-427cdf55e3b4.jpg","1585394243613-dd1f34b1-3626-4e55-8b7d-427cdf55e3b4.jpg","3624105","4199968"
"C:\Users\flier\OneDrive\תמונות\Samsung Gallery\DCIM\PhotoScan\1585394276298-811452e9-0afe-4fb2-9e4d-3e34080851a0_.jpg","1585394276298-811452e9-0afe-4fb2-9e4d-3e34080851a0_.jpg","5166352","4199968"
"C:\Users\flier\OneDrive\תמונות\Samsung Gallery\DCIM\PhotoScan\1585394358043-d27ae692-178a-4a5d-821e-9a89ffd8fe4b_.jpg","1585394358043-d27ae692-178a-4a5d-821e-9a89ffd8fe4b_.jpg","7149987","4199968"
"C:\Users\flier\OneDrive\תמונות\Samsung Gallery\DCIM\PhotoScan\1585394428771-bddbe756-6353-4755-a485-37e4fd383fc8_.jpg","1585394428771-bddbe756-6353-4755-a485-37e4fd383fc8_.jpg","2546218","4199968"
"C:\Users\flier\OneDrive\תמונות\Samsung Gallery\DCIM\PhotoScan\1585394489378-ec5dc5bd-9ac8-499a-8826-68caa55b4ae3_.jpg","1585394489378-ec5dc5bd-9ac8-499a-8826-68caa55b4ae3_.jpg","4916241","4199968"
"C:\Users\flier\OneDrive\תמונות\Samsung Gallery\DCIM\PhotoScan\1585394566487-bc5aaeb5-9927-4d78-b75b-bb5ba31a394a.jpg","1585394566487-bc5aaeb5-9927-4d78-b75b-bb5ba31a394a.jpg","5225509","4199968"
"C:\Users\flier\OneDrive\תמונות\Samsung Gallery\DCIM\PhotoScan\1585394597769-c03525f0-cafd-497d-89dc-8cc44b34513b_.jpg","1585394597769-c03525f0-cafd-497d-89dc-8cc44b34513b_.jpg","5090615","4199968"
"C:\Users\flier\OneDrive\תמונות\Samsung Gallery\DCIM\PhotoScan\1585394658979-814562c4-5ab3-48c9-905d-79b2eb580540_.jpg","1585394658979-814562c4-5ab3-48c9-905d-79b2eb580540_.jpg","5473869","4199968"
"C:\Users\flier\OneDrive\תמונות\Samsung Gallery\DCIM\PhotoScan\1585394721823-aefc7897-7d7f-46d8-96a6-4a3cc124f3ac_.jpg","1585394721823-aefc7897-7d7f-46d8-96a6-4a3cc124f3ac_.jpg","4787805","4199968"
"C:\Users\flier\OneDrive\תמונות\Samsung Gallery\DCIM\PhotoScan\1585394777767-0b295595-99e9-433d-88a9-49776d7a583d_.jpg","1585394777767-0b295595-99e9-433d-88a9-49776d7a583d_.jpg","4813324","4199968"
"C:\Users\flier\OneDrive\תמונות\Samsung Gallery\DCIM\PhotoScan\1585394829935-9a558d15-91d8-4606-b33e-3b79c84895cc_.jpg","1585394829935-9a558d15-91d8-4606-b33e-3b79c84895cc_.jpg","4363997","4199968"
"C:\Users\flier\OneDrive\תמונות\Samsung Gallery\DCIM\PhotoScan\1585394879939-7b6634d8-51be-4ddb-b3e3-f2761efeecdd_.jpg","1585394879939-7b6634d8-51be-4ddb-b3e3-f2761efeecdd_.jpg","5454241","4199968"
"C:\Users\flier\OneDrive\תמונות\Samsung Gallery\DCIM\PhotoScan\1585394934584-92a570f5-173f-4bf1-bdb5-de6cc90af53c_.jpg","1585394934584-92a570f5-173f-4bf1-bdb5-de6cc90af53c_.jpg","4919907","4199968"
"C:\Users\flier\OneDrive\תמונות\Samsung Gallery\DCIM\PhotoScan\1585394978464-2b07dd96-eca6-481c-b9f3-b2d326700743_.jpg","1585394978464-2b07dd96-eca6-481c-b9f3-b2d326700743_.jpg","5255082","4199968"
"C:\Users\flier\OneDrive\תמונות\Samsung Gallery\DCIM\PhotoScan\1585395064176-705b1fe5-00df-4348-a2e3-5f89f58e3533.jpg","1585395064176-705b1fe5-00df-4348-a2e3-5f89f58e3533.jpg","4145255","4199968"
"C:\Users\flier\OneDrive\תמונות\Samsung Gallery\DCIM\PhotoScan\1585395174958-c506d160-df31-4c96-a551-2191ea9bf230.jpg","1585395174958-c506d160-df31-4c96-a551-2191ea9bf230.jpg","5015721","4199968"
"C:\Users\flier\OneDrive\תמונות\Samsung Gallery\DCIM\PhotoScan\1585395227626-b7b51609-3408-4b47-919a-6f377f9dae15_.jpg","1585395227626-b7b51609-3408-4b47-919a-6f377f9dae15_.jpg","5063722","4199968"
"C:\Users\flier\OneDrive\תמונות\Samsung Gallery\DCIM\PhotoScan\1585395278565-256b27ea-66c7-4ef8-8225-41d003a216f7_.jpg","1585395278565-256b27ea-66c7-4ef8-8225-41d003a216f7_.jpg","4575925","4199968"
"C:\Users\flier\OneDrive\תמונות\Samsung Gallery\DCIM\PhotoScan\1585395372949-fac10d65-b5a3-43e3-8a3e-19f692d62170_.jpg","1585395372949-fac10d65-b5a3-43e3-8a3e-19f692d62170_.jpg","5836206","4199968"
"C:\Users\flier\OneDrive\תמונות\Samsung Gallery\DCIM\PhotoScan\1585395447683-24e506eb-8361-4a52-89ef-de76a8e4d23a_.jpg","1585395447683-24e506eb-8361-4a52-89ef-de76a8e4d23a_.jpg","5011542","4199968"
"C:\Users\flier\OneDrive\תמונות\Samsung Gallery\DCIM\PhotoScan\1639398787236-aab44630-9893-475e-bba7-2325c9a8a103_.jpg","1639398787236-aab44630-9893-475e-bba7-2325c9a8a103_.jpg","1592783","4199968"
"C:\Users\flier\OneDrive\תמונות\Samsung Gallery\Pictures\1585315662367.jpg","1585315662367.jpg","258400","4199968"
"C:\Users\flier\OneDrive\תמונות\Samsung Gallery\Pictures\Facebook\20180609_175753.jpg","20180609_175753.jpg","458128","4199968"
"C:\Users\flier\OneDrive\תמונות\Samsung Gallery\Pictures\Facebook\20180609_175813.jpg","20180609_175813.jpg","480012","4199968"
"C:\Users\flier\OneDrive\תמונות\Samsung Gallery\Pictures\Facebook\FB_VID_2065322321374075093.mp4","FB_VID_2065322321374075093.mp4","4358516","4199968"
"C:\Users\flier\OneDrive\תמונות\Samsung Gallery\Pictures\Facebook\FB_VID_8504812748668339789.mp4","FB_VID_8504812748668339789.mp4","597531","4199968"
"C:\Users\flier\OneDrive\תמונות\Samsung Gallery\Pictures\Facebook\IMG_1508507971056.jpg","IMG_1508507971056.jpg","503755","4199968"
"C:\Users\flier\OneDrive\תמונות\Samsung Gallery\Pictures\Facebook\IMG_152855602555F.jpg","IMG_152855602555F.jpg","250130","4199968"
"C:\Users\flier\OneDrive\תמונות\Samsung Gallery\Pictures\Facebook\IMG_152855611338F.jpg","IMG_152855611338F.jpg","235666","4199968"
"C:\Users\flier\OneDrive\תמונות\Samsung Gallery\Pictures\Facebook\IMG_154485534198F.jpg","IMG_154485534198F.jpg","292159","4199968"
