{
  "type": "FeatureCollection",
  "features": [
    {
      "type": "Feature",
      "geometry": {
        "type": "Point",
        "coordinates": [
          12.472892092919428,
          41.899032406319286
        ]
      },
      "properties": {
        "id": "REF-0001",
        "coordinates": {
          "lat": 41.899032406319286,
          "lng": 12.472892092919428,
          "corner": "Southwest perimeter near Via della Cuccagna"
        },
        "timestamp": "2023-10-15T09:30:15Z",
        "lighting": {
          "sunPosition": "Southeast at 35 degrees altitude",
          "shadowDirection": "Northwest",
          "shadowLength": "1.4 meters",
          "description": "Morning sunlight illuminating the western palazzo facades, casting distinct angled shadows across the pavement."
        },
        "microPhysiognomy": {
          "aerialCables": "Minimal subterranean conduits with short wall-mounted telecom leads",
          "shutterStyle": "Traditional dark green wooden persiane shutters",
          "treeType": "Containerized Nerium oleander",
          "graffiti": "Sparse sticker art on modern lamppost bases",
          "terrain": "Sanpietrini basalt cobblestone grid in herringbone pattern",
          "urbanElements": {
            "furniture": "Wrought iron outdoor dining tables and umbrellas",
            "vegetationScore": 0.12,
            "architectureStyle": "17th Century Roman Baroque"
          },
          "temporalWindow": "Morning tourist influx"
        },
        "ocr": {
          "detectedText": [
            "PIAZZA NAVONA",
            "RISTORANTE",
            "VIA DELLA CUCCAGNA"
          ],
          "confidence": 0.96,
          "rapidFuzzScore": 98.4
        },
        "exif": {
          "fStop": "f/5.6",
          "iso": 100,
          "shutterSpeed": "1/500s",
          "focalLength": "35mm",
          "make": "Sony",
          "model": "Alpha 7R IV",
          "lensModel": "FE 35mm F1.4 GM",
          "dateTimeOriginal": "2023-10-15T09:30:15Z"
        },
        "category": "Historic Urban Plaza",
        "groundedFromAnchor": "Piazza Navona",
        "locationContext": "Piazza Navona",
        "validation": {
          "distanceFromCenter": 16.687113463216587,
          "isOutlier": false,
          "computedScore": 86,
          "issues": [
            "Entorno botánico genérico"
          ],
          "h3Index": "891e8050523ffff"
        },
        "h3Index": "891e8050523ffff",
        "geocodingScore": 86,
        "isAnchor": true
      }
    },
    {
      "type": "Feature",
      "geometry": {
        "type": "Point",
        "coordinates": [
          12.473237142116888,
          41.8995178767113
        ]
      },
      "properties": {
        "id": "REF-0002",
        "coordinates": {
          "lat": 41.8995178767113,
          "lng": 12.473237142116888,
          "corner": "Northeast sector near Fontana del Nettuno"
        },
        "timestamp": "2023-10-15T11:15:42Z",
        "lighting": {
          "sunPosition": "South-Southeast at 48 degrees altitude",
          "shadowDirection": "Northwest-North",
          "shadowLength": "0.8 meters",
          "description": "High ambient daylight over the northern fountain basin with crisp water reflections."
        },
        "microPhysiognomy": {
          "aerialCables": "None visible, fully underground utilities",
          "shutterStyle": "Ochre and terracotta painted timber shutters",
          "treeType": "Potted Laurus nobilis shrubs",
          "graffiti": "None observed on historic travertine surfaces",
          "terrain": "Irregular Sanpietrini paving with travertine guttering",
          "urbanElements": {
            "furniture": "Stone perimeter bollards and public wooden benches",
            "vegetationScore": 0.08,
            "architectureStyle": "Italian Renaissance-Baroque transitional"
          },
          "temporalWindow": "Peak morning activity"
        },
        "ocr": {
          "detectedText": [
            "FONTANA DEL NETTUNO",
            "S.P.Q.R."
          ],
          "confidence": 0.98,
          "rapidFuzzScore": 100
        },
        "exif": {
          "fStop": "f/8.0",
          "iso": 200,
          "shutterSpeed": "1/1000s",
          "focalLength": "24mm",
          "make": "Canon",
          "model": "EOS R5",
          "lensModel": "RF 24-70mm F2.8 L IS USM",
          "dateTimeOriginal": "2023-10-15T11:15:42Z"
        },
        "category": "Monumental Plaza Area",
        "groundedFromAnchor": "Piazza Navona",
        "locationContext": "Piazza Navona",
        "validation": {
          "distanceFromCenter": 60.954541894946644,
          "isOutlier": false,
          "computedScore": 86,
          "issues": [
            "Entorno botánico genérico"
          ],
          "h3Index": "891e8050523ffff"
        },
        "h3Index": "891e8050523ffff",
        "geocodingScore": 86,
        "isAnchor": true
      }
    },
    {
      "type": "Feature",
      "geometry": {
        "type": "Point",
        "coordinates": [
          12.473434396375952,
          41.89939334776321
        ]
      },
      "properties": {
        "id": "REF-0003",
        "coordinates": {
          "lat": 41.89939334776321,
          "lng": 12.473434396375952,
          "corner": "East facade near Sant'Agnese in Agone opposite side"
        },
        "timestamp": "2023-10-15T13:05:10Z",
        "lighting": {
          "sunPosition": "South-Southwest at 52 degrees altitude",
          "shadowDirection": "Northeast",
          "shadowLength": "0.4 meters",
          "description": "Near solar noon, short harsh shadows under cornices and balcony ledges."
        },
        "microPhysiognomy": {
          "aerialCables": "Surface-mounted electrical conduits painted in ochre match",
          "shutterStyle": "Classical hinged wooden shutters in umber tone",
          "treeType": "None",
          "graffiti": "Minor chalk art on granite pavers",
          "terrain": "Compact basalt Sanpietrini with smooth wear patterns",
          "urbanElements": {
            "furniture": "Artisanal display easels and souvenir carts",
            "vegetationScore": 0.02,
            "architectureStyle": "High Baroque facade architecture"
          },
          "temporalWindow": "Midday peak tourist hours"
        },
        "ocr": {
          "detectedText": [
            "GELATERIA",
            "ARTIGIANALE",
            "TRE SCALINI"
          ],
          "confidence": 0.92,
          "rapidFuzzScore": 91.5
        },
        "exif": {
          "fStop": "f/4.0",
          "iso": 100,
          "shutterSpeed": "1/2000s",
          "focalLength": "50mm",
          "make": "Leica",
          "model": "M11",
          "lensModel": "Summilux-M 50mm f/1.4 ASPH",
          "dateTimeOriginal": "2023-10-15T13:05:10Z"
        },
        "category": "Commercial Pedestrian Zone",
        "groundedFromAnchor": "Piazza Navona",
        "locationContext": "Piazza Navona",
        "validation": {
          "distanceFromCenter": 54.247421188203525,
          "isOutlier": false,
          "computedScore": 82,
          "issues": [
            "Entorno botánico genérico"
          ],
          "h3Index": "891e8050523ffff"
        },
        "h3Index": "891e8050523ffff",
        "geocodingScore": 82,
        "isAnchor": false
      }
    },
    {
      "type": "Feature",
      "geometry": {
        "type": "Point",
        "coordinates": [
          12.47293070043767,
          41.89883359816748
        ]
      },
      "properties": {
        "id": "REF-0004",
        "coordinates": {
          "lat": 41.89883359816748,
          "lng": 12.47293070043767,
          "corner": "Southwest corner adjacent to Corsia Agonale"
        },
        "timestamp": "2023-10-15T14:45:00Z",
        "lighting": {
          "sunPosition": "Southwest at 40 degrees altitude",
          "shadowDirection": "Northeast",
          "shadowLength": "1.1 meters",
          "description": "Angled afternoon glare casting long shadows across the southern exit lane."
        },
        "microPhysiognomy": {
          "aerialCables": "Facade-attached fiber optic distribution boxes",
          "shutterStyle": "Dark green wooden shutters with adjustable slats",
          "treeType": "Potted Ficus benjamina",
          "graffiti": "Small stencil graffiti on utility access panel",
          "terrain": "Sanpietrini transitioning to asphalt road lane",
          "urbanElements": {
            "furniture": "Cast iron street lamps (Lanterne Romane)",
            "vegetationScore": 0.05,
            "architectureStyle": "Late Renaissance Residential"
          },
          "temporalWindow": "Early afternoon transit"
        },
        "ocr": {
          "detectedText": [
            "CORSIA AGONALE",
            "NO PARKING"
          ],
          "confidence": 0.89,
          "rapidFuzzScore": 87
        },
        "exif": {
          "fStop": "f/2.8",
          "iso": 100,
          "shutterSpeed": "1/1250s",
          "focalLength": "28mm",
          "make": "Fujifilm",
          "model": "X100V",
          "lensModel": "23mm f/2.0 Fixed",
          "dateTimeOriginal": "2023-10-15T14:45:00Z"
        },
        "category": "Street Intersection / Pedestrian Boundary",
        "groundedFromAnchor": "Piazza Navona",
        "locationContext": "Piazza Navona",
        "validation": {
          "distanceFromCenter": 20.714947303318517,
          "isOutlier": false,
          "computedScore": 81,
          "issues": [
            "Entorno botánico genérico"
          ],
          "h3Index": "891e8050523ffff"
        },
        "h3Index": "891e8050523ffff",
        "geocodingScore": 81,
        "isAnchor": false
      }
    },
    {
      "type": "Feature",
      "geometry": {
        "type": "Point",
        "coordinates": [
          12.473379885958858,
          41.89910594496095
        ]
      },
      "properties": {
        "id": "REF-0005",
        "coordinates": {
          "lat": 41.89910594496095,
          "lng": 12.473379885958858,
          "corner": "Center-East perimeter near Fontana dei Quattro Fiumi"
        },
        "timestamp": "2023-10-15T16:10:22Z",
        "lighting": {
          "sunPosition": "West-Southwest at 28 degrees altitude",
          "shadowDirection": "East-Northeast",
          "shadowLength": "2.0 meters",
          "description": "Warm golden hour light raking across the obelisk structure and travertine statues."
        },
        "microPhysiognomy": {
          "aerialCables": "None visible",
          "shutterStyle": "Terracotta and beige timber shutters",
          "treeType": "None",
          "graffiti": "None on historic monuments",
          "terrain": "Hand-laid Sanpietrini cobblestones",
          "urbanElements": {
            "furniture": "Mobile art vendor stands and iron railings",
            "vegetationScore": 0.01,
            "architectureStyle": "Bernini Monumental Baroque"
          },
          "temporalWindow": "Late afternoon golden hour"
        },
        "ocr": {
          "detectedText": [
            "INNOCENTIVS X PONT MAX",
            "OBELISCUM"
          ],
          "confidence": 0.94,
          "rapidFuzzScore": 95.1
        },
        "exif": {
          "fStop": "f/5.6",
          "iso": 400,
          "shutterSpeed": "1/640s",
          "focalLength": "70mm",
          "make": "Nikon",
          "model": "Z7 II",
          "lensModel": "NIKKOR Z 24-70mm f/2.8 S",
          "dateTimeOriginal": "2023-10-15T16:10:22Z"
        },
        "category": "Monumental Plaza Center",
        "groundedFromAnchor": "Piazza Navona",
        "locationContext": "Piazza Navona",
        "validation": {
          "distanceFromCenter": 28.2451672865053,
          "isOutlier": false,
          "computedScore": 83,
          "issues": [
            "Entorno botánico genérico"
          ],
          "h3Index": "891e8050523ffff"
        },
        "h3Index": "891e8050523ffff",
        "geocodingScore": 83,
        "isAnchor": false
      }
    },
    {
      "type": "Feature",
      "geometry": {
        "type": "Point",
        "coordinates": [
          12.473216052033965,
          41.89927603621423
        ]
      },
      "properties": {
        "id": "REF-0006",
        "coordinates": {
          "lat": 41.89927603621423,
          "lng": 12.473216052033965,
          "corner": "Central axis in front of Sant'Agnese in Agone"
        },
        "timestamp": "2023-10-15T17:20:00Z",
        "lighting": {
          "sunPosition": "West at 15 degrees altitude",
          "shadowDirection": "East",
          "shadowLength": "3.8 meters",
          "description": "Low western sun creating deep shadows behind Western buildings while fronting church dome in warm amber."
        },
        "microPhysiognomy": {
          "aerialCables": "Completely underground infrastructure",
          "shutterStyle": "Architrave integrated timber blinds",
          "treeType": "None",
          "graffiti": "None",
          "terrain": "Flat basalt Sanpietrini paving with central drain grid",
          "urbanElements": {
            "furniture": "Mobile police patrol unit barriers and retractable bollards",
            "vegetationScore": 0,
            "architectureStyle": "Borromini High Baroque"
          },
          "temporalWindow": "Dusk transition period"
        },
        "ocr": {
          "detectedText": [
            "S. AGNESE IN AGONE",
            "SACRA BASILICA"
          ],
          "confidence": 0.97,
          "rapidFuzzScore": 99
        },
        "exif": {
          "fStop": "f/2.8",
          "iso": 800,
          "shutterSpeed": "1/250s",
          "focalLength": "16mm",
          "make": "Sony",
          "model": "Alpha 1",
          "lensModel": "FE 12-24mm F2.8 GM",
          "dateTimeOriginal": "2023-10-15T17:20:00Z"
        },
        "category": "Religious / Architectural Landmark",
        "groundedFromAnchor": "Piazza Navona",
        "locationContext": "Piazza Navona",
        "validation": {
          "distanceFromCenter": 34.5265013990183,
          "isOutlier": false,
          "computedScore": 85,
          "issues": [
            "Entorno botánico genérico"
          ],
          "h3Index": "891e8050523ffff"
        },
        "h3Index": "891e8050523ffff",
        "geocodingScore": 85,
        "isAnchor": true
      }
    },
    {
      "type": "Feature",
      "geometry": {
        "type": "Point",
        "coordinates": [
          12.473089716355126,
          41.89929243819505
        ]
      },
      "properties": {
        "id": "REF-0007",
        "coordinates": {
          "lat": 41.89929243819505,
          "lng": 12.473089716355126,
          "corner": "West side walkway facing central fountain"
        },
        "timestamp": "2023-10-15T18:00:30Z",
        "lighting": {
          "sunPosition": "West near horizon at 5 degrees altitude",
          "shadowDirection": "East",
          "shadowLength": "6.5 meters",
          "description": "Soft twilight diffuse sky with early artificial warm LED floodlighting active on building facades."
        },
        "microPhysiognomy": {
          "aerialCables": "None visible",
          "shutterStyle": "Dark brown solid timber shutters",
          "treeType": "Potted Citrus limon decorative trees",
          "graffiti": "Faded marker tag on secondary utility cover",
          "terrain": "Basalt Sanpietrini pavement with smooth polish",
          "urbanElements": {
            "furniture": "Restaurant terrace partition glass panels and heating lamps",
            "vegetationScore": 0.1,
            "architectureStyle": "16th-17th Century Palazzi"
          },
          "temporalWindow": "Sunset / Evening transition"
        },
        "ocr": {
          "detectedText": [
            "CAFÉ",
            "BAR",
            "NAVONA"
          ],
          "confidence": 0.91,
          "rapidFuzzScore": 89.3
        },
        "exif": {
          "fStop": "f/2.0",
          "iso": 1200,
          "shutterSpeed": "1/125s",
          "focalLength": "35mm",
          "make": "Panasonic",
          "model": "Lumix S5 II",
          "lensModel": "LUMIX S 35mm F1.8",
          "dateTimeOriginal": "2023-10-15T18:00:30Z"
        },
        "category": "Pedestrian Dining Corridor",
        "groundedFromAnchor": "Piazza Navona",
        "locationContext": "Piazza Navona",
        "validation": {
          "distanceFromCenter": 34.52505961684776,
          "isOutlier": false,
          "computedScore": 82,
          "issues": [
            "Entorno botánico genérico"
          ],
          "h3Index": "891e8050523ffff"
        },
        "h3Index": "891e8050523ffff",
        "geocodingScore": 82,
        "isAnchor": false
      }
    },
    {
      "type": "Feature",
      "geometry": {
        "type": "Point",
        "coordinates": [
          12.473000787662803,
          41.899538085470766
        ]
      },
      "properties": {
        "id": "REF-0008",
        "coordinates": {
          "lat": 41.899538085470766,
          "lng": 12.473000787662803,
          "corner": "Northwest perimeter exit near Via de' Loretesi"
        },
        "timestamp": "2023-10-15T19:30:10Z",
        "lighting": {
          "sunPosition": "Below horizon (Night)",
          "shadowDirection": "Multi-directional artificial",
          "shadowLength": "Variable",
          "description": "Night illumination powered by warm color-temperature gas-style LED street lamps and facade uplighting."
        },
        "microPhysiognomy": {
          "aerialCables": "Tethered cable drop on alley corner facade",
          "shutterStyle": "Green louvered persiane shutters closed",
          "treeType": "None",
          "graffiti": "Sticker cluster on street sign post",
          "terrain": "Dense Sanpietrini stone grid",
          "urbanElements": {
            "furniture": "Historical iron lamppost and trash receptacles",
            "vegetationScore": 0.02,
            "architectureStyle": "Medieval to Renaissance residential transition"
          },
          "temporalWindow": "Nighttime social activity"
        },
        "ocr": {
          "detectedText": [
            "VIA DE' LORETESI",
            "PIAZZA NAVONA"
          ],
          "confidence": 0.93,
          "rapidFuzzScore": 94
        },
        "exif": {
          "fStop": "f/1.8",
          "iso": 3200,
          "shutterSpeed": "1/60s",
          "focalLength": "50mm",
          "make": "Canon",
          "model": "EOS R6 Mark II",
          "lensModel": "RF 50mm F1.2 L USM",
          "dateTimeOriginal": "2023-10-15T19:30:10Z"
        },
        "category": "Urban Access Street / Alley Entrance",
        "groundedFromAnchor": "Piazza Navona",
        "locationContext": "Piazza Navona",
        "validation": {
          "distanceFromCenter": 62.198133277989214,
          "isOutlier": false,
          "computedScore": 83,
          "issues": [
            "Entorno botánico genérico"
          ],
          "h3Index": "891e8050523ffff"
        },
        "h3Index": "891e8050523ffff",
        "geocodingScore": 83,
        "isAnchor": false
      }
    },
    {
      "type": "Feature",
      "geometry": {
        "type": "Point",
        "coordinates": [
          12.473089823860215,
          41.89887467250251
        ]
      },
      "properties": {
        "id": "REF-0009",
        "coordinates": {
          "lat": 41.89887467250251,
          "lng": 12.473089823860215,
          "corner": "South end near Fontana del Moro"
        },
        "timestamp": "2023-10-15T21:10:05Z",
        "lighting": {
          "sunPosition": "Below horizon (Night)",
          "shadowDirection": "Multi-directional artificial",
          "shadowLength": "Variable short",
          "description": "Low-angle artificial spotlighting on Fontana del Moro, high ambient yellow-orange street glow."
        },
        "microPhysiognomy": {
          "aerialCables": "Concealed in facade cornices",
          "shutterStyle": "Dark brown louvers fully closed",
          "treeType": "None",
          "graffiti": "Clean wall surfaces",
          "terrain": "Worn Sanpietrini paving around fountain apron",
          "urbanElements": {
            "furniture": "Iron security barrier fence around basin perimeter",
            "vegetationScore": 0,
            "architectureStyle": "Giacomo della Porta Baroque sculpture base"
          },
          "temporalWindow": "Late Night street scene"
        },
        "ocr": {
          "detectedText": [
            "FONTANA DEL MORO"
          ],
          "confidence": 0.88,
          "rapidFuzzScore": 86.5
        },
        "exif": {
          "fStop": "f/1.4",
          "iso": 6400,
          "shutterSpeed": "1/50s",
          "focalLength": "24mm",
          "make": "Sony",
          "model": "Alpha 7S III",
          "lensModel": "FE 24mm F1.4 GM",
          "dateTimeOriginal": "2023-10-15T21:10:05Z"
        },
        "category": "Monumental Plaza South",
        "groundedFromAnchor": "Piazza Navona",
        "locationContext": "Piazza Navona",
        "validation": {
          "distanceFromCenter": 11.951827810038871,
          "isOutlier": false,
          "computedScore": 80,
          "issues": [
            "Entorno botánico genérico"
          ],
          "h3Index": "891e8050523ffff"
        },
        "h3Index": "891e8050523ffff",
        "geocodingScore": 80,
        "isAnchor": false
      }
    },
    {
      "type": "Feature",
      "geometry": {
        "type": "Point",
        "coordinates": [
          12.47320127151863,
          41.89911975278588
        ]
      },
      "properties": {
        "id": "REF-0010",
        "coordinates": {
          "lat": 41.89911975278588,
          "lng": 12.47320127151863,
          "corner": "Central plaza open zone west-facing view"
        },
        "timestamp": "2023-10-16T06:45:00Z",
        "lighting": {
          "sunPosition": "East at 5 degrees altitude (Dawn)",
          "shadowDirection": "West",
          "shadowLength": "8.0 meters",
          "description": "Soft pink dawn glow backlighting eastern facades, deep long shadows extending across empty plaza."
        },
        "microPhysiognomy": {
          "aerialCables": "None visible",
          "shutterStyle": "Closed green and ochre timber shutters",
          "treeType": "None",
          "graffiti": "None",
          "terrain": "Damp wet-cleaned Sanpietrini cobblestone surface",
          "urbanElements": {
            "furniture": "Stacked restaurant chairs, municipal cleaning vehicle parked",
            "vegetationScore": 0.01,
            "architectureStyle": "Unified Roman Baroque Civic Assembly"
          },
          "temporalWindow": "Early Dawn / Service maintenance window"
        },
        "ocr": {
          "detectedText": [
            "ROMA CAPITALE",
            "SERVIZI AMBIENTALI"
          ],
          "confidence": 0.95,
          "rapidFuzzScore": 96.2
        },
        "exif": {
          "fStop": "f/4.0",
          "iso": 200,
          "shutterSpeed": "1/125s",
          "focalLength": "35mm",
          "make": "Nikon",
          "model": "Z6 II",
          "lensModel": "NIKKOR Z 35mm f/1.8 S",
          "dateTimeOriginal": "2023-10-16T06:45:00Z"
        },
        "category": "Historic Urban Plaza",
        "groundedFromAnchor": "Piazza Navona",
        "locationContext": "Piazza Navona",
        "validation": {
          "distanceFromCenter": 18.22277399578857,
          "isOutlier": false,
          "computedScore": 84,
          "issues": [
            "Entorno botánico genérico"
          ],
          "h3Index": "891e8050523ffff"
        },
        "h3Index": "891e8050523ffff",
        "geocodingScore": 84,
        "isAnchor": false
      }
    },
    {
      "type": "Feature",
      "geometry": {
        "type": "Point",
        "coordinates": [
          12.473376799386642,
          41.89941385081576
        ]
      },
      "properties": {
        "id": "REF-0011",
        "coordinates": {
          "lat": 41.89941385081576,
          "lng": 12.473376799386642,
          "corner": "North-East Perimeter / Near Fontana del Nettuno"
        },
        "timestamp": "2023-10-14T11:45:12Z",
        "lighting": {
          "sunPosition": "Azimuth 152°, Elevation 41°",
          "shadowDirection": "North-West (332°)",
          "shadowLength": "1.15m per meter height",
          "description": "Bright morning sun casting sharp high-contrast shadows from northern facades across the cobblestones."
        },
        "microPhysiognomy": {
          "aerialCables": "Absent (underground municipal infrastructure)",
          "shutterStyle": "Roman louvered wooden shutters (persiane in legno toni ocra)",
          "treeType": "None (Piazza open pavement)",
          "graffiti": "Minimal tagging on alley corners, clean travertine heritage facade",
          "terrain": "Paved flat square with basalt sampietrini cobblestones in fan patterns",
          "urbanElements": {
            "furniture": "Restaurant outdoor terrace wrought-iron chairs, red umbrellas, brass barrier poles",
            "vegetationScore": 0.05,
            "architectureStyle": "Roman Baroque and Renaissance revival mix, ochre and travertine plaster"
          },
          "temporalWindow": "Mid-day tourist rush / Late Autumn"
        },
        "ocr": {
          "detectedText": [
            "RISTORANTE TRE SCALINI",
            "PIAZZA NAVONA",
            "GELATERIA ARTIGIANALE"
          ],
          "confidence": 0.94,
          "rapidFuzzScore": 92.5
        },
        "exif": {
          "fStop": "f/8.0",
          "iso": 100,
          "shutterSpeed": "1/500s",
          "focalLength": "24mm",
          "make": "Sony",
          "model": "ILCE-7RM4",
          "lensModel": "FE 24-70mm F2.8 GM",
          "dateTimeOriginal": "2023:10:14 11:45:12"
        },
        "category": "Urban Historic Plaza",
        "groundedFromAnchor": "Piazza Navona",
        "locationContext": "Piazza Navona",
        "validation": {
          "distanceFromCenter": 53.862736197381096,
          "isOutlier": false,
          "computedScore": 83,
          "issues": [
            "Entorno botánico genérico"
          ],
          "h3Index": "891e8050523ffff"
        },
        "h3Index": "891e8050523ffff",
        "geocodingScore": 83,
        "isAnchor": false
      }
    },
    {
      "type": "Feature",
      "geometry": {
        "type": "Point",
        "coordinates": [
          12.473054249909175,
          41.89925864414166
        ]
      },
      "properties": {
        "id": "REF-0012",
        "coordinates": {
          "lat": 41.89925864414166,
          "lng": 12.473054249909175,
          "corner": "Central Square / Fontana dei Quattro Fiumi Axis"
        },
        "timestamp": "2023-10-14T12:10:05Z",
        "lighting": {
          "sunPosition": "Azimuth 165°, Elevation 43°",
          "shadowDirection": "North-West (345°)",
          "shadowLength": "1.02m per meter height",
          "description": "Direct midday illumination hitting Bernini's central obelisk creating short, distinct shadows."
        },
        "microPhysiognomy": {
          "aerialCables": "Absent",
          "shutterStyle": "N/A (Monumental open area)",
          "treeType": "Potted laurel shrubs near cafe boundaries",
          "graffiti": "Zero tolerance monumental conservation zone",
          "terrain": "Travertine fountain apron transitioning to dark basalt sampietrini",
          "urbanElements": {
            "furniture": "Police barricades, artist easels, stone perimeter benches",
            "vegetationScore": 0.02,
            "architectureStyle": "High Baroque monumental sculpture and obelisk"
          },
          "temporalWindow": "Peak daylight tourist activity"
        },
        "ocr": {
          "detectedText": [
            "INNOCENTIVS X PONT MAX",
            "SANT'AGNESE IN AGONE"
          ],
          "confidence": 0.98,
          "rapidFuzzScore": 96
        },
        "exif": {
          "fStop": "f/5.6",
          "iso": 100,
          "shutterSpeed": "1/1000s",
          "focalLength": "35mm",
          "make": "Canon",
          "model": "EOS R5",
          "lensModel": "RF 15-35mm F2.8 L IS USM",
          "dateTimeOriginal": "2023:10:14 12:10:05"
        },
        "category": "Heritage Monument",
        "groundedFromAnchor": "Piazza Navona",
        "locationContext": "Piazza Navona",
        "validation": {
          "distanceFromCenter": 30.847045943203213,
          "isOutlier": false,
          "computedScore": 84,
          "issues": [
            "Entorno botánico genérico"
          ],
          "h3Index": "891e8050523ffff"
        },
        "h3Index": "891e8050523ffff",
        "geocodingScore": 84,
        "isAnchor": false
      }
    },
    {
      "type": "Feature",
      "geometry": {
        "type": "Point",
        "coordinates": [
          12.472800049646965,
          41.89909019260782
        ]
      },
      "properties": {
        "id": "REF-0013",
        "coordinates": {
          "lat": 41.89909019260782,
          "lng": 12.472800049646965,
          "corner": "South-West Perimeter / Fontana del Moro Alignment"
        },
        "timestamp": "2023-10-14T14:30:22Z",
        "lighting": {
          "sunPosition": "Azimuth 212°, Elevation 35°",
          "shadowDirection": "North-East (32°)",
          "shadowLength": "1.42m per meter height",
          "description": "Afternoon light filtering past western residential facades, long shadows stretching across the southern basin."
        },
        "microPhysiognomy": {
          "aerialCables": "Absent",
          "shutterStyle": "Dark green wooden shutters (persiane a stecca)",
          "treeType": "None",
          "graffiti": "Clean heritage plaster with slight weathering near baseboards",
          "terrain": "Dark basalt sampietrini paving with travertine water gutters",
          "urbanElements": {
            "furniture": "Cast iron street lamps (lampioni di Roma), wooden portrait display boards",
            "vegetationScore": 0.01,
            "architectureStyle": "17th Century Palazzi with warm burnt-sienna lime wash"
          },
          "temporalWindow": "Early afternoon light transition"
        },
        "ocr": {
          "detectedText": [
            "CAFFÈ DOMIZIANO",
            "VIA DEI CANESTRARI"
          ],
          "confidence": 0.91,
          "rapidFuzzScore": 89.2
        },
        "exif": {
          "fStop": "f/4.0",
          "iso": 200,
          "shutterSpeed": "1/800s",
          "focalLength": "50mm",
          "make": "Nikon",
          "model": "Z 7II",
          "lensModel": "NIKKOR Z 50mm f/1.2 S",
          "dateTimeOriginal": "2023:10:14 14:30:22"
        },
        "category": "Urban Streetscape",
        "groundedFromAnchor": "Piazza Navona",
        "locationContext": "Piazza Navona",
        "validation": {
          "distanceFromCenter": 26.25418635533404,
          "isOutlier": false,
          "computedScore": 81,
          "issues": [
            "Entorno botánico genérico"
          ],
          "h3Index": "891e8050523ffff"
        },
        "h3Index": "891e8050523ffff",
        "geocodingScore": 81,
        "isAnchor": false
      }
    },
    {
      "type": "Feature",
      "geometry": {
        "type": "Point",
        "coordinates": [
          12.47279234320131,
          41.899500103044765
        ]
      },
      "properties": {
        "id": "REF-0014",
        "coordinates": {
          "lat": 41.899500103044765,
          "lng": 12.47279234320131,
          "corner": "North-West Corner / Exit to Via di Tor Sanguigna"
        },
        "timestamp": "2023-10-14T16:15:40Z",
        "lighting": {
          "sunPosition": "Azimuth 238°, Elevation 22°",
          "shadowDirection": "North-East (58°)",
          "shadowLength": "2.47m per meter height",
          "description": "Low golden hour sunlight creating deep shadows in western alleyway mouth."
        },
        "microPhysiognomy": {
          "aerialCables": "Wall-mounted fiber optic conduits painted to match stucco",
          "shutterStyle": "Classic dark brown timber shutters",
          "treeType": "None",
          "graffiti": "Small sticker art on utility boxes near lane threshold",
          "terrain": "Uneven sampietrini block transition to asphalt road boundary",
          "urbanElements": {
            "furniture": "Metal bollards (parigine), street signs on cast iron poles",
            "vegetationScore": 0,
            "architectureStyle": "Late Renaissance narrow residential alley structure"
          },
          "temporalWindow": "Golden Hour / Late Afternoon"
        },
        "ocr": {
          "detectedText": [
            "VIA DI TOR SANGUIGNA",
            "NO PARKING",
            "ZTL CORSO RINASCIMENTO"
          ],
          "confidence": 0.88,
          "rapidFuzzScore": 85
        },
        "exif": {
          "fStop": "f/2.8",
          "iso": 400,
          "shutterSpeed": "1/250s",
          "focalLength": "28mm",
          "make": "Fujifilm",
          "model": "X100V",
          "lensModel": "23mm F2.0 Fixed",
          "dateTimeOriginal": "2023:10:14 16:15:40"
        },
        "category": "Alleyway Junction",
        "groundedFromAnchor": "Piazza Navona",
        "locationContext": "Piazza Navona",
        "validation": {
          "distanceFromCenter": 62.39938199110466,
          "isOutlier": false,
          "computedScore": 79,
          "issues": [
            "Entorno botánico genérico"
          ],
          "h3Index": "891e8050523ffff"
        },
        "h3Index": "891e8050523ffff",
        "geocodingScore": 79,
        "isAnchor": false
      }
    },
    {
      "type": "Feature",
      "geometry": {
        "type": "Point",
        "coordinates": [
          12.472891524309496,
          41.89944613122112
        ]
      },
      "properties": {
        "id": "REF-0015",
        "coordinates": {
          "lat": 41.89944613122112,
          "lng": 12.472891524309496,
          "corner": "North-West Plaza Edge / Sant'Agnese Side Arcade"
        },
        "timestamp": "2023-10-14T17:05:10Z",
        "lighting": {
          "sunPosition": "Azimuth 249°, Elevation 12°",
          "shadowDirection": "East-North-East (69°)",
          "shadowLength": "4.70m per meter height",
          "description": "Soft indirect evening ambient glow; sun occluded behind church dome."
        },
        "microPhysiognomy": {
          "aerialCables": "Absent",
          "shutterStyle": "Internal wooden shutters behind tall arched church windows",
          "treeType": "Potted boxwoods outside entrance portal",
          "graffiti": "Completely clean historic travertine facade",
          "terrain": "Smooth cut travertine steps leading to concave marble facade",
          "urbanElements": {
            "furniture": "Brass ropes, iron lantern sconces mounted to stone walls",
            "vegetationScore": 0.03,
            "architectureStyle": "Borromini High Baroque, concave travertine facade with twin bell towers"
          },
          "temporalWindow": "Dusk / Blue Hour onset"
        },
        "ocr": {
          "detectedText": [
            "D.O.M. SANT'AGNESE IN AGONE",
            "ORARIO S. MESSE"
          ],
          "confidence": 0.96,
          "rapidFuzzScore": 94.8
        },
        "exif": {
          "fStop": "f/2.0",
          "iso": 800,
          "shutterSpeed": "1/125s",
          "focalLength": "35mm",
          "make": "Leica",
          "model": "Leica Q2",
          "lensModel": "Summilux 28mm f/1.7 ASPH",
          "dateTimeOriginal": "2023:10:14 17:05:10"
        },
        "category": "Religious Monument Facade",
        "groundedFromAnchor": "Piazza Navona",
        "locationContext": "Piazza Navona",
        "validation": {
          "distanceFromCenter": 53.963109981270335,
          "isOutlier": false,
          "computedScore": 83,
          "issues": [
            "Entorno botánico genérico"
          ],
          "h3Index": "891e8050523ffff"
        },
        "h3Index": "891e8050523ffff",
        "geocodingScore": 83,
        "isAnchor": false
      }
    },
    {
      "type": "Feature",
      "geometry": {
        "type": "Point",
        "coordinates": [
          12.4691,
          41.8892
        ]
      },
      "properties": {
        "id": "REF-0016",
        "coordinates": {
          "lat": 41.8892,
          "lng": 12.4691,
          "corner": "NW"
        },
        "timestamp": "2023-10-15T09:45:12Z",
        "lighting": {
          "sunPosition": "ESE",
          "shadowDirection": "WNW",
          "shadowLength": "medium",
          "description": "Soft morning light illuminating travertine facades"
        },
        "microPhysiognomy": {
          "aerialCables": "moderate-messy",
          "shutterStyle": "traditional-wooden-green",
          "treeType": "mediterranean-cypress",
          "graffiti": "low-stencil",
          "terrain": "sanpietrini-cobblestone",
          "urbanElements": {
            "furniture": "cast-iron-bollards",
            "vegetationScore": 0.4,
            "architectureStyle": "renaissance-revival"
          },
          "temporalWindow": "morning"
        },
        "ocr": {
          "detectedText": [
            "VIA DELLA LUNGARETTA",
            "TRATTORIA DA ENZO",
            "APERTO"
          ],
          "confidence": 0.98,
          "rapidFuzzScore": 95
        },
        "exif": {
          "fStop": "f/1.8",
          "iso": 100,
          "shutterSpeed": "1/1000s",
          "focalLength": "26mm",
          "make": "Apple",
          "model": "iPhone 14 Pro",
          "lensModel": "Main Camera",
          "dateTimeOriginal": "2023:10:15 09:45:12"
        },
        "category": "historic-residential",
        "groundedFromAnchor": "Trastevere",
        "locationContext": "Roma",
        "validation": {
          "distanceFromCenter": 1329.9747539757977,
          "isOutlier": true,
          "computedScore": 89,
          "issues": [
            "Anomalía Geográfica (Desvío de 1330m)"
          ],
          "h3Index": "891e805019bffff"
        },
        "h3Index": "891e805019bffff",
        "geocodingScore": 89,
        "isAnchor": true
      }
    },
    {
      "type": "Feature",
      "geometry": {
        "type": "Point",
        "coordinates": [
          12.4922,
          41.8902
        ]
      },
      "properties": {
        "id": "REF-0017",
        "coordinates": {
          "lat": 41.8902,
          "lng": 12.4922,
          "corner": "SE"
        },
        "timestamp": "2023-10-15T12:00:00Z",
        "lighting": {
          "sunPosition": "Zenith",
          "shadowDirection": "Vertical",
          "shadowLength": "short",
          "description": "Harsh midday sun with minimal shadows on Colosseum walls"
        },
        "microPhysiognomy": {
          "aerialCables": "none",
          "shutterStyle": "none",
          "treeType": "stone-pine",
          "graffiti": "none",
          "terrain": "excavated-earth-and-stone",
          "urbanElements": {
            "furniture": "tourist-barriers",
            "vegetationScore": 0.2,
            "architectureStyle": "flavian-amphitheatre"
          },
          "temporalWindow": "midday"
        },
        "ocr": {
          "detectedText": [
            "COLOSSEO",
            "ENTRATA",
            "PARCO ARCHEOLOGICO"
          ],
          "confidence": 0.99,
          "rapidFuzzScore": 100
        },
        "exif": {
          "fStop": "f/8.0",
          "iso": 64,
          "shutterSpeed": "1/500s",
          "focalLength": "14mm",
          "make": "Sony",
          "model": "ILCE-7RM4",
          "lensModel": "FE 12-24mm G Master",
          "dateTimeOriginal": "2023:10:15 12:00:00"
        },
        "category": "historic-monument",
        "groundedFromAnchor": "Colosseum",
        "locationContext": "Roma",
        "validation": {
          "distanceFromCenter": 1016.064032002035,
          "isOutlier": true,
          "computedScore": 88,
          "issues": [
            "Anomalía Geográfica (Desvío de 1016m)"
          ],
          "h3Index": "891e8052a6bffff"
        },
        "h3Index": "891e8052a6bffff",
        "geocodingScore": 88,
        "isAnchor": true
      }
    },
    {
      "type": "Feature",
      "geometry": {
        "type": "Point",
        "coordinates": [
          12.4833,
          41.9009
        ]
      },
      "properties": {
        "id": "REF-0018",
        "coordinates": {
          "lat": 41.9009,
          "lng": 12.4833,
          "corner": "NE"
        },
        "timestamp": "2023-10-15T15:30:45Z",
        "lighting": {
          "sunPosition": "SW",
          "shadowDirection": "NE",
          "shadowLength": "long",
          "description": "Golden afternoon light reflecting off marble surfaces"
        },
        "microPhysiognomy": {
          "aerialCables": "underground",
          "shutterStyle": "commercial-metal-rolling",
          "treeType": "none",
          "graffiti": "none",
          "terrain": "smooth-marble-paving",
          "urbanElements": {
            "furniture": "ornate-street-lamps",
            "vegetationScore": 0.1,
            "architectureStyle": "baroque"
          },
          "temporalWindow": "afternoon"
        },
        "ocr": {
          "detectedText": [
            "FONTANA DI TREVI",
            "GELATERIA",
            "VIETATO TUFFARSI"
          ],
          "confidence": 0.97,
          "rapidFuzzScore": 92
        },
        "exif": {
          "fStop": "f/2.8",
          "iso": 200,
          "shutterSpeed": "1/250s",
          "focalLength": "35mm",
          "make": "Canon",
          "model": "EOS R6",
          "lensModel": "RF 35mm f1.8",
          "dateTimeOriginal": "2023:10:15 15:30:45"
        },
        "category": "tourist-hub",
        "groundedFromAnchor": "Trevi Fountain",
        "locationContext": "Roma",
        "validation": {
          "distanceFromCenter": 570.9464615583564,
          "isOutlier": true,
          "computedScore": 83,
          "issues": [
            "Entorno botánico genérico",
            "Anomalía Geográfica (Desvío de 571m)"
          ],
          "h3Index": "891e8052a57ffff"
        },
        "h3Index": "891e8052a57ffff",
        "geocodingScore": 83,
        "isAnchor": false
      }
    },
    {
      "type": "Feature",
      "geometry": {
        "type": "Point",
        "coordinates": [
          12.4645,
          41.9062
        ]
      },
      "properties": {
        "id": "REF-0019",
        "coordinates": {
          "lat": 41.9062,
          "lng": 12.4645,
          "corner": "SW"
        },
        "timestamp": "2023-10-15T17:15:20Z",
        "lighting": {
          "sunPosition": "W",
          "shadowDirection": "E",
          "shadowLength": "very-long",
          "description": "Deep sunset shadows across wide boulevards"
        },
        "microPhysiognomy": {
          "aerialCables": "minimal",
          "shutterStyle": "modern-shutter-boxes",
          "treeType": "london-plane",
          "graffiti": "moderate-tagging",
          "terrain": "asphalt-pavement",
          "urbanElements": {
            "furniture": "bus-stop-shelter-atac",
            "vegetationScore": 0.6,
            "architectureStyle": "umbertine"
          },
          "temporalWindow": "golden-hour"
        },
        "ocr": {
          "detectedText": [
            "VIA COLA DI RIENZO",
            "BANCA NAZIONALE",
            "COFFEE SHOP"
          ],
          "confidence": 0.95,
          "rapidFuzzScore": 88
        },
        "exif": {
          "fStop": "f/4.0",
          "iso": 400,
          "shutterSpeed": "1/60s",
          "focalLength": "50mm",
          "make": "Nikon",
          "model": "Z7II",
          "lensModel": "Nikkor Z 50mm f/1.8 S",
          "dateTimeOriginal": "2023:10:15 17:15:20"
        },
        "category": "commercial-district",
        "groundedFromAnchor": "Prati",
        "locationContext": "Roma",
        "validation": {
          "distanceFromCenter": 1885.894382112575,
          "isOutlier": true,
          "computedScore": 89,
          "issues": [
            "Anomalía Geográfica (Desvío de 1886m)"
          ],
          "h3Index": "891e80505bbffff"
        },
        "h3Index": "891e80505bbffff",
        "geocodingScore": 89,
        "isAnchor": true
      }
    },
    {
      "type": "Feature",
      "geometry": {
        "type": "Point",
        "coordinates": [
          12.4862,
          41.8948
        ]
      },
      "properties": {
        "id": "REF-0020",
        "coordinates": {
          "lat": 41.8948,
          "lng": 12.4862,
          "corner": "E"
        },
        "timestamp": "2023-10-15T10:10:10Z",
        "lighting": {
          "sunPosition": "SE",
          "shadowDirection": "NW",
          "shadowLength": "medium",
          "description": "Direct morning light on narrow uphill alley"
        },
        "microPhysiognomy": {
          "aerialCables": "dense-overhead",
          "shutterStyle": "wood-louvered",
          "treeType": "potted-oleander",
          "graffiti": "high-artistic-murals",
          "terrain": "steep-cobblestone",
          "urbanElements": {
            "furniture": "parked-vespas",
            "vegetationScore": 0.3,
            "architectureStyle": "medieval-base-with-renaissance-additions"
          },
          "temporalWindow": "morning"
        },
        "ocr": {
          "detectedText": [
            "VIA PANISPERNA",
            "RISTORANTE AI TRE SCALINI"
          ],
          "confidence": 0.99,
          "rapidFuzzScore": 98
        },
        "exif": {
          "fStop": "f/2.0",
          "iso": 100,
          "shutterSpeed": "1/800s",
          "focalLength": "28mm",
          "make": "Ricoh",
          "model": "GR III",
          "lensModel": "Fixed 18.3mm",
          "dateTimeOriginal": "2023:10:15 10:10:10"
        },
        "category": "bohemian-residential",
        "groundedFromAnchor": "Monti",
        "locationContext": "Roma",
        "validation": {
          "distanceFromCenter": 325.81009138903437,
          "isOutlier": true,
          "computedScore": 89,
          "issues": [
            "Anomalía Geográfica (Desvío de 326m)"
          ],
          "h3Index": "891e8052a4fffff"
        },
        "h3Index": "891e8052a4fffff",
        "geocodingScore": 89,
        "isAnchor": true
      }
    },
    {
      "type": "Feature",
      "geometry": {
        "type": "Point",
        "coordinates": [
          12.4764,
          41.8761
        ]
      },
      "properties": {
        "id": "REF-0021",
        "coordinates": {
          "lat": 41.8761,
          "lng": 12.4764,
          "corner": "N"
        },
        "timestamp": "2023-10-15T13:45:00Z",
        "lighting": {
          "sunPosition": "SSW",
          "shadowDirection": "NNE",
          "shadowLength": "short",
          "description": "High sun exposing industrial textures"
        },
        "microPhysiognomy": {
          "aerialCables": "utility-poles",
          "shutterStyle": "industrial-metal",
          "treeType": "none",
          "graffiti": "very-high-street-art",
          "terrain": "asphalt-and-brick",
          "urbanElements": {
            "furniture": "metal-refuse-bins",
            "vegetationScore": 0.1,
            "architectureStyle": "industrial-20th-century"
          },
          "temporalWindow": "afternoon"
        },
        "ocr": {
          "detectedText": [
            "TESTACCIO",
            "MERCATO CENTRALE",
            "STREET FOOD"
          ],
          "confidence": 0.96,
          "rapidFuzzScore": 90
        },
        "exif": {
          "fStop": "f/5.6",
          "iso": 125,
          "shutterSpeed": "1/320s",
          "focalLength": "24mm",
          "make": "Fujifilm",
          "model": "X-T4",
          "lensModel": "XF 16-55mm f2.8",
          "dateTimeOriginal": "2023:10:15 13:45:00"
        },
        "category": "post-industrial",
        "groundedFromAnchor": "Testaccio",
        "locationContext": "Roma",
        "validation": {
          "distanceFromCenter": 2247.990181719009,
          "isOutlier": true,
          "computedScore": 83,
          "issues": [
            "Entorno botánico genérico",
            "Anomalía Geográfica (Desvío de 2248m)"
          ],
          "h3Index": "891e8050173ffff"
        },
        "h3Index": "891e8050173ffff",
        "geocodingScore": 83,
        "isAnchor": false
      }
    },
    {
      "type": "Feature",
      "geometry": {
        "type": "Point",
        "coordinates": [
          12.4731,
          41.8992
        ]
      },
      "properties": {
        "id": "REF-0022",
        "coordinates": {
          "lat": 41.8992,
          "lng": 12.4731,
          "corner": "S"
        },
        "timestamp": "2023-10-15T11:20:00Z",
        "lighting": {
          "sunPosition": "S",
          "shadowDirection": "N",
          "shadowLength": "short",
          "description": "Bright glare on fountain water and stone statues"
        },
        "microPhysiognomy": {
          "aerialCables": "none",
          "shutterStyle": "wooden-arch-shutters",
          "treeType": "none",
          "graffiti": "none",
          "terrain": "granite-slabs",
          "urbanElements": {
            "furniture": "stone-benches",
            "vegetationScore": 0.05,
            "architectureStyle": "high-baroque"
          },
          "temporalWindow": "midday"
        },
        "ocr": {
          "detectedText": [
            "PIAZZA NAVONA",
            "AMBASCIATA DEL BRASILE"
          ],
          "confidence": 0.98,
          "rapidFuzzScore": 96
        },
        "exif": {
          "fStop": "f/11",
          "iso": 100,
          "shutterSpeed": "1/125s",
          "focalLength": "16mm",
          "make": "Leica",
          "model": "Q2",
          "lensModel": "Summilux 28mm f1.7 ASPH",
          "dateTimeOriginal": "2023:10:15 11:20:00"
        },
        "category": "tourist-historic",
        "groundedFromAnchor": "Piazza Navona",
        "locationContext": "Roma",
        "validation": {
          "distanceFromCenter": 865.0025108807387,
          "isOutlier": true,
          "computedScore": 84,
          "issues": [
            "Entorno botánico genérico",
            "Anomalía Geográfica (Desvío de 865m)"
          ],
          "h3Index": "891e8050523ffff"
        },
        "h3Index": "891e8050523ffff",
        "geocodingScore": 84,
        "isAnchor": false
      }
    },
    {
      "type": "Feature",
      "geometry": {
        "type": "Point",
        "coordinates": [
          12.4533,
          41.9022
        ]
      },
      "properties": {
        "id": "REF-0023",
        "coordinates": {
          "lat": 41.9022,
          "lng": 12.4533,
          "corner": "W"
        },
        "timestamp": "2023-10-15T08:30:00Z",
        "lighting": {
          "sunPosition": "E",
          "shadowDirection": "W",
          "shadowLength": "long",
          "description": "Early light casting long shadows across the square"
        },
        "microPhysiognomy": {
          "aerialCables": "none",
          "shutterStyle": "clerestory-vatican-style",
          "treeType": "none",
          "graffiti": "none",
          "terrain": "basalt-blocks",
          "urbanElements": {
            "furniture": "wooden-pilgrim-barriers",
            "vegetationScore": 0,
            "architectureStyle": "st-peters-basilica-classic"
          },
          "temporalWindow": "early-morning"
        },
        "ocr": {
          "detectedText": [
            "PIAZZA SAN PIETRO",
            "POSTE VATICANE"
          ],
          "confidence": 0.99,
          "rapidFuzzScore": 100
        },
        "exif": {
          "fStop": "f/4.0",
          "iso": 200,
          "shutterSpeed": "1/400s",
          "focalLength": "24mm",
          "make": "Panasonic",
          "model": "LUMIX S5",
          "lensModel": "S 20-60mm",
          "dateTimeOriginal": "2023:10:15 08:30:00"
        },
        "category": "religious-sovereign",
        "groundedFromAnchor": "Vatican City",
        "locationContext": "Roma",
        "validation": {
          "distanceFromCenter": 2519.337132758311,
          "isOutlier": true,
          "computedScore": 85,
          "issues": [
            "Entorno botánico genérico",
            "Anomalía Geográfica (Desvío de 2519m)"
          ],
          "h3Index": "891e80505c7ffff"
        },
        "h3Index": "891e80505c7ffff",
        "geocodingScore": 85,
        "isAnchor": true
      }
    },
    {
      "type": "Feature",
      "geometry": {
        "type": "Point",
        "coordinates": [
          12.4848,
          41.8845
        ]
      },
      "properties": {
        "id": "REF-0024",
        "coordinates": {
          "lat": 41.8845,
          "lng": 12.4848,
          "corner": "C"
        },
        "timestamp": "2023-10-15T14:15:00Z",
        "lighting": {
          "sunPosition": "SW",
          "shadowDirection": "NE",
          "shadowLength": "medium",
          "description": "Sunlight highlighting ruins against the grass"
        },
        "microPhysiognomy": {
          "aerialCables": "none",
          "shutterStyle": "none",
          "treeType": "pine-and-cypress",
          "graffiti": "none",
          "terrain": "grass-and-ancient-brick",
          "urbanElements": {
            "furniture": "information-plaques",
            "vegetationScore": 0.8,
            "architectureStyle": "ancient-roman-imperial"
          },
          "temporalWindow": "afternoon"
        },
        "ocr": {
          "detectedText": [
            "PALATINO",
            "DOMUS FLAVIA"
          ],
          "confidence": 0.94,
          "rapidFuzzScore": 85
        },
        "exif": {
          "fStop": "f/5.6",
          "iso": 100,
          "shutterSpeed": "1/200s",
          "focalLength": "35mm",
          "make": "Sony",
          "model": "Alpha 7C",
          "lensModel": "FE 35mm f1.8",
          "dateTimeOriginal": "2023:10:15 14:15:00"
        },
        "category": "archaeological-park",
        "groundedFromAnchor": "Palatine Hill",
        "locationContext": "Roma",
        "validation": {
          "distanceFromCenter": 1270.8444882138522,
          "isOutlier": true,
          "computedScore": 91,
          "issues": [
            "Anomalía Geográfica (Desvío de 1271m)"
          ],
          "h3Index": "891e8050133ffff"
        },
        "h3Index": "891e8050133ffff",
        "geocodingScore": 91,
        "isAnchor": true
      }
    },
    {
      "type": "Feature",
      "geometry": {
        "type": "Point",
        "coordinates": [
          12.4848,
          41.9125
        ]
      },
      "properties": {
        "id": "REF-0025",
        "coordinates": {
          "lat": 41.9125,
          "lng": 12.4848,
          "corner": "NW"
        },
        "timestamp": "2023-10-15T10:50:00Z",
        "lighting": {
          "sunPosition": "SE",
          "shadowDirection": "NW",
          "shadowLength": "medium",
          "description": "Dappled sunlight through dense canopy"
        },
        "microPhysiognomy": {
          "aerialCables": "none",
          "shutterStyle": "none",
          "treeType": "centennial-pines",
          "graffiti": "none",
          "terrain": "gravel-path",
          "urbanElements": {
            "furniture": "marble-busts-on-pedestals",
            "vegetationScore": 0.95,
            "architectureStyle": "villa-gardens"
          },
          "temporalWindow": "morning"
        },
        "ocr": {
          "detectedText": [
            "VILLA BORGHESE",
            "GALLERIA BORGHESE",
            "TEMPIO DI ESCULAPIO"
          ],
          "confidence": 0.98,
          "rapidFuzzScore": 94
        },
        "exif": {
          "fStop": "f/2.8",
          "iso": 160,
          "shutterSpeed": "1/500s",
          "focalLength": "85mm",
          "make": "Canon",
          "model": "EOS R5",
          "lensModel": "RF 85mm f1.2L",
          "dateTimeOriginal": "2023:10:15 10:50:00"
        },
        "category": "park-recreational",
        "groundedFromAnchor": "Villa Borghese",
        "locationContext": "Roma",
        "validation": {
          "distanceFromCenter": 1866.6852319502354,
          "isOutlier": true,
          "computedScore": 97,
          "issues": [
            "Anomalía Geográfica (Desvío de 1867m)"
          ],
          "h3Index": "891e8052a9bffff"
        },
        "h3Index": "891e8052a9bffff",
        "geocodingScore": 97,
        "isAnchor": true
      }
    },
    {
      "type": "Feature",
      "geometry": {
        "type": "Point",
        "coordinates": [
          12.4764,
          41.9092
        ]
      },
      "properties": {
        "id": "REF-0026",
        "coordinates": {
          "lat": 41.9092,
          "lng": 12.4764,
          "corner": "E"
        },
        "timestamp": "2023-10-15T12:45:00Z",
        "lighting": {
          "sunPosition": "S",
          "shadowDirection": "N",
          "shadowLength": "short",
          "description": "High noon lighting on steep marble stairs"
        },
        "microPhysiognomy": {
          "aerialCables": "none",
          "shutterStyle": "none",
          "treeType": "potted-azaleas",
          "graffiti": "none",
          "terrain": "travertine-steps",
          "urbanElements": {
            "furniture": "flower-vendors-stands",
            "vegetationScore": 0.3,
            "architectureStyle": "late-baroque-spanish"
          },
          "temporalWindow": "midday"
        },
        "ocr": {
          "detectedText": [
            "PIAZZA DI SPAGNA",
            "KEATS-SHELLEY HOUSE"
          ],
          "confidence": 0.97,
          "rapidFuzzScore": 91
        },
        "exif": {
          "fStop": "f/8.0",
          "iso": 100,
          "shutterSpeed": "1/400s",
          "focalLength": "24mm",
          "make": "Nikon",
          "model": "D850",
          "lensModel": "24-70mm f/2.8G",
          "dateTimeOriginal": "2023:10:15 12:45:00"
        },
        "category": "tourist-historic",
        "groundedFromAnchor": "Spanish Steps",
        "locationContext": "Roma",
        "validation": {
          "distanceFromCenter": 1573.2125815768122,
          "isOutlier": true,
          "computedScore": 86,
          "issues": [
            "Anomalía Geográfica (Desvío de 1573m)"
          ],
          "h3Index": "891e8052e6bffff"
        },
        "h3Index": "891e8052e6bffff",
        "geocodingScore": 86,
        "isAnchor": true
      }
    },
    {
      "type": "Feature",
      "geometry": {
        "type": "Point",
        "coordinates": [
          12.4768,
          41.8986
        ]
      },
      "properties": {
        "id": "REF-0027",
        "coordinates": {
          "lat": 41.8986,
          "lng": 12.4768,
          "corner": "W"
        },
        "timestamp": "2023-10-15T13:10:00Z",
        "lighting": {
          "sunPosition": "S",
          "shadowDirection": "N",
          "shadowLength": "short",
          "description": "Shaft of light through the oculus inside the structure"
        },
        "microPhysiognomy": {
          "aerialCables": "none",
          "shutterStyle": "none",
          "treeType": "none",
          "graffiti": "none",
          "terrain": "marble-polychrome-floor",
          "urbanElements": {
            "furniture": "altar-railings",
            "vegetationScore": 0,
            "architectureStyle": "ancient-roman-dome"
          },
          "temporalWindow": "midday"
        },
        "ocr": {
          "detectedText": [
            "M.AGRIPPA.L.F.COS.TERTIUM.FECIT"
          ],
          "confidence": 0.99,
          "rapidFuzzScore": 100
        },
        "exif": {
          "fStop": "f/1.4",
          "iso": 800,
          "shutterSpeed": "1/125s",
          "focalLength": "20mm",
          "make": "Sigma",
          "model": "fp L",
          "lensModel": "20mm f1.4 DG DN",
          "dateTimeOriginal": "2023:10:15 13:10:00"
        },
        "category": "historic-landmark",
        "groundedFromAnchor": "Pantheon",
        "locationContext": "Roma",
        "validation": {
          "distanceFromCenter": 565.249082169325,
          "isOutlier": true,
          "computedScore": 85,
          "issues": [
            "Entorno botánico genérico",
            "Anomalía Geográfica (Desvío de 565m)"
          ],
          "h3Index": "891e8050527ffff"
        },
        "h3Index": "891e8050527ffff",
        "geocodingScore": 85,
        "isAnchor": true
      }
    },
    {
      "type": "Feature",
      "geometry": {
        "type": "Point",
        "coordinates": [
          12.4711,
          41.8859
        ]
      },
      "properties": {
        "id": "REF-0028",
        "coordinates": {
          "lat": 41.8859,
          "lng": 12.4711,
          "corner": "SW"
        },
        "timestamp": "2023-10-15T18:00:00Z",
        "lighting": {
          "sunPosition": "WNW",
          "shadowDirection": "ESE",
          "shadowLength": "extreme",
          "description": "Last rays of sun hitting the fountain of the Acqua Paola"
        },
        "microPhysiognomy": {
          "aerialCables": "minimal",
          "shutterStyle": "wood-brown-shutters",
          "treeType": "oak-and-pine",
          "graffiti": "low",
          "terrain": "asphalt-overlook",
          "urbanElements": {
            "furniture": "stone-lookout-wall",
            "vegetationScore": 0.7,
            "architectureStyle": "baroque-monumental"
          },
          "temporalWindow": "sunset"
        },
        "ocr": {
          "detectedText": [
            "GIANICOLO",
            "FONTANONE"
          ],
          "confidence": 0.95,
          "rapidFuzzScore": 89
        },
        "exif": {
          "fStop": "f/4.0",
          "iso": 400,
          "shutterSpeed": "1/100s",
          "focalLength": "105mm",
          "make": "Sony",
          "model": "ILCE-7M3",
          "lensModel": "FE 24-105mm F4 G OSS",
          "dateTimeOriginal": "2023:10:15 18:00:00"
        },
        "category": "panoramic-viewpoint",
        "groundedFromAnchor": "Gianicolo",
        "locationContext": "Roma",
        "validation": {
          "distanceFromCenter": 1449.925690492249,
          "isOutlier": true,
          "computedScore": 91,
          "issues": [
            "Anomalía Geográfica (Desvío de 1450m)"
          ],
          "h3Index": "891e80501c7ffff"
        },
        "h3Index": "891e80501c7ffff",
        "geocodingScore": 91,
        "isAnchor": true
      }
    },
    {
      "type": "Feature",
      "geometry": {
        "type": "Point",
        "coordinates": [
          12.4828,
          41.8967
        ]
      },
      "properties": {
        "id": "REF-0029",
        "coordinates": {
          "lat": 41.8967,
          "lng": 12.4828,
          "corner": "N"
        },
        "timestamp": "2023-10-15T11:00:00Z",
        "lighting": {
          "sunPosition": "SE",
          "shadowDirection": "NW",
          "shadowLength": "medium",
          "description": "Bright sun emphasizing white marble of the monument"
        },
        "microPhysiognomy": {
          "aerialCables": "none",
          "shutterStyle": "none",
          "treeType": "clipped-box-hedges",
          "graffiti": "none",
          "terrain": "marble-paving",
          "urbanElements": {
            "furniture": "honor-guard-stations",
            "vegetationScore": 0.2,
            "architectureStyle": "neo-classical-monumental"
          },
          "temporalWindow": "morning"
        },
        "ocr": {
          "detectedText": [
            "ALTARE DELLA PATRIA",
            "VITTORIO EMANUELE II"
          ],
          "confidence": 0.99,
          "rapidFuzzScore": 98
        },
        "exif": {
          "fStop": "f/11",
          "iso": 100,
          "shutterSpeed": "1/250s",
          "focalLength": "35mm",
          "make": "Hasselblad",
          "model": "X1D II 50C",
          "lensModel": "XCD 3,5/35mm",
          "dateTimeOriginal": "2023:10:15 11:00:00"
        },
        "category": "government-historic",
        "groundedFromAnchor": "Piazza Venezia",
        "locationContext": "Roma",
        "validation": {
          "distanceFromCenter": 103.10988854150688,
          "isOutlier": false,
          "computedScore": 87,
          "issues": [],
          "h3Index": "891e8052a43ffff"
        },
        "h3Index": "891e8052a43ffff",
        "geocodingScore": 87,
        "isAnchor": true
      }
    },
    {
      "type": "Feature",
      "geometry": {
        "type": "Point",
        "coordinates": [
          12.5005,
          41.9015
        ]
      },
      "properties": {
        "id": "REF-0030",
        "coordinates": {
          "lat": 41.9015,
          "lng": 12.5005,
          "corner": "SE"
        },
        "timestamp": "2023-10-15T07:15:00Z",
        "lighting": {
          "sunPosition": "E",
          "shadowDirection": "W",
          "shadowLength": "long",
          "description": "Cold blue early morning light near the station"
        },
        "microPhysiognomy": {
          "aerialCables": "tram-power-lines",
          "shutterStyle": "commercial-glass-fronts",
          "treeType": "sparse-ornamental-palms",
          "graffiti": "very-high",
          "terrain": "dirty-asphalt",
          "urbanElements": {
            "furniture": "tram-tracks-and-signs",
            "vegetationScore": 0.15,
            "architectureStyle": "rationalist-20th-century"
          },
          "temporalWindow": "dawn"
        },
        "ocr": {
          "detectedText": [
            "ROMA TERMINI",
            "BINARIO 1",
            "TRENITALIA"
          ],
          "confidence": 0.98,
          "rapidFuzzScore": 93
        },
        "exif": {
          "fStop": "f/2.8",
          "iso": 640,
          "shutterSpeed": "1/200s",
          "focalLength": "28mm",
          "make": "iPhone",
          "model": "iPhone 15 Pro",
          "lensModel": "Main Camera",
          "dateTimeOriginal": "2023:10:15 07:15:00"
        },
        "category": "transport-hub",
        "groundedFromAnchor": "Termini Station",
        "locationContext": "Roma",
        "validation": {
          "distanceFromCenter": 1618.9976884600126,
          "isOutlier": true,
          "computedScore": 84,
          "issues": [
            "Entorno botánico genérico",
            "Anomalía Geográfica (Desvío de 1619m)"
          ],
          "h3Index": "891e8052a23ffff"
        },
        "h3Index": "891e8052a23ffff",
        "geocodingScore": 84,
        "isAnchor": false
      }
    },
    {
      "type": "Feature",
      "geometry": {
        "type": "Point",
        "coordinates": [
          12.473082,
          41.898982
        ]
      },
      "properties": {
        "id": "REF-0031",
        "coordinates": {
          "lat": 41.898982,
          "lng": 12.473082,
          "corner": "Center Plaza - Fontana dei Quattro Fiumi"
        },
        "timestamp": "2023-10-14T11:45:12Z",
        "lighting": {
          "sunPosition": "South-Southeast 42 deg",
          "shadowDirection": "North-West",
          "shadowLength": "1.2m",
          "description": "Harsh mid-morning sunlight highlighting travertine textures of Bernini fountain with sharp shadows."
        },
        "microPhysiognomy": {
          "aerialCables": "None visible underground infrastructure",
          "shutterStyle": "Classical Roman wood shutters painted dark green",
          "treeType": "Potted Quercus ilex along outdoor dining terraces",
          "graffiti": "Minimal historical tags near pedestal base",
          "terrain": "Sampietrini basalt cobblestone pavement",
          "urbanElements": {
            "furniture": "Wrought iron terrace seating and stone protective bollards",
            "vegetationScore": 0.15,
            "architectureStyle": "High Roman Baroque"
          },
          "temporalWindow": "Late Autumn Morning"
        },
        "ocr": {
          "detectedText": [
            "FONTANA DEI QUATTRO FIUMI",
            "SPQR",
            "CAFFE DOMIZIANO"
          ],
          "confidence": 0.96,
          "rapidFuzzScore": 92
        },
        "exif": {
          "fStop": "f/8.0",
          "iso": 100,
          "shutterSpeed": "1/500s",
          "focalLength": "35mm",
          "make": "Sony",
          "model": "ILCE-7RM4",
          "lensModel": "FE 35mm F1.4 GM",
          "dateTimeOriginal": "2023-10-14 11:45:12"
        },
        "category": "Baroque Monument / Public Plaza",
        "groundedFromAnchor": "Fontana dei Quattro Fiumi Base",
        "locationContext": "Piazza Navona",
        "validation": {
          "distanceFromCenter": 0,
          "isOutlier": false,
          "computedScore": 84,
          "issues": [
            "Entorno botánico genérico"
          ],
          "h3Index": "891e8050523ffff"
        },
        "h3Index": "891e8050523ffff",
        "geocodingScore": 84,
        "isAnchor": false
      }
    },
    {
      "type": "Feature",
      "geometry": {
        "type": "Point",
        "coordinates": [
          12.472754,
          41.899215
        ]
      },
      "properties": {
        "id": "REF-0032",
        "coordinates": {
          "lat": 41.899215,
          "lng": 12.472754,
          "corner": "West Perimeter - Sant Agnese in Agone"
        },
        "timestamp": "2023-10-14T11:47:30Z",
        "lighting": {
          "sunPosition": "South-Southeast 43 deg",
          "shadowDirection": "North-West",
          "shadowLength": "3.5m",
          "description": "Deep shadows cast by concave facade columns into the church entrance portico."
        },
        "microPhysiognomy": {
          "aerialCables": "Facade wall-mounted bronze lantern cabling",
          "shutterStyle": "None church facade",
          "treeType": "None",
          "graffiti": "Cleaned marble substrate",
          "terrain": "Polished travertine steps transitioning to sampietrini",
          "urbanElements": {
            "furniture": "Velvet rope stanchions and mobile signboards",
            "vegetationScore": 0.02,
            "architectureStyle": "Baroque Concave Facade (Borromini)"
          },
          "temporalWindow": "Late Autumn Morning"
        },
        "ocr": {
          "detectedText": [
            "D.O.M.",
            "S. AGNESE IN AGONE",
            "ORARIO S. MESSE"
          ],
          "confidence": 0.98,
          "rapidFuzzScore": 95
        },
        "exif": {
          "fStop": "f/5.6",
          "iso": 100,
          "shutterSpeed": "1/1000s",
          "focalLength": "24mm",
          "make": "Canon",
          "model": "EOS R5",
          "lensModel": "RF 24-70mm F2.8 L IS USM",
          "dateTimeOriginal": "2023-10-14 11:47:30"
        },
        "category": "Religious Architecture",
        "groundedFromAnchor": "Sant Agnese Portico",
        "locationContext": "Piazza Navona",
        "validation": {
          "distanceFromCenter": 37.52597056321928,
          "isOutlier": false,
          "computedScore": 83,
          "issues": [
            "Entorno botánico genérico"
          ],
          "h3Index": "891e8050523ffff"
        },
        "h3Index": "891e8050523ffff",
        "geocodingScore": 83,
        "isAnchor": false
      }
    },
    {
      "type": "Feature",
      "geometry": {
        "type": "Point",
        "coordinates": [
          12.473211,
          41.898124
        ]
      },
      "properties": {
        "id": "REF-0033",
        "coordinates": {
          "lat": 41.898124,
          "lng": 12.473211,
          "corner": "South End - Fontana del Moro"
        },
        "timestamp": "2023-10-14T12:02:15Z",
        "lighting": {
          "sunPosition": "South 45 deg",
          "shadowDirection": "North",
          "shadowLength": "0.8m",
          "description": "Direct overhead midday sunlight illuminating water basin spray jets."
        },
        "microPhysiognomy": {
          "aerialCables": "Discreet facade facade-mounted fiber optics",
          "shutterStyle": "Traditional timber louvered shutters in ochre",
          "treeType": "Platanus x acerifolia distant backdrop",
          "graffiti": "Traces of marker tags on distant utility box",
          "terrain": "Interlocking basalt sampietrini blocks",
          "urbanElements": {
            "furniture": "Cast iron lamp posts and wooden outdoor dining partitions",
            "vegetationScore": 0.08,
            "architectureStyle": "Baroque / Renaissance Transitional"
          },
          "temporalWindow": "Midday High Sun"
        },
        "ocr": {
          "detectedText": [
            "RISTORANTE I TRE SCALINI",
            "TARTUFO DAL 1946",
            "PIAZZA NAVONA"
          ],
          "confidence": 0.94,
          "rapidFuzzScore": 88
        },
        "exif": {
          "fStop": "f/4.0",
          "iso": 100,
          "shutterSpeed": "1/2000s",
          "focalLength": "50mm",
          "make": "Leica",
          "model": "Leica Q2",
          "lensModel": "Summilux 28mm f/1.7 ASPH",
          "dateTimeOriginal": "2023-10-14 12:02:15"
        },
        "category": "Historic Dining / Fountain View",
        "groundedFromAnchor": "Fontana del Moro South Basin",
        "locationContext": "Piazza Navona",
        "validation": {
          "distanceFromCenter": 96.00080346256574,
          "isOutlier": false,
          "computedScore": 81,
          "issues": [
            "Entorno botánico genérico"
          ],
          "h3Index": "891e8050523ffff"
        },
        "h3Index": "891e8050523ffff",
        "geocodingScore": 81,
        "isAnchor": false
      }
    },
    {
      "type": "Feature",
      "geometry": {
        "type": "Point",
        "coordinates": [
          12.472912,
          41.899751
        ]
      },
      "properties": {
        "id": "REF-0034",
        "coordinates": {
          "lat": 41.899751,
          "lng": 12.472912,
          "corner": "North End - Fontana del Nettuno"
        },
        "timestamp": "2023-10-14T12:15:00Z",
        "lighting": {
          "sunPosition": "South 46 deg",
          "shadowDirection": "North-Northeast",
          "shadowLength": "0.7m",
          "description": "Bright direct light bouncing off north perimeter stucco walls onto the sculpture."
        },
        "microPhysiognomy": {
          "aerialCables": "Catenary wiring for seasonal street lamps nearby",
          "shutterStyle": "Roman terracotta brown shutters closed",
          "treeType": "Boxwood topiary in terracotta planters",
          "graffiti": "None",
          "terrain": "Paved pedestrian plaza with stone gutter drainage",
          "urbanElements": {
            "furniture": "Artist easel displays and canvas stalls",
            "vegetationScore": 0.05,
            "architectureStyle": "Neoclassical and Late Baroque"
          },
          "temporalWindow": "Midday High Sun"
        },
        "ocr": {
          "detectedText": [
            "GELATERIA DEL TEATRO",
            "VIA CORONARI",
            "ARTISANAL GELATO"
          ],
          "confidence": 0.91,
          "rapidFuzzScore": 85
        },
        "exif": {
          "fStop": "f/8.0",
          "iso": 200,
          "shutterSpeed": "1/800s",
          "focalLength": "85mm",
          "make": "Nikon",
          "model": "Z 7II",
          "lensModel": "NIKKOR Z 85mm f/1.8 S",
          "dateTimeOriginal": "2023-10-14 12:15:00"
        },
        "category": "Public Art / Open Market Area",
        "groundedFromAnchor": "Fontana del Nettuno Northern Rim",
        "locationContext": "Piazza Navona",
        "validation": {
          "distanceFromCenter": 86.65873066131336,
          "isOutlier": false,
          "computedScore": 80,
          "issues": [
            "Entorno botánico genérico"
          ],
          "h3Index": "891e8050523ffff"
        },
        "h3Index": "891e8050523ffff",
        "geocodingScore": 80,
        "isAnchor": false
      }
    },
    {
      "type": "Feature",
      "geometry": {
        "type": "Point",
        "coordinates": [
          12.472655,
          41.898611
        ]
      },
      "properties": {
        "id": "REF-0035",
        "coordinates": {
          "lat": 41.898611,
          "lng": 12.472655,
          "corner": "Southwest Perimeter - Palazzo Pamphili"
        },
        "timestamp": "2023-10-14T13:30:45Z",
        "lighting": {
          "sunPosition": "South-Southwest 40 deg",
          "shadowDirection": "Northeast",
          "shadowLength": "1.8m",
          "description": "Longer shadows extending across the western arcades into the central pedestrian strip."
        },
        "microPhysiognomy": {
          "aerialCables": "Facade surface conduits flush with stucco color",
          "shutterStyle": "Dark painted hardwood shutters with iron latches",
          "treeType": "None along embassy facade",
          "graffiti": "Cleaned marble plinths",
          "terrain": "Smooth basalt paving with marble border stones",
          "urbanElements": {
            "furniture": "Diplomatic guard post kiosk and security bollards",
            "vegetationScore": 0.01,
            "architectureStyle": "17th Century Roman Palace Architecture"
          },
          "temporalWindow": "Early Afternoon"
        },
        "ocr": {
          "detectedText": [
            "EMBAIXADA DO BRASIL",
            "PALAZZO PAMPHILJ",
            "NO ENTRY"
          ],
          "confidence": 0.97,
          "rapidFuzzScore": 96
        },
        "exif": {
          "fStop": "f/5.6",
          "iso": 100,
          "shutterSpeed": "1/400s",
          "focalLength": "28mm",
          "make": "Apple",
          "model": "iPhone 15 Pro",
          "lensModel": "iPhone 15 Pro back main camera 6.86mm",
          "dateTimeOriginal": "2023-10-14 13:30:45"
        },
        "category": "Civic / Diplomatic Building",
        "groundedFromAnchor": "Palazzo Pamphili Entrance Portal",
        "locationContext": "Piazza Navona",
        "validation": {
          "distanceFromCenter": 54.321312511377684,
          "isOutlier": false,
          "computedScore": 84,
          "issues": [
            "Entorno botánico genérico"
          ],
          "h3Index": "891e8050523ffff"
        },
        "h3Index": "891e8050523ffff",
        "geocodingScore": 84,
        "isAnchor": false
      }
    },
    {
      "type": "Feature",
      "geometry": {
        "type": "Point",
        "coordinates": [
          12.473522,
          41.898012
        ]
      },
      "properties": {
        "id": "REF-0036",
        "coordinates": {
          "lat": 41.898012,
          "lng": 12.473522,
          "corner": "Southeast Corner - Via de Baullari Junction"
        },
        "timestamp": "2023-10-14T14:10:05Z",
        "lighting": {
          "sunPosition": "Southwest 35 deg",
          "shadowDirection": "Northeast",
          "shadowLength": "2.4m",
          "description": "Narrow alleyways creating high-contrast light shafts between building facades."
        },
        "microPhysiognomy": {
          "aerialCables": "Low-voltage alley cross cables for wall lamps",
          "shutterStyle": "Ochre and warm umber wooden shutters",
          "treeType": "Ivy vines hanging from private balconies above",
          "graffiti": "Sticker art on downspouts",
          "terrain": "Worn basalt cobbles with high-gloss patina",
          "urbanElements": {
            "furniture": "Menu boards and outdoor gas heaters",
            "vegetationScore": 0.12,
            "architectureStyle": "Medieval Roman Vernacular with Baroque Overlays"
          },
          "temporalWindow": "Afternoon Alley Shadowing"
        },
        "ocr": {
          "detectedText": [
            "VIA DE' BAULLARI",
            "PIAZZA NAVONA",
            "BAR NAVONA"
          ],
          "confidence": 0.93,
          "rapidFuzzScore": 90
        },
        "exif": {
          "fStop": "f/2.8",
          "iso": 400,
          "shutterSpeed": "1/250s",
          "focalLength": "50mm",
          "make": "Fujifilm",
          "model": "X-T5",
          "lensModel": "XF33mmF1.4 R LM WR",
          "dateTimeOriginal": "2023-10-14 14:10:05"
        },
        "category": "Urban Alleyway Transition",
        "groundedFromAnchor": "Corner of Via de Baullari",
        "locationContext": "Piazza Navona",
        "validation": {
          "distanceFromCenter": 113.84098285600028,
          "isOutlier": false,
          "computedScore": 83,
          "issues": [
            "Entorno botánico genérico"
          ],
          "h3Index": "891e805052fffff"
        },
        "h3Index": "891e805052fffff",
        "geocodingScore": 83,
        "isAnchor": false
      }
    },
    {
      "type": "Feature",
      "geometry": {
        "type": "Point",
        "coordinates": [
          12.473315,
          41.899402
        ]
      },
      "properties": {
        "id": "REF-0037",
        "coordinates": {
          "lat": 41.899402,
          "lng": 12.473315,
          "corner": "Northeast Corner - Corsia Agonale Exit"
        },
        "timestamp": "2023-10-14T15:05:22Z",
        "lighting": {
          "sunPosition": "Southwest 28 deg",
          "shadowDirection": "Northeast",
          "shadowLength": "4.2m",
          "description": "Deep golden hour light hitting upper floors while ground plane is in full facade shadow."
        },
        "microPhysiognomy": {
          "aerialCables": "None visible",
          "shutterStyle": "Traditional green wooden shutters",
          "treeType": "Potted laurel shrubs near restaurant entries",
          "graffiti": "Minor spray tag on street sign pole",
          "terrain": "Classic sampietrini block mesh pattern",
          "urbanElements": {
            "furniture": "Municipal trash bins and iron utility boxes",
            "vegetationScore": 0.04,
            "architectureStyle": "18th Century Residential Stucco Facades"
          },
          "temporalWindow": "Mid Afternoon Shadowing"
        },
        "ocr": {
          "detectedText": [
            "CORSIA AGONALE",
            "CORSO DEL RINASCIMENTO",
            "TABACCHI"
          ],
          "confidence": 0.95,
          "rapidFuzzScore": 91
        },
        "exif": {
          "fStop": "f/4.0",
          "iso": 200,
          "shutterSpeed": "1/320s",
          "focalLength": "35mm",
          "make": "Panasonic",
          "model": "DC-S5M2",
          "lensModel": "LUMIX S 35mm F1.8",
          "dateTimeOriginal": "2023-10-14 15:05:22"
        },
        "category": "Urban Pedestrian Connector",
        "groundedFromAnchor": "Corsia Agonale Archway",
        "locationContext": "Piazza Navona",
        "validation": {
          "distanceFromCenter": 50.526667514031686,
          "isOutlier": false,
          "computedScore": 82,
          "issues": [
            "Entorno botánico genérico"
          ],
          "h3Index": "891e8050523ffff"
        },
        "h3Index": "891e8050523ffff",
        "geocodingScore": 82,
        "isAnchor": false
      }
    },
    {
      "type": "Feature",
      "geometry": {
        "type": "Point",
        "coordinates": [
          12.472501,
          41.899889
        ]
      },
      "properties": {
        "id": "REF-0038",
        "coordinates": {
          "lat": 41.899889,
          "lng": 12.472501,
          "corner": "Northwest Exit - Via de Coronari Entry"
        },
        "timestamp": "2023-10-14T15:45:10Z",
        "lighting": {
          "sunPosition": "West-Southwest 20 deg",
          "shadowDirection": "East-Northeast",
          "shadowLength": "6.5m",
          "description": "Low-angle warm light casting elongated shadows of pedestrian crowds across the cobblestones."
        },
        "microPhysiognomy": {
          "aerialCables": "Mounted streetlamp supply lines pinned to masonry mortar lines",
          "shutterStyle": "Dark brown louvers partially open",
          "treeType": "None",
          "graffiti": "Small stencil graffiti on alley corner base",
          "terrain": "Irregular basalt cobblestone street surface",
          "urbanElements": {
            "furniture": "Bicycle racks and stone corner deflector stones (carrieparres)",
            "vegetationScore": 0.02,
            "architectureStyle": "Renaissance Commercial Streetscape"
          },
          "temporalWindow": "Late Afternoon Golden Hour"
        },
        "ocr": {
          "detectedText": [
            "VIA DEI CORONARI",
            "ANTICHITA",
            "PIAZZA NAVONA"
          ],
          "confidence": 0.89,
          "rapidFuzzScore": 84
        },
        "exif": {
          "fStop": "f/2.0",
          "iso": 100,
          "shutterSpeed": "1/1250s",
          "focalLength": "28mm",
          "make": "Ricoh",
          "model": "GR III",
          "lensModel": "GR Lens 18.3mm F2.8",
          "dateTimeOriginal": "2023-10-14 15:45:10"
        },
        "category": "Historic Narrow Thoroughfare",
        "groundedFromAnchor": "Via dei Coronari West Junction",
        "locationContext": "Piazza Navona",
        "validation": {
          "distanceFromCenter": 111.73076220437424,
          "isOutlier": false,
          "computedScore": 79,
          "issues": [
            "Entorno botánico genérico"
          ],
          "h3Index": "891e8050523ffff"
        },
        "h3Index": "891e8050523ffff",
        "geocodingScore": 79,
        "isAnchor": false
      }
    },
    {
      "type": "Feature",
      "geometry": {
        "type": "Point",
        "coordinates": [
          12.473412,
          41.898801
        ]
      },
      "properties": {
        "id": "REF-0039",
        "coordinates": {
          "lat": 41.898801,
          "lng": 12.473412,
          "corner": "East Central Arcade - Tre Scalini Terrace"
        },
        "timestamp": "2023-10-14T16:20:00Z",
        "lighting": {
          "sunPosition": "West-Southwest 14 deg",
          "shadowDirection": "East",
          "shadowLength": "9.0m",
          "description": "Soft indirect skylight ground level whole east arcade shaded by western facade structures."
        },
        "microPhysiognomy": {
          "aerialCables": "Discreet awning power cables",
          "shutterStyle": "Upper level ochre shutter blinds",
          "treeType": "Dense potted jasmine climbers on terrace frames",
          "graffiti": "None",
          "terrain": "Flat basalt setts with granite cross-strips",
          "urbanElements": {
            "furniture": "Canvas awnings brass terrace lamps and velvet ropes",
            "vegetationScore": 0.18,
            "architectureStyle": "Baroque Residential Arcades"
          },
          "temporalWindow": "Pre-Sunset Dusk Ambient"
        },
        "ocr": {
          "detectedText": [
            "TRE SCALINI",
            "GELATO ARTIGIANALE",
            "EST. 1946"
          ],
          "confidence": 0.99,
          "rapidFuzzScore": 98
        },
        "exif": {
          "fStop": "f/1.8",
          "iso": 400,
          "shutterSpeed": "1/160s",
          "focalLength": "50mm",
          "make": "Sony",
          "model": "ILCE-7M4",
          "lensModel": "FE 50mm F1.2 GM",
          "dateTimeOriginal": "2023-10-14 16:20:00"
        },
        "category": "Commercial Terrace / Outdoor Dining",
        "groundedFromAnchor": "Tre Scalini Outdoor Dining Area",
        "locationContext": "Piazza Navona",
        "validation": {
          "distanceFromCenter": 33.926966031643495,
          "isOutlier": false,
          "computedScore": 87,
          "issues": [
            "Entorno botánico genérico"
          ],
          "h3Index": "891e8050523ffff"
        },
        "h3Index": "891e8050523ffff",
        "geocodingScore": 87,
        "isAnchor": true
      }
    },
    {
      "type": "Feature",
      "geometry": {
        "type": "Point",
        "coordinates": [
          12.473105,
          41.89961
        ]
      },
      "properties": {
        "id": "REF-0040",
        "coordinates": {
          "lat": 41.89961,
          "lng": 12.473105,
          "corner": "Northeast Interior - Northern Fountain Plaza Segment"
        },
        "timestamp": "2023-10-14T16:50:30Z",
        "lighting": {
          "sunPosition": "West 6 deg",
          "shadowDirection": "East",
          "shadowLength": "15.0m",
          "description": "Warm golden sunset reflection on upper roof tiles while piazza floor transitions to twilight blue hour."
        },
        "microPhysiognomy": {
          "aerialCables": "None visible",
          "shutterStyle": "Symmetrical dark green wooden shutters",
          "treeType": "None",
          "graffiti": "Clean urban surface",
          "terrain": "Polished basalt cobblestone paving",
          "urbanElements": {
            "furniture": "Historical brass streetlamps lit with warm LED bulbs",
            "vegetationScore": 0.01,
            "architectureStyle": "Classical Roman Baroque Plaza Arcades"
          },
          "temporalWindow": "Sunset Twilight Transition"
        },
        "ocr": {
          "detectedText": [
            "S. AGNESE",
            "PIAZZA NAVONA",
            "SENATUS POPULUSQUE ROMANUS"
          ],
          "confidence": 0.92,
          "rapidFuzzScore": 87
        },
        "exif": {
          "fStop": "f/2.8",
          "iso": 800,
          "shutterSpeed": "1/60s",
          "focalLength": "24mm",
          "make": "Canon",
          "model": "EOS R6 Mark II",
          "lensModel": "RF 24-105mm F4 L IS USM",
          "dateTimeOriginal": "2023-10-14 16:50:30"
        },
        "category": "Baroque Public Plaza",
        "groundedFromAnchor": "North Plaza Open Pedestrian Zone",
        "locationContext": "Piazza Navona",
        "validation": {
          "distanceFromCenter": 69.85635509589292,
          "isOutlier": false,
          "computedScore": 80,
          "issues": [
            "Entorno botánico genérico"
          ],
          "h3Index": "891e8050523ffff"
        },
        "h3Index": "891e8050523ffff",
        "geocodingScore": 80,
        "isAnchor": false
      }
    },
    {
      "type": "Feature",
      "geometry": {
        "type": "Point",
        "coordinates": [
          12.473082,
          41.898982
        ]
      },
      "properties": {
        "id": "REF-0041",
        "coordinates": {
          "lat": 41.898982,
          "lng": 12.473082,
          "corner": "Center Piazza / Fontana dei Quattro Fiumi"
        },
        "timestamp": "2023-10-14T11:24:15Z",
        "lighting": {
          "sunPosition": "Azimuth 152°, Elevation 42°",
          "shadowDirection": "North-West",
          "shadowLength": "Medium (0.8x object height)",
          "description": "Mid-morning direct sunlight with high contrast shadows under Bernini's obelisk base."
        },
        "microPhysiognomy": {
          "aerialCables": "None (Underground infrastructure inside plaza)",
          "shutterStyle": "Classic Roman wooden louvred shutters (Verde Roma)",
          "treeType": "Containerized Quercus ilex / potted bay laurels",
          "graffiti": "Absence of graffiti on historic travertines; minor sticker tags on lamp posts",
          "terrain": "Paved with basalt sampietrini in fan pattern",
          "urbanElements": {
            "furniture": "Wrought iron streetlamps, cast-iron drinking fountain (nasone), granite bollards",
            "vegetationScore": 0.12,
            "architectureStyle": "High Roman Baroque"
          },
          "temporalWindow": "Autumn Morning"
        },
        "ocr": {
          "detectedText": [
            "BENEDICTUS XIV",
            "PONT MAX",
            "FONTIS ET FORI"
          ],
          "confidence": 0.94,
          "rapidFuzzScore": 92.5
        },
        "exif": {
          "fStop": "f/8.0",
          "iso": 100,
          "shutterSpeed": "1/500s",
          "focalLength": "35mm",
          "make": "Sony",
          "model": "ILCE-7M4",
          "lensModel": "FE 35mm F1.4 GM",
          "dateTimeOriginal": "2023:10:14 11:24:15"
        },
        "category": "Historical Landmark / Fountain",
        "groundedFromAnchor": "Fontana dei Quattro Fiumi Obelisk",
        "locationContext": "Piazza Navona",
        "validation": {
          "distanceFromCenter": 0,
          "isOutlier": false,
          "computedScore": 84,
          "issues": [
            "Entorno botánico genérico"
          ],
          "h3Index": "891e8050523ffff"
        },
        "h3Index": "891e8050523ffff",
        "geocodingScore": 84,
        "isAnchor": false
      }
    },
    {
      "type": "Feature",
      "geometry": {
        "type": "Point",
        "coordinates": [
          12.472714,
          41.898851
        ]
      },
      "properties": {
        "id": "REF-0042",
        "coordinates": {
          "lat": 41.898851,
          "lng": 12.472714,
          "corner": "West Side / Sant'Agnese in Agone Facade"
        },
        "timestamp": "2023-10-14T11:26:00Z",
        "lighting": {
          "sunPosition": "Azimuth 153°, Elevation 42°",
          "shadowDirection": "North-West",
          "shadowLength": "Medium",
          "description": "Bright sunlight illuminating concave travertine facade designed by Borromini."
        },
        "microPhysiognomy": {
          "aerialCables": "None",
          "shutterStyle": "N/A (Ecclesiastical architecture)",
          "treeType": "None",
          "graffiti": "Clean stone surfaces",
          "terrain": "Paved sampietrini cobblestones",
          "urbanElements": {
            "furniture": "Police security barriers, brass entrance plaques, stone steps",
            "vegetationScore": 0,
            "architectureStyle": "Baroque Facade"
          },
          "temporalWindow": "Autumn Morning"
        },
        "ocr": {
          "detectedText": [
            "D.O.M.",
            "S. AGNESE MARTYRI"
          ],
          "confidence": 0.96,
          "rapidFuzzScore": 98
        },
        "exif": {
          "fStop": "f/5.6",
          "iso": 100,
          "shutterSpeed": "1/1000s",
          "focalLength": "24mm",
          "make": "Canon",
          "model": "EOS R5",
          "lensModel": "RF 24-70mm F2.8 L IS USM",
          "dateTimeOriginal": "2023:10:14 11:26:00"
        },
        "category": "Religious Architecture",
        "groundedFromAnchor": "Sant'Agnese Facade Main Entrance",
        "locationContext": "Piazza Navona",
        "validation": {
          "distanceFromCenter": 33.7616067937097,
          "isOutlier": false,
          "computedScore": 84,
          "issues": [
            "Entorno botánico genérico"
          ],
          "h3Index": "891e8050523ffff"
        },
        "h3Index": "891e8050523ffff",
        "geocodingScore": 84,
        "isAnchor": false
      }
    },
    {
      "type": "Feature",
      "geometry": {
        "type": "Point",
        "coordinates": [
          12.473198,
          41.898322
        ]
      },
      "properties": {
        "id": "REF-0043",
        "coordinates": {
          "lat": 41.898322,
          "lng": 12.473198,
          "corner": "South Piazza / Fontana del Moro"
        },
        "timestamp": "2023-10-14T14:10:22Z",
        "lighting": {
          "sunPosition": "Azimuth 210°, Elevation 38°",
          "shadowDirection": "North-East",
          "shadowLength": "Short to Medium",
          "description": "Early afternoon sun with water reflections casting dynamic caustics on basin marble."
        },
        "microPhysiognomy": {
          "aerialCables": "None",
          "shutterStyle": "Dark brown timber shutters on upper floors of surrounding palazzi",
          "treeType": "Potted Oleander",
          "graffiti": "None on historical structures",
          "terrain": "Paved sampietrini",
          "urbanElements": {
            "furniture": "Outdoor restaurant seating, canvas umbrellas, metal boundary poles",
            "vegetationScore": 0.05,
            "architectureStyle": "Renaissance and Baroque Residential"
          },
          "temporalWindow": "Early Afternoon"
        },
        "ocr": {
          "detectedText": [
            "RISTORANTE",
            "LA SERENATA",
            "GELATO ARTIGIANALE"
          ],
          "confidence": 0.89,
          "rapidFuzzScore": 85
        },
        "exif": {
          "fStop": "f/4.0",
          "iso": 160,
          "shutterSpeed": "1/1600s",
          "focalLength": "50mm",
          "make": "Leica",
          "model": "Q2",
          "lensModel": "Summilux 28mm f/1.7 ASPH",
          "dateTimeOriginal": "2023:10:14 14:10:22"
        },
        "category": "Public Square / Monument",
        "groundedFromAnchor": "Fontana del Moro Marble Basin",
        "locationContext": "Piazza Navona",
        "validation": {
          "distanceFromCenter": 74.01398053124416,
          "isOutlier": false,
          "computedScore": 80,
          "issues": [
            "Entorno botánico genérico"
          ],
          "h3Index": "891e8050523ffff"
        },
        "h3Index": "891e8050523ffff",
        "geocodingScore": 80,
        "isAnchor": false
      }
    },
    {
      "type": "Feature",
      "geometry": {
        "type": "Point",
        "coordinates": [
          12.473011,
          41.899615
        ]
      },
      "properties": {
        "id": "REF-0044",
        "coordinates": {
          "lat": 41.899615,
          "lng": 12.473011,
          "corner": "North Piazza / Fontana del Nettuno"
        },
        "timestamp": "2023-10-14T16:45:00Z",
        "lighting": {
          "sunPosition": "Azimuth 248°, Elevation 18°",
          "shadowDirection": "East-North-East",
          "shadowLength": "Long (2.2x object height)",
          "description": "Golden hour lighting with deep shadows cast across the northern side of the square."
        },
        "microPhysiognomy": {
          "aerialCables": "None visible in main field of view",
          "shutterStyle": "Ochre and terracotta shutters",
          "treeType": "None",
          "graffiti": "Trace chalk art on stone floor",
          "terrain": "Sampietrini paving with slight drainage incline towards basin",
          "urbanElements": {
            "furniture": "Artist easels, souvenir display racks, municipal trash receptacles",
            "vegetationScore": 0.02,
            "architectureStyle": "19th Century Fountain Sculptures in Baroque Enclosure"
          },
          "temporalWindow": "Late Afternoon Golden Hour"
        },
        "ocr": {
          "detectedText": [
            "S.P.Q.R.",
            "ACQUA VERGINE"
          ],
          "confidence": 0.92,
          "rapidFuzzScore": 90.1
        },
        "exif": {
          "fStop": "f/2.8",
          "iso": 200,
          "shutterSpeed": "1/800s",
          "focalLength": "85mm",
          "make": "Nikon",
          "model": "Z 6II",
          "lensModel": "NIKKOR Z 85mm f/1.8 S",
          "dateTimeOriginal": "2023:10:14 16:45:00"
        },
        "category": "Public Square / Monument",
        "groundedFromAnchor": "Fontana del Nettuno Northern Rim",
        "locationContext": "Piazza Navona",
        "validation": {
          "distanceFromCenter": 70.63125668118793,
          "isOutlier": false,
          "computedScore": 81,
          "issues": [
            "Entorno botánico genérico"
          ],
          "h3Index": "891e8050523ffff"
        },
        "h3Index": "891e8050523ffff",
        "geocodingScore": 81,
        "isAnchor": false
      }
    },
    {
      "type": "Feature",
      "geometry": {
        "type": "Point",
        "coordinates": [
          12.47345,
          41.89891
        ]
      },
      "properties": {
        "id": "REF-0045",
        "coordinates": {
          "lat": 41.89891,
          "lng": 12.47345,
          "corner": "East Side Terrace / Tre Scalini"
        },
        "timestamp": "2023-10-14T12:30:10Z",
        "lighting": {
          "sunPosition": "Azimuth 175°, Elevation 44°",
          "shadowDirection": "North",
          "shadowLength": "Short",
          "description": "High midday sun shaded by large cream-colored commercial restaurant awnings."
        },
        "microPhysiognomy": {
          "aerialCables": "Wall-mounted electrical conduits hidden near drainpipes",
          "shutterStyle": "Classic dark green painted wood shutters on pastel yellow facade",
          "treeType": "Potted Boxwood shrubs along terrace perimeter",
          "graffiti": "Clean facade",
          "terrain": "Level sampietrini pavement with outdoor wooden decking platform",
          "urbanElements": {
            "furniture": "Woven wicker cafe chairs, brass-bordered marble tables, menu stands",
            "vegetationScore": 0.15,
            "architectureStyle": "17th-18th Century Roman Palazzetto"
          },
          "temporalWindow": "Midday"
        },
        "ocr": {
          "detectedText": [
            "TRE SCALINI",
            "DAL 1946",
            "IL TARTUFO"
          ],
          "confidence": 0.98,
          "rapidFuzzScore": 99
        },
        "exif": {
          "fStop": "f/5.0",
          "iso": 100,
          "shutterSpeed": "1/320s",
          "focalLength": "35mm",
          "make": "Fujifilm",
          "model": "X-T4",
          "lensModel": "XF 23mm F1.4 R LM WR",
          "dateTimeOriginal": "2023:10:14 12:30:10"
        },
        "category": "Commercial / Hospitality",
        "groundedFromAnchor": "Tre Scalini Terrace Awning",
        "locationContext": "Piazza Navona",
        "validation": {
          "distanceFromCenter": 31.492187521069987,
          "isOutlier": false,
          "computedScore": 87,
          "issues": [
            "Entorno botánico genérico"
          ],
          "h3Index": "891e8050523ffff"
        },
        "h3Index": "891e8050523ffff",
        "geocodingScore": 87,
        "isAnchor": true
      }
    },
    {
      "type": "Feature",
      "geometry": {
        "type": "Point",
        "coordinates": [
          12.47285,
          41.89862
        ]
      },
      "properties": {
        "id": "REF-0046",
        "coordinates": {
          "lat": 41.89862,
          "lng": 12.47285,
          "corner": "South-West / Palazzo Pamphilj Entrance"
        },
        "timestamp": "2023-10-14T09:15:30Z",
        "lighting": {
          "sunPosition": "Azimuth 118°, Elevation 24°",
          "shadowDirection": "West-North-West",
          "shadowLength": "Long",
          "description": "Low morning sun filtering between east-side buildings, casting elongated shadows on portal."
        },
        "microPhysiognomy": {
          "aerialCables": "None",
          "shutterStyle": "Large arched windows with internal drapes behind historic wooden frames",
          "treeType": "None",
          "graffiti": "Strictly clean high-security diplomatic facade",
          "terrain": "Smooth travertine curb transitioning to sampietrini",
          "urbanElements": {
            "furniture": "Diplomatic flagpoles, security booth, bronze coats of arms",
            "vegetationScore": 0.01,
            "architectureStyle": "Baroque Palace Architecture (Rainaldi)"
          },
          "temporalWindow": "Early Morning"
        },
        "ocr": {
          "detectedText": [
            "EMBAIXADA DO BRASIL",
            "PALAZZO PAMPHILJ"
          ],
          "confidence": 0.95,
          "rapidFuzzScore": 96.2
        },
        "exif": {
          "fStop": "f/8.0",
          "iso": 200,
          "shutterSpeed": "1/250s",
          "focalLength": "18mm",
          "make": "Sony",
          "model": "ILCE-7RM5",
          "lensModel": "FE 16-35mm F2.8 GM II",
          "dateTimeOriginal": "2023:10:14 09:15:30"
        },
        "category": "Diplomatic / Historic Building",
        "groundedFromAnchor": "Brazilian Embassy Main Portal",
        "locationContext": "Piazza Navona",
        "validation": {
          "distanceFromCenter": 44.597843824883434,
          "isOutlier": false,
          "computedScore": 84,
          "issues": [
            "Entorno botánico genérico"
          ],
          "h3Index": "891e8050523ffff"
        },
        "h3Index": "891e8050523ffff",
        "geocodingScore": 84,
        "isAnchor": false
      }
    },
    {
      "type": "Feature",
      "geometry": {
        "type": "Point",
        "coordinates": [
          12.47361,
          41.89901
        ]
      },
      "properties": {
        "id": "REF-0047",
        "coordinates": {
          "lat": 41.89901,
          "lng": 12.47361,
          "corner": "East Exit / Corsia Agonale Junction"
        },
        "timestamp": "2023-10-14T13:05:44Z",
        "lighting": {
          "sunPosition": "Azimuth 188°, Elevation 43°",
          "shadowDirection": "North",
          "shadowLength": "Short",
          "description": "Direct overhead sunlight illuminating vehicular transition point into narrow street."
        },
        "microPhysiognomy": {
          "aerialCables": "Overhead street lamp support cables span across alley",
          "shutterStyle": "Traditional green shutters, some with peeling paint on secondary alley walls",
          "treeType": "None",
          "graffiti": "Minor marker tags on lower corner rustication",
          "terrain": "Sampietrini with asphalt repair patch near drain gutter",
          "urbanElements": {
            "furniture": "No-entry traffic signs, stone corner guards (paracarro), taxi stand sign",
            "vegetationScore": 0,
            "architectureStyle": "Mixed Roman Urban Fabric"
          },
          "temporalWindow": "Early Afternoon"
        },
        "ocr": {
          "detectedText": [
            "CORSIA AGONALE",
            "RIONE V",
            "PARIONE"
          ],
          "confidence": 0.97,
          "rapidFuzzScore": 97.8
        },
        "exif": {
          "fStop": "f/6.3",
          "iso": 100,
          "shutterSpeed": "1/400s",
          "focalLength": "40mm",
          "make": "Apple",
          "model": "iPhone 15 Pro",
          "lensModel": "iPhone 15 Pro back main camera 6.86mm f/1.78",
          "dateTimeOriginal": "2023:10:14 13:05:44"
        },
        "category": "Street Junction / Wayfinding",
        "groundedFromAnchor": "Marble Street Name Plate (Corsia Agonale)",
        "locationContext": "Piazza Navona",
        "validation": {
          "distanceFromCenter": 43.81067448928663,
          "isOutlier": false,
          "computedScore": 84,
          "issues": [
            "Entorno botánico genérico"
          ],
          "h3Index": "891e8050523ffff"
        },
        "h3Index": "891e8050523ffff",
        "geocodingScore": 84,
        "isAnchor": false
      }
    },
    {
      "type": "Feature",
      "geometry": {
        "type": "Point",
        "coordinates": [
          12.47262,
          41.89981
        ]
      },
      "properties": {
        "id": "REF-0048",
        "coordinates": {
          "lat": 41.89981,
          "lng": 12.47262,
          "corner": "North-West Exit / Via dei Coronari Entry"
        },
        "timestamp": "2023-10-14T17:10:00Z",
        "lighting": {
          "sunPosition": "Azimuth 253°, Elevation 13°",
          "shadowDirection": "East-North-East",
          "shadowLength": "Very Long",
          "description": "Low angled sunlight creating high contrast silhouette of corner archway."
        },
        "microPhysiognomy": {
          "aerialCables": "Wall-secured fiber and electric lines running along stucco render",
          "shutterStyle": "Dark brown weathered shutters",
          "treeType": "Ivy trailing from upper balcony",
          "graffiti": "Small spray-paint stencil on utility box",
          "terrain": "Sloped sampietrini pavement leading into narrow alley corridor",
          "urbanElements": {
            "furniture": "Wall-mounted lantern street lights, antique shop display board",
            "vegetationScore": 0.1,
            "architectureStyle": "Medieval/Renaissance street grid transition"
          },
          "temporalWindow": "Dusk / Late Afternoon"
        },
        "ocr": {
          "detectedText": [
            "VIA DEI CORONARI",
            "RIONE V PARIONE"
          ],
          "confidence": 0.93,
          "rapidFuzzScore": 94
        },
        "exif": {
          "fStop": "f/2.0",
          "iso": 400,
          "shutterSpeed": "1/125s",
          "focalLength": "28mm",
          "make": "Ricoh",
          "model": "GR III",
          "lensModel": "18.3mm f/2.8",
          "dateTimeOriginal": "2023:10:14 17:10:00"
        },
        "category": "Street Alley Entrance",
        "groundedFromAnchor": "Via dei Coronari Corner Wall",
        "locationContext": "Piazza Navona",
        "validation": {
          "distanceFromCenter": 99.69381085470405,
          "isOutlier": false,
          "computedScore": 84,
          "issues": [
            "Entorno botánico genérico"
          ],
          "h3Index": "891e8050523ffff"
        },
        "h3Index": "891e8050523ffff",
        "geocodingScore": 84,
        "isAnchor": false
      }
    },
    {
      "type": "Feature",
      "geometry": {
        "type": "Point",
        "coordinates": [
          12.47352,
          41.898105
        ]
      },
      "properties": {
        "id": "REF-0049",
        "coordinates": {
          "lat": 41.898105,
          "lng": 12.47352,
          "corner": "South-East / Via della Cuccagna Corner"
        },
        "timestamp": "2023-10-14T10:05:12Z",
        "lighting": {
          "sunPosition": "Azimuth 132°, Elevation 33°",
          "shadowDirection": "North-West",
          "shadowLength": "Medium-Long",
          "description": "Soft morning light reflecting off pale yellow ochre building render."
        },
        "microPhysiognomy": {
          "aerialCables": "Tightly bound cable runs along window lintels",
          "shutterStyle": "Ochre painted louvred shutters, half-closed",
          "treeType": "Potted geraniums on balcony sills",
          "graffiti": "Clean ground floor wall",
          "terrain": "Sampietrini cobblestone with narrow pedestrian sidewalk curve",
          "urbanElements": {
            "furniture": "Bicycle rack with city bikes, brass menu casing, fire hydrant",
            "vegetationScore": 0.08,
            "architectureStyle": "18th Century Residential"
          },
          "temporalWindow": "Morning"
        },
        "ocr": {
          "detectedText": [
            "VIA DELLA CUCCAGNA",
            "CAFFE NAVONA"
          ],
          "confidence": 0.91,
          "rapidFuzzScore": 88.7
        },
        "exif": {
          "fStop": "f/4.0",
          "iso": 100,
          "shutterSpeed": "1/640s",
          "focalLength": "50mm",
          "make": "Panasonic",
          "model": "DC-S5M2",
          "lensModel": "LUMIX S 50mm F1.8",
          "dateTimeOriginal": "2023:10:14 10:05:12"
        },
        "category": "Urban Street Corner",
        "groundedFromAnchor": "Via della Cuccagna Street Sign",
        "locationContext": "Piazza Navona",
        "validation": {
          "distanceFromCenter": 104.03801429504983,
          "isOutlier": false,
          "computedScore": 82,
          "issues": [
            "Entorno botánico genérico"
          ],
          "h3Index": "891e8050523ffff"
        },
        "h3Index": "891e8050523ffff",
        "geocodingScore": 82,
        "isAnchor": false
      }
    },
    {
      "type": "Feature",
      "geometry": {
        "type": "Point",
        "coordinates": [
          12.47331,
          41.89791
        ]
      },
      "properties": {
        "id": "REF-0050",
        "coordinates": {
          "lat": 41.89791,
          "lng": 12.47331,
          "corner": "South Perimeter / Palazzo Braschi Corner"
        },
        "timestamp": "2023-10-14T15:20:00Z",
        "lighting": {
          "sunPosition": "Azimuth 228°, Elevation 31°",
          "shadowDirection": "North-East",
          "shadowLength": "Medium",
          "description": "Direct afternoon sun highlighting the Neoclassical corner rustication of Palazzo Braschi."
        },
        "microPhysiognomy": {
          "aerialCables": "None visible",
          "shutterStyle": "Symmetrical monumental window frames with glass glazing and interior blinds",
          "treeType": "None",
          "graffiti": "Clean stone rustication, historic preservation zone",
          "terrain": "Wide smooth stone flagstone edge bordering sampietrini",
          "urbanElements": {
            "furniture": "Museum directional signposts, CCTV cameras on decorative brackets, granite posts",
            "vegetationScore": 0,
            "architectureStyle": "Neoclassical / Late Baroque Museum Exterior"
          },
          "temporalWindow": "Afternoon"
        },
        "ocr": {
          "detectedText": [
            "MUSEO DI ROMA",
            "PALAZZO BRASCHI",
            "INGRESSO"
          ],
          "confidence": 0.99,
          "rapidFuzzScore": 99.5
        },
        "exif": {
          "fStop": "f/8.0",
          "iso": 200,
          "shutterSpeed": "1/320s",
          "focalLength": "28mm",
          "make": "Leica",
          "model": "M11",
          "lensModel": "Summicron-M 28mm f/2 ASPH.",
          "dateTimeOriginal": "2023:10:14 15:20:00"
        },
        "category": "Cultural Heritage / Museum Entrance",
        "groundedFromAnchor": "Palazzo Braschi Museum Sign",
        "locationContext": "Piazza Navona",
        "validation": {
          "distanceFromCenter": 120.68540843007197,
          "isOutlier": false,
          "computedScore": 85,
          "issues": [
            "Entorno botánico genérico"
          ],
          "h3Index": "891e805052fffff"
        },
        "h3Index": "891e805052fffff",
        "geocodingScore": 85,
        "isAnchor": true
      }
    },
    {
      "type": "Feature",
      "geometry": {
        "type": "Point",
        "coordinates": [
          12.473082,
          41.898982
        ]
      },
      "properties": {
        "id": "REF-0051",
        "coordinates": {
          "lat": 41.898982,
          "lng": 12.473082,
          "corner": "Fontana dei Quattro Fiumi - Eastern Apron"
        },
        "timestamp": "2023-10-14T10:15:30Z",
        "lighting": {
          "sunPosition": "42 deg altitude, 135 deg azimuth",
          "shadowDirection": "North-West",
          "shadowLength": "1.4m",
          "description": "Direct morning sunlight filtering across travertine statues, casting high-contrast shadows on basalt cobbles"
        },
        "microPhysiognomy": {
          "aerialCables": "None visible (Underground utility routing)",
          "shutterStyle": "Roman dark green timber louvers on upper storeys",
          "treeType": "Containerized Citrus limon near cafe terraces",
          "graffiti": "Cleaned, minor sticker remnant on lamp post base",
          "terrain": "Flat porphyry and basalt sampietrini paving",
          "urbanElements": {
            "furniture": "Historic iron lantern posts, cafe barrier stanchions",
            "vegetationScore": 0.12,
            "architectureStyle": "High Roman Baroque"
          },
          "temporalWindow": "Morning Rush / Tourist Peak"
        },
        "ocr": {
          "detectedText": [
            "PIAZZA NAVONA",
            "CAFFE DOMIZIANO",
            "S.P.Q.R."
          ],
          "confidence": 0.96,
          "rapidFuzzScore": 94.2
        },
        "exif": {
          "fStop": "f/4.0",
          "iso": 100,
          "shutterSpeed": "1/1000s",
          "focalLength": "24mm",
          "make": "Sony",
          "model": "ILCE-7RM4",
          "lensModel": "FE 24-70mm F2.8 GM II",
          "dateTimeOriginal": "2023:10:14 10:15:30"
        },
        "category": "Historical Landmark / Public Plaza",
        "locationContext": "Piazza Navona",
        "validation": {
          "distanceFromCenter": 0,
          "isOutlier": false,
          "computedScore": 84,
          "issues": [
            "Entorno botánico genérico"
          ],
          "h3Index": "891e8050523ffff"
        },
        "h3Index": "891e8050523ffff",
        "geocodingScore": 84,
        "isAnchor": false
      }
    },
    {
      "type": "Feature",
      "geometry": {
        "type": "Point",
        "coordinates": [
          12.47271,
          41.89885
        ]
      },
      "properties": {
        "id": "REF-0052",
        "coordinates": {
          "lat": 41.89885,
          "lng": 12.47271,
          "corner": "Sant'Agnese in Agone - Main Entrance Stairs"
        },
        "timestamp": "2023-10-14T11:45:12Z",
        "lighting": {
          "sunPosition": "53 deg altitude, 168 deg azimuth",
          "shadowDirection": "North-North-West",
          "shadowLength": "0.7m",
          "description": "High midday light illuminating concave facade, minor shadows inside portico niche"
        },
        "microPhysiognomy": {
          "aerialCables": "None",
          "shutterStyle": "N/A (Ecclesiastical Travertine Facade)",
          "treeType": "None",
          "graffiti": "None",
          "terrain": "Elevated travertine steps leading to basalt plaza",
          "urbanElements": {
            "furniture": "Brass queue stanchions, informational bronze plaque",
            "vegetationScore": 0.01,
            "architectureStyle": "Baroque (Borromini / Rainaldi)"
          },
          "temporalWindow": "Midday"
        },
        "ocr": {
          "detectedText": [
            "D.A.S. AGNESI V.M.",
            "SANT'AGNESE IN AGONE",
            "ORARIO VISITE"
          ],
          "confidence": 0.98,
          "rapidFuzzScore": 98.5
        },
        "exif": {
          "fStop": "f/8.0",
          "iso": 100,
          "shutterSpeed": "1/500s",
          "focalLength": "35mm",
          "make": "Canon",
          "model": "EOS R5",
          "lensModel": "RF 35mm F1.8 MACRO IS STM",
          "dateTimeOriginal": "2023:10:14 11:45:12"
        },
        "category": "Religious Architecture / Historic Site",
        "locationContext": "Piazza Navona",
        "validation": {
          "distanceFromCenter": 34.10827013038948,
          "isOutlier": false,
          "computedScore": 85,
          "issues": [
            "Entorno botánico genérico"
          ],
          "h3Index": "891e8050523ffff"
        },
        "h3Index": "891e8050523ffff",
        "geocodingScore": 85,
        "isAnchor": true
      }
    },
    {
      "type": "Feature",
      "geometry": {
        "type": "Point",
        "coordinates": [
          12.47265,
          41.89912
        ]
      },
      "properties": {
        "id": "REF-0053",
        "coordinates": {
          "lat": 41.89912,
          "lng": 12.47265,
          "corner": "Ristorante Tre Scalini Arcade"
        },
        "timestamp": "2023-10-14T13:20:05Z",
        "lighting": {
          "sunPosition": "51 deg altitude, 205 deg azimuth",
          "shadowDirection": "North-East",
          "shadowLength": "0.9m",
          "description": "Direct overhead sunlight with awning shade over dining seating area"
        },
        "microPhysiognomy": {
          "aerialCables": "Low-voltage wall-mounted lighting conduits",
          "shutterStyle": "Dark brown wooden shutters folded open",
          "treeType": "Potted Nerium oleander",
          "graffiti": "Small marker tag on nearby alley drainage pipe",
          "terrain": "Basalt paving with terracotta tile patio extension",
          "urbanElements": {
            "furniture": "Canvas umbrellas, dark wood dining chairs, brass menu stands",
            "vegetationScore": 0.25,
            "architectureStyle": "17th Century Residential / Commercial Ground Floor"
          },
          "temporalWindow": "Early Afternoon"
        },
        "ocr": {
          "detectedText": [
            "TRE SCALINI",
            "DAL 1946",
            "TARTUFO DAL 1946"
          ],
          "confidence": 0.94,
          "rapidFuzzScore": 91
        },
        "exif": {
          "fStop": "f/5.6",
          "iso": 200,
          "shutterSpeed": "1/800s",
          "focalLength": "50mm",
          "make": "Nikon",
          "model": "Z7 II",
          "lensModel": "NIKKOR Z 50mm f/1.8 S",
          "dateTimeOriginal": "2023:10:14 13:20:05"
        },
        "category": "Commercial Dining / Pedestrian Zone",
        "locationContext": "Piazza Navona",
        "validation": {
          "distanceFromCenter": 38.90816923913667,
          "isOutlier": false,
          "computedScore": 85,
          "issues": [],
          "h3Index": "891e8050523ffff"
        },
        "h3Index": "891e8050523ffff",
        "geocodingScore": 85,
        "isAnchor": true
      }
    },
    {
      "type": "Feature",
      "geometry": {
        "type": "Point",
        "coordinates": [
          12.47315,
          41.89821
        ]
      },
      "properties": {
        "id": "REF-0054",
        "coordinates": {
          "lat": 41.89821,
          "lng": 12.47315,
          "corner": "Fontana del Moro - South End"
        },
        "timestamp": "2023-10-14T15:40:22Z",
        "lighting": {
          "sunPosition": "33 deg altitude, 235 deg azimuth",
          "shadowDirection": "North-East",
          "shadowLength": "2.1m",
          "description": "Late afternoon sun creating long dramatic shadows across the southern basin"
        },
        "microPhysiognomy": {
          "aerialCables": "None",
          "shutterStyle": "Ochre plaster walls with green timber blinds above",
          "treeType": "None",
          "graffiti": "None",
          "terrain": "Standard sampietrini stone block pavement",
          "urbanElements": {
            "furniture": "Wrought iron protective perimeter barrier, municipal trash bins",
            "vegetationScore": 0.05,
            "architectureStyle": "Baroque Fountain / Renaissance Urban Layout"
          },
          "temporalWindow": "Late Afternoon"
        },
        "ocr": {
          "detectedText": [
            "FONTANA DEL MORO",
            "G.L. BERNINI"
          ],
          "confidence": 0.89,
          "rapidFuzzScore": 87.3
        },
        "exif": {
          "fStop": "f/2.8",
          "iso": 100,
          "shutterSpeed": "1/2000s",
          "focalLength": "28mm",
          "make": "Fujifilm",
          "model": "X100V",
          "lensModel": "23mm F2.0",
          "dateTimeOriginal": "2023:10:14 15:40:22"
        },
        "category": "Monument / Historical Fountain",
        "locationContext": "Piazza Navona",
        "validation": {
          "distanceFromCenter": 86.02678032586947,
          "isOutlier": false,
          "computedScore": 81,
          "issues": [
            "Entorno botánico genérico"
          ],
          "h3Index": "891e8050523ffff"
        },
        "h3Index": "891e8050523ffff",
        "geocodingScore": 81,
        "isAnchor": false
      }
    },
    {
      "type": "Feature",
      "geometry": {
        "type": "Point",
        "coordinates": [
          12.47301,
          41.8998
        ]
      },
      "properties": {
        "id": "REF-0055",
        "coordinates": {
          "lat": 41.8998,
          "lng": 12.47301,
          "corner": "Fontana del Nettuno - North Basin"
        },
        "timestamp": "2023-10-14T16:55:00Z",
        "lighting": {
          "sunPosition": "18 deg altitude, 250 deg azimuth",
          "shadowDirection": "East-North-East",
          "shadowLength": "4.2m",
          "description": "Golden hour glow highlighting western building facades and reflecting off water"
        },
        "microPhysiognomy": {
          "aerialCables": "None",
          "shutterStyle": "Chestnut painted timber shutters",
          "treeType": "None",
          "graffiti": "Faded chalk markings on ground pavement",
          "terrain": "Granite curb framing basalt cobblestones",
          "urbanElements": {
            "furniture": "Artisan easel setups, iron light posts",
            "vegetationScore": 0.03,
            "architectureStyle": "19th Century Neo-Baroque Statuary / Renaissance Basin"
          },
          "temporalWindow": "Golden Hour"
        },
        "ocr": {
          "detectedText": [
            "FONTANA DEL NETTUNO",
            "GIACOMO DELLA PORTA"
          ],
          "confidence": 0.92,
          "rapidFuzzScore": 90.1
        },
        "exif": {
          "fStop": "f/2.0",
          "iso": 160,
          "shutterSpeed": "1/1250s",
          "focalLength": "35mm",
          "make": "Leica",
          "model": "Q2",
          "lensModel": "Summilux 28mm f/1.7 ASPH",
          "dateTimeOriginal": "2023:10:14 16:55:00"
        },
        "category": "Monument / Public Art",
        "locationContext": "Piazza Navona",
        "validation": {
          "distanceFromCenter": 91.15244307343703,
          "isOutlier": false,
          "computedScore": 81,
          "issues": [
            "Entorno botánico genérico"
          ],
          "h3Index": "891e8050523ffff"
        },
        "h3Index": "891e8050523ffff",
        "geocodingScore": 81,
        "isAnchor": false
      }
    },
    {
      "type": "Feature",
      "geometry": {
        "type": "Point",
        "coordinates": [
          12.4726,
          41.8986
        ]
      },
      "properties": {
        "id": "REF-0056",
        "coordinates": {
          "lat": 41.8986,
          "lng": 12.4726,
          "corner": "Palazzo Pamphilj Portal"
        },
        "timestamp": "2023-10-14T17:30:10Z",
        "lighting": {
          "sunPosition": "11 deg altitude, 258 deg azimuth",
          "shadowDirection": "East",
          "shadowLength": "6.8m",
          "description": "Low sun casting deep shadow across portal from opposite structure, soft indirect ambient light"
        },
        "microPhysiognomy": {
          "aerialCables": "Discreet security camera cables along cornice",
          "shutterStyle": "Monumental dark green recessed window shutters",
          "treeType": "Interior courtyard Ficus visible through iron gates",
          "graffiti": "None",
          "terrain": "Polished travertine entry threshold meet basalt block street",
          "urbanElements": {
            "furniture": "Diplomatic flagpoles, security bollards, brass insignia plates",
            "vegetationScore": 0.18,
            "architectureStyle": "Palatial Italian Baroque (Rainaldi)"
          },
          "temporalWindow": "Sunset Approaching"
        },
        "ocr": {
          "detectedText": [
            "EMBAIXADA DO BRASIL",
            "PALAZZO PAMPHILJ"
          ],
          "confidence": 0.97,
          "rapidFuzzScore": 96.8
        },
        "exif": {
          "fStop": "f/2.8",
          "iso": 400,
          "shutterSpeed": "1/250s",
          "focalLength": "50mm",
          "make": "Sony",
          "model": "ILCE-1",
          "lensModel": "FE 50mm F1.2 GM",
          "dateTimeOriginal": "2023:10:14 17:30:10"
        },
        "category": "Embassy / Historic Palace",
        "locationContext": "Piazza Navona",
        "validation": {
          "distanceFromCenter": 58.2725386051233,
          "isOutlier": false,
          "computedScore": 86,
          "issues": [
            "Entorno botánico genérico"
          ],
          "h3Index": "891e8050523ffff"
        },
        "h3Index": "891e8050523ffff",
        "geocodingScore": 86,
        "isAnchor": true
      }
    },
    {
      "type": "Feature",
      "geometry": {
        "type": "Point",
        "coordinates": [
          12.4734,
          41.89905
        ]
      },
      "properties": {
        "id": "REF-0057",
        "coordinates": {
          "lat": 41.89905,
          "lng": 12.4734,
          "corner": "Corsia Agonale Junction"
        },
        "timestamp": "2023-10-14T18:15:45Z",
        "lighting": {
          "sunPosition": "-2 deg altitude, 265 deg azimuth",
          "shadowDirection": "N/A (Twilight)",
          "shadowLength": "0.0m",
          "description": "Civil twilight; warm artificial LED streetlights turning on, blending with deep blue sky"
        },
        "microPhysiognomy": {
          "aerialCables": "Wall-mounted street lamp fixtures",
          "shutterStyle": "Traditional Roman wooden shutters",
          "treeType": "None",
          "graffiti": "Tag on stone curb corner",
          "terrain": "Transition from narrow alley paving to expansive plaza cobblestone",
          "urbanElements": {
            "furniture": "Traffic signposts, street vendor carts, wall lantern brackets",
            "vegetationScore": 0,
            "architectureStyle": "Mixed Roman Renaissance and Baroque Alleyway"
          },
          "temporalWindow": "Dusk / Blue Hour"
        },
        "ocr": {
          "detectedText": [
            "CORSIA AGONALE",
            "VIA ZANARDELLI",
            "RIONE VIII PARIONE"
          ],
          "confidence": 0.91,
          "rapidFuzzScore": 89.4
        },
        "exif": {
          "fStop": "f/1.8",
          "iso": 800,
          "shutterSpeed": "1/60s",
          "focalLength": "35mm",
          "make": "Nikon",
          "model": "Z6 II",
          "lensModel": "NIKKOR Z 35mm f/1.8 S",
          "dateTimeOriginal": "2023:10:14 18:15:45"
        },
        "category": "Street Corner / Urban Access Point",
        "locationContext": "Piazza Navona",
        "validation": {
          "distanceFromCenter": 27.383856528843072,
          "isOutlier": false,
          "computedScore": 81,
          "issues": [
            "Entorno botánico genérico"
          ],
          "h3Index": "891e8050523ffff"
        },
        "h3Index": "891e8050523ffff",
        "geocodingScore": 81,
        "isAnchor": false
      }
    },
    {
      "type": "Feature",
      "geometry": {
        "type": "Point",
        "coordinates": [
          12.4728,
          41.8981
        ]
      },
      "properties": {
        "id": "REF-0058",
        "coordinates": {
          "lat": 41.8981,
          "lng": 12.4728,
          "corner": "Via della Cuccagna Corner"
        },
        "timestamp": "2023-10-14T19:30:00Z",
        "lighting": {
          "sunPosition": "-16 deg altitude, 280 deg azimuth",
          "shadowDirection": "N/A (Night)",
          "shadowLength": "0.0m",
          "description": "Nighttime conditions with sodium and LED warm streetlamp illumination"
        },
        "microPhysiognomy": {
          "aerialCables": "Underground utilities with wall junction boxes",
          "shutterStyle": "Closed wooden shutters on residential upper levels",
          "treeType": "Potted boxwood hedges surrounding patio",
          "graffiti": "Sticker art on downspout",
          "terrain": "Tight sampietrini cobblestones with drainage groove",
          "urbanElements": {
            "furniture": "Restaurant outdoor heaters, menu lightboxes",
            "vegetationScore": 0.08,
            "architectureStyle": "Medieval Vernacular adapted to Renaissance"
          },
          "temporalWindow": "Night / Dining Peak"
        },
        "ocr": {
          "detectedText": [
            "VIA DELLA CUCCAGNA",
            "RISTORANTE",
            "PIZZERIA"
          ],
          "confidence": 0.88,
          "rapidFuzzScore": 86.1
        },
        "exif": {
          "fStop": "f/1.4",
          "iso": 1600,
          "shutterSpeed": "1/40s",
          "focalLength": "24mm",
          "make": "Sigma",
          "model": "FP L",
          "lensModel": "24mm F1.4 DG DN Art",
          "dateTimeOriginal": "2023:10:14 19:30:00"
        },
        "category": "Alleyway / Retail Corridor",
        "locationContext": "Piazza Navona",
        "validation": {
          "distanceFromCenter": 100.81292166753671,
          "isOutlier": false,
          "computedScore": 81,
          "issues": [
            "Entorno botánico genérico"
          ],
          "h3Index": "891e8050523ffff"
        },
        "h3Index": "891e8050523ffff",
        "geocodingScore": 81,
        "isAnchor": false
      }
    },
    {
      "type": "Feature",
      "geometry": {
        "type": "Point",
        "coordinates": [
          12.47335,
          41.8985
        ]
      },
      "properties": {
        "id": "REF-0059",
        "coordinates": {
          "lat": 41.8985,
          "lng": 12.47335,
          "corner": "Via dei Canestrari Entrance"
        },
        "timestamp": "2023-10-14T21:10:18Z",
        "lighting": {
          "sunPosition": "-35 deg altitude, 312 deg azimuth",
          "shadowDirection": "N/A (Night)",
          "shadowLength": "0.0m",
          "description": "High-contrast night scene; bright commercial shop Windows against dark cobblestone street"
        },
        "microPhysiognomy": {
          "aerialCables": "Surface-mounted electrical conduit along facade base",
          "shutterStyle": "Metal roll-down security shutters over shop windows",
          "treeType": "None",
          "graffiti": "Spray tag on utility access panel (0.4m²)",
          "terrain": "Uneven basalt paving stones with central drainage line",
          "urbanElements": {
            "furniture": "Wall-mounted lantern fixtures, souvenir display racks",
            "vegetationScore": 0,
            "architectureStyle": "16th-17th Century Commercial/Residential"
          },
          "temporalWindow": "Late Night"
        },
        "ocr": {
          "detectedText": [
            "VIA DEI CANESTRARI",
            "SOUVENIR ROMA",
            "GELATERIA"
          ],
          "confidence": 0.93,
          "rapidFuzzScore": 92.8
        },
        "exif": {
          "fStop": "f/2.0",
          "iso": 3200,
          "shutterSpeed": "1/50s",
          "focalLength": "35mm",
          "make": "Sony",
          "model": "ILCE-7S3",
          "lensModel": "FE 35mm F1.4 GM",
          "dateTimeOriginal": "2023:10:14 21:10:18"
        },
        "category": "Commercial Passage",
        "locationContext": "Piazza Navona",
        "validation": {
          "distanceFromCenter": 58.00454778113424,
          "isOutlier": false,
          "computedScore": 82,
          "issues": [
            "Entorno botánico genérico"
          ],
          "h3Index": "891e8050523ffff"
        },
        "h3Index": "891e8050523ffff",
        "geocodingScore": 82,
        "isAnchor": false
      }
    },
    {
      "type": "Feature",
      "geometry": {
        "type": "Point",
        "coordinates": [
          12.47285,
          41.89995
        ]
      },
      "properties": {
        "id": "REF-0060",
        "coordinates": {
          "lat": 41.89995,
          "lng": 12.47285,
          "corner": "Piazza di Tor Sanguigna Approach"
        },
        "timestamp": "2023-10-15T06:45:10Z",
        "lighting": {
          "sunPosition": "-3 deg altitude, 82 deg azimuth",
          "shadowDirection": "West-South-West",
          "shadowLength": "0.0m",
          "description": "Dawn twilight with diffuse soft pink/blue light reflecting off ochre facades before sunrise"
        },
        "microPhysiognomy": {
          "aerialCables": "None",
          "shutterStyle": "Closed dark green wooden shutters",
          "treeType": "Platanus x acerifolia visible in background street",
          "graffiti": "Cleaned stone surface",
          "terrain": "Clean wet basalt paving from early municipal washing",
          "urbanElements": {
            "furniture": "Electric street cleaning vehicle (temporary), bollards",
            "vegetationScore": 0.1,
            "architectureStyle": "Medieval Tower foundations integrated into Renaissance facades"
          },
          "temporalWindow": "Dawn / Early Morning"
        },
        "ocr": {
          "detectedText": [
            "PIAZZA DI TOR SANGUIGNA",
            "RIONE VIII PARIONE"
          ],
          "confidence": 0.95,
          "rapidFuzzScore": 95
        },
        "exif": {
          "fStop": "f/4.0",
          "iso": 400,
          "shutterSpeed": "1/125s",
          "focalLength": "28mm",
          "make": "Leica",
          "model": "M11",
          "lensModel": "Summicron-M 28mm f/2 ASPH",
          "dateTimeOriginal": "2023:10:15 06:45:10"
        },
        "category": "Urban Intersection / Historic District",
        "locationContext": "Piazza Navona",
        "validation": {
          "distanceFromCenter": 109.33594078907448,
          "isOutlier": false,
          "computedScore": 85,
          "issues": [
            "Entorno botánico genérico"
          ],
          "h3Index": "891e8050523ffff"
        },
        "h3Index": "891e8050523ffff",
        "geocodingScore": 85,
        "isAnchor": true
      }
    },
    {
      "type": "Feature",
      "geometry": {
        "type": "Point",
        "coordinates": [
          12.473082,
          41.898982
        ]
      },
      "properties": {
        "id": "REF-0061",
        "coordinates": {
          "lat": 41.898982,
          "lng": 12.473082,
          "corner": "Center Plaza - Fontana dei Quattro Fiumi"
        },
        "timestamp": "2023-10-14T11:42:15Z",
        "lighting": {
          "sunPosition": "SE at 42 deg elevation",
          "shadowDirection": "NW",
          "shadowLength": "1.1m",
          "description": "Harsh morning sunlight casting sharp diagonal shadows from the central obelisk across sampietrini pavers."
        },
        "microPhysiognomy": {
          "aerialCables": "None visible; underground municipal grid",
          "shutterStyle": "Traditional Roman wooden louvred shutters in warm ochre",
          "treeType": "Potted Nerium oleander at cafe boundaries",
          "graffiti": "Clean restored travertine; zero visible tags",
          "terrain": "Paved basalt cobblestones (sampietrini) with travertine fountain curb",
          "urbanElements": {
            "furniture": "Wrought iron outdoor dining seating, brass barrier posts, historic cast-iron streetlamp",
            "vegetationScore": 0.05,
            "architectureStyle": "Italian High Baroque"
          },
          "temporalWindow": "Mid-autumn late morning"
        },
        "ocr": {
          "detectedText": [
            "S.P.Q.R.",
            "FONTANA DEI QUATTRO FIUMI",
            "INNOCENTIVS X PONT MAX"
          ],
          "confidence": 0.98,
          "rapidFuzzScore": 95.5
        },
        "exif": {
          "fStop": "f/8.0",
          "iso": 100,
          "shutterSpeed": "1/500s",
          "focalLength": "35mm",
          "make": "Sony",
          "model": "ILCE-7RM4",
          "lensModel": "FE 35mm F1.4 GM",
          "dateTimeOriginal": "2023:10:14 11:42:15"
        },
        "category": "Historic Landmark / Monument",
        "groundedFromAnchor": "Fontana dei Quattro Fiumi central basin",
        "locationContext": "Piazza Navona",
        "validation": {
          "distanceFromCenter": 0,
          "isOutlier": false,
          "computedScore": 84,
          "issues": [
            "Entorno botánico genérico"
          ],
          "h3Index": "891e8050523ffff"
        },
        "h3Index": "891e8050523ffff",
        "geocodingScore": 84,
        "isAnchor": false
      }
    },
    {
      "type": "Feature",
      "geometry": {
        "type": "Point",
        "coordinates": [
          12.47285,
          41.899015
        ]
      },
      "properties": {
        "id": "REF-0062",
        "coordinates": {
          "lat": 41.899015,
          "lng": 12.47285,
          "corner": "West Edge - Sant'Agnese in Agone Facade"
        },
        "timestamp": "2023-10-14T11:45:00Z",
        "lighting": {
          "sunPosition": "SE at 43 deg elevation",
          "shadowDirection": "NW",
          "shadowLength": "0.8m",
          "description": "Facade partially in self-shadowing due to concave architectural design."
        },
        "microPhysiognomy": {
          "aerialCables": "Facade-mounted discrete cable guides for low-voltage lighting",
          "shutterStyle": "N/A (Church portico and arched windows)",
          "treeType": "None",
          "graffiti": "Minor chalk marking near base step, non-permanent",
          "terrain": "Elevated travertine steps leading to smooth basalt paving",
          "urbanElements": {
            "furniture": "Heavy wrought-iron church gates, bronze entrance handles",
            "vegetationScore": 0,
            "architectureStyle": "Baroque facade by Borromini"
          },
          "temporalWindow": "Mid-autumn late morning"
        },
        "ocr": {
          "detectedText": [
            "D.O.M.",
            "S. AGNESE MARTYRI",
            "S.P.Q.R."
          ],
          "confidence": 0.96,
          "rapidFuzzScore": 92
        },
        "exif": {
          "fStop": "f/5.6",
          "iso": 100,
          "shutterSpeed": "1/800s",
          "focalLength": "24mm",
          "make": "Canon",
          "model": "EOS R5",
          "lensModel": "RF 24-70mm F2.8 L IS USM",
          "dateTimeOriginal": "2023:10:14 11:45:00"
        },
        "category": "Religious Architecture",
        "groundedFromAnchor": "Sant'Agnese in Agone primary portico",
        "locationContext": "Piazza Navona",
        "validation": {
          "distanceFromCenter": 19.54894536416282,
          "isOutlier": false,
          "computedScore": 82,
          "issues": [
            "Entorno botánico genérico"
          ],
          "h3Index": "891e8050523ffff"
        },
        "h3Index": "891e8050523ffff",
        "geocodingScore": 82,
        "isAnchor": false
      }
    },
    {
      "type": "Feature",
      "geometry": {
        "type": "Point",
        "coordinates": [
          12.47312,
          41.89835
        ]
      },
      "properties": {
        "id": "REF-0063",
        "coordinates": {
          "lat": 41.89835,
          "lng": 12.47312,
          "corner": "South End - Fontana del Moro"
        },
        "timestamp": "2023-10-14T11:50:30Z",
        "lighting": {
          "sunPosition": "SE at 44 deg elevation",
          "shadowDirection": "NW",
          "shadowLength": "0.9m",
          "description": "Bright ambient daylight with fountain water spray creating specular reflections."
        },
        "microPhysiognomy": {
          "aerialCables": "Underground routing",
          "shutterStyle": "Terracotta-painted timber shutters on adjacent residential facade",
          "treeType": "None",
          "graffiti": "Clean stone surfaces",
          "terrain": "Irregular sampietrini pitch with drainage channels",
          "urbanElements": {
            "furniture": "Stone perimeter basin guard, historic iron lantern post",
            "vegetationScore": 0.02,
            "architectureStyle": "Giacomo della Porta Baroque sculpture"
          },
          "temporalWindow": "Mid-autumn late morning"
        },
        "ocr": {
          "detectedText": [
            "PIAZZA NAVONA",
            "RIONE VI PARIONE"
          ],
          "confidence": 0.99,
          "rapidFuzzScore": 98
        },
        "exif": {
          "fStop": "f/4.0",
          "iso": 100,
          "shutterSpeed": "1/1250s",
          "focalLength": "50mm",
          "make": "Fujifilm",
          "model": "X-T5",
          "lensModel": "XF 33mm F1.4 R LM WR",
          "dateTimeOriginal": "2023:10:14 11:50:30"
        },
        "category": "Urban Water Feature / Public Square",
        "groundedFromAnchor": "Fontana del Moro southern rim",
        "locationContext": "Piazza Navona",
        "validation": {
          "distanceFromCenter": 70.34553575827482,
          "isOutlier": false,
          "computedScore": 85,
          "issues": [
            "Entorno botánico genérico"
          ],
          "h3Index": "891e8050523ffff"
        },
        "h3Index": "891e8050523ffff",
        "geocodingScore": 85,
        "isAnchor": true
      }
    },
    {
      "type": "Feature",
      "geometry": {
        "type": "Point",
        "coordinates": [
          12.47301,
          41.89961
        ]
      },
      "properties": {
        "id": "REF-0064",
        "coordinates": {
          "lat": 41.89961,
          "lng": 12.47301,
          "corner": "North End - Fontana del Nettuno"
        },
        "timestamp": "2023-10-14T11:55:10Z",
        "lighting": {
          "sunPosition": "SE at 45 deg elevation",
          "shadowDirection": "NW",
          "shadowLength": "0.7m",
          "description": "Direct sun illuminating Triton figures, deep contrast on north-facing pool walls."
        },
        "microPhysiognomy": {
          "aerialCables": "Wall-anchored fiber conduits on far north wall",
          "shutterStyle": "Dark green wooden shutters on upper floors",
          "treeType": "Potted Ficus microcarpa at adjacent gelateria",
          "graffiti": "None",
          "terrain": "Basalt block paving with polished granite edge strips",
          "urbanElements": {
            "furniture": "Unobtrusive metal crowd barriers, historic streetlights",
            "vegetationScore": 0.03,
            "architectureStyle": "Late 19th-century sculptural addition to Baroque basin"
          },
          "temporalWindow": "Mid-autumn midday"
        },
        "ocr": {
          "detectedText": [
            "GELATERIA",
            "DAL ROMANO",
            "NAVONA"
          ],
          "confidence": 0.92,
          "rapidFuzzScore": 89
        },
        "exif": {
          "fStop": "f/2.8",
          "iso": 50,
          "shutterSpeed": "1/2000s",
          "focalLength": "70mm",
          "make": "Nikon",
          "model": "Z7 II",
          "lensModel": "NIKKOR Z 24-70mm f/2.8 S",
          "dateTimeOriginal": "2023:10:14 11:55:10"
        },
        "category": "Urban Sculpture / Public Space",
        "groundedFromAnchor": "Fontana del Nettuno northern basin edge",
        "locationContext": "Piazza Navona",
        "validation": {
          "distanceFromCenter": 70.08421351732508,
          "isOutlier": false,
          "computedScore": 81,
          "issues": [
            "Entorno botánico genérico"
          ],
          "h3Index": "891e8050523ffff"
        },
        "h3Index": "891e8050523ffff",
        "geocodingScore": 81,
        "isAnchor": false
      }
    },
    {
      "type": "Feature",
      "geometry": {
        "type": "Point",
        "coordinates": [
          12.47278,
          41.89875
        ]
      },
      "properties": {
        "id": "REF-0065",
        "coordinates": {
          "lat": 41.89875,
          "lng": 12.47278,
          "corner": "West Side - Palazzo Pamphilj Entrance"
        },
        "timestamp": "2023-10-14T12:01:22Z",
        "lighting": {
          "sunPosition": "S-SE at 46 deg elevation",
          "shadowDirection": "NNW",
          "shadowLength": "0.6m",
          "description": "Strong overhead lighting casting short vertical shadows under portico overhangs."
        },
        "microPhysiognomy": {
          "aerialCables": "None visible; high security enclave facade",
          "shutterStyle": "Symmetrical cream-colored louvred window shutters",
          "treeType": "None",
          "graffiti": "Clean render with protective anti-graffiti coating",
          "terrain": "Refined travertine doorstep merging into basalt piazza floor",
          "urbanElements": {
            "furniture": "Embassy security kiosk, brass flag anchor mounts, velvet rope stanchions",
            "vegetationScore": 0.01,
            "architectureStyle": "17th Century Roman Palace Architecture"
          },
          "temporalWindow": "Mid-autumn noon"
        },
        "ocr": {
          "detectedText": [
            "AMBASCIATA DEL BRASILE",
            "PALAZZO PAMPHILJ"
          ],
          "confidence": 0.97,
          "rapidFuzzScore": 96.2
        },
        "exif": {
          "fStop": "f/5.6",
          "iso": 100,
          "shutterSpeed": "1/640s",
          "focalLength": "28mm",
          "make": "Leica",
          "model": "Q3",
          "lensModel": "Summilux 28mm f/1.7 ASPH",
          "dateTimeOriginal": "2023:10:14 12:01:22"
        },
        "category": "Diplomatic Building / Historic Palace",
        "groundedFromAnchor": "Palazzo Pamphilj main portal",
        "locationContext": "Piazza Navona",
        "validation": {
          "distanceFromCenter": 35.92005448656318,
          "isOutlier": false,
          "computedScore": 84,
          "issues": [
            "Entorno botánico genérico"
          ],
          "h3Index": "891e8050523ffff"
        },
        "h3Index": "891e8050523ffff",
        "geocodingScore": 84,
        "isAnchor": false
      }
    },
    {
      "type": "Feature",
      "geometry": {
        "type": "Point",
        "coordinates": [
          12.47335,
          41.89889
        ]
      },
      "properties": {
        "id": "REF-0066",
        "coordinates": {
          "lat": 41.89889,
          "lng": 12.47335,
          "corner": "East Side - Ristorante Tre Scalini Terrace"
        },
        "timestamp": "2023-10-14T12:10:05Z",
        "lighting": {
          "sunPosition": "S-SE at 47 deg elevation",
          "shadowDirection": "NNW",
          "shadowLength": "0.5m",
          "description": "Dappled sunlight passing through canvas dining awnings."
        },
        "microPhysiognomy": {
          "aerialCables": "Awning motorized cable housing discreetly mounted",
          "shutterStyle": "Classic Roman ochre plaster with timber shutters",
          "treeType": "Large potted Laurus nobilis defining seating boundary",
          "graffiti": "None",
          "terrain": "Paved basalt pavers underneath dining deck",
          "urbanElements": {
            "furniture": "Rattan dining chairs, dark wood tables, red fabric awnings, menu stands",
            "vegetationScore": 0.12,
            "architectureStyle": "Commercial ground floor integrated into Renaissance facade"
          },
          "temporalWindow": "Mid-autumn noon"
        },
        "ocr": {
          "detectedText": [
            "TRE SCALINI",
            "IL TARTUFO",
            "DAL 1946"
          ],
          "confidence": 0.95,
          "rapidFuzzScore": 94
        },
        "exif": {
          "fStop": "f/2.0",
          "iso": 100,
          "shutterSpeed": "1/1600s",
          "focalLength": "50mm",
          "make": "Apple",
          "model": "iPhone 15 Pro",
          "lensModel": "iPhone 15 Pro back main camera",
          "dateTimeOriginal": "2023:10:14 12:10:05"
        },
        "category": "Commercial / Restaurant Terrace",
        "groundedFromAnchor": "Tre Scalini outdoor seating perimeter",
        "locationContext": "Piazza Navona",
        "validation": {
          "distanceFromCenter": 24.4264147773558,
          "isOutlier": false,
          "computedScore": 84,
          "issues": [
            "Entorno botánico genérico"
          ],
          "h3Index": "891e8050523ffff"
        },
        "h3Index": "891e8050523ffff",
        "geocodingScore": 84,
        "isAnchor": false
      }
    },
    {
      "type": "Feature",
      "geometry": {
        "type": "Point",
        "coordinates": [
          12.4727,
          41.89982
        ]
      },
      "properties": {
        "id": "REF-0067",
        "coordinates": {
          "lat": 41.89982,
          "lng": 12.4727,
          "corner": "North-West Exit - Via de' Coronari Junction"
        },
        "timestamp": "2023-10-14T12:18:40Z",
        "lighting": {
          "sunPosition": "S at 48 deg elevation",
          "shadowDirection": "N",
          "shadowLength": "0.5m",
          "description": "Narrow alley corridor creating strong shadow line between sunlit west wall and shaded east wall."
        },
        "microPhysiognomy": {
          "aerialCables": "Visible wall-slung utility cables across high alley archway",
          "shutterStyle": "Weathered green timber shutters",
          "treeType": "None",
          "graffiti": "Small sticker tag on metal utility box",
          "terrain": "Narrow street paved with worn sampietrini",
          "urbanElements": {
            "furniture": "Corner stone guard (carrozzabile), wall-mounted cast iron lantern",
            "vegetationScore": 0.02,
            "architectureStyle": "Medieval/Renaissance narrow street layout"
          },
          "temporalWindow": "Mid-autumn early afternoon"
        },
        "ocr": {
          "detectedText": [
            "VIA DE' CORONARI",
            "RIONE V PONTE"
          ],
          "confidence": 0.99,
          "rapidFuzzScore": 99
        },
        "exif": {
          "fStop": "f/4.0",
          "iso": 200,
          "shutterSpeed": "1/400s",
          "focalLength": "35mm",
          "make": "Sony",
          "model": "ILCE-7M4",
          "lensModel": "FE 24-70mm F2.8 GM II",
          "dateTimeOriginal": "2023:10:14 12:18:40"
        },
        "category": "Street Intersection / Historic Alleyway",
        "groundedFromAnchor": "Via de' Coronari marble street sign",
        "locationContext": "Piazza Navona",
        "validation": {
          "distanceFromCenter": 98.39886323517273,
          "isOutlier": false,
          "computedScore": 85,
          "issues": [
            "Entorno botánico genérico"
          ],
          "h3Index": "891e8050523ffff"
        },
        "h3Index": "891e8050523ffff",
        "geocodingScore": 85,
        "isAnchor": true
      }
    },
    {
      "type": "Feature",
      "geometry": {
        "type": "Point",
        "coordinates": [
          12.47348,
          41.8986
        ]
      },
      "properties": {
        "id": "REF-0068",
        "coordinates": {
          "lat": 41.8986,
          "lng": 12.47348,
          "corner": "East Exit - Via della Cuccagna Junction"
        },
        "timestamp": "2023-10-14T12:25:12Z",
        "lighting": {
          "sunPosition": "S at 48 deg elevation",
          "shadowDirection": "N",
          "shadowLength": "0.4m",
          "description": "Direct sun spilling down street vector into piazza opening."
        },
        "microPhysiognomy": {
          "aerialCables": "Neatly bundled corner telecom wiring",
          "shutterStyle": "Dark brown louvred shutters",
          "treeType": "Potted boxwood hedges",
          "graffiti": "Clean wall surface",
          "terrain": "Standard Roman basalt block pavement",
          "urbanElements": {
            "furniture": "Traffic control bollards, municipal trash bins, pedestrian signposts",
            "vegetationScore": 0.04,
            "architectureStyle": "16th to 18th century residential infill"
          },
          "temporalWindow": "Mid-autumn early afternoon"
        },
        "ocr": {
          "detectedText": [
            "VIA DELLA CUCCAGNA",
            "PARIONE"
          ],
          "confidence": 0.94,
          "rapidFuzzScore": 91.5
        },
        "exif": {
          "fStop": "f/8.0",
          "iso": 100,
          "shutterSpeed": "1/320s",
          "focalLength": "18mm",
          "make": "Fujifilm",
          "model": "X100V",
          "lensModel": "23mm F2.0",
          "dateTimeOriginal": "2023:10:14 12:25:12"
        },
        "category": "Pedestrian Street Access",
        "groundedFromAnchor": "Via della Cuccagna corner building facade",
        "locationContext": "Piazza Navona",
        "validation": {
          "distanceFromCenter": 53.752493341621744,
          "isOutlier": false,
          "computedScore": 82,
          "issues": [
            "Entorno botánico genérico"
          ],
          "h3Index": "891e8050523ffff"
        },
        "h3Index": "891e8050523ffff",
        "geocodingScore": 82,
        "isAnchor": false
      }
    },
    {
      "type": "Feature",
      "geometry": {
        "type": "Point",
        "coordinates": [
          12.47255,
          41.8992
        ]
      },
      "properties": {
        "id": "REF-0069",
        "coordinates": {
          "lat": 41.8992,
          "lng": 12.47255,
          "corner": "West Exit - Corsia Agonale Junction"
        },
        "timestamp": "2023-10-14T12:30:00Z",
        "lighting": {
          "sunPosition": "S at 48 deg elevation",
          "shadowDirection": "N",
          "shadowLength": "0.4m",
          "description": "High noon lighting overhead, bright exposure across western pavement."
        },
        "microPhysiognomy": {
          "aerialCables": "Sub-surface infrastructure only",
          "shutterStyle": "Standard Roman shutters in terracotta red",
          "treeType": "None",
          "graffiti": "Faded marker tag on corner rain downspout",
          "terrain": "Sampietrini transition to smooth asphalt access lane",
          "urbanElements": {
            "furniture": "Hydraulic security bollard system, official vehicle parking signage",
            "vegetationScore": 0.01,
            "architectureStyle": "Baroque civic street design"
          },
          "temporalWindow": "Mid-autumn solar noon"
        },
        "ocr": {
          "detectedText": [
            "CORSIA AGONALE",
            "ZTL AREE PEDONALI"
          ],
          "confidence": 0.93,
          "rapidFuzzScore": 88.7
        },
        "exif": {
          "fStop": "f/5.6",
          "iso": 100,
          "shutterSpeed": "1/1000s",
          "focalLength": "24mm",
          "make": "Panasonic",
          "model": "DC-S5M2",
          "lensModel": "LUMIX S 24-105mm F4 MACRO O.I.S.",
          "dateTimeOriginal": "2023:10:14 12:30:00"
        },
        "category": "Controlled Access / Urban Junction",
        "groundedFromAnchor": "Corsia Agonale ZTL boundary post",
        "locationContext": "Piazza Navona",
        "validation": {
          "distanceFromCenter": 50.262526104055446,
          "isOutlier": false,
          "computedScore": 81,
          "issues": [
            "Entorno botánico genérico"
          ],
          "h3Index": "891e8050523ffff"
        },
        "h3Index": "891e8050523ffff",
        "geocodingScore": 81,
        "isAnchor": false
      }
    },
    {
      "type": "Feature",
      "geometry": {
        "type": "Point",
        "coordinates": [
          12.4733,
          41.89815
        ]
      },
      "properties": {
        "id": "REF-0070",
        "coordinates": {
          "lat": 41.89815,
          "lng": 12.4733,
          "corner": "South-East Exit - Via de' Canestrari Junction"
        },
        "timestamp": "2023-10-14T12:35:45Z",
        "lighting": {
          "sunPosition": "S at 47 deg elevation",
          "shadowDirection": "N-NNW",
          "shadowLength": "0.5m",
          "description": "Warm ambient light bouncing off surrounding yellow ochre stucco walls."
        },
        "microPhysiognomy": {
          "aerialCables": "Discreet facade wire mounts for holiday lighting grid",
          "shutterStyle": "Dark painted timber shutters",
          "treeType": "Potted ivy near souvenir kiosk",
          "graffiti": "None",
          "terrain": "Basalt block surface with polished stone guttering",
          "urbanElements": {
            "furniture": "Rotary souvenir display racks, metal street lamp, cast iron bench",
            "vegetationScore": 0.05,
            "architectureStyle": "Traditional Roman historic masonry"
          },
          "temporalWindow": "Mid-autumn early afternoon"
        },
        "ocr": {
          "detectedText": [
            "VIA DE' CANESTRARI",
            "SOUVENIRS",
            "ROMA"
          ],
          "confidence": 0.91,
          "rapidFuzzScore": 87
        },
        "exif": {
          "fStop": "f/2.8",
          "iso": 100,
          "shutterSpeed": "1/1250s",
          "focalLength": "40mm",
          "make": "Ricoh",
          "model": "GR III",
          "lensModel": "18.3mm F2.8",
          "dateTimeOriginal": "2023:10:14 12:35:45"
        },
        "category": "Commercial Pedestrian Corner",
        "groundedFromAnchor": "Via de' Canestrari entry point",
        "locationContext": "Piazza Navona",
        "validation": {
          "distanceFromCenter": 94.2571960106498,
          "isOutlier": false,
          "computedScore": 81,
          "issues": [
            "Entorno botánico genérico"
          ],
          "h3Index": "891e8050523ffff"
        },
        "h3Index": "891e8050523ffff",
        "geocodingScore": 81,
        "isAnchor": false
      }
    },
    {
      "type": "Feature",
      "geometry": {
        "type": "Point",
        "coordinates": [
          12.492217316010153,
          41.8901113800729
        ]
      },
      "properties": {
        "id": "REF-0071",
        "coordinates": {
          "lat": 41.8901113800729,
          "lng": 12.492217316010153,
          "corner": "NW"
        },
        "timestamp": "2023-05-14T08:15:30Z",
        "lighting": {
          "sunPosition": "Low East",
          "shadowDirection": "West",
          "shadowLength": "Long",
          "description": "Early morning golden hour lighting with long stretched shadows across the cobblestones."
        },
        "microPhysiognomy": {
          "aerialCables": "None visible",
          "shutterStyle": "None",
          "treeType": "Pinus pinea (Stone Pine)",
          "graffiti": "Minimal tagging on a metal utility box",
          "terrain": "Sampietrini (traditional basalt cobblestones)",
          "urbanElements": {
            "furniture": "Cast iron bollards and tourist wayfinding signs",
            "vegetationScore": 0.3,
            "architectureStyle": "Classical Roman Antiquity"
          },
          "temporalWindow": "Morning"
        },
        "ocr": {
          "detectedText": [
            "Piazza del Colosseo",
            "Ticket Office",
            "GELATO"
          ],
          "confidence": 0.92,
          "rapidFuzzScore": 89.5
        },
        "exif": {
          "fStop": "f/8.0",
          "iso": 100,
          "shutterSpeed": "1/250s",
          "focalLength": "35mm",
          "make": "Canon",
          "model": "EOS 5D Mark IV",
          "lensModel": "EF35mm f/1.4L II USM",
          "dateTimeOriginal": "2023-05-14T08:15:30Z"
        },
        "category": "Historical Site",
        "groundedFromAnchor": "Colosseo",
        "locationContext": "Roma",
        "validation": {
          "distanceFromCenter": 1450.3015571289436,
          "isOutlier": true,
          "computedScore": 85,
          "issues": [
            "Anomalía Geográfica (Desvío de 1450m)"
          ],
          "h3Index": "891e8050cd3ffff"
        },
        "h3Index": "891e8050cd3ffff",
        "geocodingScore": 85,
        "isAnchor": true
      }
    },
    {
      "type": "Feature",
      "geometry": {
        "type": "Point",
        "coordinates": [
          12.476854715366445,
          41.89898670176409
        ]
      },
      "properties": {
        "id": "REF-0072",
        "coordinates": {
          "lat": 41.89898670176409,
          "lng": 12.476854715366445,
          "corner": "SE"
        },
        "timestamp": "2023-06-22T13:45:10Z",
        "lighting": {
          "sunPosition": "Zenith",
          "shadowDirection": "Directly underneath",
          "shadowLength": "Very Short",
          "description": "Harsh midday overhead sunlight creating deep contrasts in the portico."
        },
        "microPhysiognomy": {
          "aerialCables": "Rare, attached to building facades",
          "shutterStyle": "Green wooden persiane (louvers)",
          "treeType": "None",
          "graffiti": "Clean facades",
          "terrain": "Paved stone blocks",
          "urbanElements": {
            "furniture": "Outdoor cafe seating (dehors), trash receptacles",
            "vegetationScore": 0.1,
            "architectureStyle": "Classical Monumental / Renaissance"
          },
          "temporalWindow": "Midday"
        },
        "ocr": {
          "detectedText": [
            "Piazza della Rotonda",
            "Caffe Tazza d'Oro",
            "M.AGRIPPA.L.F.COS.TERTIUM.FECIT"
          ],
          "confidence": 0.88,
          "rapidFuzzScore": 95.2
        },
        "exif": {
          "fStop": "f/11.0",
          "iso": 200,
          "shutterSpeed": "1/500s",
          "focalLength": "24mm",
          "make": "Sony",
          "model": "ILCE-7RM3",
          "lensModel": "FE 24-70mm F2.8 GM",
          "dateTimeOriginal": "2023-06-22T13:45:10Z"
        },
        "category": "Monument",
        "groundedFromAnchor": "Pantheon",
        "locationContext": "Roma",
        "validation": {
          "distanceFromCenter": 1669.040234796813,
          "isOutlier": true,
          "computedScore": 85,
          "issues": [
            "Entorno botánico genérico",
            "Anomalía Geográfica (Desvío de 1669m)"
          ],
          "h3Index": "891e8050527ffff"
        },
        "h3Index": "891e8050527ffff",
        "geocodingScore": 85,
        "isAnchor": true
      }
    },
    {
      "type": "Feature",
      "geometry": {
        "type": "Point",
        "coordinates": [
          12.482913229775667,
          41.9005481851748
        ]
      },
      "properties": {
        "id": "REF-0073",
        "coordinates": {
          "lat": 41.9005481851748,
          "lng": 12.482913229775667,
          "corner": "NE"
        },
        "timestamp": "2023-04-10T16:20:00Z",
        "lighting": {
          "sunPosition": "Mid-Low West",
          "shadowDirection": "East",
          "shadowLength": "Medium",
          "description": "Soft afternoon light filtering through narrow surrounding alleys onto the white marble."
        },
        "microPhysiognomy": {
          "aerialCables": "Sparse communication wires between buildings",
          "shutterStyle": "Dark brown solid shutters",
          "treeType": "None",
          "graffiti": "None",
          "terrain": "Smooth worn cobblestone",
          "urbanElements": {
            "furniture": "Metal crowd control barriers, ornate street lamps",
            "vegetationScore": 0,
            "architectureStyle": "Late Baroque"
          },
          "temporalWindow": "Late Afternoon"
        },
        "ocr": {
          "detectedText": [
            "Via delle Muratte",
            "POLIZIA ROMA CAPITALE",
            "Gelateria Valentino"
          ],
          "confidence": 0.94,
          "rapidFuzzScore": 91
        },
        "exif": {
          "fStop": "f/5.6",
          "iso": 400,
          "shutterSpeed": "1/125s",
          "focalLength": "50mm",
          "make": "Nikon",
          "model": "Z6",
          "lensModel": "NIKKOR Z 50mm f/1.8 S",
          "dateTimeOriginal": "2023-04-10T16:20:00Z"
        },
        "category": "Tourist Attraction",
        "groundedFromAnchor": "Fontana di Trevi",
        "locationContext": "Roma",
        "validation": {
          "distanceFromCenter": 1140.738359461351,
          "isOutlier": true,
          "computedScore": 81,
          "issues": [
            "Entorno botánico genérico",
            "Anomalía Geográfica (Desvío de 1141m)"
          ],
          "h3Index": "891e8052a57ffff"
        },
        "h3Index": "891e8052a57ffff",
        "geocodingScore": 81,
        "isAnchor": false
      }
    },
    {
      "type": "Feature",
      "geometry": {
        "type": "Point",
        "coordinates": [
          12.485328974579284,
          41.89215805078092
        ]
      },
      "properties": {
        "id": "REF-0074",
        "coordinates": {
          "lat": 41.89215805078092,
          "lng": 12.485328974579284,
          "corner": "SW"
        },
        "timestamp": "2023-09-05T17:45:15Z",
        "lighting": {
          "sunPosition": "Low West",
          "shadowDirection": "East",
          "shadowLength": "Long",
          "description": "Warm late afternoon sun illuminating ancient brickwork, creating deep texture."
        },
        "microPhysiognomy": {
          "aerialCables": "None",
          "shutterStyle": "None",
          "treeType": "Mediterranean Cypress",
          "graffiti": "None",
          "terrain": "Compacted dirt paths and uneven ancient stones",
          "urbanElements": {
            "furniture": "Informational plaques, low wooden fencing",
            "vegetationScore": 0.6,
            "architectureStyle": "Ancient Roman Ruins"
          },
          "temporalWindow": "Evening"
        },
        "ocr": {
          "detectedText": [
            "Via dei Fori Imperiali",
            "Vietato oltrepassare",
            "S.P.Q.R."
          ],
          "confidence": 0.87,
          "rapidFuzzScore": 84.3
        },
        "exif": {
          "fStop": "f/16.0",
          "iso": 100,
          "shutterSpeed": "1/60s",
          "focalLength": "16mm",
          "make": "Fujifilm",
          "model": "X-T4",
          "lensModel": "XF10-24mmF4 R OIS WR",
          "dateTimeOriginal": "2023-09-05T17:45:15Z"
        },
        "category": "Archaeological Site",
        "groundedFromAnchor": "Foro Romano",
        "locationContext": "Roma",
        "validation": {
          "distanceFromCenter": 1493.4326762203257,
          "isOutlier": true,
          "computedScore": 88,
          "issues": [
            "Anomalía Geográfica (Desvío de 1493m)"
          ],
          "h3Index": "891e80501b3ffff"
        },
        "h3Index": "891e80501b3ffff",
        "geocodingScore": 88,
        "isAnchor": true
      }
    },
    {
      "type": "Feature",
      "geometry": {
        "type": "Point",
        "coordinates": [
          12.473414770094953,
          41.8995201422094
        ]
      },
      "properties": {
        "id": "REF-0075",
        "coordinates": {
          "lat": 41.8995201422094,
          "lng": 12.473414770094953,
          "corner": "NW"
        },
        "timestamp": "2023-11-02T19:30:45Z",
        "lighting": {
          "sunPosition": "Below Horizon",
          "shadowDirection": "Multiple",
          "shadowLength": "Diffused",
          "description": "Blue hour twilight mixed with warm yellow artificial glow from historical lampposts."
        },
        "microPhysiognomy": {
          "aerialCables": "None",
          "shutterStyle": "Faded green persiane",
          "treeType": "None",
          "graffiti": "Small sticker bombing on a drainpipe",
          "terrain": "Sampietrini",
          "urbanElements": {
            "furniture": "Fountain basin, wrought iron benches, restaurant easels",
            "vegetationScore": 0.1,
            "architectureStyle": "Baroque"
          },
          "temporalWindow": "Night"
        },
        "ocr": {
          "detectedText": [
            "Ristorante Tre Scalini",
            "Tartufo",
            "Piazza Navona"
          ],
          "confidence": 0.96,
          "rapidFuzzScore": 98.1
        },
        "exif": {
          "fStop": "f/1.7",
          "iso": 1600,
          "shutterSpeed": "1/30s",
          "focalLength": "28mm",
          "make": "Leica",
          "model": "Q2",
          "lensModel": "Summilux 28mm f/1.7 ASPH",
          "dateTimeOriginal": "2023-11-02T19:30:45Z"
        },
        "category": "Public Square",
        "groundedFromAnchor": "Piazza Navona",
        "locationContext": "Roma",
        "validation": {
          "distanceFromCenter": 1933.802702006865,
          "isOutlier": true,
          "computedScore": 86,
          "issues": [
            "Entorno botánico genérico",
            "Anomalía Geográfica (Desvío de 1934m)"
          ],
          "h3Index": "891e8050523ffff"
        },
        "h3Index": "891e8050523ffff",
        "geocodingScore": 86,
        "isAnchor": true
      }
    },
    {
      "type": "Feature",
      "geometry": {
        "type": "Point",
        "coordinates": [
          12.465929804483666,
          41.90302726020443
        ]
      },
      "properties": {
        "id": "REF-0076",
        "coordinates": {
          "lat": 41.90302726020443,
          "lng": 12.465929804483666,
          "corner": "SE"
        },
        "timestamp": "2023-03-25T07:10:00Z",
        "lighting": {
          "sunPosition": "Low East",
          "shadowDirection": "West",
          "shadowLength": "Long",
          "description": "Crisp dawn light casting dramatic shadows from the bridge statues across the Tiber river."
        },
        "microPhysiognomy": {
          "aerialCables": "None",
          "shutterStyle": "None",
          "treeType": "Platanus (Plane trees) along the riverbanks",
          "graffiti": "Faded tags on the lower river embankments",
          "terrain": "Travertine paving on bridge, asphalt on roads",
          "urbanElements": {
            "furniture": "Stone balustrades, classical statues, street lamps",
            "vegetationScore": 0.4,
            "architectureStyle": "Medieval / Renaissance Castle"
          },
          "temporalWindow": "Morning"
        },
        "ocr": {
          "detectedText": [
            "Lungotevere Castello",
            "Museo Nazionale di Castel Sant'Angelo",
            "Biglietteria"
          ],
          "confidence": 0.91,
          "rapidFuzzScore": 87.4
        },
        "exif": {
          "fStop": "f/8.0",
          "iso": 100,
          "shutterSpeed": "1/400s",
          "focalLength": "24mm",
          "make": "Canon",
          "model": "EOS R5",
          "lensModel": "RF24-70mm F2.8 L IS USM",
          "dateTimeOriginal": "2023-03-25T07:10:00Z"
        },
        "category": "Castle",
        "groundedFromAnchor": "Castel Sant'Angelo",
        "locationContext": "Roma",
        "validation": {
          "distanceFromCenter": 2519.0009986975933,
          "isOutlier": true,
          "computedScore": 86,
          "issues": [
            "Anomalía Geográfica (Desvío de 2519m)"
          ],
          "h3Index": "891e80505abffff"
        },
        "h3Index": "891e80505abffff",
        "geocodingScore": 86,
        "isAnchor": true
      }
    },
    {
      "type": "Feature",
      "geometry": {
        "type": "Point",
        "coordinates": [
          12.491953709797599,
          41.88996450279718
        ]
      },
      "properties": {
        "id": "REF-0077",
        "coordinates": {
          "lat": 41.88996450279718,
          "lng": 12.491953709797599,
          "corner": "NE"
        },
        "timestamp": "2023-05-14T10:05:22Z",
        "lighting": {
          "sunPosition": "Mid East",
          "shadowDirection": "Northwest",
          "shadowLength": "Medium",
          "description": "Bright mid-morning light reflecting off modern paving and brick ruins."
        },
        "microPhysiognomy": {
          "aerialCables": "Overhead tram wires visible in the distance",
          "shutterStyle": "None",
          "treeType": "Oleander bushes",
          "graffiti": "Marker scribbles on the metro station signage",
          "terrain": "Modern asphalt mixed with restored cobblestones",
          "urbanElements": {
            "furniture": "Metro entrance gates, newspaper kiosks (edicola), water fountain (nasoni)",
            "vegetationScore": 0.2,
            "architectureStyle": "Modern Infrastructure / Classical"
          },
          "temporalWindow": "Morning"
        },
        "ocr": {
          "detectedText": [
            "Fermata Colosseo",
            "Metro B",
            "Acqua fredda 1 EUR"
          ],
          "confidence": 0.89,
          "rapidFuzzScore": 82.9
        },
        "exif": {
          "fStop": "f/1.8",
          "iso": 50,
          "shutterSpeed": "1/1200s",
          "focalLength": "24mm",
          "make": "Apple",
          "model": "iPhone 14 Pro",
          "lensModel": "Main Camera 24mm f/1.78",
          "dateTimeOriginal": "2023-05-14T10:05:22Z"
        },
        "category": "Historical Site",
        "groundedFromAnchor": "Colosseo",
        "locationContext": "Roma",
        "validation": {
          "distanceFromCenter": 1471.4366454554847,
          "isOutlier": true,
          "computedScore": 81,
          "issues": [
            "Anomalía Geográfica (Desvío de 1471m)"
          ],
          "h3Index": "891e80501a7ffff"
        },
        "h3Index": "891e80501a7ffff",
        "geocodingScore": 81,
        "isAnchor": false
      }
    },
    {
      "type": "Feature",
      "geometry": {
        "type": "Point",
        "coordinates": [
          12.476905243604449,
          41.89837102837016
        ]
      },
      "properties": {
        "id": "REF-0078",
        "coordinates": {
          "lat": 41.89837102837016,
          "lng": 12.476905243604449,
          "corner": "NW"
        },
        "timestamp": "2023-06-22T19:55:00Z",
        "lighting": {
          "sunPosition": "Setting West",
          "shadowDirection": "East",
          "shadowLength": "Very Long",
          "description": "Warm ambient light of sunset bouncing off ochre plastered walls in a narrow street."
        },
        "microPhysiognomy": {
          "aerialCables": "Thick black power lines strung between upper floors",
          "shutterStyle": "Brown wooden shutters, partially open",
          "treeType": "Potted plants only",
          "graffiti": "Spray paint tag on a rolling shop shutter",
          "terrain": "Worn cobblestones with visible mortar decay",
          "urbanElements": {
            "furniture": "Canvas awnings, sidewalk menu boards",
            "vegetationScore": 0.05,
            "architectureStyle": "Traditional Roman Vernacular"
          },
          "temporalWindow": "Evening"
        },
        "ocr": {
          "detectedText": [
            "Via dei Pastini",
            "Osteria",
            "Menu Turistico 15 EUR"
          ],
          "confidence": 0.93,
          "rapidFuzzScore": 94
        },
        "exif": {
          "fStop": "f/4.0",
          "iso": 800,
          "shutterSpeed": "1/60s",
          "focalLength": "35mm",
          "make": "Sony",
          "model": "DSC-RX100M7",
          "lensModel": "Zeiss Vario-Sonnar T* 24-200mm",
          "dateTimeOriginal": "2023-06-22T19:55:00Z"
        },
        "category": "Monument",
        "groundedFromAnchor": "Pantheon",
        "locationContext": "Roma",
        "validation": {
          "distanceFromCenter": 1683.6640108671945,
          "isOutlier": true,
          "computedScore": 83,
          "issues": [
            "Entorno botánico genérico",
            "Anomalía Geográfica (Desvío de 1684m)"
          ],
          "h3Index": "891e8050527ffff"
        },
        "h3Index": "891e8050527ffff",
        "geocodingScore": 83,
        "isAnchor": false
      }
    },
    {
      "type": "Feature",
      "geometry": {
        "type": "Point",
        "coordinates": [
          12.483114723407569,
          41.90067910661801
        ]
      },
      "properties": {
        "id": "REF-0079",
        "coordinates": {
          "lat": 41.90067910661801,
          "lng": 12.483114723407569,
          "corner": "SW"
        },
        "timestamp": "2023-12-15T21:10:33Z",
        "lighting": {
          "sunPosition": "Below Horizon",
          "shadowDirection": "Radial",
          "shadowLength": "Variable",
          "description": "Dramatic LED spotlighting illuminating the fountain sculptures against the night sky."
        },
        "microPhysiognomy": {
          "aerialCables": "None",
          "shutterStyle": "Closed persiane",
          "treeType": "None",
          "graffiti": "None",
          "terrain": "Wet cobblestones from fountain spray",
          "urbanElements": {
            "furniture": "Heavy iron grating over drains, coin collection ledges",
            "vegetationScore": 0,
            "architectureStyle": "High Baroque"
          },
          "temporalWindow": "Night"
        },
        "ocr": {
          "detectedText": [
            "Piazza di Trevi",
            "Cambio/Exchange",
            "Souvenirs"
          ],
          "confidence": 0.95,
          "rapidFuzzScore": 88.2
        },
        "exif": {
          "fStop": "f/2.8",
          "iso": 3200,
          "shutterSpeed": "1/40s",
          "focalLength": "24mm",
          "make": "Nikon",
          "model": "D850",
          "lensModel": "AF-S NIKKOR 24-70mm f/2.8E ED VR",
          "dateTimeOriginal": "2023-12-15T21:10:33Z"
        },
        "category": "Tourist Attraction",
        "groundedFromAnchor": "Fontana di Trevi",
        "locationContext": "Roma",
        "validation": {
          "distanceFromCenter": 1121.33987001551,
          "isOutlier": true,
          "computedScore": 80,
          "issues": [
            "Entorno botánico genérico",
            "Anomalía Geográfica (Desvío de 1121m)"
          ],
          "h3Index": "891e8052a57ffff"
        },
        "h3Index": "891e8052a57ffff",
        "geocodingScore": 80,
        "isAnchor": false
      }
    },
    {
      "type": "Feature",
      "geometry": {
        "type": "Point",
        "coordinates": [
          12.485635129436426,
          41.89276439398801
        ]
      },
      "properties": {
        "id": "REF-0080",
        "coordinates": {
          "lat": 41.89276439398801,
          "lng": 12.485635129436426,
          "corner": "NE"
        },
        "timestamp": "2023-09-06T12:05:40Z",
        "lighting": {
          "sunPosition": "Zenith",
          "shadowDirection": "Directly underneath",
          "shadowLength": "Very Short",
          "description": "High-contrast sunlight baking the exposed stone, casting deep black shadows in crevices."
        },
        "microPhysiognomy": {
          "aerialCables": "None",
          "shutterStyle": "None",
          "treeType": "Olive trees and sparse dry grass",
          "graffiti": "None",
          "terrain": "Dusty gravel and scattered ancient paving stones",
          "urbanElements": {
            "furniture": "Iron viewing fences, informative steles",
            "vegetationScore": 0.5,
            "architectureStyle": "Ancient Roman Ruins"
          },
          "temporalWindow": "Midday"
        },
        "ocr": {
          "detectedText": [
            "Belvedere",
            "Tempio di Saturno",
            "Uscita / Exit"
          ],
          "confidence": 0.85,
          "rapidFuzzScore": 91.5
        },
        "exif": {
          "fStop": "f/8.0",
          "iso": 200,
          "shutterSpeed": "1/1000s",
          "focalLength": "12mm",
          "make": "Panasonic",
          "model": "DC-GH5",
          "lensModel": "LUMIX G LEICA DG SUMMILUX 12mm f/1.4",
          "dateTimeOriginal": "2023-09-06T12:05:40Z"
        },
        "category": "Archaeological Site",
        "groundedFromAnchor": "Foro Romano",
        "locationContext": "Roma",
        "validation": {
          "distanceFromCenter": 1424.7490913732988,
          "isOutlier": true,
          "computedScore": 89,
          "issues": [
            "Anomalía Geográfica (Desvío de 1425m)"
          ],
          "h3Index": "891e8052a4fffff"
        },
        "h3Index": "891e8052a4fffff",
        "geocodingScore": 89,
        "isAnchor": true
      }
    },
    {
      "type": "Feature",
      "geometry": {
        "type": "Point",
        "coordinates": [
          12.492587248576553,
          41.89059858737085
        ]
      },
      "properties": {
        "id": "REF-0081",
        "coordinates": {
          "lat": 41.89059858737085,
          "lng": 12.492587248576553,
          "corner": "NW"
        },
        "timestamp": "2023-05-12T08:30:00Z",
        "lighting": {
          "sunPosition": "Low in the East",
          "shadowDirection": "West",
          "shadowLength": "Long",
          "description": "Morning golden hour with soft directional sunlight highlighting the travertine blocks."
        },
        "microPhysiognomy": {
          "aerialCables": "None visible, underground routing",
          "shutterStyle": "None on ancient structures, surrounding modern buildings feature dark green persiane",
          "treeType": "Pinus pinea (Stone Pine)",
          "graffiti": "Minimal tagging on modern utility box nearby",
          "terrain": "Sampietrini cobblestones intermixed with modern asphalt patches",
          "urbanElements": {
            "furniture": "Cast iron nasoni drinking fountains and heavy stone bollards",
            "vegetationScore": 3,
            "architectureStyle": "Roman Antiquity"
          },
          "temporalWindow": "Late Spring 2023"
        },
        "ocr": {
          "detectedText": [
            "Piazza del Colosseo",
            "TICKET OFFICE",
            "GELATO ARTIGIANALE"
          ],
          "confidence": 0.92,
          "rapidFuzzScore": 88
        },
        "exif": {
          "fStop": "f/8.0",
          "iso": 100,
          "shutterSpeed": "1/400s",
          "focalLength": "24mm",
          "make": "Sony",
          "model": "ILCE-7RM4",
          "lensModel": "FE 24-70mm F2.8 GM",
          "dateTimeOriginal": "2023-05-12T08:30:00Z"
        },
        "category": "Historical Site",
        "groundedFromAnchor": "Colosseo",
        "locationContext": "Roma",
        "validation": {
          "distanceFromCenter": 1390.5207340903207,
          "isOutlier": true,
          "computedScore": 125,
          "issues": [
            "Anomalía Geográfica (Desvío de 1391m)"
          ],
          "h3Index": "891e8052a6bffff"
        },
        "h3Index": "891e8052a6bffff",
        "geocodingScore": 125,
        "isAnchor": true
      }
    },
    {
      "type": "Feature",
      "geometry": {
        "type": "Point",
        "coordinates": [
          12.476532051579506,
          41.8989508656097
        ]
      },
      "properties": {
        "id": "REF-0082",
        "coordinates": {
          "lat": 41.8989508656097,
          "lng": 12.476532051579506,
          "corner": "SE"
        },
        "timestamp": "2023-06-15T12:00:00Z",
        "lighting": {
          "sunPosition": "Zenith",
          "shadowDirection": "Directly below objects",
          "shadowLength": "Minimal",
          "description": "Harsh midday lighting washing out the piazza, deep shadows inside the portico."
        },
        "microPhysiognomy": {
          "aerialCables": "Rare, isolated wires spanning alleyways",
          "shutterStyle": "Weathered wooden louvers (persiane) on ochre facades",
          "treeType": "None in immediate square",
          "graffiti": "Absent due to heavy municipal cleaning",
          "terrain": "Smooth worn sampietrini",
          "urbanElements": {
            "furniture": "Outdoor cafe seating, metallic trash bins, central obelisk fountain",
            "vegetationScore": 1,
            "architectureStyle": "Classical Roman and Renaissance"
          },
          "temporalWindow": "Summer 2023"
        },
        "ocr": {
          "detectedText": [
            "Piazza della Rotonda",
            "Caffè Tazza d'Oro",
            "Polizia di Roma Capitale"
          ],
          "confidence": 0.89,
          "rapidFuzzScore": 95
        },
        "exif": {
          "fStop": "f/11.0",
          "iso": 100,
          "shutterSpeed": "1/500s",
          "focalLength": "16mm",
          "make": "Nikon",
          "model": "Z7 II",
          "lensModel": "NIKKOR Z 14-30mm f/4 S",
          "dateTimeOriginal": "2023-06-15T12:00:00Z"
        },
        "category": "Monument",
        "groundedFromAnchor": "Pantheon",
        "locationContext": "Roma",
        "validation": {
          "distanceFromCenter": 1695.887134198558,
          "isOutlier": true,
          "computedScore": 98,
          "issues": [
            "Anomalía Geográfica (Desvío de 1696m)"
          ],
          "h3Index": "891e8050527ffff"
        },
        "h3Index": "891e8050527ffff",
        "geocodingScore": 98,
        "isAnchor": true
      }
    },
    {
      "type": "Feature",
      "geometry": {
        "type": "Point",
        "coordinates": [
          12.483311785705112,
          41.90054833728151
        ]
      },
      "properties": {
        "id": "REF-0083",
        "coordinates": {
          "lat": 41.90054833728151,
          "lng": 12.483311785705112,
          "corner": "SW"
        },
        "timestamp": "2023-09-02T16:45:00Z",
        "lighting": {
          "sunPosition": "Mid-altitude West",
          "shadowDirection": "East",
          "shadowLength": "Medium",
          "description": "Late afternoon sun bouncing off adjacent ochre buildings, illuminating the fountain statues softly."
        },
        "microPhysiognomy": {
          "aerialCables": "Discreetly pinned to building edges",
          "shutterStyle": "Dark brown wooden shutters",
          "treeType": "Potted plants on balconies only",
          "graffiti": "None visible",
          "terrain": "Wet granite slabs and cobblestones",
          "urbanElements": {
            "furniture": "Iron barriers for crowd control, scattered coin grates",
            "vegetationScore": 2,
            "architectureStyle": "Baroque"
          },
          "temporalWindow": "Early Autumn 2023"
        },
        "ocr": {
          "detectedText": [
            "Piazza di Trevi",
            "GELATERIA",
            "CAMBIO VALUTA"
          ],
          "confidence": 0.95,
          "rapidFuzzScore": 91
        },
        "exif": {
          "fStop": "f/5.6",
          "iso": 200,
          "shutterSpeed": "1/250s",
          "focalLength": "35mm",
          "make": "Canon",
          "model": "EOS R5",
          "lensModel": "RF 24-105mm F4 L IS USM",
          "dateTimeOriginal": "2023-09-02T16:45:00Z"
        },
        "category": "Tourist Attraction",
        "groundedFromAnchor": "Fontana di Trevi",
        "locationContext": "Roma",
        "validation": {
          "distanceFromCenter": 1108.5652973489898,
          "isOutlier": true,
          "computedScore": 111,
          "issues": [
            "Anomalía Geográfica (Desvío de 1109m)"
          ],
          "h3Index": "891e8052a57ffff"
        },
        "h3Index": "891e8052a57ffff",
        "geocodingScore": 111,
        "isAnchor": true
      }
    },
    {
      "type": "Feature",
      "geometry": {
        "type": "Point",
        "coordinates": [
          12.485314110635146,
          41.89259371677666
        ]
      },
      "properties": {
        "id": "REF-0084",
        "coordinates": {
          "lat": 41.89259371677666,
          "lng": 12.485314110635146,
          "corner": "NE"
        },
        "timestamp": "2023-04-20T18:15:00Z",
        "lighting": {
          "sunPosition": "Low in the West",
          "shadowDirection": "East",
          "shadowLength": "Long",
          "description": "Vibrant golden hour casting warm dramatic light over ruins, emphasizing textual depth in the bricks."
        },
        "microPhysiognomy": {
          "aerialCables": "None",
          "shutterStyle": "N/A",
          "treeType": "Cupressus sempervirens (Mediterranean Cypress) and wild olive shrubs",
          "graffiti": "None",
          "terrain": "Compacted earth, gravel, and ancient basalt paving stones",
          "urbanElements": {
            "furniture": "Informational plaques, discrete metal railings",
            "vegetationScore": 6,
            "architectureStyle": "Roman Antiquity"
          },
          "temporalWindow": "Spring 2023"
        },
        "ocr": {
          "detectedText": [
            "Via dei Fori Imperiali",
            "INGRESSO",
            "Vietato oltrepassare il limite"
          ],
          "confidence": 0.88,
          "rapidFuzzScore": 85
        },
        "exif": {
          "fStop": "f/8.0",
          "iso": 100,
          "shutterSpeed": "1/125s",
          "focalLength": "50mm",
          "make": "Fujifilm",
          "model": "X-T4",
          "lensModel": "XF 35mm f/1.4 R",
          "dateTimeOriginal": "2023-04-20T18:15:00Z"
        },
        "category": "Archaeological Site",
        "groundedFromAnchor": "Foro Romano",
        "locationContext": "Roma",
        "validation": {
          "distanceFromCenter": 1456.179554643775,
          "isOutlier": true,
          "computedScore": 169,
          "issues": [
            "Anomalía Geográfica (Desvío de 1456m)"
          ],
          "h3Index": "891e8052a4fffff"
        },
        "h3Index": "891e8052a4fffff",
        "geocodingScore": 169,
        "isAnchor": true
      }
    },
    {
      "type": "Feature",
      "geometry": {
        "type": "Point",
        "coordinates": [
          12.473152652343638,
          41.89901421895687
        ]
      },
      "properties": {
        "id": "REF-0085",
        "coordinates": {
          "lat": 41.89901421895687,
          "lng": 12.473152652343638,
          "corner": "NW"
        },
        "timestamp": "2023-11-10T14:30:00Z",
        "lighting": {
          "sunPosition": "Diffused behind clouds",
          "shadowDirection": "None",
          "shadowLength": "None",
          "description": "Overcast, providing flat and even lighting reducing contrast across the wide plaza."
        },
        "microPhysiognomy": {
          "aerialCables": "None",
          "shutterStyle": "Faded green and grey shutters on surrounding palazzos",
          "treeType": "None in square",
          "graffiti": "Sticker art on downspouts",
          "terrain": "Large smooth paving stones forming an elliptical track",
          "urbanElements": {
            "furniture": "Elaborate sculptural fountains, wooden terrace enclosures, street artist easels",
            "vegetationScore": 1,
            "architectureStyle": "Baroque"
          },
          "temporalWindow": "Autumn 2023"
        },
        "ocr": {
          "detectedText": [
            "Ristorante Tre Scalini",
            "Tartufo",
            "Sant'Agnese in Agone"
          ],
          "confidence": 0.93,
          "rapidFuzzScore": 92
        },
        "exif": {
          "fStop": "f/4.0",
          "iso": 400,
          "shutterSpeed": "1/1000s",
          "focalLength": "24mm",
          "make": "Sony",
          "model": "ILCE-7M3",
          "lensModel": "FE 24-105mm F4 G OSS",
          "dateTimeOriginal": "2023-11-10T14:30:00Z"
        },
        "category": "Public Square",
        "groundedFromAnchor": "Piazza Navona",
        "locationContext": "Roma",
        "validation": {
          "distanceFromCenter": 1966.3407501243685,
          "isOutlier": true,
          "computedScore": 97,
          "issues": [
            "Anomalía Geográfica (Desvío de 1966m)"
          ],
          "h3Index": "891e8050523ffff"
        },
        "h3Index": "891e8050523ffff",
        "geocodingScore": 97,
        "isAnchor": true
      }
    },
    {
      "type": "Feature",
      "geometry": {
        "type": "Point",
        "coordinates": [
          12.46635511155827,
          41.90314179979807
        ]
      },
      "properties": {
        "id": "REF-0086",
        "coordinates": {
          "lat": 41.90314179979807,
          "lng": 12.46635511155827,
          "corner": "SE"
        },
        "timestamp": "2023-01-25T07:45:00Z",
        "lighting": {
          "sunPosition": "Rising in the East",
          "shadowDirection": "West",
          "shadowLength": "Extremely Long",
          "description": "Cold, misty morning light creating atmospheric perspective along the river and bridge."
        },
        "microPhysiognomy": {
          "aerialCables": "Tram wires visible on nearby main roads, none on bridge",
          "shutterStyle": "Minimal on fortress, standard shutters on nearby hotels",
          "treeType": "Platanus x acerifolia (London Plane trees) lining the riverbank",
          "graffiti": "Tags along the lower stone embankments of the Tiber",
          "terrain": "Travertine paving on the bridge, asphalt on the perimeter roads",
          "urbanElements": {
            "furniture": "Marble angel statues, ornate cast-iron street lamps, stone parapets",
            "vegetationScore": 4,
            "architectureStyle": "Renaissance/Military"
          },
          "temporalWindow": "Winter 2023"
        },
        "ocr": {
          "detectedText": [
            "Lungotevere Castello",
            "Ponte Sant'Angelo",
            "MUSEO NAZIONALE"
          ],
          "confidence": 0.91,
          "rapidFuzzScore": 96
        },
        "exif": {
          "fStop": "f/2.8",
          "iso": 800,
          "shutterSpeed": "1/60s",
          "focalLength": "70mm",
          "make": "Canon",
          "model": "EOS 5D Mark IV",
          "lensModel": "EF 70-200mm f/2.8L IS III USM",
          "dateTimeOriginal": "2023-01-25T07:45:00Z"
        },
        "category": "Castle",
        "groundedFromAnchor": "Castel Sant'Angelo",
        "locationContext": "Roma",
        "validation": {
          "distanceFromCenter": 2483.974100427496,
          "isOutlier": true,
          "computedScore": 143,
          "issues": [
            "Anomalía Geográfica (Desvío de 2484m)"
          ],
          "h3Index": "891e80505abffff"
        },
        "h3Index": "891e80505abffff",
        "geocodingScore": 143,
        "isAnchor": true
      }
    },
    {
      "type": "Feature",
      "geometry": {
        "type": "Point",
        "coordinates": [
          12.49216956878292,
          41.88997666760224
        ]
      },
      "properties": {
        "id": "REF-0087",
        "coordinates": {
          "lat": 41.88997666760224,
          "lng": 12.49216956878292,
          "corner": "SW"
        },
        "timestamp": "2023-05-12T13:15:00Z",
        "lighting": {
          "sunPosition": "High in the South",
          "shadowDirection": "North",
          "shadowLength": "Short",
          "description": "Bright, punchy light emphasizing the contrast between ancient stone and modern transport infrastructure."
        },
        "microPhysiognomy": {
          "aerialCables": "Overhead tram lines intersecting near the metro station",
          "shutterStyle": "N/A",
          "treeType": "Sparse small ornamental trees near station entrance",
          "graffiti": "Extensive tagging on construction hoardings and station walls",
          "terrain": "Asphalt and modern concrete tiles",
          "urbanElements": {
            "furniture": "Metro M signage, bus stops, scaffolding, newsstands",
            "vegetationScore": 2,
            "architectureStyle": "Modern/Utilitarian"
          },
          "temporalWindow": "Late Spring 2023"
        },
        "ocr": {
          "detectedText": [
            "METRO B",
            "Colosseo",
            "Uscita",
            "Edicola"
          ],
          "confidence": 0.98,
          "rapidFuzzScore": 99
        },
        "exif": {
          "fStop": "f/5.6",
          "iso": 100,
          "shutterSpeed": "1/500s",
          "focalLength": "28mm",
          "make": "Panasonic",
          "model": "DC-S5",
          "lensModel": "LUMIX S 20-60mm F3.5-5.6",
          "dateTimeOriginal": "2023-05-12T13:15:00Z"
        },
        "category": "Historical Site",
        "groundedFromAnchor": "Colosseo",
        "locationContext": "Roma",
        "validation": {
          "distanceFromCenter": 1465.790783989497,
          "isOutlier": true,
          "computedScore": 115,
          "issues": [
            "Anomalía Geográfica (Desvío de 1466m)"
          ],
          "h3Index": "891e8050cd3ffff"
        },
        "h3Index": "891e8050cd3ffff",
        "geocodingScore": 115,
        "isAnchor": true
      }
    },
    {
      "type": "Feature",
      "geometry": {
        "type": "Point",
        "coordinates": [
          12.476991055219662,
          41.898252237771906
        ]
      },
      "properties": {
        "id": "REF-0088",
        "coordinates": {
          "lat": 41.898252237771906,
          "lng": 12.476991055219662,
          "corner": "NW"
        },
        "timestamp": "2023-06-15T19:30:00Z",
        "lighting": {
          "sunPosition": "Setting in the West",
          "shadowDirection": "East",
          "shadowLength": "Very Long",
          "description": "Deep shadows engulfing the narrow street, catching only the top cornices of the buildings."
        },
        "microPhysiognomy": {
          "aerialCables": "Multiple utility wires zigzagging between building facades",
          "shutterStyle": "Aged peeling green persiane",
          "treeType": "Ivy cascading from roof terraces",
          "graffiti": "Faded stencil art on corner walls",
          "terrain": "Uneven sampietrini with narrow basalt sidewalks",
          "urbanElements": {
            "furniture": "Wall-mounted lantern streetlights, bollards, small motorinos parked",
            "vegetationScore": 3,
            "architectureStyle": "Renaissance/Vernacular"
          },
          "temporalWindow": "Summer 2023"
        },
        "ocr": {
          "detectedText": [
            "Via della Minerva",
            "Hotel",
            "Trattoria da Luigi",
            "Senso Unico"
          ],
          "confidence": 0.85,
          "rapidFuzzScore": 82
        },
        "exif": {
          "fStop": "f/1.8",
          "iso": 1600,
          "shutterSpeed": "1/100s",
          "focalLength": "50mm",
          "make": "Sony",
          "model": "ILCE-7C",
          "lensModel": "FE 50mm F1.8",
          "dateTimeOriginal": "2023-06-15T19:30:00Z"
        },
        "category": "Monument",
        "groundedFromAnchor": "Pantheon",
        "locationContext": "Roma",
        "validation": {
          "distanceFromCenter": 1680.7852649534761,
          "isOutlier": true,
          "computedScore": 123,
          "issues": [
            "Anomalía Geográfica (Desvío de 1681m)"
          ],
          "h3Index": "891e8050527ffff"
        },
        "h3Index": "891e8050527ffff",
        "geocodingScore": 123,
        "isAnchor": true
      }
    },
    {
      "type": "Feature",
      "geometry": {
        "type": "Point",
        "coordinates": [
          12.48359671022705,
          41.9012965591687
        ]
      },
      "properties": {
        "id": "REF-0089",
        "coordinates": {
          "lat": 41.9012965591687,
          "lng": 12.48359671022705,
          "corner": "NE"
        },
        "timestamp": "2023-09-02T21:00:00Z",
        "lighting": {
          "sunPosition": "Below horizon",
          "shadowDirection": "Omnidirectional",
          "shadowLength": "Multiple short",
          "description": "Artificial high-contrast lighting from monumental spotlights and warm streetlamps, deep black skies."
        },
        "microPhysiognomy": {
          "aerialCables": "Thick black cables strung tightly against cornices",
          "shutterStyle": "Closed heavy shutters reflecting ambient light",
          "treeType": "None",
          "graffiti": "None visible in the brightly lit area",
          "terrain": "Slick cobblestones reflecting yellow lamplight",
          "urbanElements": {
            "furniture": "Souvenir stands, high-density pedestrian flow, decorative marble bollards",
            "vegetationScore": 0,
            "architectureStyle": "Baroque"
          },
          "temporalWindow": "Early Autumn 2023"
        },
        "ocr": {
          "detectedText": [
            "Via delle Muratte",
            "Pizzeria",
            "Souvenir di Roma"
          ],
          "confidence": 0.94,
          "rapidFuzzScore": 90
        },
        "exif": {
          "fStop": "f/2.8",
          "iso": 3200,
          "shutterSpeed": "1/50s",
          "focalLength": "24mm",
          "make": "Canon",
          "model": "EOS R6",
          "lensModel": "RF 24-70mm F2.8 L IS USM",
          "dateTimeOriginal": "2023-09-02T21:00:00Z"
        },
        "category": "Tourist Attraction",
        "groundedFromAnchor": "Fontana di Trevi",
        "locationContext": "Roma",
        "validation": {
          "distanceFromCenter": 1069.6144699277165,
          "isOutlier": true,
          "computedScore": 81,
          "issues": [
            "Entorno botánico genérico",
            "Anomalía Geográfica (Desvío de 1070m)"
          ],
          "h3Index": "891e8052acfffff"
        },
        "h3Index": "891e8052acfffff",
        "geocodingScore": 81,
        "isAnchor": false
      }
    },
    {
      "type": "Feature",
      "geometry": {
        "type": "Point",
        "coordinates": [
          12.485297932642732,
          41.89284097142198
        ]
      },
      "properties": {
        "id": "REF-0090",
        "coordinates": {
          "lat": 41.89284097142198,
          "lng": 12.485297932642732,
          "corner": "SW"
        },
        "timestamp": "2023-04-21T09:00:00Z",
        "lighting": {
          "sunPosition": "Mid-altitude East",
          "shadowDirection": "West",
          "shadowLength": "Medium",
          "description": "Crisp morning light, clear blue sky providing excellent color contrast against the brick ruins."
        },
        "microPhysiognomy": {
          "aerialCables": "None",
          "shutterStyle": "N/A",
          "treeType": "Umbrella pines shading the pathways",
          "graffiti": "None",
          "terrain": "Dusty gravel paths flanked by ancient Roman brickwork",
          "urbanElements": {
            "furniture": "Wooden resting benches, low rope fences to protect ruins",
            "vegetationScore": 7,
            "architectureStyle": "Roman Antiquity"
          },
          "temporalWindow": "Spring 2023"
        },
        "ocr": {
          "detectedText": [
            "Palatino",
            "Basilica di Massenzio",
            "Non salire sui ruderi"
          ],
          "confidence": 0.87,
          "rapidFuzzScore": 86
        },
        "exif": {
          "fStop": "f/7.1",
          "iso": 100,
          "shutterSpeed": "1/320s",
          "focalLength": "85mm",
          "make": "Nikon",
          "model": "D850",
          "lensModel": "AF-S NIKKOR 85mm f/1.8G",
          "dateTimeOriginal": "2023-04-21T09:00:00Z"
        },
        "category": "Archaeological Site",
        "groundedFromAnchor": "Foro Romano",
        "locationContext": "Roma",
        "validation": {
          "distanceFromCenter": 1435.7436410604448,
          "isOutlier": true,
          "computedScore": 184,
          "issues": [
            "Anomalía Geográfica (Desvío de 1436m)"
          ],
          "h3Index": "891e8052a4fffff"
        },
        "h3Index": "891e8052a4fffff",
        "geocodingScore": 184,
        "isAnchor": true
      }
    },
    {
      "type": "Feature",
      "geometry": {
        "type": "Point",
        "coordinates": [
          12.492002579758658,
          41.8905030589379
        ]
      },
      "properties": {
        "id": "REF-0091",
        "coordinates": {
          "lat": 41.8905030589379,
          "lng": 12.492002579758658,
          "corner": "NW"
        },
        "timestamp": "2023-05-14T08:23:11Z",
        "lighting": {
          "sunPosition": "Low East",
          "shadowDirection": "West",
          "shadowLength": "Long",
          "description": "Morning golden hour lighting hitting ancient travertine."
        },
        "microPhysiognomy": {
          "aerialCables": "None visible",
          "shutterStyle": "Absent",
          "treeType": "Pinus pinea",
          "graffiti": "None",
          "terrain": "Sampietrini cobblestones and modern asphalt",
          "urbanElements": {
            "furniture": "Cast iron bollards",
            "vegetationScore": 3.5,
            "architectureStyle": "Flavian / Ancient Roman"
          },
          "temporalWindow": "Morning rush hour"
        },
        "ocr": {
          "detectedText": [
            "METRO B",
            "COLOSSEO",
            "TICKET OFFICE",
            "INGRESSO"
          ],
          "confidence": 0.92,
          "rapidFuzzScore": 88
        },
        "exif": {
          "fStop": "f/8.0",
          "iso": 100,
          "shutterSpeed": "1/250s",
          "focalLength": "24mm",
          "make": "Sony",
          "model": "ILCE-7M3",
          "lensModel": "FE 24-70mm F2.8 GM",
          "dateTimeOriginal": "2023-05-14T08:23:11Z"
        },
        "category": "Historical Site",
        "groundedFromAnchor": "Colosseo",
        "locationContext": "Roma",
        "validation": {
          "distanceFromCenter": 1412.463444260178,
          "isOutlier": true,
          "computedScore": 133,
          "issues": [
            "Anomalía Geográfica (Desvío de 1412m)"
          ],
          "h3Index": "891e8052a6bffff"
        },
        "h3Index": "891e8052a6bffff",
        "geocodingScore": 133,
        "isAnchor": true
      }
    },
    {
      "type": "Feature",
      "geometry": {
        "type": "Point",
        "coordinates": [
          12.47693583440093,
          41.89834093251852
        ]
      },
      "properties": {
        "id": "REF-0092",
        "coordinates": {
          "lat": 41.89834093251852,
          "lng": 12.47693583440093,
          "corner": "SE"
        },
        "timestamp": "2023-06-20T12:05:44Z",
        "lighting": {
          "sunPosition": "Zenith",
          "shadowDirection": "Directly below",
          "shadowLength": "Minimal",
          "description": "Harsh midday sunlight creating high contrast on the portico columns."
        },
        "microPhysiognomy": {
          "aerialCables": "Buried",
          "shutterStyle": "Green wooden shutters on adjacent buildings",
          "treeType": "None",
          "graffiti": "Minimal tagging on a metal utility box",
          "terrain": "Large basalt paving stones",
          "urbanElements": {
            "furniture": "Restaurant terrace umbrellas",
            "vegetationScore": 0.5,
            "architectureStyle": "Roman Temple / Classical"
          },
          "temporalWindow": "Lunchtime peak"
        },
        "ocr": {
          "detectedText": [
            "M AGRIPPA L F COS TERTIUM FECIT",
            "PIAZZA DELLA ROTONDA",
            "GELATERIA"
          ],
          "confidence": 0.98,
          "rapidFuzzScore": 95
        },
        "exif": {
          "fStop": "f/11.0",
          "iso": 50,
          "shutterSpeed": "1/500s",
          "focalLength": "16mm",
          "make": "Canon",
          "model": "EOS R5",
          "lensModel": "RF 15-35mm F2.8 L IS USM",
          "dateTimeOriginal": "2023-06-20T12:05:44Z"
        },
        "category": "Monument",
        "groundedFromAnchor": "Pantheon",
        "locationContext": "Roma",
        "validation": {
          "distanceFromCenter": 1682.2223098399509,
          "isOutlier": true,
          "computedScore": 91,
          "issues": [
            "Anomalía Geográfica (Desvío de 1682m)"
          ],
          "h3Index": "891e8050527ffff"
        },
        "h3Index": "891e8050527ffff",
        "geocodingScore": 91,
        "isAnchor": true
      }
    },
    {
      "type": "Feature",
      "geometry": {
        "type": "Point",
        "coordinates": [
          12.482930840732601,
          41.9007659415184
        ]
      },
      "properties": {
        "id": "REF-0093",
        "coordinates": {
          "lat": 41.9007659415184,
          "lng": 12.482930840732601,
          "corner": "NE"
        },
        "timestamp": "2023-09-10T19:45:00Z",
        "lighting": {
          "sunPosition": "Below horizon",
          "shadowDirection": "Multiple artificial",
          "shadowLength": "Variable",
          "description": "Blue hour with dramatic warm artificial floodlights illuminating the statues."
        },
        "microPhysiognomy": {
          "aerialCables": "Wall-mounted electrical lines on adjacent alleys",
          "shutterStyle": "Dark brown wooden persiane",
          "treeType": "None",
          "graffiti": "None",
          "terrain": "Wet sampietrini from fountain mist",
          "urbanElements": {
            "furniture": "Iron barriers and chains",
            "vegetationScore": 0.2,
            "architectureStyle": "Late Roman Baroque"
          },
          "temporalWindow": "Evening tourist stroll"
        },
        "ocr": {
          "detectedText": [
            "CLEMENS XII PONT MAX",
            "PIAZZA DI TREVI",
            "POLIZIA ROMA CAPITALE"
          ],
          "confidence": 0.89,
          "rapidFuzzScore": 82
        },
        "exif": {
          "fStop": "f/2.8",
          "iso": 800,
          "shutterSpeed": "1/60s",
          "focalLength": "35mm",
          "make": "Nikon",
          "model": "Z8",
          "lensModel": "NIKKOR Z 35mm f/1.8 S",
          "dateTimeOriginal": "2023-09-10T19:45:00Z"
        },
        "category": "Tourist Attraction",
        "groundedFromAnchor": "Fontana di Trevi",
        "locationContext": "Roma",
        "validation": {
          "distanceFromCenter": 1134.2777736205692,
          "isOutlier": true,
          "computedScore": 81,
          "issues": [
            "Anomalía Geográfica (Desvío de 1134m)"
          ],
          "h3Index": "891e8052a57ffff"
        },
        "h3Index": "891e8052a57ffff",
        "geocodingScore": 81,
        "isAnchor": false
      }
    },
    {
      "type": "Feature",
      "geometry": {
        "type": "Point",
        "coordinates": [
          12.485498015204668,
          41.89214026969625
        ]
      },
      "properties": {
        "id": "REF-0094",
        "coordinates": {
          "lat": 41.89214026969625,
          "lng": 12.485498015204668,
          "corner": "Center"
        },
        "timestamp": "2023-04-18T15:30:22Z",
        "lighting": {
          "sunPosition": "Mid-West",
          "shadowDirection": "East",
          "shadowLength": "Medium",
          "description": "Strong afternoon sun casting distinct shadows across scattered ruins."
        },
        "microPhysiognomy": {
          "aerialCables": "None",
          "shutterStyle": "Absent",
          "treeType": "Mediterranean Cypress",
          "graffiti": "None",
          "terrain": "Dusty gravel paths and ancient stone slabs",
          "urbanElements": {
            "furniture": "Wooden informational placards",
            "vegetationScore": 4.8,
            "architectureStyle": "Ancient Roman Ruins"
          },
          "temporalWindow": "Mid-afternoon"
        },
        "ocr": {
          "detectedText": [
            "SENATVS POPVLVSQVE ROMANVS",
            "VIA SACRA",
            "DIVI TITI"
          ],
          "confidence": 0.95,
          "rapidFuzzScore": 91
        },
        "exif": {
          "fStop": "f/5.6",
          "iso": 200,
          "shutterSpeed": "1/1000s",
          "focalLength": "50mm",
          "make": "Fujifilm",
          "model": "X-T4",
          "lensModel": "XF 35mm F1.4 R",
          "dateTimeOriginal": "2023-04-18T15:30:22Z"
        },
        "category": "Archaeological Site",
        "groundedFromAnchor": "Foro Romano",
        "locationContext": "Roma",
        "validation": {
          "distanceFromCenter": 1486.4900567210157,
          "isOutlier": true,
          "computedScore": 153,
          "issues": [
            "Anomalía Geográfica (Desvío de 1486m)"
          ],
          "h3Index": "891e80501b7ffff"
        },
        "h3Index": "891e80501b7ffff",
        "geocodingScore": 153,
        "isAnchor": true
      }
    },
    {
      "type": "Feature",
      "geometry": {
        "type": "Point",
        "coordinates": [
          12.472725868988528,
          41.899458518826584
        ]
      },
      "properties": {
        "id": "REF-0095",
        "coordinates": {
          "lat": 41.899458518826584,
          "lng": 12.472725868988528,
          "corner": "SW"
        },
        "timestamp": "2023-11-05T17:15:05Z",
        "lighting": {
          "sunPosition": "Setting West",
          "shadowDirection": "East",
          "shadowLength": "Very long",
          "description": "Soft dusk light filtering through surrounding tall baroque facades."
        },
        "microPhysiognomy": {
          "aerialCables": "Occasional wires crossing building corners",
          "shutterStyle": "Faded green persiane",
          "treeType": "None",
          "graffiti": "Street artist chalk on the ground",
          "terrain": "Smooth wide cobblestone plaza",
          "urbanElements": {
            "furniture": "Nasoni water fountain and portrait artist easels",
            "vegetationScore": 0.8,
            "architectureStyle": "Baroque"
          },
          "temporalWindow": "Dusk promenade"
        },
        "ocr": {
          "detectedText": [
            "RISTORANTE TRE SCALINI",
            "TARTUFO",
            "PIAZZA NAVONA"
          ],
          "confidence": 0.91,
          "rapidFuzzScore": 87
        },
        "exif": {
          "fStop": "f/4.0",
          "iso": 400,
          "shutterSpeed": "1/125s",
          "focalLength": "28mm",
          "make": "Leica",
          "model": "Q2",
          "lensModel": "Summilux 28mm f/1.7",
          "dateTimeOriginal": "2023-11-05T17:15:05Z"
        },
        "category": "Public Square",
        "groundedFromAnchor": "Piazza Navona",
        "locationContext": "Roma",
        "validation": {
          "distanceFromCenter": 1991.0955570227406,
          "isOutlier": true,
          "computedScore": 92,
          "issues": [
            "Anomalía Geográfica (Desvío de 1991m)"
          ],
          "h3Index": "891e8050523ffff"
        },
        "h3Index": "891e8050523ffff",
        "geocodingScore": 92,
        "isAnchor": true
      }
    },
    {
      "type": "Feature",
      "geometry": {
        "type": "Point",
        "coordinates": [
          12.466198624266614,
          41.903223827177186
        ]
      },
      "properties": {
        "id": "REF-0096",
        "coordinates": {
          "lat": 41.903223827177186,
          "lng": 12.466198624266614,
          "corner": "South"
        },
        "timestamp": "2023-01-22T10:10:33Z",
        "lighting": {
          "sunPosition": "Low South",
          "shadowDirection": "North",
          "shadowLength": "Soft/Indistinct",
          "description": "Overcast winter sky providing flat, even illumination over the stone walls."
        },
        "microPhysiognomy": {
          "aerialCables": "None",
          "shutterStyle": "None on the fortress",
          "treeType": "Platanus occidentalis (Sycamore) along river",
          "graffiti": "Tags on the lower riverbank walls",
          "terrain": "Travertine bridge stones and asphalt street",
          "urbanElements": {
            "furniture": "Marble angel statues and iron lampposts",
            "vegetationScore": 3.1,
            "architectureStyle": "Hadrianic / Renaissance Castle"
          },
          "temporalWindow": "Winter morning"
        },
        "ocr": {
          "detectedText": [
            "LUNGOTEVERE CASTELLO",
            "MUSEO NAZIONALE",
            "PONTE SANT'ANGELO"
          ],
          "confidence": 0.88,
          "rapidFuzzScore": 84
        },
        "exif": {
          "fStop": "f/8.0",
          "iso": 400,
          "shutterSpeed": "1/200s",
          "focalLength": "70mm",
          "make": "Sony",
          "model": "ILCE-7RM4",
          "lensModel": "FE 70-200mm F4 G OSS",
          "dateTimeOriginal": "2023-01-22T10:10:33Z"
        },
        "category": "Castle",
        "groundedFromAnchor": "Castel Sant'Angelo",
        "locationContext": "Roma",
        "validation": {
          "distanceFromCenter": 2497.0838906264407,
          "isOutlier": true,
          "computedScore": 125,
          "issues": [
            "Anomalía Geográfica (Desvío de 2497m)"
          ],
          "h3Index": "891e80505abffff"
        },
        "h3Index": "891e80505abffff",
        "geocodingScore": 125,
        "isAnchor": true
      }
    },
    {
      "type": "Feature",
      "geometry": {
        "type": "Point",
        "coordinates": [
          12.491878941753201,
          41.89007665013701
        ]
      },
      "properties": {
        "id": "REF-0097",
        "coordinates": {
          "lat": 41.89007665013701,
          "lng": 12.491878941753201,
          "corner": "SE"
        },
        "timestamp": "2023-07-15T22:45:10Z",
        "lighting": {
          "sunPosition": "Night",
          "shadowDirection": "Omnidirectional",
          "shadowLength": "Short",
          "description": "Warm sodium vapor street lamps mixing with LED monument up-lighting."
        },
        "microPhysiognomy": {
          "aerialCables": "Tram cables overhead",
          "shutterStyle": "Closed metal shop grates nearby",
          "treeType": "Stone pines in the background",
          "graffiti": "AS Roma ultra stickers on traffic signs",
          "terrain": "Asphalt marked with pedestrian crossings",
          "urbanElements": {
            "furniture": "Green ATAC bus stop shelter",
            "vegetationScore": 2.5,
            "architectureStyle": "Ancient Roman / Modern Infrastructure"
          },
          "temporalWindow": "Late night"
        },
        "ocr": {
          "detectedText": [
            "VIA CELIO VIBENNA",
            "TOURIST INFO",
            "BAR COLOSSEO"
          ],
          "confidence": 0.85,
          "rapidFuzzScore": 80
        },
        "exif": {
          "fStop": "f/1.4",
          "iso": 3200,
          "shutterSpeed": "1/30s",
          "focalLength": "35mm",
          "make": "Sigma",
          "model": "fp",
          "lensModel": "35mm F1.4 DG DN Art",
          "dateTimeOriginal": "2023-07-15T22:45:10Z"
        },
        "category": "Historical Site",
        "groundedFromAnchor": "Colosseo",
        "locationContext": "Roma",
        "validation": {
          "distanceFromCenter": 1460.920456117061,
          "isOutlier": true,
          "computedScore": 115,
          "issues": [
            "Anomalía Geográfica (Desvío de 1461m)"
          ],
          "h3Index": "891e80501a7ffff"
        },
        "h3Index": "891e80501a7ffff",
        "geocodingScore": 115,
        "isAnchor": true
      }
    },
    {
      "type": "Feature",
      "geometry": {
        "type": "Point",
        "coordinates": [
          12.476670104093685,
          41.8982147561518
        ]
      },
      "properties": {
        "id": "REF-0098",
        "coordinates": {
          "lat": 41.8982147561518,
          "lng": 12.476670104093685,
          "corner": "West"
        },
        "timestamp": "2023-03-08T07:30:00Z",
        "lighting": {
          "sunPosition": "Low East",
          "shadowDirection": "West",
          "shadowLength": "Very long",
          "description": "Cool early morning diffused light bouncing off adjacent ochre facades."
        },
        "microPhysiognomy": {
          "aerialCables": "Facade-anchored electrical conduits",
          "shutterStyle": "Traditional Roman louvers",
          "treeType": "Potted olive trees near cafe",
          "graffiti": "Cleaned stone walls",
          "terrain": "Sampietrini with street sweeper moisture",
          "urbanElements": {
            "furniture": "Stacked cafe chairs and metal tables",
            "vegetationScore": 1.2,
            "architectureStyle": "Renaissance / Vernacular"
          },
          "temporalWindow": "Early morning setup"
        },
        "ocr": {
          "detectedText": [
            "TAZZA D'ORO",
            "CAFFE",
            "LA CASA DEL CAFFE"
          ],
          "confidence": 0.96,
          "rapidFuzzScore": 93
        },
        "exif": {
          "fStop": "f/5.6",
          "iso": 400,
          "shutterSpeed": "1/125s",
          "focalLength": "50mm",
          "make": "Panasonic",
          "model": "DC-S5",
          "lensModel": "LUMIX S 50mm F1.8",
          "dateTimeOriginal": "2023-03-08T07:30:00Z"
        },
        "category": "Monument",
        "groundedFromAnchor": "Pantheon",
        "locationContext": "Roma",
        "validation": {
          "distanceFromCenter": 1707.3810264683352,
          "isOutlier": true,
          "computedScore": 100,
          "issues": [
            "Anomalía Geográfica (Desvío de 1707m)"
          ],
          "h3Index": "891e8050527ffff"
        },
        "h3Index": "891e8050527ffff",
        "geocodingScore": 100,
        "isAnchor": true
      }
    },
    {
      "type": "Feature",
      "geometry": {
        "type": "Point",
        "coordinates": [
          12.482974705063771,
          41.90062412372817
        ]
      },
      "properties": {
        "id": "REF-0099",
        "coordinates": {
          "lat": 41.90062412372817,
          "lng": 12.482974705063771,
          "corner": "South"
        },
        "timestamp": "2023-08-12T14:15:20Z",
        "lighting": {
          "sunPosition": "High South-West",
          "shadowDirection": "North-East",
          "shadowLength": "Short",
          "description": "Blinding summer sunlight reflecting off the white marble and water."
        },
        "microPhysiognomy": {
          "aerialCables": "Barely visible thin wires between roofs",
          "shutterStyle": "White and green rolled awnings",
          "treeType": "None",
          "graffiti": "Marker tags on a nearby trash bin",
          "terrain": "Worn cobblestones polished by foot traffic",
          "urbanElements": {
            "furniture": "Souvenir kiosks and crowded benches",
            "vegetationScore": 0.1,
            "architectureStyle": "Baroque / Modern Retail"
          },
          "temporalWindow": "Summer afternoon peak"
        },
        "ocr": {
          "detectedText": [
            "BENETTON",
            "CAMBIO EXCHANGE",
            "VIA DELLE MURATTE"
          ],
          "confidence": 0.94,
          "rapidFuzzScore": 89
        },
        "exif": {
          "fStop": "f/16.0",
          "iso": 100,
          "shutterSpeed": "1/400s",
          "focalLength": "20mm",
          "make": "Sony",
          "model": "ILCE-6400",
          "lensModel": "E 10-18mm F4 OSS",
          "dateTimeOriginal": "2023-08-12T14:15:20Z"
        },
        "category": "Tourist Attraction",
        "groundedFromAnchor": "Fontana di Trevi",
        "locationContext": "Roma",
        "validation": {
          "distanceFromCenter": 1133.9547418401717,
          "isOutlier": true,
          "computedScore": 82,
          "issues": [
            "Entorno botánico genérico",
            "Anomalía Geográfica (Desvío de 1134m)"
          ],
          "h3Index": "891e8052a57ffff"
        },
        "h3Index": "891e8052a57ffff",
        "geocodingScore": 82,
        "isAnchor": false
      }
    },
    {
      "type": "Feature",
      "geometry": {
        "type": "Point",
        "coordinates": [
          12.484959493364647,
          41.892624375849046
        ]
      },
      "properties": {
        "id": "REF-0100",
        "coordinates": {
          "lat": 41.892624375849046,
          "lng": 12.484959493364647,
          "corner": "North"
        },
        "timestamp": "2023-10-02T17:50:45Z",
        "lighting": {
          "sunPosition": "Setting West",
          "shadowDirection": "East",
          "shadowLength": "Long",
          "description": "Intense orange golden hour light highlighting the textures of brick and travertine."
        },
        "microPhysiognomy": {
          "aerialCables": "None",
          "shutterStyle": "None",
          "treeType": "Mediterranean shrubs and dry grass",
          "graffiti": "None",
          "terrain": "Compacted earth and scattered basalt blocks",
          "urbanElements": {
            "furniture": "Low metal fencing protecting ruins",
            "vegetationScore": 5.5,
            "architectureStyle": "Ancient Roman Imperial"
          },
          "temporalWindow": "Sunset transition"
        },
        "ocr": {
          "detectedText": [
            "FORO DI CESARE",
            "S.P.Q.R.",
            "VIA DEI FORI IMPERIALI"
          ],
          "confidence": 0.97,
          "rapidFuzzScore": 96
        },
        "exif": {
          "fStop": "f/6.3",
          "iso": 250,
          "shutterSpeed": "1/250s",
          "focalLength": "85mm",
          "make": "Canon",
          "model": "EOS 5D Mark IV",
          "lensModel": "EF 85mm f/1.4L IS USM",
          "dateTimeOriginal": "2023-10-02T17:50:45Z"
        },
        "category": "Archaeological Site",
        "groundedFromAnchor": "Foro Romano",
        "locationContext": "Roma",
        "validation": {
          "distanceFromCenter": 1472.174951012439,
          "isOutlier": true,
          "computedScore": 166,
          "issues": [
            "Anomalía Geográfica (Desvío de 1472m)"
          ],
          "h3Index": "891e8052a4fffff"
        },
        "h3Index": "891e8052a4fffff",
        "geocodingScore": 166,
        "isAnchor": true
      }
    },
    {
      "type": "Feature",
      "geometry": {
        "type": "Point",
        "coordinates": [
          12.492313348748876,
          41.890016862635825
        ]
      },
      "properties": {
        "id": "REF-0101",
        "coordinates": {
          "lat": 41.890016862635825,
          "lng": 12.492313348748876,
          "corner": "NW"
        },
        "timestamp": "2023-10-15T09:14:22Z",
        "lighting": {
          "sunPosition": "Low Eastern",
          "shadowDirection": "West",
          "shadowLength": "Long",
          "description": "Clear morning sunlight creating deep contrast on ancient brickwork"
        },
        "microPhysiognomy": {
          "aerialCables": "None visible",
          "shutterStyle": "Absent",
          "treeType": "Pinus pinea",
          "graffiti": "None",
          "terrain": "Sanpietrini cobblestone and worn basalt slabs",
          "urbanElements": {
            "furniture": "Wrought iron fencing and informational plaques",
            "vegetationScore": 2,
            "architectureStyle": "Roman Antiquity"
          },
          "temporalWindow": "2015-2023"
        },
        "ocr": {
          "detectedText": [
            "COLOSSEO",
            "BIGLIETTERIA",
            "TICKETS",
            "INGRESSO"
          ],
          "confidence": 0.98,
          "rapidFuzzScore": 95.5
        },
        "exif": {
          "fStop": "f/8.0",
          "iso": 100,
          "shutterSpeed": "1/500s",
          "focalLength": "24mm",
          "make": "Sony",
          "model": "ILCE-7RM4",
          "lensModel": "FE 24-70mm F2.8 GM",
          "dateTimeOriginal": "2023-10-15T09:14:22Z"
        },
        "category": "Historical Site",
        "groundedFromAnchor": "Colosseo",
        "locationContext": "Roma",
        "validation": {
          "distanceFromCenter": 1458.6667743336777,
          "isOutlier": true,
          "computedScore": 113,
          "issues": [
            "Anomalía Geográfica (Desvío de 1459m)"
          ],
          "h3Index": "891e8050cd3ffff"
        },
        "h3Index": "891e8050cd3ffff",
        "geocodingScore": 113,
        "isAnchor": true
      }
    },
    {
      "type": "Feature",
      "geometry": {
        "type": "Point",
        "coordinates": [
          12.476520567123679,
          41.89844817130744
        ]
      },
      "properties": {
        "id": "REF-0102",
        "coordinates": {
          "lat": 41.89844817130744,
          "lng": 12.476520567123679,
          "corner": "SE"
        },
        "timestamp": "2023-06-10T14:30:00Z",
        "lighting": {
          "sunPosition": "High Zenith",
          "shadowDirection": "Directly below",
          "shadowLength": "Minimal",
          "description": "Harsh midday summer light bleaching the stone facades"
        },
        "microPhysiognomy": {
          "aerialCables": "Scattered power lines attached to building cornices",
          "shutterStyle": "Green wooden persiane",
          "treeType": "None",
          "graffiti": "Faded tags on a metal utility box",
          "terrain": "Large rectangular basalt paving stones",
          "urbanElements": {
            "furniture": "Cast iron nasone drinking fountain",
            "vegetationScore": 0.5,
            "architectureStyle": "Classical Antiquity mixed with Renaissance"
          },
          "temporalWindow": "2010-2023"
        },
        "ocr": {
          "detectedText": [
            "PANTHEON",
            "PIAZZA DELLA ROTONDA",
            "GELATERIA"
          ],
          "confidence": 0.92,
          "rapidFuzzScore": 89
        },
        "exif": {
          "fStop": "f/11.0",
          "iso": 200,
          "shutterSpeed": "1/250s",
          "focalLength": "35mm",
          "make": "Canon",
          "model": "EOS R5",
          "lensModel": "RF 35mm F1.8 MACRO IS STM",
          "dateTimeOriginal": "2023-06-10T14:30:00Z"
        },
        "category": "Monument",
        "groundedFromAnchor": "Pantheon",
        "locationContext": "Roma",
        "validation": {
          "distanceFromCenter": 1711.7077448329871,
          "isOutlier": true,
          "computedScore": 88,
          "issues": [
            "Anomalía Geográfica (Desvío de 1712m)"
          ],
          "h3Index": "891e8050527ffff"
        },
        "h3Index": "891e8050527ffff",
        "geocodingScore": 88,
        "isAnchor": true
      }
    },
    {
      "type": "Feature",
      "geometry": {
        "type": "Point",
        "coordinates": [
          12.483424799981979,
          41.90085008667837
        ]
      },
      "properties": {
        "id": "REF-0103",
        "coordinates": {
          "lat": 41.90085008667837,
          "lng": 12.483424799981979,
          "corner": "NE"
        },
        "timestamp": "2022-11-20T17:45:10Z",
        "lighting": {
          "sunPosition": "Setting Southwest",
          "shadowDirection": "Northeast",
          "shadowLength": "Elongated",
          "description": "Warm golden hour light illuminating the travertine marble"
        },
        "microPhysiognomy": {
          "aerialCables": "None in the immediate plaza",
          "shutterStyle": "Dark brown louvered shutters",
          "treeType": "Potted oleander near shops",
          "graffiti": "Cleaned surfaces, no visible graffiti",
          "terrain": "Sanpietrini blocks tightly packed",
          "urbanElements": {
            "furniture": "Stone benches and decorative iron street lamps",
            "vegetationScore": 1,
            "architectureStyle": "Baroque"
          },
          "temporalWindow": "2018-2022"
        },
        "ocr": {
          "detectedText": [
            "FONTANA DI TREVI",
            "VIETATO IMMERGERSI",
            "POLIZIA DI ROMA CAPITALE"
          ],
          "confidence": 0.96,
          "rapidFuzzScore": 92.3
        },
        "exif": {
          "fStop": "f/4.0",
          "iso": 800,
          "shutterSpeed": "1/60s",
          "focalLength": "16mm",
          "make": "Nikon",
          "model": "Z7 II",
          "lensModel": "NIKKOR Z 14-30mm f/4 S",
          "dateTimeOriginal": "2022-11-20T17:45:10Z"
        },
        "category": "Tourist Attraction",
        "groundedFromAnchor": "Fontana di Trevi",
        "locationContext": "Roma",
        "validation": {
          "distanceFromCenter": 1092.353883081327,
          "isOutlier": true,
          "computedScore": 97,
          "issues": [
            "Anomalía Geográfica (Desvío de 1092m)"
          ],
          "h3Index": "891e8052a57ffff"
        },
        "h3Index": "891e8052a57ffff",
        "geocodingScore": 97,
        "isAnchor": true
      }
    },
    {
      "type": "Feature",
      "geometry": {
        "type": "Point",
        "coordinates": [
          12.4855982655883,
          41.8926230726636
        ]
      },
      "properties": {
        "id": "REF-0104",
        "coordinates": {
          "lat": 41.8926230726636,
          "lng": 12.4855982655883,
          "corner": "SW"
        },
        "timestamp": "2023-04-05T11:20:45Z",
        "lighting": {
          "sunPosition": "Mid-morning South",
          "shadowDirection": "North",
          "shadowLength": "Moderate",
          "description": "Even daylight with soft shadows from scattered clouds"
        },
        "microPhysiognomy": {
          "aerialCables": "None",
          "shutterStyle": "N/A",
          "treeType": "Cypress and Olive trees",
          "graffiti": "None",
          "terrain": "Gravel paths mixed with exposed ancient bedrock",
          "urbanElements": {
            "furniture": "Wooden protective barriers and archaeological markers",
            "vegetationScore": 6.5,
            "architectureStyle": "Roman Ruins"
          },
          "temporalWindow": "2019-2023"
        },
        "ocr": {
          "detectedText": [
            "FORO ROMANO",
            "TEMPIO DI SATURNO",
            "VIA SACRA"
          ],
          "confidence": 0.99,
          "rapidFuzzScore": 97.8
        },
        "exif": {
          "fStop": "f/7.1",
          "iso": 100,
          "shutterSpeed": "1/400s",
          "focalLength": "50mm",
          "make": "Fujifilm",
          "model": "X-T4",
          "lensModel": "XF 35mm F1.4 R",
          "dateTimeOriginal": "2023-04-05T11:20:45Z"
        },
        "category": "Archaeological Site",
        "groundedFromAnchor": "Foro Romano",
        "locationContext": "Roma",
        "validation": {
          "distanceFromCenter": 1438.958308166815,
          "isOutlier": true,
          "computedScore": 182,
          "issues": [
            "Anomalía Geográfica (Desvío de 1439m)"
          ],
          "h3Index": "891e8052a4fffff"
        },
        "h3Index": "891e8052a4fffff",
        "geocodingScore": 182,
        "isAnchor": true
      }
    },
    {
      "type": "Feature",
      "geometry": {
        "type": "Point",
        "coordinates": [
          12.47302845019475,
          41.899490761021326
        ]
      },
      "properties": {
        "id": "REF-0105",
        "coordinates": {
          "lat": 41.899490761021326,
          "lng": 12.47302845019475,
          "corner": "Center"
        },
        "timestamp": "2023-08-12T19:15:30Z",
        "lighting": {
          "sunPosition": "Dusk",
          "shadowDirection": "East",
          "shadowLength": "Diffused",
          "description": "Twilight conditions with artificial street lights turning on"
        },
        "microPhysiognomy": {
          "aerialCables": "Suspended street lights wired between buildings",
          "shutterStyle": "Faded green and grey shutters",
          "treeType": "None",
          "graffiti": "Small stencil art on a side alley column",
          "terrain": "Polished Sanpietrini from heavy foot traffic",
          "urbanElements": {
            "furniture": "Restaurant terrace enclosures and easel stands",
            "vegetationScore": 0,
            "architectureStyle": "Baroque and Renaissance"
          },
          "temporalWindow": "2020-2023"
        },
        "ocr": {
          "detectedText": [
            "PIAZZA NAVONA",
            "RISTORANTE TARTUFO",
            "MENU TURISTICO"
          ],
          "confidence": 0.88,
          "rapidFuzzScore": 85.4
        },
        "exif": {
          "fStop": "f/2.8",
          "iso": 1600,
          "shutterSpeed": "1/50s",
          "focalLength": "28mm",
          "make": "Leica",
          "model": "Q2",
          "lensModel": "Summilux 28mm f/1.7 ASPH",
          "dateTimeOriginal": "2023-08-12T19:15:30Z"
        },
        "category": "Public Square",
        "groundedFromAnchor": "Piazza Navona",
        "locationContext": "Roma",
        "validation": {
          "distanceFromCenter": 1965.8229035336035,
          "isOutlier": true,
          "computedScore": 79,
          "issues": [
            "Entorno botánico genérico",
            "Anomalía Geográfica (Desvío de 1966m)"
          ],
          "h3Index": "891e8050523ffff"
        },
        "h3Index": "891e8050523ffff",
        "geocodingScore": 79,
        "isAnchor": false
      }
    },
    {
      "type": "Feature",
      "geometry": {
        "type": "Point",
        "coordinates": [
          12.466586488699722,
          41.90266443539511
        ]
      },
      "properties": {
        "id": "REF-0106",
        "coordinates": {
          "lat": 41.90266443539511,
          "lng": 12.466586488699722,
          "corner": "NW"
        },
        "timestamp": "2021-02-28T08:05:12Z",
        "lighting": {
          "sunPosition": "Low Southeast",
          "shadowDirection": "Northwest",
          "shadowLength": "Very Long",
          "description": "Cold, misty morning light casting soft silhouettes"
        },
        "microPhysiognomy": {
          "aerialCables": "None visible near the monument",
          "shutterStyle": "N/A",
          "treeType": "Platanus (Plane trees) along the riverbanks",
          "graffiti": "None on the monument, slight tags on the river walls",
          "terrain": "Asphalt meeting ancient cobblestone bridge access",
          "urbanElements": {
            "furniture": "Marble angel statues along the bridge, heavy iron chains",
            "vegetationScore": 3,
            "architectureStyle": "Medieval Fortress / Renaissance"
          },
          "temporalWindow": "2015-2021"
        },
        "ocr": {
          "detectedText": [
            "MUSEO NAZIONALE DI CASTEL SANT'ANGELO",
            "LUNGOTEVERE CASTELLO"
          ],
          "confidence": 0.94,
          "rapidFuzzScore": 91.5
        },
        "exif": {
          "fStop": "f/5.6",
          "iso": 400,
          "shutterSpeed": "1/125s",
          "focalLength": "70mm",
          "make": "Canon",
          "model": "EOS 6D Mark II",
          "lensModel": "EF 24-105mm f/4L IS II USM",
          "dateTimeOriginal": "2021-02-28T08:05:12Z"
        },
        "category": "Castle",
        "groundedFromAnchor": "Castel Sant'Angelo",
        "locationContext": "Roma",
        "validation": {
          "distanceFromCenter": 2464.550610010784,
          "isOutlier": true,
          "computedScore": 127,
          "issues": [
            "Anomalía Geográfica (Desvío de 2465m)"
          ],
          "h3Index": "891e80505abffff"
        },
        "h3Index": "891e80505abffff",
        "geocodingScore": 127,
        "isAnchor": true
      }
    },
    {
      "type": "Feature",
      "geometry": {
        "type": "Point",
        "coordinates": [
          12.49205569945827,
          41.88998594323902
        ]
      },
      "properties": {
        "id": "REF-0107",
        "coordinates": {
          "lat": 41.88998594323902,
          "lng": 12.49205569945827,
          "corner": "SW"
        },
        "timestamp": "2023-10-15T09:18:05Z",
        "lighting": {
          "sunPosition": "Low Eastern",
          "shadowDirection": "West",
          "shadowLength": "Long",
          "description": "Clear morning sunlight piercing through the arches"
        },
        "microPhysiognomy": {
          "aerialCables": "Subway construction overhead cables nearby",
          "shutterStyle": "N/A",
          "treeType": "Scrub vegetation on ruins",
          "graffiti": "None",
          "terrain": "Modern asphalt mixed with pedestrian paving",
          "urbanElements": {
            "furniture": "Metro station signage and turnstiles",
            "vegetationScore": 1.5,
            "architectureStyle": "Modern infrastructure meeting Antiquity"
          },
          "temporalWindow": "2022-2023"
        },
        "ocr": {
          "detectedText": [
            "METRO B",
            "COLOSSEO",
            "USCITA"
          ],
          "confidence": 0.99,
          "rapidFuzzScore": 100
        },
        "exif": {
          "fStop": "f/8.0",
          "iso": 100,
          "shutterSpeed": "1/400s",
          "focalLength": "35mm",
          "make": "Sony",
          "model": "ILCE-7RM4",
          "lensModel": "FE 24-70mm F2.8 GM",
          "dateTimeOriginal": "2023-10-15T09:18:05Z"
        },
        "category": "Historical Site",
        "groundedFromAnchor": "Colosseo",
        "locationContext": "Roma",
        "validation": {
          "distanceFromCenter": 1467.051877527713,
          "isOutlier": true,
          "computedScore": 108,
          "issues": [
            "Anomalía Geográfica (Desvío de 1467m)"
          ],
          "h3Index": "891e80501a7ffff"
        },
        "h3Index": "891e80501a7ffff",
        "geocodingScore": 108,
        "isAnchor": true
      }
    },
    {
      "type": "Feature",
      "geometry": {
        "type": "Point",
        "coordinates": [
          12.476579976350306,
          41.89899717419708
        ]
      },
      "properties": {
        "id": "REF-0108",
        "coordinates": {
          "lat": 41.89899717419708,
          "lng": 12.476579976350306,
          "corner": "N"
        },
        "timestamp": "2023-06-10T14:45:22Z",
        "lighting": {
          "sunPosition": "High Zenith",
          "shadowDirection": "Directly below",
          "shadowLength": "Minimal",
          "description": "Harsh overhead light reflecting off surrounding ochre buildings"
        },
        "microPhysiognomy": {
          "aerialCables": "Thick bundle of cables crossing the narrow street",
          "shutterStyle": "Closed persiane shutters blocking the heat",
          "treeType": "None",
          "graffiti": "Stickers and minor marker tags on a drainpipe",
          "terrain": "Sanpietrini paving with visible mortar decay",
          "urbanElements": {
            "furniture": "Fabric awnings extending from cafes",
            "vegetationScore": 0.2,
            "architectureStyle": "Renaissance vernacular"
          },
          "temporalWindow": "2019-2023"
        },
        "ocr": {
          "detectedText": [
            "CAFFE ROSTAS",
            "ESPRESSO",
            "CORNETTI"
          ],
          "confidence": 0.85,
          "rapidFuzzScore": 82.4
        },
        "exif": {
          "fStop": "f/9.0",
          "iso": 200,
          "shutterSpeed": "1/320s",
          "focalLength": "50mm",
          "make": "Canon",
          "model": "EOS R5",
          "lensModel": "RF 50mm F1.2 L USM",
          "dateTimeOriginal": "2023-06-10T14:45:22Z"
        },
        "category": "Monument",
        "groundedFromAnchor": "Pantheon",
        "locationContext": "Roma",
        "validation": {
          "distanceFromCenter": 1690.7581716553177,
          "isOutlier": true,
          "computedScore": 81,
          "issues": [
            "Anomalía Geográfica (Desvío de 1691m)"
          ],
          "h3Index": "891e8050527ffff"
        },
        "h3Index": "891e8050527ffff",
        "geocodingScore": 81,
        "isAnchor": false
      }
    },
    {
      "type": "Feature",
      "geometry": {
        "type": "Point",
        "coordinates": [
          12.483595820305842,
          41.90064577850386
        ]
      },
      "properties": {
        "id": "REF-0109",
        "coordinates": {
          "lat": 41.90064577850386,
          "lng": 12.483595820305842,
          "corner": "S"
        },
        "timestamp": "2022-11-20T18:02:15Z",
        "lighting": {
          "sunPosition": "Post-sunset",
          "shadowDirection": "Omnidirectional",
          "shadowLength": "None",
          "description": "Artificial spot lighting illuminating the statues and water"
        },
        "microPhysiognomy": {
          "aerialCables": "Cables hidden within architectural crevices",
          "shutterStyle": "Tall wooden shutters left open",
          "treeType": "None",
          "graffiti": "None",
          "terrain": "Wet cobblestones reflecting light",
          "urbanElements": {
            "furniture": "Metal crowd control barriers",
            "vegetationScore": 0,
            "architectureStyle": "Late Baroque"
          },
          "temporalWindow": "2021-2022"
        },
        "ocr": {
          "detectedText": [
            "GELATO ARTIGIANALE",
            "CAMBIO VALUTA",
            "EXCHANGE"
          ],
          "confidence": 0.91,
          "rapidFuzzScore": 88.7
        },
        "exif": {
          "fStop": "f/2.8",
          "iso": 1250,
          "shutterSpeed": "1/40s",
          "focalLength": "24mm",
          "make": "Nikon",
          "model": "Z7 II",
          "lensModel": "NIKKOR Z 24-70mm f/2.8 S",
          "dateTimeOriginal": "2022-11-20T18:02:15Z"
        },
        "category": "Tourist Attraction",
        "groundedFromAnchor": "Fontana di Trevi",
        "locationContext": "Roma",
        "validation": {
          "distanceFromCenter": 1083.2395151520795,
          "isOutlier": true,
          "computedScore": 80,
          "issues": [
            "Entorno botánico genérico",
            "Anomalía Geográfica (Desvío de 1083m)"
          ],
          "h3Index": "891e8052a57ffff"
        },
        "h3Index": "891e8052a57ffff",
        "geocodingScore": 80,
        "isAnchor": false
      }
    },
    {
      "type": "Feature",
      "geometry": {
        "type": "Point",
        "coordinates": [
          12.485175947372815,
          41.892103958774754
        ]
      },
      "properties": {
        "id": "REF-0110",
        "coordinates": {
          "lat": 41.892103958774754,
          "lng": 12.485175947372815,
          "corner": "SE"
        },
        "timestamp": "2023-04-05T11:45:00Z",
        "lighting": {
          "sunPosition": "Mid-day South",
          "shadowDirection": "North",
          "shadowLength": "Short",
          "description": "Bright, clear overhead daylight casting sharp shadows behind columns"
        },
        "microPhysiognomy": {
          "aerialCables": "None",
          "shutterStyle": "N/A",
          "treeType": "Umbrella pines bordering the site",
          "graffiti": "None",
          "terrain": "Dirt paths, marble fragments, and ancient brick foundations",
          "urbanElements": {
            "furniture": "Information display boards and steel walkways for tourists",
            "vegetationScore": 4.5,
            "architectureStyle": "Classical Antiquity"
          },
          "temporalWindow": "2018-2023"
        },
        "ocr": {
          "detectedText": [
            "BASILICA DI MASSENZIO",
            "ARCO DI TITO",
            "PROHIBITED TO CLIMB"
          ],
          "confidence": 0.97,
          "rapidFuzzScore": 94.1
        },
        "exif": {
          "fStop": "f/8.0",
          "iso": 100,
          "shutterSpeed": "1/500s",
          "focalLength": "70mm",
          "make": "Fujifilm",
          "model": "X-T4",
          "lensModel": "XF 50-140mm F2.8 R LM OIS WR",
          "dateTimeOriginal": "2023-04-05T11:45:00Z"
        },
        "category": "Archaeological Site",
        "groundedFromAnchor": "Foro Romano",
        "locationContext": "Roma",
        "validation": {
          "distanceFromCenter": 1505.951631616754,
          "isOutlier": true,
          "computedScore": 150,
          "issues": [
            "Anomalía Geográfica (Desvío de 1506m)"
          ],
          "h3Index": "891e80501b3ffff"
        },
        "h3Index": "891e80501b3ffff",
        "geocodingScore": 150,
        "isAnchor": true
      }
    }
  ]
}