{
  "type": "FeatureCollection",
  "features": [
    {
      "type": "Feature",
      "geometry": {
        "type": "Point",
        "coordinates": [
          -57.182522,
          -28.532811
        ]
      },
      "properties": {
        "id": "REF-0001",
        "coordinates": {
          "lat": -28.532811,
          "lng": -57.182522,
          "corner": "NW corner of Visitor Center Plaza"
        },
        "timestamp": "2023-10-14T10:15:30Z",
        "lighting": {
          "sunPosition": "45 degrees elevation, East-Northeast",
          "shadowDirection": "South-West",
          "shadowLength": "1.2m",
          "description": "Direct morning sunlight with minimal atmospheric haze over humid marshland."
        },
        "microPhysiognomy": {
          "aerialCables": "None (Underground solar power grid feed)",
          "shutterStyle": "Rustic wooden louvers",
          "treeType": "Enterolobium contortisiliquum (Timbó)",
          "graffiti": "None",
          "terrain": "Flat sandy loam with wooden boardwalk overlay",
          "urbanElements": {
            "furniture": "Rustic wooden benches and informational display boards",
            "vegetationScore": 0.92,
            "architectureStyle": "Subtropical eco-lodge vernacular with thatched palm roofs"
          },
          "temporalWindow": "Late Morning"
        },
        "ocr": {
          "detectedText": [
            "CENTRO DE INTERPRETACION IBERA",
            "BIENVENIDOS",
            "PORTAL LAGUNA IBERA"
          ],
          "confidence": 0.96,
          "rapidFuzzScore": 92.5
        },
        "exif": {
          "fStop": "f/8.0",
          "iso": 100,
          "shutterSpeed": "1/500s",
          "focalLength": "24mm",
          "make": "Canon",
          "model": "EOS R6",
          "lensModel": "RF 24-70mm F2.8 L IS USM",
          "dateTimeOriginal": "2023-10-14T10:15:30"
        },
        "category": "Protected Area Entrance",
        "groundedFromAnchor": "Centro de Interpretación Iberá (Portal Laguna Iberá)",
        "locationContext": "Esteros del Iberá",
        "validation": {
          "distanceFromCenter": 98.21327681758855,
          "isOutlier": false,
          "computedScore": 96,
          "issues": [],
          "h3Index": "89a96276b17ffff"
        },
        "h3Index": "89a96276b17ffff",
        "geocodingScore": 96,
        "isAnchor": true
      }
    },
    {
      "type": "Feature",
      "geometry": {
        "type": "Point",
        "coordinates": [
          -57.184012,
          -28.535044
        ]
      },
      "properties": {
        "id": "REF-0002",
        "coordinates": {
          "lat": -28.535044,
          "lng": -57.184012,
          "corner": "SE terminus of Sendero Carpincho boardwalk"
        },
        "timestamp": "2023-10-14T11:30:00Z",
        "lighting": {
          "sunPosition": "60 degrees elevation, North-East",
          "shadowDirection": "South-Southwest",
          "shadowLength": "0.6m",
          "description": "High tropical sun reflecting heavily off shallow open water surfaces."
        },
        "microPhysiognomy": {
          "aerialCables": "None",
          "shutterStyle": "N/A",
          "treeType": "Erythrina crista-galli (Seibo)",
          "graffiti": "None",
          "terrain": "Saturated marshland / floating vegetation mat (embalsado)",
          "urbanElements": {
            "furniture": "Elevated wooden walkway with handrails and viewing platforms",
            "vegetationScore": 0.98,
            "architectureStyle": "Low-impact timber boardwalk infrastructure"
          },
          "temporalWindow": "Midday"
        },
        "ocr": {
          "detectedText": [
            "OBSERVATORIO DE AVES",
            "SILENCIO SECTOR DE ANIDACION"
          ],
          "confidence": 0.89,
          "rapidFuzzScore": 85
        },
        "exif": {
          "fStop": "f/5.6",
          "iso": 200,
          "shutterSpeed": "1/1250s",
          "focalLength": "70mm",
          "make": "Sony",
          "model": "ILCE-7M4",
          "lensModel": "FE 24-105mm F4 G OSS",
          "dateTimeOriginal": "2023-10-14T11:30:00"
        },
        "category": "Wildlife Observation Trail",
        "groundedFromAnchor": "Centro de Interpretación Iberá (Portal Laguna Iberá)",
        "locationContext": "Esteros del Iberá",
        "validation": {
          "distanceFromCenter": 201.48573334107485,
          "isOutlier": true,
          "computedScore": 94,
          "issues": [
            "Anomalía Geográfica (Desvío de 201m)"
          ],
          "h3Index": "89a96276b87ffff"
        },
        "h3Index": "89a96276b87ffff",
        "geocodingScore": 94,
        "isAnchor": true
      }
    },
    {
      "type": "Feature",
      "geometry": {
        "type": "Point",
        "coordinates": [
          -57.181055,
          -28.531205
        ]
      },
      "properties": {
        "id": "REF-0003",
        "coordinates": {
          "lat": -28.531205,
          "lng": -57.181055,
          "corner": "NE gate of Ranger Station compound"
        },
        "timestamp": "2023-10-14T14:45:12Z",
        "lighting": {
          "sunPosition": "55 degrees elevation, West-Northwest",
          "shadowDirection": "East-Southeast",
          "shadowLength": "0.8m",
          "description": "Harsh afternoon light with scattered clouds casting brief localized shadows."
        },
        "microPhysiognomy": {
          "aerialCables": "Single low-voltage overhead service line",
          "shutterStyle": "Wooden slatted window shutters",
          "treeType": "Syagrus romanzoffiana (Pindó Palm)",
          "graffiti": "None",
          "terrain": "Compact red clay dirt road with grass shoulders",
          "urbanElements": {
            "furniture": "Wooden perimeter fence and entry boom gate",
            "vegetationScore": 0.85,
            "architectureStyle": "Provincial park administration building (stucco and tile roof)"
          },
          "temporalWindow": "Afternoon"
        },
        "ocr": {
          "detectedText": [
            "GUARDAPARQUES",
            "PARQUE PROVINCIAL IBERA",
            "SECCIONAL PELLEGRINI"
          ],
          "confidence": 0.94,
          "rapidFuzzScore": 90.1
        },
        "exif": {
          "fStop": "f/11.0",
          "iso": 100,
          "shutterSpeed": "1/250s",
          "focalLength": "35mm",
          "make": "Nikon",
          "model": "Z6II",
          "lensModel": "NIKKOR Z 35mm f/1.8 S",
          "dateTimeOriginal": "2023-10-14T14:45:12"
        },
        "category": "Administrative Park Facility",
        "groundedFromAnchor": "Centro de Interpretación Iberá (Portal Laguna Iberá)",
        "locationContext": "Esteros del Iberá",
        "validation": {
          "distanceFromCenter": 324.82847924878024,
          "isOutlier": true,
          "computedScore": 94,
          "issues": [
            "Anomalía Geográfica (Desvío de 325m)"
          ],
          "h3Index": "89a96276b17ffff"
        },
        "h3Index": "89a96276b17ffff",
        "geocodingScore": 94,
        "isAnchor": true
      }
    },
    {
      "type": "Feature",
      "geometry": {
        "type": "Point",
        "coordinates": [
          -57.186041,
          -28.529033
        ]
      },
      "properties": {
        "id": "REF-0004",
        "coordinates": {
          "lat": -28.529033,
          "lng": -57.186041,
          "corner": "SW edge of Provincial Route 40 access"
        },
        "timestamp": "2023-10-14T17:10:05Z",
        "lighting": {
          "sunPosition": "20 degrees elevation, West",
          "shadowDirection": "East",
          "shadowLength": "3.5m",
          "description": "Golden hour warm illumination casting long stretched shadows across unpaved road."
        },
        "microPhysiognomy": {
          "aerialCables": "Two-strand pole-mounted telecommunication cable",
          "shutterStyle": "N/A",
          "treeType": "Acacia caven (Espinillo)",
          "graffiti": "Stenciled route identification mark on post",
          "terrain": "Unpaved sand and loose gravel rural corridor",
          "urbanElements": {
            "furniture": "Reflective wooden mile marker and warning signage",
            "vegetationScore": 0.78,
            "architectureStyle": "Rural provincial road infrastructure"
          },
          "temporalWindow": "Golden Hour"
        },
        "ocr": {
          "detectedText": [
            "RP 40",
            "COLONIA C. PELLEGRINI 2 KM",
            "VELOCIDAD MAXIMA 40 KM/H"
          ],
          "confidence": 0.91,
          "rapidFuzzScore": 88.4
        },
        "exif": {
          "fStop": "f/4.0",
          "iso": 400,
          "shutterSpeed": "1/800s",
          "focalLength": "50mm",
          "make": "Fujifilm",
          "model": "X-T4",
          "lensModel": "XF16-55mmF2.8 R LM WR",
          "dateTimeOriginal": "2023-10-14T17:10:05"
        },
        "category": "Rural Access Highway",
        "groundedFromAnchor": "Centro de Interpretación Iberá (Portal Laguna Iberá)",
        "locationContext": "Esteros del Iberá",
        "validation": {
          "distanceFromCenter": 546.444436282544,
          "isOutlier": true,
          "computedScore": 92,
          "issues": [
            "Anomalía Geográfica (Desvío de 546m)"
          ],
          "h3Index": "89a96276bafffff"
        },
        "h3Index": "89a96276bafffff",
        "geocodingScore": 92,
        "isAnchor": true
      }
    },
    {
      "type": "Feature",
      "geometry": {
        "type": "Point",
        "coordinates": [
          -57.180533,
          -28.536512
        ]
      },
      "properties": {
        "id": "REF-0005",
        "coordinates": {
          "lat": -28.536512,
          "lng": -57.180533,
          "corner": "Waterfront boat ramp jetty"
        },
        "timestamp": "2023-10-14T08:20:45Z",
        "lighting": {
          "sunPosition": "25 degrees elevation, East",
          "shadowDirection": "West",
          "shadowLength": "2.8m",
          "description": "Soft early morning light breaking through thin mist over Laguna Iberá waters."
        },
        "microPhysiognomy": {
          "aerialCables": "None",
          "shutterStyle": "N/A",
          "treeType": "Handroanthus heptaphyllus (Lapacho Negro)",
          "graffiti": "None",
          "terrain": "Stabilized gravel boat ramp entering lagoon edge",
          "urbanElements": {
            "furniture": "Floating wooden pontoon docks and safety buoy stations",
            "vegetationScore": 0.95,
            "architectureStyle": "Nautical wooden pier and launch structure"
          },
          "temporalWindow": "Early Morning"
        },
        "ocr": {
          "detectedText": [
            "EMBARCADERO MUNICIPAL",
            "PASEOS EN LANCHA",
            "USO OBLIGATORIO DE CHALECO SALVAVIDAS"
          ],
          "confidence": 0.95,
          "rapidFuzzScore": 94.2
        },
        "exif": {
          "fStop": "f/2.8",
          "iso": 100,
          "shutterSpeed": "1/2000s",
          "focalLength": "16mm",
          "make": "Sony",
          "model": "ILCE-7RM4",
          "lensModel": "FE 16-35mm F2.8 GM",
          "dateTimeOriginal": "2023-10-14T08:20:45"
        },
        "category": "Ecotourism Dock and Harbor",
        "groundedFromAnchor": "Centro de Interpretación Iberá (Portal Laguna Iberá)",
        "locationContext": "Esteros del Iberá",
        "validation": {
          "distanceFromCenter": 446.9568119376572,
          "isOutlier": true,
          "computedScore": 97,
          "issues": [
            "Anomalía Geográfica (Desvío de 447m)"
          ],
          "h3Index": "89a96276b83ffff"
        },
        "h3Index": "89a96276b83ffff",
        "geocodingScore": 97,
        "isAnchor": true
      }
    },
    {
      "type": "Feature",
      "geometry": {
        "type": "Point",
        "coordinates": [
          -57.183201,
          -28.532811
        ]
      },
      "properties": {
        "id": "REF-0006",
        "coordinates": {
          "lat": -28.532811,
          "lng": -57.183201,
          "corner": "Acceso Principal Centro de Interpretación"
        },
        "timestamp": "2023-10-14T15:42:10Z",
        "lighting": {
          "sunPosition": "High Azimuth 315° NW",
          "shadowDirection": "SE",
          "shadowLength": "Short (0.4m)",
          "description": "Intense subtropical sunlight with high contrast reflections on red clay soil and thatch roofing."
        },
        "microPhysiognomy": {
          "aerialCables": "Isolated single-phase wire mounted on wooden timber poles",
          "shutterStyle": "Rustic wooden batten shutters",
          "treeType": "Handroanthus heptaphyllus (Lapacho Negro) and Erythrina crista-galli (Ceibo)",
          "graffiti": "None",
          "terrain": "Compact red sandy clay and woodchip trail",
          "urbanElements": {
            "furniture": "Carved wooden park benches, informational wooden signposts",
            "vegetationScore": 0.92,
            "architectureStyle": "Vernacular Correntino eco-lodge style with thatched quincho roof and exposed timber structure"
          },
          "temporalWindow": "Late Afternoon dry season peak"
        },
        "ocr": {
          "detectedText": [
            "PARQUE NACIONAL IBERA",
            "CENTRO DE INTERPRETACION",
            "PORTAL LAGUNA IBERA",
            "BIENVENIDOS"
          ],
          "confidence": 0.98,
          "rapidFuzzScore": 95
        },
        "exif": {
          "fStop": "f/8.0",
          "iso": 100,
          "shutterSpeed": "1/500s",
          "focalLength": "24mm",
          "make": "Canon",
          "model": "Canon EOS R6 Mark II",
          "lensModel": "RF 24-105mm F4 L IS USM",
          "dateTimeOriginal": "2023-10-14 15:42:10"
        },
        "category": "Visitor Center / Entrance",
        "groundedFromAnchor": "Centro de Interpretación Iberá (Portal Laguna Iberá)",
        "locationContext": "Esteros del Iberá",
        "validation": {
          "distanceFromCenter": 59.45887679817075,
          "isOutlier": false,
          "computedScore": 97,
          "issues": [],
          "h3Index": "89a96276bbbffff"
        },
        "h3Index": "89a96276bbbffff",
        "geocodingScore": 97,
        "isAnchor": true
      }
    },
    {
      "type": "Feature",
      "geometry": {
        "type": "Point",
        "coordinates": [
          -57.18195,
          -28.53412
        ]
      },
      "properties": {
        "id": "REF-0007",
        "coordinates": {
          "lat": -28.53412,
          "lng": -57.18195,
          "corner": "Pasarela de Madera Laguna Iberá"
        },
        "timestamp": "2023-10-14T16:15:33Z",
        "lighting": {
          "sunPosition": "Low Azimuth 280° WNW",
          "shadowDirection": "ESE",
          "shadowLength": "Extended (1.8m)",
          "description": "Golden hour glare reflecting off open marshland water and floating vegetation mats."
        },
        "microPhysiognomy": {
          "aerialCables": "None",
          "shutterStyle": "None",
          "treeType": "Eichhornia crassipes (Aguapé) and Cyperus papyrus in marsh bed",
          "graffiti": "None",
          "terrain": "Elevated hardwood boardwalk above wetland marsh",
          "urbanElements": {
            "furniture": "Wooden handrails and observation deck railing",
            "vegetationScore": 0.98,
            "architectureStyle": "Pile-supported wooden boardwalk platform"
          },
          "temporalWindow": "Pre-sunset lighting"
        },
        "ocr": {
          "detectedText": [
            "SENDEROS DE INTERPRETACION",
            "PRECAUCION FAUNA SILVESTRE",
            "NO ALIMENTAR A LOS CARPINCHOS"
          ],
          "confidence": 0.94,
          "rapidFuzzScore": 89
        },
        "exif": {
          "fStop": "f/5.6",
          "iso": 200,
          "shutterSpeed": "1/1000s",
          "focalLength": "50mm",
          "make": "Sony",
          "model": "ILCE-7M4",
          "lensModel": "FE 50mm F1.4 GM",
          "dateTimeOriginal": "2023-10-14 16:15:33"
        },
        "category": "Trail Boardwalk / Wetland",
        "groundedFromAnchor": "Centro de Interpretación Iberá (Portal Laguna Iberá)",
        "locationContext": "Esteros del Iberá",
        "validation": {
          "distanceFromCenter": 160.96906647605545,
          "isOutlier": true,
          "computedScore": 95,
          "issues": [
            "Anomalía Geográfica (Desvío de 161m)"
          ],
          "h3Index": "89a96276b8fffff"
        },
        "h3Index": "89a96276b8fffff",
        "geocodingScore": 95,
        "isAnchor": true
      }
    },
    {
      "type": "Feature",
      "geometry": {
        "type": "Point",
        "coordinates": [
          -57.1848,
          -28.5315
        ]
      },
      "properties": {
        "id": "REF-0008",
        "coordinates": {
          "lat": -28.5315,
          "lng": -57.1848,
          "corner": "Ruta Provincial 40 Acceso Pellegrini"
        },
        "timestamp": "2023-10-14T12:05:44Z",
        "lighting": {
          "sunPosition": "Zenith 12° N",
          "shadowDirection": "Directly Vertical",
          "shadowLength": "Minimal (0.1m)",
          "description": "Harsh midday light creating strong glare on unpaved gravel road and dust haze."
        },
        "microPhysiognomy": {
          "aerialCables": "Low-voltage distribution line parallel to rural road",
          "shutterStyle": "N/A",
          "treeType": "Acacia caven (Espinillo) and Copernicia alba (Palmera Caranday)",
          "graffiti": "None",
          "terrain": "Unpaved sand and ripio (gravel) road",
          "urbanElements": {
            "furniture": "Reflective traffic signs mounted on wooden posts, wooden cattle guard (guardaganado)",
            "vegetationScore": 0.65,
            "architectureStyle": "Rural infrastructure"
          },
          "temporalWindow": "Midday solar peak"
        },
        "ocr": {
          "detectedText": [
            "VELOCIDAD MAXIMA 30 KM/H",
            "ZONA DE FAUNA PROTEGIDA",
            "COLONIA CARLOS PELLEGRINI 1 KM"
          ],
          "confidence": 0.96,
          "rapidFuzzScore": 92
        },
        "exif": {
          "fStop": "f/11.0",
          "iso": 100,
          "shutterSpeed": "1/250s",
          "focalLength": "35mm",
          "make": "Nikon",
          "model": "Nikon Z6 II",
          "lensModel": "NIKKOR Z 35mm f/1.8 S",
          "dateTimeOriginal": "2023-10-14 12:05:44"
        },
        "category": "Rural Road / Wildlife Crossing",
        "groundedFromAnchor": "Centro de Interpretación Iberá (Portal Laguna Iberá)",
        "locationContext": "Esteros del Iberá",
        "validation": {
          "distanceFromCenter": 249.1602114489587,
          "isOutlier": true,
          "computedScore": 92,
          "issues": [
            "Anomalía Geográfica (Desvío de 249m)"
          ],
          "h3Index": "89a96276bbbffff"
        },
        "h3Index": "89a96276bbbffff",
        "geocodingScore": 92,
        "isAnchor": true
      }
    },
    {
      "type": "Feature",
      "geometry": {
        "type": "Point",
        "coordinates": [
          -57.1825,
          -28.53505
        ]
      },
      "properties": {
        "id": "REF-0009",
        "coordinates": {
          "lat": -28.53505,
          "lng": -57.1825,
          "corner": "Puesto de Guardaparques / Área de Acampe"
        },
        "timestamp": "2023-10-14T09:20:15Z",
        "lighting": {
          "sunPosition": "Low Azimuth 85° E",
          "shadowDirection": "W",
          "shadowLength": "Long (2.2m)",
          "description": "Soft morning sunlight filtering through dense tree canopy creating dappled light patches."
        },
        "microPhysiognomy": {
          "aerialCables": "Solar panel wiring conduit running along eaves",
          "shutterStyle": "Dark green painted wooden shutters",
          "treeType": "Enterolobium contortisiliquum (Timbó) and Schinus terebinthifolia",
          "graffiti": "None",
          "terrain": "Mowed grass lawn with pine-needle duff",
          "urbanElements": {
            "furniture": "Wooden picnic tables, stone grill pits, solar illumination posts",
            "vegetationScore": 0.88,
            "architectureStyle": "Standard Provincial Park Ranger Outpost with red tin roof and timber siding"
          },
          "temporalWindow": "Morning golden hour"
        },
        "ocr": {
          "detectedText": [
            "GUARDAPARQUES",
            "INFORMACION TURISTICA",
            "PROHIBIDO HACER FUEGO FUERA DE LAS PARRILLAS"
          ],
          "confidence": 0.92,
          "rapidFuzzScore": 88
        },
        "exif": {
          "fStop": "f/4.0",
          "iso": 400,
          "shutterSpeed": "1/160s",
          "focalLength": "70mm",
          "make": "Fujifilm",
          "model": "X-T5",
          "lensModel": "XF16-55mmF2.8 R LM WR",
          "dateTimeOriginal": "2023-10-14 09:20:15"
        },
        "category": "Ranger Station / Camping Ground",
        "groundedFromAnchor": "Centro de Interpretación Iberá (Portal Laguna Iberá)",
        "locationContext": "Esteros del Iberá",
        "validation": {
          "distanceFromCenter": 207.5400687994169,
          "isOutlier": true,
          "computedScore": 93,
          "issues": [
            "Anomalía Geográfica (Desvío de 208m)"
          ],
          "h3Index": "89a96276b8fffff"
        },
        "h3Index": "89a96276b8fffff",
        "geocodingScore": 93,
        "isAnchor": true
      }
    },
    {
      "type": "Feature",
      "geometry": {
        "type": "Point",
        "coordinates": [
          -57.1801,
          -28.5362
        ]
      },
      "properties": {
        "id": "REF-0010",
        "coordinates": {
          "lat": -28.5362,
          "lng": -57.1801,
          "corner": "Mangrullo de Avistaje de Aves"
        },
        "timestamp": "2023-10-14T17:50:02Z",
        "lighting": {
          "sunPosition": "Low Azimuth 260° W",
          "shadowDirection": "E",
          "shadowLength": "Extremely Long (4.5m)",
          "description": "Late dusk purple and orange twilight sky casting faint silhouette lighting on tall wooden tower structure."
        },
        "microPhysiognomy": {
          "aerialCables": "None",
          "shutterStyle": "Open deck framing",
          "treeType": "Typha domingensis (Totora) and aquatic shrubs",
          "graffiti": "None",
          "terrain": "Submerged marshland edge with elevated pole foundation",
          "urbanElements": {
            "furniture": "Built-in wooden benches and perimeter railing on platform",
            "vegetationScore": 0.95,
            "architectureStyle": "Two-story elevated wooden wildlife observation tower (mangrullo)"
          },
          "temporalWindow": "Civil Twilight / Sunset"
        },
        "ocr": {
          "detectedText": [
            "MIRADOR DE AVES",
            "CAPACIDAD MAXIMA 6 PERSONAS",
            "SILENCIO ZONA DE NIDIFICACION"
          ],
          "confidence": 0.89,
          "rapidFuzzScore": 84
        },
        "exif": {
          "fStop": "f/2.8",
          "iso": 800,
          "shutterSpeed": "1/60s",
          "focalLength": "16mm",
          "make": "Apple",
          "model": "iPhone 15 Pro",
          "lensModel": "iPhone 15 Pro back triple camera 6.86mm f/1.78",
          "dateTimeOriginal": "2023-10-14 17:50:02"
        },
        "category": "Observation Tower / Wildlife Viewpoint",
        "groundedFromAnchor": "Centro de Interpretación Iberá (Portal Laguna Iberá)",
        "locationContext": "Esteros del Iberá",
        "validation": {
          "distanceFromCenter": 448.7493664546165,
          "isOutlier": true,
          "computedScore": 93,
          "issues": [
            "Anomalía Geográfica (Desvío de 449m)"
          ],
          "h3Index": "89a96276b8bffff"
        },
        "h3Index": "89a96276b8bffff",
        "geocodingScore": 93,
        "isAnchor": true
      }
    },
    {
      "type": "Feature",
      "geometry": {
        "type": "Point",
        "coordinates": [
          -58.83664,
          -27.464645
        ]
      },
      "properties": {
        "id": "REF-0011",
        "coordinates": {
          "lat": -27.464645,
          "lng": -58.83664,
          "corner": "25 de Mayo & Salta"
        },
        "timestamp": "2023-10-15T14:32:10Z",
        "lighting": {
          "sunPosition": "NW 52 deg azimuth",
          "shadowDirection": "SE",
          "shadowLength": "1.1m",
          "description": "Harsh subtropical midday sunlight with sharp high-contrast shadows on historic facade"
        },
        "microPhysiognomy": {
          "aerialCables": "Dense black telecom and electrical power lines crisscrossing overhead",
          "shutterStyle": "Wooden louvered shutters on upper stories, heavy metal security shutters ground floor",
          "treeType": "Lapacho Rosa (Handroanthus impetiginosus)",
          "graffiti": "Minor spray stencil near sidewalk base",
          "terrain": "Flat paved street with traditional red-brick decorative sidewalk tiles",
          "urbanElements": {
            "furniture": "Cast iron municipal benches, green historic lampposts",
            "vegetationScore": 0.65,
            "architectureStyle": "Italianate Spanish Colonial Revival"
          },
          "temporalWindow": "Early afternoon business hours"
        },
        "ocr": {
          "detectedText": [
            "GOBIERNO DE LA PROVINCIA",
            "PLAZA 25 DE MAYO",
            "CALLE SALTA 900"
          ],
          "confidence": 0.94,
          "rapidFuzzScore": 92.5
        },
        "exif": {
          "fStop": "f/8.0",
          "iso": 100,
          "shutterSpeed": "1/500s",
          "focalLength": "35mm",
          "make": "Sony",
          "model": "ILCE-7M4",
          "lensModel": "FE 35mm F1.4 GM",
          "dateTimeOriginal": "2023-10-15 14:32:10"
        },
        "category": "Government Plaza",
        "groundedFromAnchor": "Plaza 25 de Mayo",
        "locationContext": "Corrientes",
        "validation": {
          "distanceFromCenter": 160.1424098120956,
          "isOutlier": true,
          "computedScore": 92,
          "issues": [
            "Anomalía Geográfica (Desvío de 160m)"
          ],
          "h3Index": "89a96e732d3ffff"
        },
        "h3Index": "89a96e732d3ffff",
        "geocodingScore": 92,
        "isAnchor": true
      }
    },
    {
      "type": "Feature",
      "geometry": {
        "type": "Point",
        "coordinates": [
          -58.834,
          -27.4662
        ]
      },
      "properties": {
        "id": "REF-0012",
        "coordinates": {
          "lat": -27.4662,
          "lng": -58.834,
          "corner": "San Martin & Rioja"
        },
        "timestamp": "2023-10-15T15:05:22Z",
        "lighting": {
          "sunPosition": "WNW 48 deg azimuth",
          "shadowDirection": "ESE",
          "shadowLength": "1.4m",
          "description": "Bright afternoon illumination with diffused reflections from glass storefronts"
        },
        "microPhysiognomy": {
          "aerialCables": "Moderate overhead wiring along building edges",
          "shutterStyle": "Motorized roll-up metal mesh shutters",
          "treeType": "Jacaranda Mimosifolia",
          "graffiti": "Clean painted wall, no visible graffiti",
          "terrain": "Flat asphalt roadway with tactile paved pedestrian crossings",
          "urbanElements": {
            "furniture": "Stainless steel bus stop shelter, modern LED street lights",
            "vegetationScore": 0.4,
            "architectureStyle": "Mid-century Modern commercial brick facade"
          },
          "temporalWindow": "Mid afternoon retail peak"
        },
        "ocr": {
          "detectedText": [
            "BANCO DE CORRIENTES",
            "CAJERO AUTOMATICO",
            "SAN MARTIN 1150"
          ],
          "confidence": 0.98,
          "rapidFuzzScore": 96
        },
        "exif": {
          "fStop": "f/2.8",
          "iso": 50,
          "shutterSpeed": "1/1250s",
          "focalLength": "24mm",
          "make": "Apple",
          "model": "iPhone 14 Pro",
          "lensModel": "iPhone 14 Pro back main camera 6.86mm f/1.78",
          "dateTimeOriginal": "2023-10-15 15:05:22"
        },
        "category": "Commercial District",
        "groundedFromAnchor": "Plaza 25 de Mayo",
        "locationContext": "Corrientes",
        "validation": {
          "distanceFromCenter": 163.52111791320434,
          "isOutlier": true,
          "computedScore": 89,
          "issues": [
            "Anomalía Geográfica (Desvío de 164m)"
          ],
          "h3Index": "89a96e44da7ffff"
        },
        "h3Index": "89a96e44da7ffff",
        "geocodingScore": 89,
        "isAnchor": true
      }
    },
    {
      "type": "Feature",
      "geometry": {
        "type": "Point",
        "coordinates": [
          -58.8385,
          -27.4618
        ]
      },
      "properties": {
        "id": "REF-0013",
        "coordinates": {
          "lat": -27.4618,
          "lng": -58.8385,
          "corner": "Costanera Gral. San Martin & Pellegrini"
        },
        "timestamp": "2023-10-15T16:45:00Z",
        "lighting": {
          "sunPosition": "W 30 deg azimuth",
          "shadowDirection": "E",
          "shadowLength": "2.2m",
          "description": "Low angle golden hour light over the Parana River casting elongated shadows"
        },
        "microPhysiognomy": {
          "aerialCables": "Underground utility ducting, low aerial presence",
          "shutterStyle": "N/A open promenade structure",
          "treeType": "Ibirapita and Palm trees",
          "graffiti": "Artistic urban mural on river embankment wall",
          "terrain": "Paved riverfront promenade with concrete balustrade",
          "urbanElements": {
            "furniture": "Concrete view benches, wrought iron railing along riverbank",
            "vegetationScore": 0.85,
            "architectureStyle": "Modern Waterfront Infrastructure"
          },
          "temporalWindow": "Late afternoon recreational hour"
        },
        "ocr": {
          "detectedText": [
            "PASACALLES COSTANERA",
            "BIENVENIDOS A CORRIENTES",
            "PARANA RIVER WALK"
          ],
          "confidence": 0.89,
          "rapidFuzzScore": 85
        },
        "exif": {
          "fStop": "f/5.6",
          "iso": 200,
          "shutterSpeed": "1/800s",
          "focalLength": "50mm",
          "make": "Canon",
          "model": "EOS R6",
          "lensModel": "RF 50mm F1.8 STM",
          "dateTimeOriginal": "2023-10-15 16:45:00"
        },
        "category": "Waterfront Park",
        "groundedFromAnchor": "Plaza 25 de Mayo",
        "locationContext": "Corrientes",
        "validation": {
          "distanceFromCenter": 497.1707813462504,
          "isOutlier": true,
          "computedScore": 92,
          "issues": [
            "Anomalía Geográfica (Desvío de 497m)"
          ],
          "h3Index": "89a96e732d7ffff"
        },
        "h3Index": "89a96e732d7ffff",
        "geocodingScore": 92,
        "isAnchor": true
      }
    },
    {
      "type": "Feature",
      "geometry": {
        "type": "Point",
        "coordinates": [
          -58.8325,
          -27.468
        ]
      },
      "properties": {
        "id": "REF-0014",
        "coordinates": {
          "lat": -27.468,
          "lng": -58.8325,
          "corner": "Peatonal Junin & Cordoba"
        },
        "timestamp": "2023-10-15T11:15:40Z",
        "lighting": {
          "sunPosition": "NE 60 deg azimuth",
          "shadowDirection": "SW",
          "shadowLength": "0.8m",
          "description": "High morning sun filtering between tall commercial structures along pedestrian corridor"
        },
        "microPhysiognomy": {
          "aerialCables": "High overhead cross-street light fixtures and banner cables",
          "shutterStyle": "Glass display windows with inner drop-down security gates",
          "treeType": "Potted ornamental Ficus trees",
          "graffiti": "Small sticker tags on light posts",
          "terrain": "Pedestrianized mosaic tile pathway with central drainage channel",
          "urbanElements": {
            "furniture": "Center corridor benches, waste separation bins, commercial kiosks",
            "vegetationScore": 0.25,
            "architectureStyle": "Late 20th Century Retail storefronts"
          },
          "temporalWindow": "Late morning pedestrian shopping peak"
        },
        "ocr": {
          "detectedText": [
            "FARMACIA DEL PUEBLO",
            "PEATONAL JUNIN",
            "OFERTAS DEL MES"
          ],
          "confidence": 0.96,
          "rapidFuzzScore": 94.2
        },
        "exif": {
          "fStop": "f/4.0",
          "iso": 160,
          "shutterSpeed": "1/640s",
          "focalLength": "28mm",
          "make": "Fujifilm",
          "model": "X100V",
          "lensModel": "23mm f/2.0 Fujinon Single Focal Length Lens",
          "dateTimeOriginal": "2023-10-15 11:15:40"
        },
        "category": "Pedestrian Walkway",
        "groundedFromAnchor": "Plaza 25 de Mayo",
        "locationContext": "Corrientes",
        "validation": {
          "distanceFromCenter": 412.0506494584054,
          "isOutlier": true,
          "computedScore": 86,
          "issues": [
            "Anomalía Geográfica (Desvío de 412m)"
          ],
          "h3Index": "89a96e44da3ffff"
        },
        "h3Index": "89a96e44da3ffff",
        "geocodingScore": 86,
        "isAnchor": true
      }
    },
    {
      "type": "Feature",
      "geometry": {
        "type": "Point",
        "coordinates": [
          -58.8355,
          -27.4635
        ]
      },
      "properties": {
        "id": "REF-0015",
        "coordinates": {
          "lat": -27.4635,
          "lng": -58.8355,
          "corner": "Quintana & Mendoza"
        },
        "timestamp": "2023-10-15T13:00:05Z",
        "lighting": {
          "sunPosition": "N 70 deg azimuth",
          "shadowDirection": "S",
          "shadowLength": "0.4m",
          "description": "Near zenith overhead sun causing minimal shadow offset directly under balconies"
        },
        "microPhysiognomy": {
          "aerialCables": "Dense black electrical wire bundles suspended from timber poles",
          "shutterStyle": "Traditional timber shutters with painted iron grilles",
          "treeType": "Chañar and Citrus trees",
          "graffiti": "Political stenciling on lower masonry wall",
          "terrain": "Narrow concrete tile sidewalk with high curb",
          "urbanElements": {
            "furniture": "Standard metal utility poles, historic brass street sign plaque",
            "vegetationScore": 0.55,
            "architectureStyle": "Neoclassical residential single-story continuous facade"
          },
          "temporalWindow": "Midday quiet siesta transition"
        },
        "ocr": {
          "detectedText": [
            "CALLE QUINTANA 800",
            "MENDOZA",
            "PANADERIA LA ESPAÑOLA"
          ],
          "confidence": 0.91,
          "rapidFuzzScore": 88.7
        },
        "exif": {
          "fStop": "f/2.0",
          "iso": 100,
          "shutterSpeed": "1/2000s",
          "focalLength": "26mm",
          "make": "Samsung",
          "model": "Galaxy S23 Ultra",
          "lensModel": "Samsung Wide Camera 6.3mm f/1.7",
          "dateTimeOriginal": "2023-10-15 13:00:05"
        },
        "category": "Residential Historic Core",
        "groundedFromAnchor": "Plaza 25 de Mayo",
        "locationContext": "Corrientes",
        "validation": {
          "distanceFromCenter": 182.23650134700006,
          "isOutlier": true,
          "computedScore": 89,
          "issues": [
            "Anomalía Geográfica (Desvío de 182m)"
          ],
          "h3Index": "89a96e732d3ffff"
        },
        "h3Index": "89a96e732d3ffff",
        "geocodingScore": 89,
        "isAnchor": true
      }
    },
    {
      "type": "Feature",
      "geometry": {
        "type": "Point",
        "coordinates": [
          -58.83664,
          -27.464645
        ]
      },
      "properties": {
        "id": "REF-0016",
        "coordinates": {
          "lat": -27.464645,
          "lng": -58.83664,
          "corner": "25 de Mayo & Salta"
        },
        "timestamp": "2023-11-14T10:15:30Z",
        "lighting": {
          "sunPosition": "East-Northeast at 42 deg",
          "shadowDirection": "Southwest",
          "shadowLength": "1.2m",
          "description": "Mid-morning bright sunlight casting sharp shadows from lapacho trees onto historic facade."
        },
        "microPhysiognomy": {
          "aerialCables": "Dense overhead copper wiring and fiber optic bundles crossing diagonally",
          "shutterStyle": "Colonial wood louvers with dark green finish",
          "treeType": "Handroanthus impetiginosus (Lapacho rosado)",
          "graffiti": "Minimal stencil tagging on street furniture base",
          "terrain": "Flat paved sidewalk with historic red granite flagstones",
          "urbanElements": {
            "furniture": "Cast iron Victorian lamp posts and wooden park benches",
            "vegetationScore": 0.85,
            "architectureStyle": "Neoclassical Italianate government facade"
          },
          "temporalWindow": "Late Spring 2023"
        },
        "ocr": {
          "detectedText": [
            "GOBIERNO DE CORRIENTES",
            "CASA DE GOBIERNO",
            "CALLE 25 DE MAYO"
          ],
          "confidence": 0.96,
          "rapidFuzzScore": 92.5
        },
        "exif": {
          "fStop": "f/8.0",
          "iso": 100,
          "shutterSpeed": "1/500s",
          "focalLength": "35mm",
          "make": "Sony",
          "model": "ILCE-7M4",
          "lensModel": "FE 35mm F1.4 GM",
          "dateTimeOriginal": "2023-11-14 10:15:30"
        },
        "category": "Historical Plaza & Civic Building",
        "groundedFromAnchor": "Plaza 25 de Mayo",
        "locationContext": "Corrientes",
        "validation": {
          "distanceFromCenter": 160.1424098120956,
          "isOutlier": true,
          "computedScore": 95,
          "issues": [
            "Anomalía Geográfica (Desvío de 160m)"
          ],
          "h3Index": "89a96e732d3ffff"
        },
        "h3Index": "89a96e732d3ffff",
        "geocodingScore": 95,
        "isAnchor": true
      }
    },
    {
      "type": "Feature",
      "geometry": {
        "type": "Point",
        "coordinates": [
          -58.83354,
          -27.466512
        ]
      },
      "properties": {
        "id": "REF-0017",
        "coordinates": {
          "lat": -27.466512,
          "lng": -58.83354,
          "corner": "Junín & San Juan"
        },
        "timestamp": "2023-11-14T15:40:12Z",
        "lighting": {
          "sunPosition": "West-Northwest at 55 deg",
          "shadowDirection": "East-Southeast",
          "shadowLength": "0.8m",
          "description": "Harsh afternoon sun reflected off commercial storefront windows."
        },
        "microPhysiognomy": {
          "aerialCables": "Moderate underground conduits with occasional vertical drop wires",
          "shutterStyle": "Perforated metal roll-down security shutters",
          "treeType": "Jacaranda mimosifolia",
          "graffiti": "Prominent sticker art on utility boxes",
          "terrain": "Pedestrianized street with interlocking concrete pavers",
          "urbanElements": {
            "furniture": "Modern stainless steel trash bins and concrete bollards",
            "vegetationScore": 0.4,
            "architectureStyle": "Contemporary commercial mid-rise with Art Deco remnants"
          },
          "temporalWindow": "Late Spring 2023"
        },
        "ocr": {
          "detectedText": [
            "PEATONAL JUNIN",
            "FARMACIA FARMAR",
            "PROMO 2X1"
          ],
          "confidence": 0.94,
          "rapidFuzzScore": 88
        },
        "exif": {
          "fStop": "f/5.6",
          "iso": 200,
          "shutterSpeed": "1/1000s",
          "focalLength": "24mm",
          "make": "Canon",
          "model": "EOS R6",
          "lensModel": "RF 24-70mm F2.8 L IS USM",
          "dateTimeOriginal": "2023-11-14 15:40:12"
        },
        "category": "Commercial Pedestrian Street",
        "groundedFromAnchor": "Peatonal Junín Corridor",
        "locationContext": "Corrientes",
        "validation": {
          "distanceFromCenter": 219.86420248599643,
          "isOutlier": true,
          "computedScore": 86,
          "issues": [
            "Anomalía Geográfica (Desvío de 220m)"
          ],
          "h3Index": "89a96e44da7ffff"
        },
        "h3Index": "89a96e44da7ffff",
        "geocodingScore": 86,
        "isAnchor": true
      }
    },
    {
      "type": "Feature",
      "geometry": {
        "type": "Point",
        "coordinates": [
          -58.83921,
          -27.46183
        ]
      },
      "properties": {
        "id": "REF-0018",
        "coordinates": {
          "lat": -27.46183,
          "lng": -58.83921,
          "corner": "Av. Costanera General San Martín & Quintana"
        },
        "timestamp": "2023-11-14T18:45:00Z",
        "lighting": {
          "sunPosition": "West at 12 deg",
          "shadowDirection": "East",
          "shadowLength": "4.5m",
          "description": "Golden hour sunset light glowing over Paraná River with long dramatic shadows."
        },
        "microPhysiognomy": {
          "aerialCables": "Low density overhead wires along service road",
          "shutterStyle": "N/A - Open promenade with railings",
          "treeType": "Peltophorum dubium (Yvyra-pytá)",
          "graffiti": "Clean river wall with occasional painted murals",
          "terrain": "Asphalt road with wide concrete pedestrian promenade",
          "urbanElements": {
            "furniture": "White concrete balustrades, riverside benches, LED light poles",
            "vegetationScore": 0.75,
            "architectureStyle": "Mid-20th Century Riverfront Promenade"
          },
          "temporalWindow": "Late Spring 2023"
        },
        "ocr": {
          "detectedText": [
            "AV. COSTANERA GEN. SAN MARTIN",
            "PARANA RIVER",
            "PREFECTURA NAVAL"
          ],
          "confidence": 0.98,
          "rapidFuzzScore": 95.1
        },
        "exif": {
          "fStop": "f/4.0",
          "iso": 400,
          "shutterSpeed": "1/250s",
          "focalLength": "50mm",
          "make": "Nikon",
          "model": "Z6 II",
          "lensModel": "NIKKOR Z 50mm f/1.8 S",
          "dateTimeOriginal": "2023-11-14 18:45:00"
        },
        "category": "Waterfront Boulevard",
        "groundedFromAnchor": "Costanera General San Martín",
        "locationContext": "Corrientes",
        "validation": {
          "distanceFromCenter": 544.6534169916043,
          "isOutlier": true,
          "computedScore": 94,
          "issues": [
            "Anomalía Geográfica (Desvío de 545m)"
          ],
          "h3Index": "89a96e732d7ffff"
        },
        "h3Index": "89a96e732d7ffff",
        "geocodingScore": 94,
        "isAnchor": true
      }
    },
    {
      "type": "Feature",
      "geometry": {
        "type": "Point",
        "coordinates": [
          -58.83582,
          -27.4682
        ]
      },
      "properties": {
        "id": "REF-0019",
        "coordinates": {
          "lat": -27.4682,
          "lng": -58.83582,
          "corner": "Pellegrini & La Rioja"
        },
        "timestamp": "2023-11-15T08:20:10Z",
        "lighting": {
          "sunPosition": "East at 25 deg",
          "shadowDirection": "West",
          "shadowLength": "2.1m",
          "description": "Soft morning sunlight filtered through dense tree canopy."
        },
        "microPhysiognomy": {
          "aerialCables": "Heavy web of low-hanging telecommunication cables",
          "shutterStyle": "Traditional wooden solid shutters on low-rise residences",
          "treeType": "Tipuana tipu",
          "graffiti": "Political poster remnants on light poles",
          "terrain": "Standard concrete sidewalk with yellow tactile paving at curb",
          "urbanElements": {
            "furniture": "Standard municipal steel bus stop shelter",
            "vegetationScore": 0.65,
            "architectureStyle": "Early 20th Century Spanish Colonial Revival residential"
          },
          "temporalWindow": "Late Spring 2023"
        },
        "ocr": {
          "detectedText": [
            "CALLE PELLEGRINI 1100",
            "LA RIOJA",
            "PARADA DE COLECTIVO"
          ],
          "confidence": 0.91,
          "rapidFuzzScore": 86.4
        },
        "exif": {
          "fStop": "f/2.8",
          "iso": 100,
          "shutterSpeed": "1/800s",
          "focalLength": "85mm",
          "make": "Fujifilm",
          "model": "X-T4",
          "lensModel": "XF 56mm F1.2 R",
          "dateTimeOriginal": "2023-11-15 08:20:10"
        },
        "category": "Residential / Mixed Urban Street",
        "groundedFromAnchor": "Barrio Cambá Cuá Fringe",
        "locationContext": "Corrientes",
        "validation": {
          "distanceFromCenter": 351.947630719387,
          "isOutlier": true,
          "computedScore": 89,
          "issues": [
            "Anomalía Geográfica (Desvío de 352m)"
          ],
          "h3Index": "89a96e44db7ffff"
        },
        "h3Index": "89a96e44db7ffff",
        "geocodingScore": 89,
        "isAnchor": true
      }
    },
    {
      "type": "Feature",
      "geometry": {
        "type": "Point",
        "coordinates": [
          -58.82853,
          -27.471015
        ]
      },
      "properties": {
        "id": "REF-0020",
        "coordinates": {
          "lat": -27.471015,
          "lng": -58.82853,
          "corner": "Sarmiento & Junín"
        },
        "timestamp": "2023-11-15T12:00:00Z",
        "lighting": {
          "sunPosition": "Zenith at 82 deg",
          "shadowDirection": "South",
          "shadowLength": "0.2m",
          "description": "Midday direct sun with almost vertical short shadows."
        },
        "microPhysiognomy": {
          "aerialCables": "Tangled cable bundles attached to utility poles",
          "shutterStyle": "Commercial aluminum security grilles",
          "treeType": "Enterolobium contortisiliquum (Timbó)",
          "graffiti": "Sports team spray paint tags on wall corner",
          "terrain": "Paved urban square with tile pathways and grass patches",
          "urbanElements": {
            "furniture": "Concrete chess tables, street vendor kiosks, park benches",
            "vegetationScore": 0.8,
            "architectureStyle": "Eclectic civic plaza surrounding historic church"
          },
          "temporalWindow": "Late Spring 2023"
        },
        "ocr": {
          "detectedText": [
            "PLAZA CABRAL",
            "IGLESIA CRUZ DE LOS MILAGROS",
            "SARMIENTO"
          ],
          "confidence": 0.95,
          "rapidFuzzScore": 91.2
        },
        "exif": {
          "fStop": "f/11.0",
          "iso": 100,
          "shutterSpeed": "1/320s",
          "focalLength": "18mm",
          "make": "Sony",
          "model": "ILCE-6400",
          "lensModel": "E 10-18mm F4 OSS",
          "dateTimeOriginal": "2023-11-15 12:00:00"
        },
        "category": "Urban Square & Religious Heritage",
        "groundedFromAnchor": "Plaza Cabral",
        "locationContext": "Corrientes",
        "validation": {
          "distanceFromCenter": 923.4440046017866,
          "isOutlier": true,
          "computedScore": 93,
          "issues": [
            "Anomalía Geográfica (Desvío de 923m)"
          ],
          "h3Index": "89a96e44d87ffff"
        },
        "h3Index": "89a96e44d87ffff",
        "geocodingScore": 93,
        "isAnchor": true
      }
    },
    {
      "type": "Feature",
      "geometry": {
        "type": "Point",
        "coordinates": [
          -58.381558596303314,
          -34.6040666849459
        ]
      },
      "properties": {
        "id": "REF-0021",
        "coordinates": {
          "lat": -34.6040666849459,
          "lng": -58.381558596303314,
          "corner": "Av. 9 de Julio y Av. Corrientes"
        },
        "timestamp": "2023-11-14T14:22:10Z",
        "lighting": {
          "sunPosition": "NW at 52 deg",
          "shadowDirection": "SE",
          "shadowLength": "1.2m",
          "description": "Direct harsh sunlight with high contrast on concrete and asphalt"
        },
        "microPhysiognomy": {
          "aerialCables": "High density overhead power and telecom cables",
          "shutterStyle": "Commercial metal roller shutters",
          "treeType": "Jacaranda mimosifolia",
          "graffiti": "Tags on traffic control boxes",
          "terrain": "Flat paved asphalt and sidewalk tiles",
          "urbanElements": {
            "furniture": "Steel bollards, LED street lamps, bus stop shelter",
            "vegetationScore": 0.25,
            "architectureStyle": "Art Deco / Modernist hybrid"
          },
          "temporalWindow": "Afternoon peak traffic"
        },
        "ocr": {
          "detectedText": [
            "AV CORRIENTES",
            "OBELISCO",
            "SUBTE LINEA D"
          ],
          "confidence": 0.96,
          "rapidFuzzScore": 92.5
        },
        "exif": {
          "fStop": "f/8.0",
          "iso": 100,
          "shutterSpeed": "1/500",
          "focalLength": "24mm",
          "make": "Canon",
          "model": "EOS R6",
          "lensModel": "RF 24-70mm F2.8L IS USM",
          "dateTimeOriginal": "2023:11:14 14:22:10"
        },
        "category": "Monument / Urban Thoroughfare",
        "groundedFromAnchor": "Obelisco de Buenos Aires",
        "locationContext": "Argentina",
        "validation": {
          "distanceFromCenter": 631122.6987113875,
          "isOutlier": true,
          "computedScore": 86,
          "issues": [
            "Anomalía Geográfica (Desvío de 631123m)"
          ],
          "h3Index": "89c2e31132bffff"
        },
        "h3Index": "89c2e31132bffff",
        "geocodingScore": 86,
        "isAnchor": true
      }
    },
    {
      "type": "Feature",
      "geometry": {
        "type": "Point",
        "coordinates": [
          -58.38303613660903,
          -34.60141347798531
        ]
      },
      "properties": {
        "id": "REF-0022",
        "coordinates": {
          "lat": -34.60141347798531,
          "lng": -58.38303613660903,
          "corner": "Cerrito y Tucuman"
        },
        "timestamp": "2023-10-05T10:15:30Z",
        "lighting": {
          "sunPosition": "NE at 38 deg",
          "shadowDirection": "SW",
          "shadowLength": "2.1m",
          "description": "Soft morning illumination casting elongated shadows across the facade"
        },
        "microPhysiognomy": {
          "aerialCables": "Low subterranean distribution, minimal visible wires",
          "shutterStyle": "Historic wrought iron grilles",
          "treeType": "Platanus x acerifolia",
          "graffiti": "None visible, well maintained",
          "terrain": "Paved granite curb and asphalt",
          "urbanElements": {
            "furniture": "Cast iron lampposts, granite benches, tourist signage",
            "vegetationScore": 0.35,
            "architectureStyle": "Eclectic / Italianate Renaissance"
          },
          "temporalWindow": "Mid-morning"
        },
        "ocr": {
          "detectedText": [
            "TEATRO COLON",
            "ENTRADA PRINCIPAL",
            "TUCUMAN 1171"
          ],
          "confidence": 0.98,
          "rapidFuzzScore": 95
        },
        "exif": {
          "fStop": "f/5.6",
          "iso": 200,
          "shutterSpeed": "1/250",
          "focalLength": "35mm",
          "make": "Sony",
          "model": "A7 IV",
          "lensModel": "FE 35mm F1.4 GM",
          "dateTimeOriginal": "2023:10:05 10:15:30"
        },
        "category": "Theater / Landmark",
        "groundedFromAnchor": "Teatro Colón",
        "locationContext": "Argentina",
        "validation": {
          "distanceFromCenter": 631228.8767927446,
          "isOutlier": true,
          "computedScore": 88,
          "issues": [
            "Anomalía Geográfica (Desvío de 631229m)"
          ],
          "h3Index": "89c2e31132fffff"
        },
        "h3Index": "89c2e31132fffff",
        "geocodingScore": 88,
        "isAnchor": true
      }
    },
    {
      "type": "Feature",
      "geometry": {
        "type": "Point",
        "coordinates": [
          -54.43647568143678,
          -25.695359532535782
        ]
      },
      "properties": {
        "id": "REF-0023",
        "coordinates": {
          "lat": -25.695359532535782,
          "lng": -54.43647568143678,
          "corner": "Pasarela Garganta del Diablo"
        },
        "timestamp": "2023-12-01T12:00:00Z",
        "lighting": {
          "sunPosition": "Zenith at 78 deg",
          "shadowDirection": "South",
          "shadowLength": "0.3m",
          "description": "Bright tropical sun overhead with mist diffuse reflection"
        },
        "microPhysiognomy": {
          "aerialCables": "None",
          "shutterStyle": "N/A",
          "treeType": "Euterpe edulis / Parana Pine / Subtropical Rainforest",
          "graffiti": "None",
          "terrain": "Metal walkway structure over riverbed and basalt rock",
          "urbanElements": {
            "furniture": "Galvanized steel catwalk handrails, safety boardwalks",
            "vegetationScore": 0.98,
            "architectureStyle": "Subtropical National Park Infrastructure"
          },
          "temporalWindow": "Solar noon"
        },
        "ocr": {
          "detectedText": [
            "PARQUE NACIONAL IGUAZU",
            "GARGANTA DEL DIABLO",
            "PRECAUCION PISO RESBALADIZO"
          ],
          "confidence": 0.91,
          "rapidFuzzScore": 88
        },
        "exif": {
          "fStop": "f/11",
          "iso": 100,
          "shutterSpeed": "1/1000",
          "focalLength": "16mm",
          "make": "Nikon",
          "model": "Z7 II",
          "lensModel": "NIKKOR Z 14-30mm f/4 S",
          "dateTimeOriginal": "2023:12:01 12:00:00"
        },
        "category": "Waterfall / Natural Site",
        "groundedFromAnchor": "Cataratas del Iguazú",
        "locationContext": "Argentina",
        "validation": {
          "distanceFromCenter": 1655924.2398720805,
          "isOutlier": true,
          "computedScore": 95,
          "issues": [
            "Anomalía Geográfica (Desvío de 1655924m)"
          ],
          "h3Index": "89a953ae50bffff"
        },
        "h3Index": "89a953ae50bffff",
        "geocodingScore": 95,
        "isAnchor": true
      }
    },
    {
      "type": "Feature",
      "geometry": {
        "type": "Point",
        "coordinates": [
          -73.13816577148323,
          -50.496960024217515
        ]
      },
      "properties": {
        "id": "REF-0024",
        "coordinates": {
          "lat": -50.496960024217515,
          "lng": -73.13816577148323,
          "corner": "Passerelle Lower Deck - Sector Costa"
        },
        "timestamp": "2023-02-18T16:45:00Z",
        "lighting": {
          "sunPosition": "W position at 31 deg",
          "shadowDirection": "E",
          "shadowLength": "3.4m",
          "description": "Low-angle Patagonian sun creating high blue-white contrast on ice mass"
        },
        "microPhysiognomy": {
          "aerialCables": "None",
          "shutterStyle": "N/A",
          "treeType": "Nothofagus pumilio (Lenga forest)",
          "graffiti": "None",
          "terrain": "Wooden and metal balcony walkways over glacial moraine",
          "urbanElements": {
            "furniture": "Wooden viewing platforms, informational plaques, safety barriers",
            "vegetationScore": 0.45,
            "architectureStyle": "Eco-tourist Park Walkway"
          },
          "temporalWindow": "Late afternoon"
        },
        "ocr": {
          "detectedText": [
            "PARQUE NACIONAL LOS GLACIARES",
            "GLACIAR PERITO MORENO",
            "NO TRASPASAR"
          ],
          "confidence": 0.94,
          "rapidFuzzScore": 90
        },
        "exif": {
          "fStop": "f/8.0",
          "iso": 160,
          "shutterSpeed": "1/800",
          "focalLength": "50mm",
          "make": "Fujifilm",
          "model": "X-T4",
          "lensModel": "XF 16-55mm F2.8 R LM WR",
          "dateTimeOriginal": "2023:02:18 16:45:00"
        },
        "category": "Glacier / Natural Monument",
        "groundedFromAnchor": "Glaciar Perito Moreno",
        "locationContext": "Argentina",
        "validation": {
          "distanceFromCenter": 1538421.7173003415,
          "isOutlier": true,
          "computedScore": 88,
          "issues": [
            "Anomalía Geográfica (Desvío de 1538422m)"
          ],
          "h3Index": "89cf134f263ffff"
        },
        "h3Index": "89cf134f263ffff",
        "geocodingScore": 88,
        "isAnchor": true
      }
    },
    {
      "type": "Feature",
      "geometry": {
        "type": "Point",
        "coordinates": [
          -70.01089274896864,
          -32.65314948930227
        ]
      },
      "properties": {
        "id": "REF-0025",
        "coordinates": {
          "lat": -32.65314948930227,
          "lng": -70.01089274896864,
          "corner": "Horcones Valley Route / Camp Base Access"
        },
        "timestamp": "2023-01-20T09:30:15Z",
        "lighting": {
          "sunPosition": "E-SE at 42 deg",
          "shadowDirection": "W-NW",
          "shadowLength": "1.8m",
          "description": "High altitude stark sunlight with deep shadow valleys and sharp glare"
        },
        "microPhysiognomy": {
          "aerialCables": "None",
          "shutterStyle": "N/A",
          "treeType": "High Andean sparse shrubs / Adesmia",
          "graffiti": "None",
          "terrain": "Rocky scree, gravel, and high-altitude alpine terrain",
          "urbanElements": {
            "furniture": "Trail markers, stone cairns, park ranger outpost tent",
            "vegetationScore": 0.05,
            "architectureStyle": "High Altitude Wilderness Park Structure"
          },
          "temporalWindow": "Morning expedition hours"
        },
        "ocr": {
          "detectedText": [
            "PARQUE PROVINCIAL ACONCAGUA",
            "VALLE DE HORCONES",
            "ALTITUD 2950M"
          ],
          "confidence": 0.89,
          "rapidFuzzScore": 86.4
        },
        "exif": {
          "fStop": "f/9.0",
          "iso": 100,
          "shutterSpeed": "1/1250",
          "focalLength": "28mm",
          "make": "Leica",
          "model": "Q2",
          "lensModel": "Summilux 28mm f/1.7 ASPH",
          "dateTimeOriginal": "2023:01:20 09:30:15"
        },
        "category": "Mountain / National Park",
        "groundedFromAnchor": "Cerro Aconcagua",
        "locationContext": "Argentina",
        "validation": {
          "distanceFromCenter": 862886.4699188822,
          "isOutlier": true,
          "computedScore": 80,
          "issues": [
            "Entorno botánico genérico",
            "Anomalía Geográfica (Desvío de 862886m)"
          ],
          "h3Index": "89b2e331b37ffff"
        },
        "h3Index": "89b2e331b37ffff",
        "geocodingScore": 80,
        "isAnchor": false
      }
    },
    {
      "type": "Feature",
      "geometry": {
        "type": "Point",
        "coordinates": [
          -58.381982061760525,
          -34.60340967742064
        ]
      },
      "properties": {
        "id": "REF-0026",
        "coordinates": {
          "lat": -34.60340967742064,
          "lng": -58.381982061760525,
          "corner": "Av. Corrientes y Av. 9 de Julio, NE"
        },
        "timestamp": "2023-11-14T15:30:00Z",
        "lighting": {
          "sunPosition": "NW 42 deg",
          "shadowDirection": "SE",
          "shadowLength": "1.2m",
          "description": "Harsh afternoon daylight with high contrast on monument faces."
        },
        "microPhysiognomy": {
          "aerialCables": "Underground utilities, minimal overhead traffic signal wiring",
          "shutterStyle": "None",
          "treeType": "Tipuana tipu",
          "graffiti": "Tags on traffic light poles",
          "terrain": "Flat urban paved asphalt and granite tiles",
          "urbanElements": {
            "furniture": "Steel traffic barriers, modern bus stop shelters (Metrobus)",
            "vegetationScore": 0.25,
            "architectureStyle": "Art Deco / Modernist Obelisk monument surroundings"
          },
          "temporalWindow": "Mid-afternoon urban bustle"
        },
        "ocr": {
          "detectedText": [
            "AV. CORRIENTES",
            "9 DE JULIO",
            "METROBUS"
          ],
          "confidence": 0.96,
          "rapidFuzzScore": 92.5
        },
        "exif": {
          "fStop": "f/2.8",
          "iso": 100,
          "shutterSpeed": "1/1000s",
          "focalLength": "24mm",
          "make": "Sony",
          "model": "A7R IV",
          "lensModel": "FE 24-70mm F2.8 GM",
          "dateTimeOriginal": "2023:11:14 15:30:00"
        },
        "category": "Monument",
        "groundedFromAnchor": "Obelisco de Buenos Aires",
        "locationContext": "Argentina",
        "validation": {
          "distanceFromCenter": 631145.1688233652,
          "isOutlier": true,
          "computedScore": 86,
          "issues": [
            "Anomalía Geográfica (Desvío de 631145m)"
          ],
          "h3Index": "89c2e31132bffff"
        },
        "h3Index": "89c2e31132bffff",
        "geocodingScore": 86,
        "isAnchor": true
      }
    },
    {
      "type": "Feature",
      "geometry": {
        "type": "Point",
        "coordinates": [
          -58.383244635218574,
          -34.60123556983876
        ]
      },
      "properties": {
        "id": "REF-0027",
        "coordinates": {
          "lat": -34.60123556983876,
          "lng": -58.383244635218574,
          "corner": "Cerrito y Tucum!n, SW"
        },
        "timestamp": "2023-10-05T11:15:20Z",
        "lighting": {
          "sunPosition": "NE 55 deg",
          "shadowDirection": "SW",
          "shadowLength": "0.8m",
          "description": "Bright morning light reflecting off the stone facade."
        },
        "microPhysiognomy": {
          "aerialCables": "None visible",
          "shutterStyle": "Ornate wrought iron window grilles",
          "treeType": "Platanus x acerifolia",
          "graffiti": "Clean stone facade",
          "terrain": "Flat paved pedestrian sidewalk",
          "urbanElements": {
            "furniture": "Cast iron streetlamps, carved stone benches",
            "vegetationScore": 0.15,
            "architectureStyle": "Eclectic Italianate Neo-Renaissance"
          },
          "temporalWindow": "Late morning daylight"
        },
        "ocr": {
          "detectedText": [
            "TEATRO COLON",
            "ENTRADA PRINCIPAL",
            "TUCUMAN 1171"
          ],
          "confidence": 0.98,
          "rapidFuzzScore": 95
        },
        "exif": {
          "fStop": "f/4.0",
          "iso": 200,
          "shutterSpeed": "1/500s",
          "focalLength": "35mm",
          "make": "Canon",
          "model": "EOS R5",
          "lensModel": "RF 35mm F1.8 MACRO IS STM",
          "dateTimeOriginal": "2023:10:05 11:15:20"
        },
        "category": "Theater",
        "groundedFromAnchor": "Teatro Col!n",
        "locationContext": "Argentina",
        "validation": {
          "distanceFromCenter": 631228.7654078306,
          "isOutlier": true,
          "computedScore": 85,
          "issues": [
            "Entorno botánico genérico",
            "Anomalía Geográfica (Desvío de 631229m)"
          ],
          "h3Index": "89c2e31132fffff"
        },
        "h3Index": "89c2e31132fffff",
        "geocodingScore": 85,
        "isAnchor": true
      }
    },
    {
      "type": "Feature",
      "geometry": {
        "type": "Point",
        "coordinates": [
          -54.43639130570186,
          -25.694987420767752
        ]
      },
      "properties": {
        "id": "REF-0028",
        "coordinates": {
          "lat": -25.694987420767752,
          "lng": -54.43639130570186,
          "corner": "Mirador Garganta del Diablo, Sub-tramo A"
        },
        "timestamp": "2023-12-01T09:45:10Z",
        "lighting": {
          "sunPosition": "E 38 deg",
          "shadowDirection": "W",
          "shadowLength": "1.5m",
          "description": "High humidity haze with strong sunlight creating rainbows in mist spray."
        },
        "microPhysiognomy": {
          "aerialCables": "Absence of utility lines",
          "shutterStyle": "N/A",
          "treeType": "Subtropical Parana Rainforest Flora",
          "graffiti": "None",
          "terrain": "Metal catwalk over river and basal rock formations",
          "urbanElements": {
            "furniture": "Galvanized steel walkways and safety railings",
            "vegetationScore": 0.95,
            "architectureStyle": "Eco-friendly park boardwalk system"
          },
          "temporalWindow": "Morning humid tropical"
        },
        "ocr": {
          "detectedText": [
            "PARQUE NACIONAL IGUAZU",
            "GARGANTA DEL DIABLO",
            "PRECAUCION PISO RESBALADIZO"
          ],
          "confidence": 0.91,
          "rapidFuzzScore": 88
        },
        "exif": {
          "fStop": "f/5.6",
          "iso": 100,
          "shutterSpeed": "1/2000s",
          "focalLength": "16mm",
          "make": "Nikon",
          "model": "Z7 II",
          "lensModel": "NIKKOR Z 14-30mm f/4 S",
          "dateTimeOriginal": "2023:12:01 09:45:10"
        },
        "category": "Waterfall",
        "groundedFromAnchor": "Cataratas del Iguaz!",
        "locationContext": "Argentina",
        "validation": {
          "distanceFromCenter": 1655964.5047757055,
          "isOutlier": true,
          "computedScore": 94,
          "issues": [
            "Anomalía Geográfica (Desvío de 1655965m)"
          ],
          "h3Index": "89a953ae50bffff"
        },
        "h3Index": "89a953ae50bffff",
        "geocodingScore": 94,
        "isAnchor": true
      }
    },
    {
      "type": "Feature",
      "geometry": {
        "type": "Point",
        "coordinates": [
          -73.13762781021553,
          -50.49685859624412
        ]
      },
      "properties": {
        "id": "REF-0029",
        "coordinates": {
          "lat": -50.49685859624412,
          "lng": -73.13762781021553,
          "corner": "Pasarelas Perito Moreno - Balc!n Inferior"
        },
        "timestamp": "2024-01-20T14:10:05Z",
        "lighting": {
          "sunPosition": "NW 30 deg",
          "shadowDirection": "SE",
          "shadowLength": "2.1m",
          "description": "Diffused polar cold sun light, intense icy cyan glare."
        },
        "microPhysiognomy": {
          "aerialCables": "None",
          "shutterStyle": "N/A",
          "treeType": "Nothofagus pumilio (Lenga beech)",
          "graffiti": "None",
          "terrain": "Glacial ice wall, moraine gravel, metal stepped boardwalk",
          "urbanElements": {
            "furniture": "Wooden and steel observation deck railings",
            "vegetationScore": 0.4,
            "architectureStyle": "Sub-antarctic nature park viewing platform"
          },
          "temporalWindow": "Afternoon polar daylight"
        },
        "ocr": {
          "detectedText": [
            "GLACIAR PERITO MORENO",
            "PARQUE NACIONAL LOS GLACIARES",
            "NO TRASPASAR"
          ],
          "confidence": 0.94,
          "rapidFuzzScore": 90
        },
        "exif": {
          "fStop": "f/8.0",
          "iso": 100,
          "shutterSpeed": "1/800s",
          "focalLength": "50mm",
          "make": "Fujifilm",
          "model": "X-T4",
          "lensModel": "XF 16-55mm F2.8 R LM WR",
          "dateTimeOriginal": "2024:01:20 14:10:05"
        },
        "category": "Glacier",
        "groundedFromAnchor": "Glaciar Perito Moreno",
        "locationContext": "Argentina",
        "validation": {
          "distanceFromCenter": 1538391.6157985635,
          "isOutlier": true,
          "computedScore": 87,
          "issues": [
            "Anomalía Geográfica (Desvío de 1538392m)"
          ],
          "h3Index": "89cf134f263ffff"
        },
        "h3Index": "89cf134f263ffff",
        "geocodingScore": 87,
        "isAnchor": true
      }
    },
    {
      "type": "Feature",
      "geometry": {
        "type": "Point",
        "coordinates": [
          -70.01107983579679,
          -32.65339777930518
        ]
      },
      "properties": {
        "id": "REF-0030",
        "coordinates": {
          "lat": -32.65339777930518,
          "lng": -70.01107983579679,
          "corner": "Valle de Horcones - Ruta Normal Entrada"
        },
        "timestamp": "2024-02-10T13:00:00Z",
        "lighting": {
          "sunPosition": "Zenith 78 deg",
          "shadowDirection": "S",
          "shadowLength": "0.3m",
          "description": "Extreme high-altitude UV direct solar radiation with sharp high-contrast shadow."
        },
        "microPhysiognomy": {
          "aerialCables": "None",
          "shutterStyle": "N/A",
          "treeType": "Alpine scrub / Low xeric shrubs",
          "graffiti": "None",
          "terrain": "Arid rocky scree, Andean mountain pass, loose gravel",
          "urbanElements": {
            "furniture": "Wooden trail markers, stone cairns",
            "vegetationScore": 0.05,
            "architectureStyle": "High alpine wilderness trail"
          },
          "temporalWindow": "High noon alpine clear sky"
        },
        "ocr": {
          "detectedText": [
            "PARQUE PROVINCIAL ACONCAGUA",
            "VALLE DE HORCONES 2950M",
            "MENDOZA"
          ],
          "confidence": 0.95,
          "rapidFuzzScore": 91
        },
        "exif": {
          "fStop": "f/11",
          "iso": 100,
          "shutterSpeed": "1/1250s",
          "focalLength": "28mm",
          "make": "Leica",
          "model": "Q2",
          "lensModel": "Summilux 28mm f/1.7 ASPH",
          "dateTimeOriginal": "2024:02:10 13:00:00"
        },
        "category": "Mountain",
        "groundedFromAnchor": "Cerro Aconcagua",
        "locationContext": "Argentina",
        "validation": {
          "distanceFromCenter": 862876.7204942334,
          "isOutlier": true,
          "computedScore": 82,
          "issues": [
            "Entorno botánico genérico",
            "Anomalía Geográfica (Desvío de 862877m)"
          ],
          "h3Index": "89b2e331b37ffff"
        },
        "h3Index": "89b2e331b37ffff",
        "geocodingScore": 82,
        "isAnchor": false
      }
    },
    {
      "type": "Feature",
      "geometry": {
        "type": "Point",
        "coordinates": [
          -57.171422,
          -28.532811
        ]
      },
      "properties": {
        "id": "REF-0031",
        "coordinates": {
          "lat": -28.532811,
          "lng": -57.171422,
          "corner": "SW"
        },
        "timestamp": "2023-10-14T17:22:10Z",
        "lighting": {
          "sunPosition": "240 deg azimuth, 18 deg elevation",
          "shadowDirection": "ENE",
          "shadowLength": "2.8m",
          "description": "Golden hour warm light casting elongated shadows across reddish sandy soil."
        },
        "microPhysiognomy": {
          "aerialCables": "Single low-voltage wire running along unpainted wooden utility poles",
          "shutterStyle": "Traditional rustic wooden louvered shutters",
          "treeType": "Syagrus romanzoffiana (Pindo palm) and Enterolobium contortisiliquum (Timbó)",
          "graffiti": "None detected",
          "terrain": "Unpaved red sandy clay with local shell grit",
          "urbanElements": {
            "furniture": "Wooden park bench made of quebracho timber",
            "vegetationScore": 0.88,
            "architectureStyle": "Traditional Correntina vernacular with wide shaded verandas"
          },
          "temporalWindow": "Late Spring dry-wet transition"
        },
        "ocr": {
          "detectedText": [
            "COLONIA CARLOS PELLEGRINI",
            "INFORMACION TURISTICA",
            "PARQUE PROVINCIAL IBERA"
          ],
          "confidence": 0.96,
          "rapidFuzzScore": 94.5
        },
        "exif": {
          "fStop": "f/5.6",
          "iso": 100,
          "shutterSpeed": "1/400s",
          "focalLength": "35mm",
          "make": "Sony",
          "model": "ILCE-7M4",
          "lensModel": "FE 35mm F1.4 GM",
          "dateTimeOriginal": "2023:10:14 17:22:10"
        },
        "category": "rural_settlement",
        "groundedFromAnchor": "Colonia Carlos Pellegrini",
        "locationContext": "Esteros del Iberá",
        "validation": {
          "distanceFromCenter": 17488.15270563965,
          "isOutlier": true,
          "computedScore": 96,
          "issues": [
            "Anomalía Geográfica (Desvío de 17488m)"
          ],
          "h3Index": "89a96276b53ffff"
        },
        "h3Index": "89a96276b53ffff",
        "geocodingScore": 96,
        "isAnchor": true
      }
    },
    {
      "type": "Feature",
      "geometry": {
        "type": "Point",
        "coordinates": [
          -57.179531,
          -28.538104
        ]
      },
      "properties": {
        "id": "REF-0032",
        "coordinates": {
          "lat": -28.538104,
          "lng": -57.179531,
          "corner": "NE"
        },
        "timestamp": "2023-10-14T18:05:44Z",
        "lighting": {
          "sunPosition": "252 deg azimuth, 8 deg elevation",
          "shadowDirection": "E",
          "shadowLength": "5.1m",
          "description": "Low sunset light producing intense orange reflections on water surface."
        },
        "microPhysiognomy": {
          "aerialCables": "None visible",
          "shutterStyle": "N/A",
          "treeType": "Erythrina crista-galli (Seibo) and Eichhornia crassipes (Water hyacinth floating masses)",
          "graffiti": "None",
          "terrain": "Wooden elevated boardwalk over marshland mud",
          "urbanElements": {
            "furniture": "Elevated wooden dock railing and pontoon tie posts",
            "vegetationScore": 0.95,
            "architectureStyle": "Ecotourism pier timber construction"
          },
          "temporalWindow": "Sunset/Dusk transition"
        },
        "ocr": {
          "detectedText": [
            "EMBARCADERO PUERTO LOBO",
            "USO OBLIGATORIO DE CHALECO SALVAVIDAS"
          ],
          "confidence": 0.92,
          "rapidFuzzScore": 89
        },
        "exif": {
          "fStop": "f/8.0",
          "iso": 200,
          "shutterSpeed": "1/250s",
          "focalLength": "24mm",
          "make": "Canon",
          "model": "EOS R6",
          "lensModel": "RF 24-105mm F4 L IS USM",
          "dateTimeOriginal": "2023:10:14 18:05:44"
        },
        "category": "wetland_embankment",
        "groundedFromAnchor": "Colonia Carlos Pellegrini",
        "locationContext": "Esteros del Iberá",
        "validation": {
          "distanceFromCenter": 16521.501333588592,
          "isOutlier": true,
          "computedScore": 95,
          "issues": [
            "Anomalía Geográfica (Desvío de 16522m)"
          ],
          "h3Index": "89a96276b9bffff"
        },
        "h3Index": "89a96276b9bffff",
        "geocodingScore": 95,
        "isAnchor": true
      }
    },
    {
      "type": "Feature",
      "geometry": {
        "type": "Point",
        "coordinates": [
          -57.160129,
          -28.521455
        ]
      },
      "properties": {
        "id": "REF-0033",
        "coordinates": {
          "lat": -28.521455,
          "lng": -57.160129,
          "corner": "NW"
        },
        "timestamp": "2023-10-15T09:15:30Z",
        "lighting": {
          "sunPosition": "85 deg azimuth, 35 deg elevation",
          "shadowDirection": "WSW",
          "shadowLength": "1.2m",
          "description": "Direct mid-morning sunlight with slight high-altitude haze over open plains."
        },
        "microPhysiognomy": {
          "aerialCables": "None",
          "shutterStyle": "N/A",
          "treeType": "Copernicia alba (Caranday palm) groves",
          "graffiti": "Minor reflective vinyl sticker on sign post",
          "terrain": "Gravel state road RP40 with compacted silt shoulders",
          "urbanElements": {
            "furniture": "Wooden fence cattle guard and metal road markers",
            "vegetationScore": 0.72,
            "architectureStyle": "Rural highway infrastructure"
          },
          "temporalWindow": "Mid Morning"
        },
        "ocr": {
          "detectedText": [
            "RUTA PROVINCIAL 40",
            "ACCESO A PELLEGRINI 2 KM",
            "MAXIMA 40 KM/H"
          ],
          "confidence": 0.98,
          "rapidFuzzScore": 98.1
        },
        "exif": {
          "fStop": "f/11.0",
          "iso": 100,
          "shutterSpeed": "1/500s",
          "focalLength": "50mm",
          "make": "Nikon",
          "model": "Z 6II",
          "lensModel": "NIKKOR Z 50mm f/1.8 S",
          "dateTimeOriginal": "2023:10:15 09:15:30"
        },
        "category": "rural_road",
        "groundedFromAnchor": "Colonia Carlos Pellegrini",
        "locationContext": "Esteros del Iberá",
        "validation": {
          "distanceFromCenter": 19037.375980959,
          "isOutlier": true,
          "computedScore": 95,
          "issues": [
            "Anomalía Geográfica (Desvío de 19037m)"
          ],
          "h3Index": "89a96274c07ffff"
        },
        "h3Index": "89a96274c07ffff",
        "geocodingScore": 95,
        "isAnchor": true
      }
    },
    {
      "type": "Feature",
      "geometry": {
        "type": "Point",
        "coordinates": [
          -57.168903,
          -28.530222
        ]
      },
      "properties": {
        "id": "REF-0034",
        "coordinates": {
          "lat": -28.530222,
          "lng": -57.168903,
          "corner": "SE"
        },
        "timestamp": "2023-10-15T12:30:15Z",
        "lighting": {
          "sunPosition": "20 deg azimuth, 72 deg elevation",
          "shadowDirection": "S",
          "shadowLength": "0.3m",
          "description": "Harsh zenith overhead sun with minimal shadows directly beneath trees."
        },
        "microPhysiognomy": {
          "aerialCables": "Insulated overhead drop wire to building master meter",
          "shutterStyle": "Slanted wooden louvers painted dark green",
          "treeType": "Handroanthus heptaphyllus (Lapacho) and citrus bushes",
          "graffiti": "None",
          "terrain": "Manicured native grass lawn adjoining sandy pathway",
          "urbanElements": {
            "furniture": "Hand-carved wooden directional signboards",
            "vegetationScore": 0.81,
            "architectureStyle": "Colonial-style eco-lodge with tin roof and overhangs"
          },
          "temporalWindow": "Solar Noon"
        },
        "ocr": {
          "detectedText": [
            "POSADA PASO DE LOS TIGRES",
            "RECEPCION"
          ],
          "confidence": 0.94,
          "rapidFuzzScore": 91.2
        },
        "exif": {
          "fStop": "f/5.0",
          "iso": 100,
          "shutterSpeed": "1/1000s",
          "focalLength": "28mm",
          "make": "Fujifilm",
          "model": "X-T4",
          "lensModel": "XF 16-80mm F4 R OIS WR",
          "dateTimeOriginal": "2023:10:15 12:30:15"
        },
        "category": "hospitality_lodge",
        "groundedFromAnchor": "Colonia Carlos Pellegrini",
        "locationContext": "Esteros del Iberá",
        "validation": {
          "distanceFromCenter": 17834.4150276961,
          "isOutlier": true,
          "computedScore": 94,
          "issues": [
            "Anomalía Geográfica (Desvío de 17834m)"
          ],
          "h3Index": "89a96276b43ffff"
        },
        "h3Index": "89a96276b43ffff",
        "geocodingScore": 94,
        "isAnchor": true
      }
    },
    {
      "type": "Feature",
      "geometry": {
        "type": "Point",
        "coordinates": [
          -57.18221,
          -28.543912
        ]
      },
      "properties": {
        "id": "REF-0035",
        "coordinates": {
          "lat": -28.543912,
          "lng": -57.18221,
          "corner": "NE"
        },
        "timestamp": "2023-10-15T15:45:02Z",
        "lighting": {
          "sunPosition": "285 deg azimuth, 42 deg elevation",
          "shadowDirection": "ESE",
          "shadowLength": "1.1m",
          "description": "Clear afternoon daylight with high contrast against whitewashed facade."
        },
        "microPhysiognomy": {
          "aerialCables": "Off-grid solar panel conduits on roof, no public grid cables",
          "shutterStyle": "Solid heavy timber shutters with iron hinges",
          "treeType": "Eucalyptus perimeter windbreak and native marsh scrub",
          "graffiti": "None",
          "terrain": "Packed dirt yard with gravel parkway",
          "urbanElements": {
            "furniture": "Flagpole base and wooden ranger outpost gate",
            "vegetationScore": 0.78,
            "architectureStyle": "Park ranger station timber frame construct"
          },
          "temporalWindow": "Mid Afternoon"
        },
        "ocr": {
          "detectedText": [
            "GUARDAPARQUES",
            "SECTOR LAGUNA IBERA",
            "PROHIBIDO CAZAR Y PESCAR"
          ],
          "confidence": 0.97,
          "rapidFuzzScore": 96.8
        },
        "exif": {
          "fStop": "f/6.3",
          "iso": 160,
          "shutterSpeed": "1/640s",
          "focalLength": "70mm",
          "make": "Sony",
          "model": "ILCE-7RM4",
          "lensModel": "FE 24-70mm F2.8 GM II",
          "dateTimeOriginal": "2023:10:15 15:45:02"
        },
        "category": "protected_area_outpost",
        "groundedFromAnchor": "Colonia Carlos Pellegrini",
        "locationContext": "Esteros del Iberá",
        "validation": {
          "distanceFromCenter": 16021.38787514898,
          "isOutlier": true,
          "computedScore": 95,
          "issues": [
            "Anomalía Geográfica (Desvío de 16021m)"
          ],
          "h3Index": "89a9627682bffff"
        },
        "h3Index": "89a9627682bffff",
        "geocodingScore": 95,
        "isAnchor": true
      }
    },
    {
      "type": "Feature",
      "geometry": {
        "type": "Point",
        "coordinates": [
          -57.17145,
          -28.53321
        ]
      },
      "properties": {
        "id": "REF-0036",
        "coordinates": {
          "lat": -28.53321,
          "lng": -57.17145,
          "corner": "NW"
        },
        "timestamp": "2023-11-14T09:30:00Z",
        "lighting": {
          "sunPosition": "Low East",
          "shadowDirection": "West-Southwest",
          "shadowLength": "Long",
          "description": "Soft morning golden hour light casting elongated shadows across the wooden boardwalk."
        },
        "microPhysiognomy": {
          "aerialCables": "Low-voltage single wooden pole strand",
          "shutterStyle": "Rustic wooden louvers",
          "treeType": "Erythrina crista-galli (Ceibo)",
          "graffiti": "None",
          "terrain": "Marshland boardwalk over shallow water",
          "urbanElements": {
            "furniture": "Wooden viewing bench",
            "vegetationScore": 0.95,
            "architectureStyle": "Vernacular wetland eco-lodge structure"
          },
          "temporalWindow": "Late Spring Morning"
        },
        "ocr": {
          "detectedText": [
            "PORTAL LAGUNA IBERA",
            "PARQUE PROVINCIAL"
          ],
          "confidence": 0.94,
          "rapidFuzzScore": 88.5
        },
        "exif": {
          "fStop": "f/5.6",
          "iso": 100,
          "shutterSpeed": "1/500s",
          "focalLength": "35mm",
          "make": "Sony",
          "model": "ILCE-7M4",
          "lensModel": "FE 35mm F1.4 GM",
          "dateTimeOriginal": "2023:11:14 09:30:00"
        },
        "category": "Eco-Tourism / Nature Reserve",
        "groundedFromAnchor": "Colonia Carlos Pellegrini",
        "locationContext": "Esteros del Iberá",
        "validation": {
          "distanceFromCenter": 17466.742833506272,
          "isOutlier": true,
          "computedScore": 95,
          "issues": [
            "Anomalía Geográfica (Desvío de 17467m)"
          ],
          "h3Index": "89a96276b53ffff"
        },
        "h3Index": "89a96276b53ffff",
        "geocodingScore": 95,
        "isAnchor": true
      }
    },
    {
      "type": "Feature",
      "geometry": {
        "type": "Point",
        "coordinates": [
          -57.17411,
          -28.53882
        ]
      },
      "properties": {
        "id": "REF-0037",
        "coordinates": {
          "lat": -28.53882,
          "lng": -57.17411,
          "corner": "SE"
        },
        "timestamp": "2023-11-14T13:15:00Z",
        "lighting": {
          "sunPosition": "Zenith High",
          "shadowDirection": "Directly Below",
          "shadowLength": "Minimal",
          "description": "Harsh midday sun with intense glare reflecting on red clay dirt road."
        },
        "microPhysiognomy": {
          "aerialCables": "Sparse overhead electrical wire along unpaved track",
          "shutterStyle": "Traditional solid wood shutters",
          "treeType": "Syagrus romanzoffiana (Pindo Palm)",
          "graffiti": "Hand-painted tourist directional sign",
          "terrain": "Packed red clay earth and sand road",
          "urbanElements": {
            "furniture": "Rustic wooden fence post",
            "vegetationScore": 0.78,
            "architectureStyle": "Guaraní-influenced mud brick and thatch roof"
          },
          "temporalWindow": "Midday Summer"
        },
        "ocr": {
          "detectedText": [
            "HOSTERIA DEL IBERA",
            "INFORMACION TURISTICA 100m"
          ],
          "confidence": 0.91,
          "rapidFuzzScore": 92
        },
        "exif": {
          "fStop": "f/8.0",
          "iso": 100,
          "shutterSpeed": "1/1000s",
          "focalLength": "24mm",
          "make": "Canon",
          "model": "EOS R6",
          "lensModel": "RF 24-70mm F2.8L IS USM",
          "dateTimeOriginal": "2023:11:14 13:15:00"
        },
        "category": "Rural Village Center",
        "groundedFromAnchor": "Colonia Carlos Pellegrini",
        "locationContext": "Esteros del Iberá",
        "validation": {
          "distanceFromCenter": 16972.085195721746,
          "isOutlier": true,
          "computedScore": 94,
          "issues": [
            "Anomalía Geográfica (Desvío de 16972m)"
          ],
          "h3Index": "89a96276bd3ffff"
        },
        "h3Index": "89a96276bd3ffff",
        "geocodingScore": 94,
        "isAnchor": true
      }
    },
    {
      "type": "Feature",
      "geometry": {
        "type": "Point",
        "coordinates": [
          -57.1689,
          -28.52945
        ]
      },
      "properties": {
        "id": "REF-0038",
        "coordinates": {
          "lat": -28.52945,
          "lng": -57.1689,
          "corner": "NE"
        },
        "timestamp": "2023-11-14T18:10:00Z",
        "lighting": {
          "sunPosition": "Low West",
          "shadowDirection": "East",
          "shadowLength": "Very Long",
          "description": "Warm sunset light creating strong orange reflections on the swamp water."
        },
        "microPhysiognomy": {
          "aerialCables": "None",
          "shutterStyle": "None",
          "treeType": "Enterolobium contortisiliquum (Timbo)",
          "graffiti": "None",
          "terrain": "Wetland shore with aquatic floating mats",
          "urbanElements": {
            "furniture": "Boat mooring post",
            "vegetationScore": 0.98,
            "architectureStyle": "Rustic wooden pier platform"
          },
          "temporalWindow": "Golden Hour Evening"
        },
        "ocr": {
          "detectedText": [
            "EMBARCADERO MUNICIPAL",
            "EMBARQUE DE CANOAS"
          ],
          "confidence": 0.88,
          "rapidFuzzScore": 85
        },
        "exif": {
          "fStop": "f/4.0",
          "iso": 400,
          "shutterSpeed": "1/250s",
          "focalLength": "50mm",
          "make": "Nikon",
          "model": "Z6 II",
          "lensModel": "NIKKOR Z 50mm f/1.8 S",
          "dateTimeOriginal": "2023:11:14 18:10:00"
        },
        "category": "Wetland Boat Launch",
        "groundedFromAnchor": "Colonia Carlos Pellegrini",
        "locationContext": "Esteros del Iberá",
        "validation": {
          "distanceFromCenter": 17872.244538424966,
          "isOutlier": true,
          "computedScore": 94,
          "issues": [
            "Anomalía Geográfica (Desvío de 17872m)"
          ],
          "h3Index": "89a96276b43ffff"
        },
        "h3Index": "89a96276b43ffff",
        "geocodingScore": 94,
        "isAnchor": true
      }
    },
    {
      "type": "Feature",
      "geometry": {
        "type": "Point",
        "coordinates": [
          -57.17765,
          -28.53112
        ]
      },
      "properties": {
        "id": "REF-0039",
        "coordinates": {
          "lat": -28.53112,
          "lng": -57.17765,
          "corner": "SW"
        },
        "timestamp": "2023-11-15T08:05:00Z",
        "lighting": {
          "sunPosition": "Low East",
          "shadowDirection": "West",
          "shadowLength": "Long",
          "description": "Soft misty early morning light filtered through dense palm groves."
        },
        "microPhysiognomy": {
          "aerialCables": "Single overhead phone drop line",
          "shutterStyle": "Slanted wooden slatted shutters",
          "treeType": "Copernicia alba (Caranday Palm)",
          "graffiti": "None",
          "terrain": "Sandy trail with grassy verge",
          "urbanElements": {
            "furniture": "Wooden trash bin container",
            "vegetationScore": 0.85,
            "architectureStyle": "Corrientes colonial style single-story dwelling"
          },
          "temporalWindow": "Early Morning"
        },
        "ocr": {
          "detectedText": [
            "CABANAS CAIMAN",
            "POSADA RURAL"
          ],
          "confidence": 0.96,
          "rapidFuzzScore": 95.1
        },
        "exif": {
          "fStop": "f/2.8",
          "iso": 200,
          "shutterSpeed": "1/640s",
          "focalLength": "85mm",
          "make": "Fujifilm",
          "model": "X-T4",
          "lensModel": "XF 56mm F1.2 R",
          "dateTimeOriginal": "2023:11:15 08:05:00"
        },
        "category": "Accommodation / Lodging",
        "groundedFromAnchor": "Colonia Carlos Pellegrini",
        "locationContext": "Esteros del Iberá",
        "validation": {
          "distanceFromCenter": 17024.09622580742,
          "isOutlier": true,
          "computedScore": 96,
          "issues": [
            "Anomalía Geográfica (Desvío de 17024m)"
          ],
          "h3Index": "89a96276b03ffff"
        },
        "h3Index": "89a96276b03ffff",
        "geocodingScore": 96,
        "isAnchor": true
      }
    },
    {
      "type": "Feature",
      "geometry": {
        "type": "Point",
        "coordinates": [
          -57.17002,
          -28.5367
        ]
      },
      "properties": {
        "id": "REF-0040",
        "coordinates": {
          "lat": -28.5367,
          "lng": -57.17002,
          "corner": "Center"
        },
        "timestamp": "2023-11-15T11:45:00Z",
        "lighting": {
          "sunPosition": "High South-East",
          "shadowDirection": "North-West",
          "shadowLength": "Short",
          "description": "Bright tropical sun direct daylight over open field."
        },
        "microPhysiognomy": {
          "aerialCables": "Wooden utility poles along street edge",
          "shutterStyle": "Painted blue timber shutters",
          "treeType": "Handroanthus heptaphyllus (Lapacho)",
          "graffiti": "Stenciled ranger emblem",
          "terrain": "Compacted dirt road with grass borders",
          "urbanElements": {
            "furniture": "Park bench made of log slabs",
            "vegetationScore": 0.82,
            "architectureStyle": "Park Ranger Center, timber construction"
          },
          "temporalWindow": "Late Morning"
        },
        "ocr": {
          "detectedText": [
            "CENTRO DE INTERPRETACION",
            "GUARDAPARQUES IBERA"
          ],
          "confidence": 0.97,
          "rapidFuzzScore": 98
        },
        "exif": {
          "fStop": "f/6.3",
          "iso": 100,
          "shutterSpeed": "1/800s",
          "focalLength": "18mm",
          "make": "Sony",
          "model": "ILCE-6600",
          "lensModel": "E 16-55mm F2.8 G",
          "dateTimeOriginal": "2023:11:15 11:45:00"
        },
        "category": "Ranger Station / Information Center",
        "groundedFromAnchor": "Colonia Carlos Pellegrini",
        "locationContext": "Esteros del Iberá",
        "validation": {
          "distanceFromCenter": 17432.73235799502,
          "isOutlier": true,
          "computedScore": 97,
          "issues": [
            "Anomalía Geográfica (Desvío de 17433m)"
          ],
          "h3Index": "89a96276bcbffff"
        },
        "h3Index": "89a96276bcbffff",
        "geocodingScore": 97,
        "isAnchor": true
      }
    },
    {
      "type": "Feature",
      "geometry": {
        "type": "Point",
        "coordinates": [
          -57.1711,
          -28.5342
        ]
      },
      "properties": {
        "id": "REF-0041",
        "coordinates": {
          "lat": -28.5342,
          "lng": -57.1711,
          "corner": "Av. Yaguareté y Calle Carpincho"
        },
        "timestamp": "2023-10-14T15:30:00Z",
        "lighting": {
          "sunPosition": "NW at 42 deg elevation",
          "shadowDirection": "SE",
          "shadowLength": "1.2m",
          "description": "Bright afternoon sunlight with soft shadows from lapacho canopy"
        },
        "microPhysiognomy": {
          "aerialCables": "Sparse low-voltage wooden pole cabling",
          "shutterStyle": "Traditional wooden louvered shutters",
          "treeType": "Handroanthus heptaphyllus (Lapacho Rosa)",
          "graffiti": "None visible",
          "terrain": "Unpaved sandy red clay road",
          "urbanElements": {
            "furniture": "Wooden bench under palm shade",
            "vegetationScore": 0.88,
            "architectureStyle": "Vernacular Correntina rural wooden framed cottage"
          },
          "temporalWindow": "Dry Spring Season"
        },
        "ocr": {
          "detectedText": [
            "POSADA DEL IBERA",
            "BIENVENIDOS",
            "INFORMACION TURISTICA"
          ],
          "confidence": 0.96,
          "rapidFuzzScore": 92
        },
        "exif": {
          "fStop": "f/4.0",
          "iso": 100,
          "shutterSpeed": "1/1000s",
          "focalLength": "24mm",
          "make": "Sony",
          "model": "ILCE-7RM4",
          "lensModel": "FE 24-70mm F2.8 GM",
          "dateTimeOriginal": "2023:10:14 15:30:00"
        },
        "category": "Ecotourism Hub",
        "groundedFromAnchor": "Colonia Carlos Pellegrini",
        "locationContext": "Esteros del Iberá",
        "validation": {
          "distanceFromCenter": 17451.179127326177,
          "isOutlier": true,
          "computedScore": 95,
          "issues": [
            "Anomalía Geográfica (Desvío de 17451m)"
          ],
          "h3Index": "89a96276b53ffff"
        },
        "h3Index": "89a96276b53ffff",
        "geocodingScore": 95,
        "isAnchor": true
      }
    },
    {
      "type": "Feature",
      "geometry": {
        "type": "Point",
        "coordinates": [
          -57.1685,
          -28.5381
        ]
      },
      "properties": {
        "id": "REF-0042",
        "coordinates": {
          "lat": -28.5381,
          "lng": -57.1685,
          "corner": "Embarcadero Laguna Iberá"
        },
        "timestamp": "2023-10-14T17:15:00Z",
        "lighting": {
          "sunPosition": "W at 18 deg elevation",
          "shadowDirection": "E",
          "shadowLength": "3.8m",
          "description": "Golden hour warm backlighting over marsh water body"
        },
        "microPhysiognomy": {
          "aerialCables": "None",
          "shutterStyle": "N/A",
          "treeType": "Erythrina crista-galli (Seibo)",
          "graffiti": "None",
          "terrain": "Wooden boardwalk and wetland mud margin",
          "urbanElements": {
            "furniture": "Wooden dock planking and boat mooring posts",
            "vegetationScore": 0.95,
            "architectureStyle": "Elevated timber walkway"
          },
          "temporalWindow": "Late Afternoon / Golden Hour"
        },
        "ocr": {
          "detectedText": [
            "PARQUE PROVINCIAL IBERA",
            "ACCESO EMBARCADERO",
            "USO OBLIGATORIO DE CHALECO"
          ],
          "confidence": 0.94,
          "rapidFuzzScore": 88
        },
        "exif": {
          "fStop": "f/5.6",
          "iso": 200,
          "shutterSpeed": "1/500s",
          "focalLength": "35mm",
          "make": "Canon",
          "model": "EOS R5",
          "lensModel": "RF 24-105mm F4 L IS USM",
          "dateTimeOriginal": "2023:10:14 17:15:00"
        },
        "category": "Wetland Boardwalk",
        "groundedFromAnchor": "Colonia Carlos Pellegrini",
        "locationContext": "Esteros del Iberá",
        "validation": {
          "distanceFromCenter": 17506.749736787042,
          "isOutlier": true,
          "computedScore": 94,
          "issues": [
            "Anomalía Geográfica (Desvío de 17507m)"
          ],
          "h3Index": "89a96276a37ffff"
        },
        "h3Index": "89a96276a37ffff",
        "geocodingScore": 94,
        "isAnchor": true
      }
    },
    {
      "type": "Feature",
      "geometry": {
        "type": "Point",
        "coordinates": [
          -57.3312,
          -28.6012
        ]
      },
      "properties": {
        "id": "REF-0043",
        "coordinates": {
          "lat": -28.6012,
          "lng": -57.3312,
          "corner": "Ruta Provincial 40 Km 42"
        },
        "timestamp": "2023-10-15T09:45:00Z",
        "lighting": {
          "sunPosition": "E at 50 deg elevation",
          "shadowDirection": "W",
          "shadowLength": "0.8m",
          "description": "Direct mid-morning daylight with harsh contrast on dirt track"
        },
        "microPhysiognomy": {
          "aerialCables": "Single strand fencing wire along boundary",
          "shutterStyle": "N/A",
          "treeType": "Copernicia alba (Caranday Palm)",
          "graffiti": "None",
          "terrain": "Corrientes reddish soil and ripio gravel track",
          "urbanElements": {
            "furniture": "Cattle grid and wooden gate",
            "vegetationScore": 0.72,
            "architectureStyle": "Ranch perimeter fencing"
          },
          "temporalWindow": "Morning Transit"
        },
        "ocr": {
          "detectedText": [
            "ESTANCIA SAN RAFAEL",
            "PROPIEDAD PRIVADA",
            "RP 40"
          ],
          "confidence": 0.91,
          "rapidFuzzScore": 85
        },
        "exif": {
          "fStop": "f/8.0",
          "iso": 100,
          "shutterSpeed": "1/1250s",
          "focalLength": "50mm",
          "make": "Nikon",
          "model": "Z 7II",
          "lensModel": "NIKKOR Z 50mm f/1.8 S",
          "dateTimeOriginal": "2023:10:15 09:45:00"
        },
        "category": "Rural Transit Route",
        "groundedFromAnchor": "Colonia Carlos Pellegrini",
        "locationContext": "Esteros del Iberá",
        "validation": {
          "distanceFromCenter": 247.3207745527875,
          "isOutlier": true,
          "computedScore": 90,
          "issues": [
            "Anomalía Geográfica (Desvío de 247m)"
          ],
          "h3Index": "89a9623a8bbffff"
        },
        "h3Index": "89a9623a8bbffff",
        "geocodingScore": 90,
        "isAnchor": true
      }
    },
    {
      "type": "Feature",
      "geometry": {
        "type": "Point",
        "coordinates": [
          -57.34,
          -28.608
        ]
      },
      "properties": {
        "id": "REF-0044",
        "coordinates": {
          "lat": -28.608,
          "lng": -57.34,
          "corner": "Centro de Interpretación Seccional Cambyretá"
        },
        "timestamp": "2023-10-15T12:00:00Z",
        "lighting": {
          "sunPosition": "Overhead Zenith at 78 deg elevation",
          "shadowDirection": "S",
          "shadowLength": "0.2m",
          "description": "Midday sun overhead with minimal shadows"
        },
        "microPhysiognomy": {
          "aerialCables": "Off-grid solar array conduit lines",
          "shutterStyle": "Wooden rustic shutters",
          "treeType": "Enterolobium contortisiliquum (Timbó)",
          "graffiti": "None",
          "terrain": "Native grass lawn with compacted gravel paths",
          "urbanElements": {
            "furniture": "Park ranger park bench and information board",
            "vegetationScore": 0.81,
            "architectureStyle": "Eco-friendly thatched reed and timber ranger station"
          },
          "temporalWindow": "Midday Sunlight"
        },
        "ocr": {
          "detectedText": [
            "GUARDAPARQUES",
            "PARQUE NACIONAL IBERA",
            "CENTRO DE INTERPRETACION"
          ],
          "confidence": 0.98,
          "rapidFuzzScore": 95
        },
        "exif": {
          "fStop": "f/7.1",
          "iso": 100,
          "shutterSpeed": "1/800s",
          "focalLength": "18mm",
          "make": "Fujifilm",
          "model": "X-T4",
          "lensModel": "XF 16-55mm F2.8 R LM WR",
          "dateTimeOriginal": "2023:10:15 12:00:00"
        },
        "category": "Ranger Station",
        "groundedFromAnchor": "Colonia Carlos Pellegrini",
        "locationContext": "Esteros del Iberá",
        "validation": {
          "distanceFromCenter": 1102.2384644046783,
          "isOutlier": true,
          "computedScore": 95,
          "issues": [
            "Anomalía Geográfica (Desvío de 1102m)"
          ],
          "h3Index": "89a9623ad57ffff"
        },
        "h3Index": "89a9623ad57ffff",
        "geocodingScore": 95,
        "isAnchor": true
      }
    },
    {
      "type": "Feature",
      "geometry": {
        "type": "Point",
        "coordinates": [
          -57.325,
          -28.585
        ]
      },
      "properties": {
        "id": "REF-0045",
        "coordinates": {
          "lat": -28.585,
          "lng": -57.325,
          "corner": "Sendero Carpincho Marsh Lookout"
        },
        "timestamp": "2023-10-15T14:10:00Z",
        "lighting": {
          "sunPosition": "WSW at 55 deg elevation",
          "shadowDirection": "ENE",
          "shadowLength": "0.9m",
          "description": "Slight haze with bright solar exposure across marshland backdrop"
        },
        "microPhysiognomy": {
          "aerialCables": "None",
          "shutterStyle": "N/A",
          "treeType": "Eichhornia crassipes (Camalote vegetation floating)",
          "graffiti": "None",
          "terrain": "Elevated timber walkway over floating vegetation",
          "urbanElements": {
            "furniture": "Observation deck railing and birdwatching bench",
            "vegetationScore": 0.99,
            "architectureStyle": "Wildlife viewing deck platform"
          },
          "temporalWindow": "Early Afternoon"
        },
        "ocr": {
          "detectedText": [
            "MIRADOR LOS CARPINCHOS",
            "SILENCIO FAUNA EN OBSERVACION"
          ],
          "confidence": 0.89,
          "rapidFuzzScore": 82
        },
        "exif": {
          "fStop": "f/5.0",
          "iso": 160,
          "shutterSpeed": "1/1600s",
          "focalLength": "85mm",
          "make": "Sony",
          "model": "ILCE-7M4",
          "lensModel": "FE 85mm F1.8",
          "dateTimeOriginal": "2023:10:15 14:10:00"
        },
        "category": "Nature Trail",
        "groundedFromAnchor": "Colonia Carlos Pellegrini",
        "locationContext": "Esteros del Iberá",
        "validation": {
          "distanceFromCenter": 1855.7726757748217,
          "isOutlier": true,
          "computedScore": 93,
          "issues": [
            "Anomalía Geográfica (Desvío de 1856m)"
          ],
          "h3Index": "89a9623ab8bffff"
        },
        "h3Index": "89a9623ab8bffff",
        "geocodingScore": 93,
        "isAnchor": true
      }
    },
    {
      "type": "Feature",
      "geometry": {
        "type": "Point",
        "coordinates": [
          -57.17821,
          -28.532145
        ]
      },
      "properties": {
        "id": "REF-0046",
        "coordinates": {
          "lat": -28.532145,
          "lng": -57.17821,
          "corner": "Calle Yaguareté y Av. Ygapó"
        },
        "timestamp": "2023-10-14T10:15:30Z",
        "lighting": {
          "sunPosition": "42 deg elevation, Azimuth 55 deg NE",
          "shadowDirection": "SW",
          "shadowLength": "1.1m",
          "description": "Luz diurna brillante con cielo despejado y calima ligera sobre el terreno de tierra colorada."
        },
        "microPhysiognomy": {
          "aerialCables": "Cables de baja tensión rústicos sobre postes de madera tratada",
          "shutterStyle": "Contraventanas de madera con persiana de listones horizontales rústicos",
          "treeType": "Timbó y palmeras Caranday",
          "graffiti": "Ninguno",
          "terrain": "Camino de tierra colorada apisonada con vestigios de arena fina",
          "urbanElements": {
            "furniture": "Cartel informativo de madera tallada, banco artesanal de troncos",
            "vegetationScore": 0.92,
            "architectureStyle": "Vernáculo correntino con galerías profundas y techos de chapa a dos aguas"
          },
          "temporalWindow": "Mañana alta (10:00 - 11:30)"
        },
        "ocr": {
          "detectedText": [
            "COLONIA CARLOS PELLEGRINI",
            "INFORMACION TURISTICA",
            "PARQUE IBERA"
          ],
          "confidence": 0.96,
          "rapidFuzzScore": 98.4
        },
        "exif": {
          "fStop": "f/8.0",
          "iso": 100,
          "shutterSpeed": "1/500s",
          "focalLength": "24mm",
          "make": "Sony",
          "model": "ILCE-7RM4",
          "lensModel": "FE 24-70mm F2.8 GM",
          "dateTimeOriginal": "2023:10:14 10:15:30"
        },
        "category": "Ecoturismo / Zona Urbana Rural",
        "groundedFromAnchor": "Colonia Carlos Pellegrini",
        "locationContext": "Esteros del Iberá",
        "validation": {
          "distanceFromCenter": 16924.087419393465,
          "isOutlier": true,
          "computedScore": 98,
          "issues": [
            "Anomalía Geográfica (Desvío de 16924m)"
          ],
          "h3Index": "89a96276b03ffff"
        },
        "h3Index": "89a96276b03ffff",
        "geocodingScore": 98,
        "isAnchor": true
      }
    },
    {
      "type": "Feature",
      "geometry": {
        "type": "Point",
        "coordinates": [
          -57.170543,
          -28.538512
        ]
      },
      "properties": {
        "id": "REF-0047",
        "coordinates": {
          "lat": -28.538512,
          "lng": -57.170543,
          "corner": "Embarcadero Puerto Caimán"
        },
        "timestamp": "2023-10-14T17:40:12Z",
        "lighting": {
          "sunPosition": "12 deg elevation, Azimuth 262 deg W",
          "shadowDirection": "E",
          "shadowLength": "4.8m",
          "description": "Atardecer dorado cálido reflectante en espejo de agua de la Laguna Iberá."
        },
        "microPhysiognomy": {
          "aerialCables": "Sin tendido aéreo visible",
          "shutterStyle": "N/A",
          "treeType": "Ceibos en flor y embalsados de camalotes",
          "graffiti": "Ninguno",
          "terrain": "Pasarela de madera de quebracho sobre cuerpo de agua dulce",
          "urbanElements": {
            "furniture": "Muelle de madera, amarradero de lanchas, señalización de seguridad fluvial",
            "vegetationScore": 0.98,
            "architectureStyle": "Muelle rústico elevado sustentable"
          },
          "temporalWindow": "Hora dorada vespertina (17:30 - 18:15)"
        },
        "ocr": {
          "detectedText": [
            "PUERTO DE EMBARQUE",
            "USO OBLIGATORIO DE CHALECO SALVAVIDAS",
            "PORTAL LAGUNA IBERA"
          ],
          "confidence": 0.91,
          "rapidFuzzScore": 94.1
        },
        "exif": {
          "fStop": "f/4.0",
          "iso": 200,
          "shutterSpeed": "1/1000s",
          "focalLength": "50mm",
          "make": "Canon",
          "model": "EOS R5",
          "lensModel": "RF 50mm F1.2 L USM",
          "dateTimeOriginal": "2023:10:14 17:40:12"
        },
        "category": "Humeda / Embarcadero",
        "groundedFromAnchor": "Colonia Carlos Pellegrini",
        "locationContext": "Esteros del Iberá",
        "validation": {
          "distanceFromCenter": 17305.303222326278,
          "isOutlier": true,
          "computedScore": 97,
          "issues": [
            "Anomalía Geográfica (Desvío de 17305m)"
          ],
          "h3Index": "89a96276bdbffff"
        },
        "h3Index": "89a96276bdbffff",
        "geocodingScore": 97,
        "isAnchor": true
      }
    },
    {
      "type": "Feature",
      "geometry": {
        "type": "Point",
        "coordinates": [
          -57.185122,
          -28.541209
        ]
      },
      "properties": {
        "id": "REF-0048",
        "coordinates": {
          "lat": -28.541209,
          "lng": -57.185122,
          "corner": "Ruta Provincial 40 Km 112"
        },
        "timestamp": "2023-10-15T13:05:00Z",
        "lighting": {
          "sunPosition": "68 deg elevation, Azimuth 340 deg NNW",
          "shadowDirection": "SSE",
          "shadowLength": "0.3m",
          "description": "Luz cenital intensa, alto contraste con mínima sombra vertical."
        },
        "microPhysiognomy": {
          "aerialCables": "Línea unifilar rural sobre postes distanciados",
          "shutterStyle": "N/A",
          "treeType": "Espartillares bajos y acacias diseminadas",
          "graffiti": "Estarcido menor en guardarraíl",
          "terrain": "Ripió consolidado de color rojizo amarillento con calzada secundaria de arena",
          "urbanElements": {
            "furniture": "Guardarraíl metálico con señalización vial de fauna",
            "vegetationScore": 0.85,
            "architectureStyle": "Infraestructura vial de acceso rústico"
          },
          "temporalWindow": "Mediodía cenital (12:30 - 13:30)"
        },
        "ocr": {
          "detectedText": [
            "RP 40",
            "DESPACIO FAUNA SILVESTRE",
            "MAXIMA 40 KM/H"
          ],
          "confidence": 0.94,
          "rapidFuzzScore": 96
        },
        "exif": {
          "fStop": "f/11.0",
          "iso": 100,
          "shutterSpeed": "1/250s",
          "focalLength": "35mm",
          "make": "Nikon",
          "model": "Z7 II",
          "lensModel": "NIKKOR Z 35mm f/1.8 S",
          "dateTimeOriginal": "2023:10:15 13:05:00"
        },
        "category": "Ruta / Acceso Vial",
        "groundedFromAnchor": "Colonia Carlos Pellegrini",
        "locationContext": "Esteros del Iberá",
        "validation": {
          "distanceFromCenter": 15881.350442420186,
          "isOutlier": true,
          "computedScore": 96,
          "issues": [
            "Anomalía Geográfica (Desvío de 15881m)"
          ],
          "h3Index": "89a9627682fffff"
        },
        "h3Index": "89a9627682fffff",
        "geocodingScore": 96,
        "isAnchor": true
      }
    },
    {
      "type": "Feature",
      "geometry": {
        "type": "Point",
        "coordinates": [
          -57.321045,
          -28.601533
        ]
      },
      "properties": {
        "id": "REF-0049",
        "coordinates": {
          "lat": -28.601533,
          "lng": -57.321045,
          "corner": "Paso del Yacaré - Reserva Nucleo"
        },
        "timestamp": "2023-10-15T08:20:45Z",
        "lighting": {
          "sunPosition": "28 deg elevation, Azimuth 78 deg ENE",
          "shadowDirection": "WSW",
          "shadowLength": "2.2m",
          "description": "Luz matutina suave con niebla baja disipándose en los esteros."
        },
        "microPhysiognomy": {
          "aerialCables": "Ausencia total de cables",
          "shutterStyle": "N/A",
          "treeType": "Palmar de Yatay y Juncales",
          "graffiti": "Ninguno",
          "terrain": "Suelo orgánico húmedo, turbera con sectores anegados",
          "urbanElements": {
            "furniture": "Mirador elevado de madera con techo de paja de espartillo",
            "vegetationScore": 0.99,
            "architectureStyle": "Estructura ecológica de avistaje de aves"
          },
          "temporalWindow": "Primera mañana (08:00 - 09:00)"
        },
        "ocr": {
          "detectedText": [
            "OBSERVATORIO DE AVES",
            "SILENCIO ZONA DE ANIDACION"
          ],
          "confidence": 0.88,
          "rapidFuzzScore": 90.5
        },
        "exif": {
          "fStop": "f/5.6",
          "iso": 400,
          "shutterSpeed": "1/1250s",
          "focalLength": "400mm",
          "make": "Sony",
          "model": "ILCE-1",
          "lensModel": "FE 100-400mm F4.5-5.6 GM OSS",
          "dateTimeOriginal": "2023:10:15 08:20:45"
        },
        "category": "Reserva Natural / Humedad Protegida",
        "groundedFromAnchor": "Esteros del Iberá Central",
        "locationContext": "Esteros del Iberá",
        "validation": {
          "distanceFromCenter": 1211.6852704812875,
          "isOutlier": true,
          "computedScore": 96,
          "issues": [
            "Anomalía Geográfica (Desvío de 1212m)"
          ],
          "h3Index": "89a9623a81bffff"
        },
        "h3Index": "89a9623a81bffff",
        "geocodingScore": 96,
        "isAnchor": true
      }
    },
    {
      "type": "Feature",
      "geometry": {
        "type": "Point",
        "coordinates": [
          -57.174312,
          -28.529801
        ]
      },
      "properties": {
        "id": "REF-0050",
        "coordinates": {
          "lat": -28.529801,
          "lng": -57.174312,
          "corner": "Acceso Centro de Visitantes Guatambó"
        },
        "timestamp": "2023-10-15T15:22:18Z",
        "lighting": {
          "sunPosition": "51 deg elevation, Azimuth 295 deg WNW",
          "shadowDirection": "ESE",
          "shadowLength": "0.8m",
          "description": "Sol pleno con nubes cumulus dispersas, proyectando sombras definidas."
        },
        "microPhysiognomy": {
          "aerialCables": "Subterráneo / No visible",
          "shutterStyle": "Paneles de madera plegables de estilo rústico regional",
          "treeType": "Jacarandá y Lapacho Rosado",
          "graffiti": "Ninguno",
          "terrain": "Senda peatonal de adoquín ecológico permeables con césped intermedio",
          "urbanElements": {
            "furniture": "Luminarias solares en poste de madera, papeleras de reciclaje integradas",
            "vegetationScore": 0.94,
            "architectureStyle": "Arquitectura sustentable bioclimática en madera y piedra local"
          },
          "temporalWindow": "Tarde media (15:00 - 16:30)"
        },
        "ocr": {
          "detectedText": [
            "CENTRO DE VISITANTES",
            "PARQUES NACIONALES Y PROVINCIAL IBERA",
            "ENTRADA LIBRE"
          ],
          "confidence": 0.97,
          "rapidFuzzScore": 99
        },
        "exif": {
          "fStop": "f/6.3",
          "iso": 160,
          "shutterSpeed": "1/640s",
          "focalLength": "28mm",
          "make": "Fujifilm",
          "model": "X-T4",
          "lensModel": "XF 16-55mm F2.8 R LM WR",
          "dateTimeOriginal": "2023:10:15 15:22:18"
        },
        "category": "Centro de Interpretación / Parque Nacional",
        "groundedFromAnchor": "Colonia Carlos Pellegrini",
        "locationContext": "Esteros del Iberá",
        "validation": {
          "distanceFromCenter": 17381.306895593545,
          "isOutlier": true,
          "computedScore": 99,
          "issues": [
            "Anomalía Geográfica (Desvío de 17381m)"
          ],
          "h3Index": "89a96276b0bffff"
        },
        "h3Index": "89a96276b0bffff",
        "geocodingScore": 99,
        "isAnchor": true
      }
    },
    {
      "type": "Feature",
      "geometry": {
        "type": "Point",
        "coordinates": [
          -57.1851,
          -28.5332
        ]
      },
      "properties": {
        "id": "REF-0051",
        "coordinates": {
          "lat": -28.5332,
          "lng": -57.1851,
          "corner": "Av. San Martin & Calle 10"
        },
        "timestamp": "2023-10-14T09:15:22Z",
        "lighting": {
          "sunPosition": "East-Northeast at 35 degrees",
          "shadowDirection": "West-Southwest",
          "shadowLength": "Moderate (1.4m)",
          "description": "Soft morning sunlight filtering through sparse tree canopy."
        },
        "microPhysiognomy": {
          "aerialCables": "Low-density single telephone cable along wooden poles",
          "shutterStyle": "Traditional wooden rustic shutters",
          "treeType": "Timbo and Lapacho",
          "graffiti": "None",
          "terrain": "Unpaved reddish sandy dirt road",
          "urbanElements": {
            "furniture": "Wooden directional signpost, rustic bench",
            "vegetationScore": 0.85,
            "architectureStyle": "Vernacular Correntina brick and wood cottage"
          },
          "temporalWindow": "Morning peak tourism shift"
        },
        "ocr": {
          "detectedText": [
            "COLONIA CARLOS PELLEGRINI",
            "BIENVENIDOS",
            "INFORMACION TURISTICA"
          ],
          "confidence": 0.94,
          "rapidFuzzScore": 89.5
        },
        "exif": {
          "fStop": "f/4.0",
          "iso": 100,
          "shutterSpeed": "1/500s",
          "focalLength": "35mm",
          "make": "Canon",
          "model": "EOS R6",
          "lensModel": "RF 35mm F1.8 MACRO IS STM",
          "dateTimeOriginal": "2023:10:14 09:15:22"
        },
        "category": "Town Entrance / Rural Settlement",
        "groundedFromAnchor": "Colonia Carlos Pellegrini",
        "locationContext": "Esteros del Iberá",
        "validation": {
          "distanceFromCenter": 16270.592227158597,
          "isOutlier": true,
          "computedScore": 94,
          "issues": [
            "Anomalía Geográfica (Desvío de 16271m)"
          ],
          "h3Index": "89a96276bbbffff"
        },
        "h3Index": "89a96276bbbffff",
        "geocodingScore": 94,
        "isAnchor": true
      }
    },
    {
      "type": "Feature",
      "geometry": {
        "type": "Point",
        "coordinates": [
          -57.1798,
          -28.5385
        ]
      },
      "properties": {
        "id": "REF-0052",
        "coordinates": {
          "lat": -28.5385,
          "lng": -57.1798,
          "corner": "Embarcadero Municipal Pier"
        },
        "timestamp": "2023-10-14T12:30:00Z",
        "lighting": {
          "sunPosition": "Zenith, North at 68 degrees",
          "shadowDirection": "South",
          "shadowLength": "Short (0.3m)",
          "description": "Harsh midday light with direct reflection off open water surface."
        },
        "microPhysiognomy": {
          "aerialCables": "None visible",
          "shutterStyle": "None",
          "treeType": "Sabal palmetto and marsh vegetation",
          "graffiti": "None",
          "terrain": "Wooden boardwalk decking over wetland mud",
          "urbanElements": {
            "furniture": "Wooden mooring posts, safety lifebuoy stand",
            "vegetationScore": 0.95,
            "architectureStyle": "Open wooden dock structure"
          },
          "temporalWindow": "Midday boat tour departure window"
        },
        "ocr": {
          "detectedText": [
            "PARQUE PROVINCIAL IBERA",
            "EMBARCADERO",
            "USO OBLIGATORIO DE CHALECO"
          ],
          "confidence": 0.91,
          "rapidFuzzScore": 92
        },
        "exif": {
          "fStop": "f/8.0",
          "iso": 100,
          "shutterSpeed": "1/1000s",
          "focalLength": "24mm",
          "make": "Sony",
          "model": "ILCE-7M4",
          "lensModel": "FE 24-70mm F2.8 GM II",
          "dateTimeOriginal": "2023:10:14 12:30:00"
        },
        "category": "Wetland Dock / Boat Launch",
        "groundedFromAnchor": "Colonia Carlos Pellegrini",
        "locationContext": "Esteros del Iberá",
        "validation": {
          "distanceFromCenter": 16479.276479948967,
          "isOutlier": true,
          "computedScore": 96,
          "issues": [
            "Anomalía Geográfica (Desvío de 16479m)"
          ],
          "h3Index": "89a96276b9bffff"
        },
        "h3Index": "89a96276b9bffff",
        "geocodingScore": 96,
        "isAnchor": true
      }
    },
    {
      "type": "Feature",
      "geometry": {
        "type": "Point",
        "coordinates": [
          -57.192,
          -28.545
        ]
      },
      "properties": {
        "id": "REF-0053",
        "coordinates": {
          "lat": -28.545,
          "lng": -57.192,
          "corner": "RP40 Ranger Station Entrance"
        },
        "timestamp": "2023-10-14T16:45:10Z",
        "lighting": {
          "sunPosition": "West at 25 degrees",
          "shadowDirection": "East-Northeast",
          "shadowLength": "Long (2.8m)",
          "description": "Golden hour warmth with elongated shadows cast across the dirt path."
        },
        "microPhysiognomy": {
          "aerialCables": "Solar panel wiring conduit on low post",
          "shutterStyle": "Rustic timber louvers",
          "treeType": "Espinillo and Curupi",
          "graffiti": "None",
          "terrain": "Compacted gravel and sand trail",
          "urbanElements": {
            "furniture": "Park ranger checkpoint gate, wooden trash bins",
            "vegetationScore": 0.88,
            "architectureStyle": "Eco-friendly thatched-roof ranger station"
          },
          "temporalWindow": "Late afternoon visitor check-out"
        },
        "ocr": {
          "detectedText": [
            "SECCIONAL GUARDAPARQUES",
            "CENTRO DE INTERPRETACION",
            "IBERA"
          ],
          "confidence": 0.96,
          "rapidFuzzScore": 95
        },
        "exif": {
          "fStop": "f/5.6",
          "iso": 200,
          "shutterSpeed": "1/250s",
          "focalLength": "50mm",
          "make": "Nikon",
          "model": "Z6 II",
          "lensModel": "NIKKOR Z 50mm f/1.8 S",
          "dateTimeOriginal": "2023:10:14 16:45:10"
        },
        "category": "Ranger Station / Park Gate",
        "groundedFromAnchor": "Colonia Carlos Pellegrini",
        "locationContext": "Esteros del Iberá",
        "validation": {
          "distanceFromCenter": 15095.863552497773,
          "isOutlier": true,
          "computedScore": 96,
          "issues": [
            "Anomalía Geográfica (Desvío de 15096m)"
          ],
          "h3Index": "89a962769dbffff"
        },
        "h3Index": "89a962769dbffff",
        "geocodingScore": 96,
        "isAnchor": true
      }
    },
    {
      "type": "Feature",
      "geometry": {
        "type": "Point",
        "coordinates": [
          -57.2505,
          -28.6102
        ]
      },
      "properties": {
        "id": "REF-0054",
        "coordinates": {
          "lat": -28.6102,
          "lng": -57.2505,
          "corner": "Ruta Provincial 40 Km 52"
        },
        "timestamp": "2023-10-15T08:10:05Z",
        "lighting": {
          "sunPosition": "East at 20 degrees",
          "shadowDirection": "West",
          "shadowLength": "Long (3.1m)",
          "description": "Low angled sunlight creating high contrast on the dirt road ruts."
        },
        "microPhysiognomy": {
          "aerialCables": "None",
          "shutterStyle": "None",
          "treeType": "Isolated Nandubay and scrub trees",
          "graffiti": "None",
          "terrain": "Unpaved sand and clay provincial highway RP40",
          "urbanElements": {
            "furniture": "Reflective kilometer marker post, wire cattle fence",
            "vegetationScore": 0.65,
            "architectureStyle": "Rural cattle ranch entrance gate"
          },
          "temporalWindow": "Early morning transit window"
        },
        "ocr": {
          "detectedText": [
            "RP 40",
            "KM 52",
            "ESTANCIA SAN MATEO"
          ],
          "confidence": 0.88,
          "rapidFuzzScore": 84
        },
        "exif": {
          "fStop": "f/5.6",
          "iso": 100,
          "shutterSpeed": "1/800s",
          "focalLength": "85mm",
          "make": "Fujifilm",
          "model": "X-T4",
          "lensModel": "XF16-80mmF4 R OIS WR",
          "dateTimeOriginal": "2023:10:15 08:10:05"
        },
        "category": "Unpaved Highway / Rural Corridor",
        "groundedFromAnchor": "Colonia Carlos Pellegrini",
        "locationContext": "Esteros del Iberá",
        "validation": {
          "distanceFromCenter": 8165.518393405665,
          "isOutlier": true,
          "computedScore": 88,
          "issues": [
            "Anomalía Geográfica (Desvío de 8166m)"
          ],
          "h3Index": "89a962386a3ffff"
        },
        "h3Index": "89a962386a3ffff",
        "geocodingScore": 88,
        "isAnchor": true
      }
    },
    {
      "type": "Feature",
      "geometry": {
        "type": "Point",
        "coordinates": [
          -57.1834,
          -28.5361
        ]
      },
      "properties": {
        "id": "REF-0055",
        "coordinates": {
          "lat": -28.5361,
          "lng": -57.1834,
          "corner": "Sendero Carpincho Loop Trail"
        },
        "timestamp": "2023-10-15T11:05:40Z",
        "lighting": {
          "sunPosition": "Northeast at 55 degrees",
          "shadowDirection": "Southwest",
          "shadowLength": "Short-Moderate (0.7m)",
          "description": "Bright daylight with dappled light under gallery forest canopy."
        },
        "microPhysiognomy": {
          "aerialCables": "None",
          "shutterStyle": "None",
          "treeType": "Ibira Pita and Lapacho Negro",
          "graffiti": "None",
          "terrain": "Raised wooden pedestrian walkway",
          "urbanElements": {
            "furniture": "Interpretive wooden signage, resting bench",
            "vegetationScore": 0.98,
            "architectureStyle": "Low-impact wooden ecological walkway"
          },
          "temporalWindow": "Mid-morning nature walk hours"
        },
        "ocr": {
          "detectedText": [
            "SENDERO EL CARPINCHO",
            "DIFICULTAD BAJA",
            "FAUNA SILVESTRE NO TOCAR"
          ],
          "confidence": 0.93,
          "rapidFuzzScore": 91.2
        },
        "exif": {
          "fStop": "f/2.8",
          "iso": 160,
          "shutterSpeed": "1/400s",
          "focalLength": "28mm",
          "make": "Apple",
          "model": "iPhone 14 Pro",
          "lensModel": "iPhone 14 Pro back main camera 6.86mm f/1.78",
          "dateTimeOriginal": "2023:10:15 11:05:40"
        },
        "category": "Ecotourism Trail / Nature Walk",
        "groundedFromAnchor": "Colonia Carlos Pellegrini",
        "locationContext": "Esteros del Iberá",
        "validation": {
          "distanceFromCenter": 16274.95082908821,
          "isOutlier": true,
          "computedScore": 96,
          "issues": [
            "Anomalía Geográfica (Desvío de 16275m)"
          ],
          "h3Index": "89a96276b87ffff"
        },
        "h3Index": "89a96276b87ffff",
        "geocodingScore": 96,
        "isAnchor": true
      }
    },
    {
      "type": "Feature",
      "geometry": {
        "type": "Point",
        "coordinates": [
          -57.1708,
          -28.5305
        ]
      },
      "properties": {
        "id": "REF-0056",
        "coordinates": {
          "lat": -28.5305,
          "lng": -57.1708,
          "corner": "Esquina SE de Calle Yapeyú y Av. Guarani"
        },
        "timestamp": "2023-10-14T14:22:10Z",
        "lighting": {
          "sunPosition": "High Southwest",
          "shadowDirection": "Northeast",
          "shadowLength": "Short",
          "description": "Harsh afternoon sunlight over humid wetland trails, slight haze from lagoon evaporation."
        },
        "microPhysiognomy": {
          "aerialCables": "Low-density single utility wire on wooden pole",
          "shutterStyle": "Wooden rustic shutters",
          "treeType": "Curupí and Yataí Palm",
          "graffiti": "None",
          "terrain": "Sandy unpaved dirt path with wetland marsh edges",
          "urbanElements": {
            "furniture": "Wooden rustic bench and informative park sign",
            "vegetationScore": 0.92,
            "architectureStyle": "Traditional Correntino vernacular wood-thatch style"
          },
          "temporalWindow": "Dry season mid-afternoon"
        },
        "ocr": {
          "detectedText": [
            "PORTAL LAGUNA IBERA",
            "COLONIA CARLOS PELLEGRINI",
            "BIENVENIDOS"
          ],
          "confidence": 0.96,
          "rapidFuzzScore": 98.5
        },
        "exif": {
          "fStop": "f/8.0",
          "iso": 100,
          "shutterSpeed": "1/500s",
          "focalLength": "35mm",
          "make": "Canon",
          "model": "EOS R6",
          "lensModel": "RF 35mm F1.8 MACRO IS STM",
          "dateTimeOriginal": "2023:10:14 14:22:10"
        },
        "category": "Eco-tourism Entry / Wetland Reserve",
        "groundedFromAnchor": "Colonia Carlos Pellegrini",
        "locationContext": "Esteros del Iberá",
        "validation": {
          "distanceFromCenter": 17654.217488886923,
          "isOutlier": true,
          "computedScore": 98,
          "issues": [
            "Anomalía Geográfica (Desvío de 17654m)"
          ],
          "h3Index": "89a96276b43ffff"
        },
        "h3Index": "89a96276b43ffff",
        "geocodingScore": 98,
        "isAnchor": true
      }
    },
    {
      "type": "Feature",
      "geometry": {
        "type": "Point",
        "coordinates": [
          -57.1824,
          -28.5381
        ]
      },
      "properties": {
        "id": "REF-0057",
        "coordinates": {
          "lat": -28.5381,
          "lng": -57.1824,
          "corner": "Acceso al Embarcadero Laguna Ibera"
        },
        "timestamp": "2023-10-14T17:45:00Z",
        "lighting": {
          "sunPosition": "Low West",
          "shadowDirection": "East",
          "shadowLength": "Long",
          "description": "Golden hour glow across open water with long shadows cast by rushes and wooden boardwalk."
        },
        "microPhysiognomy": {
          "aerialCables": "None",
          "shutterStyle": "None",
          "treeType": "Aguapé aquatic flora and Embira",
          "graffiti": "None",
          "terrain": "Elevated wooden boardwalk over aquatic marshland",
          "urbanElements": {
            "furniture": "Wooden dock post and safety lifebuoy station",
            "vegetationScore": 0.98,
            "architectureStyle": "Stilt-supported timber walkway"
          },
          "temporalWindow": "Sunset golden hour"
        },
        "ocr": {
          "detectedText": [
            "PARQUE PROVINCIAL IBERA",
            "EMBARCADERO PELLEGRINI",
            "USO OBLIGATORIO DE CHALECO"
          ],
          "confidence": 0.94,
          "rapidFuzzScore": 95
        },
        "exif": {
          "fStop": "f/5.6",
          "iso": 200,
          "shutterSpeed": "1/250s",
          "focalLength": "50mm",
          "make": "Sony",
          "model": "ILCE-7M4",
          "lensModel": "FE 50mm F1.4 GM",
          "dateTimeOriginal": "2023:10:14 17:45:00"
        },
        "category": "Waterway Pier / Boardwalk",
        "groundedFromAnchor": "Colonia Carlos Pellegrini",
        "locationContext": "Esteros del Iberá",
        "validation": {
          "distanceFromCenter": 16267.401658458666,
          "isOutlier": true,
          "computedScore": 98,
          "issues": [
            "Anomalía Geográfica (Desvío de 16267m)"
          ],
          "h3Index": "89a96276b83ffff"
        },
        "h3Index": "89a96276b83ffff",
        "geocodingScore": 98,
        "isAnchor": true
      }
    },
    {
      "type": "Feature",
      "geometry": {
        "type": "Point",
        "coordinates": [
          -58.8415,
          -27.4608
        ]
      },
      "properties": {
        "id": "REF-0058",
        "coordinates": {
          "lat": -27.4608,
          "lng": -58.8415,
          "corner": "Av. Costanera Gral. San Martin y Carlos Pellegrini"
        },
        "timestamp": "2023-10-14T16:45:00Z",
        "lighting": {
          "sunPosition": "NW at 38 degrees",
          "shadowDirection": "SE",
          "shadowLength": "1.4 meters",
          "description": "Strong afternoon sunlight casting long diagonal shadows toward the south-east across the river promenade."
        },
        "microPhysiognomy": {
          "aerialCables": "Moderate density web of fiber optic cables on concrete utility poles",
          "shutterStyle": "Wooden louvered shutters on historic riverside residences",
          "treeType": "Handroanthus impetiginosus (Lapacho rosado)",
          "graffiti": "Minimal stencils near embankment wall",
          "terrain": "Paved riverfront terrace sloping slightly toward the Parana riverbed",
          "urbanElements": {
            "furniture": "Cast iron lamp posts and wooden park benches",
            "vegetationScore": 0.82,
            "architectureStyle": "Colonial Revival and mid-century promenade structures"
          },
          "temporalWindow": "Late Spring afternoon"
        },
        "ocr": {
          "detectedText": [
            "PASEO COSTANERA",
            "MUNICIPALIDAD DE CORRIENTES",
            "PROHIBIDO PESCAR"
          ],
          "confidence": 0.96,
          "rapidFuzzScore": 94.5
        },
        "exif": {
          "fStop": "f/8.0",
          "iso": 100,
          "shutterSpeed": "1/500s",
          "focalLength": "24mm",
          "make": "Sony",
          "model": "ILCE-7M3",
          "lensModel": "FE 24-105mm F4 G OSS",
          "dateTimeOriginal": "2023:10:14 16:45:12"
        },
        "category": "Scenic Drive / Promenade",
        "groundedFromAnchor": "Costanera General San Martin",
        "locationContext": "Corrientes",
        "validation": {
          "distanceFromCenter": 780.233674092606,
          "isOutlier": true,
          "computedScore": 95,
          "issues": [
            "Anomalía Geográfica (Desvío de 780m)"
          ],
          "h3Index": "89a96e7328bffff"
        },
        "h3Index": "89a96e7328bffff",
        "geocodingScore": 95,
        "isAnchor": true
      }
    },
    {
      "type": "Feature",
      "geometry": {
        "type": "Point",
        "coordinates": [
          -58.8352,
          -27.4648
        ]
      },
      "properties": {
        "id": "REF-0059",
        "coordinates": {
          "lat": -27.4648,
          "lng": -58.8352,
          "corner": "25 de Mayo y Buenos Aires"
        },
        "timestamp": "2023-10-14T11:15:00Z",
        "lighting": {
          "sunPosition": "NE at 55 degrees",
          "shadowDirection": "SW",
          "shadowLength": "0.7 meters",
          "description": "High late-morning sun creating short, sharp shadows along the eastern plaza arcade."
        },
        "microPhysiognomy": {
          "aerialCables": "High density overhead bundle crossing intersection grid",
          "shutterStyle": "Metallic roll-up security shutters on commercial storefronts",
          "treeType": "Jacaranda mimosifolia and Tabebuia heptaphylla",
          "graffiti": "Political tags on utility box base",
          "terrain": "Flat urban grid pavement with tactile paving at pedestrian ramps",
          "urbanElements": {
            "furniture": "Black steel trash bins, historic post boxes, and traffic signal masts",
            "vegetationScore": 0.65,
            "architectureStyle": "Late 19th-century Italianate and Civic Neoclassical"
          },
          "temporalWindow": "Late Spring morning"
        },
        "ocr": {
          "detectedText": [
            "PLAZA 25 DE MAYO",
            "GOBIERNO DE CORRIENTES",
            "CASA DE GOBIERNO"
          ],
          "confidence": 0.98,
          "rapidFuzzScore": 98
        },
        "exif": {
          "fStop": "f/5.6",
          "iso": 200,
          "shutterSpeed": "1/1000s",
          "focalLength": "35mm",
          "make": "Canon",
          "model": "EOS R6",
          "lensModel": "RF 35mm F1.8 MACRO IS STM",
          "dateTimeOriginal": "2023:10:14 11:15:40"
        },
        "category": "Civic Plaza / Historic District",
        "groundedFromAnchor": "Costanera General San Martin",
        "locationContext": "Corrientes",
        "validation": {
          "distanceFromCenter": 19.808384246261653,
          "isOutlier": false,
          "computedScore": 94,
          "issues": [],
          "h3Index": "89a96e44da7ffff"
        },
        "h3Index": "89a96e44da7ffff",
        "geocodingScore": 94,
        "isAnchor": true
      }
    },
    {
      "type": "Feature",
      "geometry": {
        "type": "Point",
        "coordinates": [
          -58.834,
          -27.4661
        ]
      },
      "properties": {
        "id": "REF-0060",
        "coordinates": {
          "lat": -27.4661,
          "lng": -58.834,
          "corner": "San Juan y 25 de Mayo"
        },
        "timestamp": "2023-10-14T18:20:00Z",
        "lighting": {
          "sunPosition": "WNW at 12 degrees",
          "shadowDirection": "ESE",
          "shadowLength": "4.2 meters",
          "description": "Low Golden Hour light grazing the ornate theater facade with long stretched shadows."
        },
        "microPhysiognomy": {
          "aerialCables": "Low to moderate bundle tucked beneath ornamental cornices",
          "shutterStyle": "Tall wooden double doors with glass transom louvers",
          "treeType": "Ficus benjamina street trees in tree grates",
          "graffiti": "None visible on heritage facade",
          "terrain": "Level asphalt street with granite curb pavers",
          "urbanElements": {
            "furniture": "Pedestrian bollards, brass theater display cases, and brass street signs",
            "vegetationScore": 0.35,
            "architectureStyle": "Eclectic Neoclassical Theater Architecture"
          },
          "temporalWindow": "Golden Hour Sunset"
        },
        "ocr": {
          "detectedText": [
            "TEATRO OFICIAL JUAN DE VERA",
            "ENTRADA PRINCIPAL",
            "TEMPORADA 2023"
          ],
          "confidence": 0.94,
          "rapidFuzzScore": 91.2
        },
        "exif": {
          "fStop": "f/2.8",
          "iso": 400,
          "shutterSpeed": "1/250s",
          "focalLength": "50mm",
          "make": "Nikon",
          "model": "Z6 II",
          "lensModel": "NIKKOR Z 50mm f/1.8 S",
          "dateTimeOriginal": "2023:10:14 18:20:05"
        },
        "category": "Cultural Heritage / Theater",
        "groundedFromAnchor": "Costanera General San Martin",
        "locationContext": "Corrientes",
        "validation": {
          "distanceFromCenter": 168.6372911830508,
          "isOutlier": true,
          "computedScore": 87,
          "issues": [
            "Anomalía Geográfica (Desvío de 169m)"
          ],
          "h3Index": "89a96e44da7ffff"
        },
        "h3Index": "89a96e44da7ffff",
        "geocodingScore": 87,
        "isAnchor": true
      }
    },
    {
      "type": "Feature",
      "geometry": {
        "type": "Point",
        "coordinates": [
          -58.84,
          -27.4635
        ]
      },
      "properties": {
        "id": "REF-0061",
        "coordinates": {
          "lat": -27.4635,
          "lng": -58.84,
          "corner": "Carlos Pellegrini y Entre Rios"
        },
        "timestamp": "2023-10-14T14:10:00Z",
        "lighting": {
          "sunPosition": "NNE at 68 degrees",
          "shadowDirection": "SSW",
          "shadowLength": "0.4 meters",
          "description": "Near-zenith sunlight filtered through dense park canopy creating dappled light patches."
        },
        "microPhysiognomy": {
          "aerialCables": "Underground distribution along park boundary with visible transformers",
          "shutterStyle": "N/A - Park perimeter wall",
          "treeType": "Enterolobium contortisiliquum (Timbó) and Peltophorum dubium",
          "graffiti": "Artistic mural on park amphitheater wall",
          "terrain": "Grassy undulating park topography sloping down to paved footpaths",
          "urbanElements": {
            "furniture": "Concrete park benches, playground equipment, solar lighting posts",
            "vegetationScore": 0.95,
            "architectureStyle": "Modernist park pavilions and public recreation facilities"
          },
          "temporalWindow": "Early Afternoon"
        },
        "ocr": {
          "detectedText": [
            "PARQUE CAMBA CUA",
            "SECTOR JUEGOS",
            "BIENVENIDOS"
          ],
          "confidence": 0.91,
          "rapidFuzzScore": 88.7
        },
        "exif": {
          "fStop": "f/4.0",
          "iso": 100,
          "shutterSpeed": "1/800s",
          "focalLength": "18mm",
          "make": "Fujifilm",
          "model": "X-T4",
          "lensModel": "XF16-80mmF4 R OIS WR",
          "dateTimeOriginal": "2023:10:14 14:10:33"
        },
        "category": "Public Park / Green Space",
        "groundedFromAnchor": "Costanera General San Martin",
        "locationContext": "Corrientes",
        "validation": {
          "distanceFromCenter": 506.5974849512399,
          "isOutlier": true,
          "computedScore": 95,
          "issues": [
            "Anomalía Geográfica (Desvío de 507m)"
          ],
          "h3Index": "89a96e7366fffff"
        },
        "h3Index": "89a96e7366fffff",
        "geocodingScore": 95,
        "isAnchor": true
      }
    },
    {
      "type": "Feature",
      "geometry": {
        "type": "Point",
        "coordinates": [
          -58.8375,
          -27.4589
        ]
      },
      "properties": {
        "id": "REF-0062",
        "coordinates": {
          "lat": -27.4589,
          "lng": -58.8375,
          "corner": "Mendoza y Av. Costanera"
        },
        "timestamp": "2023-10-14T09:30:00Z",
        "lighting": {
          "sunPosition": "E at 42 degrees",
          "shadowDirection": "W",
          "shadowLength": "1.1 meters",
          "description": "Direct morning light coming off the river, high glare on water surfaces."
        },
        "microPhysiognomy": {
          "aerialCables": "Heavy industrial electrical feeds near port facility gates",
          "shutterStyle": "Steel corrugated warehouse doors",
          "treeType": "Ceiba speciosa (Palo borracho)",
          "graffiti": "Maritime nautical symbols on perimeter wall",
          "terrain": "Cobblestone historic port access apron transitioning to asphalt",
          "urbanElements": {
            "furniture": "Chain link security fencing, steel bollards, navigation marker lights",
            "vegetationScore": 0.4,
            "architectureStyle": "Early 20th century industrial port infrastructure"
          },
          "temporalWindow": "Mid Morning"
        },
        "ocr": {
          "detectedText": [
            "PUERTO DE CORRIENTES",
            "PREFECTURA NAVAL ARGENTINA",
            "ZONA PRIMARIA ADUANERA"
          ],
          "confidence": 0.97,
          "rapidFuzzScore": 95.8
        },
        "exif": {
          "fStop": "f/11.0",
          "iso": 100,
          "shutterSpeed": "1/320s",
          "focalLength": "28mm",
          "make": "Leica",
          "model": "Q2",
          "lensModel": "Summilux 28mm f/1.7 ASPH",
          "dateTimeOriginal": "2023:10:14 09:30:50"
        },
        "category": "Port Infrastructure / Maritime",
        "groundedFromAnchor": "Costanera General San Martin",
        "locationContext": "Corrientes",
        "validation": {
          "distanceFromCenter": 713.9894148081303,
          "isOutlier": true,
          "computedScore": 89,
          "issues": [
            "Anomalía Geográfica (Desvío de 714m)"
          ],
          "h3Index": "89a96e732cfffff"
        },
        "h3Index": "89a96e732cfffff",
        "geocodingScore": 89,
        "isAnchor": true
      }
    },
    {
      "type": "Feature",
      "geometry": {
        "type": "Point",
        "coordinates": [
          -58.8415,
          -27.4608
        ]
      },
      "properties": {
        "id": "REF-0063",
        "coordinates": {
          "lat": -27.4608,
          "lng": -58.8415,
          "corner": "Av. Costanera General San Martin y Carlos Pellegrini"
        },
        "timestamp": "2023-10-14T15:45:00Z",
        "lighting": {
          "sunPosition": "NW 42 deg",
          "shadowDirection": "SE",
          "shadowLength": "1.2m",
          "description": "Luz directa de la tarde sobre la costanera con alto contraste frente al rio Parana."
        },
        "microPhysiognomy": {
          "aerialCables": "Bajo densidad, tendido aéreo en postes de hormigón",
          "shutterStyle": "N/A - Espacio Abierto",
          "treeType": "Lapacho rosado (Handroanthus impetiginosus)",
          "graffiti": "Estencil costero menor en murete de contención",
          "terrain": "Plano con suave inclinación hacia el río",
          "urbanElements": {
            "furniture": "Bancos de madera y hierro, baranda metálica de protección",
            "vegetationScore": 0.85,
            "architectureStyle": "Paseo costero moderno con vestigios neoclásicos"
          },
          "temporalWindow": "Primavera - Tarde"
        },
        "ocr": {
          "detectedText": [
            "COSTANERA GRAL. SAN MARTIN",
            "PROHIBIDO PESCAR",
            "MUNICIPALIDAD DE CORRIENTES"
          ],
          "confidence": 0.96,
          "rapidFuzzScore": 92.5
        },
        "exif": {
          "fStop": "f/8.0",
          "iso": 100,
          "shutterSpeed": "1/500s",
          "focalLength": "24mm",
          "make": "Sony",
          "model": "ILCE-7M3",
          "lensModel": "FE 24-70mm F2.8 GM",
          "dateTimeOriginal": "2023-10-14T15:45:00Z"
        },
        "category": "High-Precision POI Promenade",
        "groundedFromAnchor": "Costanera General San Martín",
        "locationContext": "Corrientes",
        "validation": {
          "distanceFromCenter": 780.233674092606,
          "isOutlier": true,
          "computedScore": 95,
          "issues": [
            "Anomalía Geográfica (Desvío de 780m)"
          ],
          "h3Index": "89a96e7328bffff"
        },
        "h3Index": "89a96e7328bffff",
        "geocodingScore": 95,
        "isAnchor": true
      }
    },
    {
      "type": "Feature",
      "geometry": {
        "type": "Point",
        "coordinates": [
          -58.8332,
          -27.4665
        ]
      },
      "properties": {
        "id": "REF-0064",
        "coordinates": {
          "lat": -27.4665,
          "lng": -58.8332,
          "corner": "Peatonal Junin y Cordoba"
        },
        "timestamp": "2023-10-14T11:15:00Z",
        "lighting": {
          "sunPosition": "NE 65 deg",
          "shadowDirection": "SW",
          "shadowLength": "0.4m",
          "description": "Luz cenital intensa en zona comercial peatonal con sombras cortas."
        },
        "microPhysiognomy": {
          "aerialCables": "Alta densidad, enredado comercial en fachadas",
          "shutterStyle": "Persianas metálicas enrollables comerciales",
          "treeType": "Chañar y Jacarandá",
          "graffiti": "Pegatinas publicitarias y graffiti urbano en marquesinas",
          "terrain": "Totalmente plano, adoquinado peatonal",
          "urbanElements": {
            "furniture": "Macetones urbanos, luminarias LED dobles, cestos de residuos diferenciados",
            "vegetationScore": 0.35,
            "architectureStyle": "Comercial ecléctico con fachadas italianizantes modificadas"
          },
          "temporalWindow": "Primavera - Mediodía"
        },
        "ocr": {
          "detectedText": [
            "PEATONAL JUNIN",
            "FARMACIA FARMAR",
            "DESCUENTOS"
          ],
          "confidence": 0.92,
          "rapidFuzzScore": 88
        },
        "exif": {
          "fStop": "f/5.6",
          "iso": 160,
          "shutterSpeed": "1/1000s",
          "focalLength": "35mm",
          "make": "Canon",
          "model": "EOS R6",
          "lensModel": "RF 35mm F1.8 MACRO IS STM",
          "dateTimeOriginal": "2023-10-14T11:15:00Z"
        },
        "category": "Commercial Pedestrian Area",
        "groundedFromAnchor": "Costanera General San Martín",
        "locationContext": "Corrientes",
        "validation": {
          "distanceFromCenter": 256.0840909399325,
          "isOutlier": true,
          "computedScore": 85,
          "issues": [
            "Anomalía Geográfica (Desvío de 256m)"
          ],
          "h3Index": "89a96e44da7ffff"
        },
        "h3Index": "89a96e44da7ffff",
        "geocodingScore": 85,
        "isAnchor": true
      }
    },
    {
      "type": "Feature",
      "geometry": {
        "type": "Point",
        "coordinates": [
          -58.8285,
          -27.4572
        ]
      },
      "properties": {
        "id": "REF-0065",
        "coordinates": {
          "lat": -27.4572,
          "lng": -58.8285,
          "corner": "Av. Juan Pujol y Florentino Ameghino"
        },
        "timestamp": "2023-10-14T18:10:00Z",
        "lighting": {
          "sunPosition": "W 15 deg",
          "shadowDirection": "E",
          "shadowLength": "4.5m",
          "description": "Atardecer cálido dorado con sombras proyectadas muy largas cerca del parque."
        },
        "microPhysiognomy": {
          "aerialCables": "Moderado, cables de alta tensión paralelos al parque",
          "shutterStyle": "Sin persianas, rejas de hierro forjado",
          "treeType": "Timbó y Chañar de gran porte",
          "graffiti": "Murales artísticos relacionados con mitos guaraníes",
          "terrain": "Lomas suaves descendiendo hacia la desembocadura del arroyo",
          "urbanElements": {
            "furniture": "Bancas de hormigón, juegos infantiles, farolas históricas de fundición",
            "vegetationScore": 0.91,
            "architectureStyle": "Equipamiento urbano de parque y monumentos históricos"
          },
          "temporalWindow": "Primavera - Atardecer"
        },
        "ocr": {
          "detectedText": [
            "PARQUE MITRE",
            "FARO DE CORRIENTES",
            "HISTORIA VIVA"
          ],
          "confidence": 0.94,
          "rapidFuzzScore": 90
        },
        "exif": {
          "fStop": "f/2.8",
          "iso": 400,
          "shutterSpeed": "1/250s",
          "focalLength": "50mm",
          "make": "Nikon",
          "model": "Z6 II",
          "lensModel": "NIKKOR Z 50mm f/1.8 S",
          "dateTimeOriginal": "2023-10-14T18:10:00Z"
        },
        "category": "Park / Public Historic Area",
        "groundedFromAnchor": "Costanera General San Martín",
        "locationContext": "Corrientes",
        "validation": {
          "distanceFromCenter": 1084.2879282625702,
          "isOutlier": true,
          "computedScore": 95,
          "issues": [
            "Anomalía Geográfica (Desvío de 1084m)"
          ],
          "h3Index": "89a96e44d2fffff"
        },
        "h3Index": "89a96e44d2fffff",
        "geocodingScore": 95,
        "isAnchor": true
      }
    },
    {
      "type": "Feature",
      "geometry": {
        "type": "Point",
        "coordinates": [
          -58.836,
          -27.4642
        ]
      },
      "properties": {
        "id": "REF-0066",
        "coordinates": {
          "lat": -27.4642,
          "lng": -58.836,
          "corner": "San Juan y 25 de Mayo"
        },
        "timestamp": "2023-10-14T09:30:00Z",
        "lighting": {
          "sunPosition": "E 35 deg",
          "shadowDirection": "W",
          "shadowLength": "2.1m",
          "description": "Luz matutina suave proyectada sobre la fachada neoclásica del teatro."
        },
        "microPhysiognomy": {
          "aerialCables": "Subterráneo / Muy bajo impacto visual en zona patrimonial",
          "shutterStyle": "Puertas de madera maciza tallada de gran altura",
          "treeType": "Naranjos amargos urbanos",
          "graffiti": "Ausente, zona de protección patrimonial estricta",
          "terrain": "Plano",
          "urbanElements": {
            "furniture": "Postes de parada de autobús estilizados, señalética turística en bronce",
            "vegetationScore": 0.4,
            "architectureStyle": "Teatro Eclectico Neoclásico estilo Belle Époque"
          },
          "temporalWindow": "Primavera - Mañana"
        },
        "ocr": {
          "detectedText": [
            "TEATRO OFICIAL JUAN DE VERA",
            "TEMPORADA 2023",
            "ENTRADAS"
          ],
          "confidence": 0.98,
          "rapidFuzzScore": 96
        },
        "exif": {
          "fStop": "f/4.0",
          "iso": 200,
          "shutterSpeed": "1/800s",
          "focalLength": "35mm",
          "make": "Fujifilm",
          "model": "X-T4",
          "lensModel": "XF 16-55mm F2.8 R LM WR",
          "dateTimeOriginal": "2023-10-14T09:30:00Z"
        },
        "category": "Cultural Heritage Landmark",
        "groundedFromAnchor": "Costanera General San Martín",
        "locationContext": "Corrientes",
        "validation": {
          "distanceFromCenter": 120.54180796608577,
          "isOutlier": false,
          "computedScore": 89,
          "issues": [],
          "h3Index": "89a96e732d3ffff"
        },
        "h3Index": "89a96e732d3ffff",
        "geocodingScore": 89,
        "isAnchor": true
      }
    },
    {
      "type": "Feature",
      "geometry": {
        "type": "Point",
        "coordinates": [
          -58.8388,
          -27.463
        ]
      },
      "properties": {
        "id": "REF-0067",
        "coordinates": {
          "lat": -27.463,
          "lng": -58.8388,
          "corner": "Buenos Aires y 25 de Mayo"
        },
        "timestamp": "2023-10-14T14:00:00Z",
        "lighting": {
          "sunPosition": "N 70 deg",
          "shadowDirection": "S",
          "shadowLength": "0.3m",
          "description": "Sombra mínima debajo de la copa de los árboles en la plaza principal."
        },
        "microPhysiognomy": {
          "aerialCables": "Subterráneo alrededor de la plaza principal",
          "shutterStyle": "Ventanas de guillotina en edificios gubernamentales históricos",
          "treeType": "Palmeras pindó y Lapachos amarillos",
          "graffiti": "Ocasional en postes secundarios",
          "terrain": "Plano con senderos perimetrales",
          "urbanElements": {
            "furniture": "Bancos ornamentales de fundición, mástil principal, estatua ecuestre",
            "vegetationScore": 0.78,
            "architectureStyle": "Gubernamental colonial e italianizante (Casa de Gobierno)"
          },
          "temporalWindow": "Primavera - Tarde media"
        },
        "ocr": {
          "detectedText": [
            "CASA DE GOBIERNO",
            "PLAZA 25 DE MAYO",
            "PROVINCIA DE CORRIENTES"
          ],
          "confidence": 0.95,
          "rapidFuzzScore": 94
        },
        "exif": {
          "fStop": "f/5.6",
          "iso": 100,
          "shutterSpeed": "1/640s",
          "focalLength": "28mm",
          "make": "Sony",
          "model": "ILCE-7RM4",
          "lensModel": "FE 24-105mm F4 G OSS",
          "dateTimeOriginal": "2023-10-14T14:00:00Z"
        },
        "category": "Government Civic Center",
        "groundedFromAnchor": "Costanera General San Martín",
        "locationContext": "Corrientes",
        "validation": {
          "distanceFromCenter": 422.3547894601228,
          "isOutlier": true,
          "computedScore": 94,
          "issues": [
            "Anomalía Geográfica (Desvío de 422m)"
          ],
          "h3Index": "89a96e732d7ffff"
        },
        "h3Index": "89a96e732d7ffff",
        "geocodingScore": 94,
        "isAnchor": true
      }
    },
    {
      "type": "Feature",
      "geometry": {
        "type": "Point",
        "coordinates": [
          -58.8415,
          -27.4608
        ]
      },
      "properties": {
        "id": "REF-0068",
        "coordinates": {
          "lat": -27.4608,
          "lng": -58.8415,
          "corner": "Av. Costanera Gral. San Martín y Salta"
        },
        "timestamp": "2023-10-14T16:35:10Z",
        "lighting": {
          "sunPosition": "NW at 42deg elevation",
          "shadowDirection": "SE",
          "shadowLength": "1.2m",
          "description": "Harsh afternoon sunlight near Paraná River bank, casting strong sharp shadows across the walkway."
        },
        "microPhysiognomy": {
          "aerialCables": "Low-density tangled fiber optics on black concrete poles",
          "shutterStyle": "Metallic rolling shutters on kiosk nearby",
          "treeType": "Lapacho rosa (Handroanthus impetiginosus)",
          "graffiti": "Stencil art on sea wall reading 'Corrientes me quita el sueño'",
          "terrain": "Paved promenade with red interlocking concrete pavers",
          "urbanElements": {
            "furniture": "Cast iron bench, river overlook railings, yellow waste bins",
            "vegetationScore": 0.78,
            "architectureStyle": "Neocolonial promenade / modern riverfront landscape"
          },
          "temporalWindow": "Late spring afternoon"
        },
        "ocr": {
          "detectedText": [
            "COSTANERA GRAL. SAN MARTIN",
            "PROHIBIDO PESCAR",
            "TURISMO CORRIENTES"
          ],
          "confidence": 0.94,
          "rapidFuzzScore": 92.5
        },
        "exif": {
          "fStop": "f/2.8",
          "iso": 100,
          "shutterSpeed": "1/1250s",
          "focalLength": "24mm",
          "make": "Sony",
          "model": "ILCE-7M4",
          "lensModel": "FE 24-70mm F2.8 GM II",
          "dateTimeOriginal": "2023:10:14 16:35:10"
        },
        "category": "Scenic Coastal / POI",
        "groundedFromAnchor": "Costanera General San Martín",
        "locationContext": "Corrientes",
        "validation": {
          "distanceFromCenter": 780.233674092606,
          "isOutlier": true,
          "computedScore": 94,
          "issues": [
            "Anomalía Geográfica (Desvío de 780m)"
          ],
          "h3Index": "89a96e7328bffff"
        },
        "h3Index": "89a96e7328bffff",
        "geocodingScore": 94,
        "isAnchor": true
      }
    },
    {
      "type": "Feature",
      "geometry": {
        "type": "Point",
        "coordinates": [
          -58.8351,
          -27.4648
        ]
      },
      "properties": {
        "id": "REF-0069",
        "coordinates": {
          "lat": -27.4648,
          "lng": -58.8351,
          "corner": "25 de Mayo y Buenos Aires"
        },
        "timestamp": "2023-11-02T11:15:22Z",
        "lighting": {
          "sunPosition": "NE at 65deg elevation",
          "shadowDirection": "SW",
          "shadowLength": "0.4m",
          "description": "Mid-morning direct light filtered by dense tree canopy of Plaza 25 de Mayo."
        },
        "microPhysiognomy": {
          "aerialCables": "Substantial overhead wiring bundle crossing street intersection",
          "shutterStyle": "Wooden louvered shutters on historic government building",
          "treeType": "Chañar and Jacarandá",
          "graffiti": "Clean colonial facade with minimal political posters on lamp posts",
          "terrain": "Asphalt road with granite curbstones and historic tile sidewalk",
          "urbanElements": {
            "furniture": "Ornate nineteenth-century streetlight poles, marble benches",
            "vegetationScore": 0.85,
            "architectureStyle": "Italianate Civic / Late 19th Century Colonial"
          },
          "temporalWindow": "Mid-spring morning"
        },
        "ocr": {
          "detectedText": [
            "GOBIERNO DE LA PROVINCIA DE CORRIENTES",
            "CASA DE GOBIERNO",
            "25 DE MAYO 1000"
          ],
          "confidence": 0.98,
          "rapidFuzzScore": 96
        },
        "exif": {
          "fStop": "f/5.6",
          "iso": 200,
          "shutterSpeed": "1/500s",
          "focalLength": "35mm",
          "make": "Canon",
          "model": "EOS R6",
          "lensModel": "RF 35mm F1.8 MACRO IS STM",
          "dateTimeOriginal": "2023:11:02 11:15:22"
        },
        "category": "Civic / Historic Center",
        "groundedFromAnchor": "Plaza 25 de Mayo",
        "locationContext": "Corrientes",
        "validation": {
          "distanceFromCenter": 19.310709142178066,
          "isOutlier": false,
          "computedScore": 96,
          "issues": [],
          "h3Index": "89a96e44da7ffff"
        },
        "h3Index": "89a96e44da7ffff",
        "geocodingScore": 96,
        "isAnchor": true
      }
    },
    {
      "type": "Feature",
      "geometry": {
        "type": "Point",
        "coordinates": [
          -58.8402,
          -27.4672
        ]
      },
      "properties": {
        "id": "REF-0070",
        "coordinates": {
          "lat": -27.4672,
          "lng": -58.8402,
          "corner": "San Luis y Carlos Pellegrini"
        },
        "timestamp": "2023-09-18T18:05:40Z",
        "lighting": {
          "sunPosition": "W at 12deg elevation",
          "shadowDirection": "E",
          "shadowLength": "4.5m",
          "description": "Golden hour sunset lighting illuminating brick structures and grass slopes of Parque Cambá Cuá."
        },
        "microPhysiognomy": {
          "aerialCables": "Moderate residential cable lines anchored to wooden utility poles",
          "shutterStyle": "Modern aluminum roller blinds on adjacent apartment balconies",
          "treeType": "Palo borracho (Ceiba speciosa)",
          "graffiti": "Murals celebrating Chamamé music on park amphitheater walls",
          "terrain": "Grassy park slopes with concrete pedestrian walkways",
          "urbanElements": {
            "furniture": "Concrete park amphitheater seating, outdoor gym equipment",
            "vegetationScore": 0.92,
            "architectureStyle": "Urban public park with mid-rise modern residential fringe"
          },
          "temporalWindow": "Early spring sunset"
        },
        "ocr": {
          "detectedText": [
            "PARQUE CAMBA CUA",
            "FESTIVAL DEL CHAMAME",
            "SAN LUIS 800"
          ],
          "confidence": 0.91,
          "rapidFuzzScore": 89
        },
        "exif": {
          "fStop": "f/1.8",
          "iso": 400,
          "shutterSpeed": "1/250s",
          "focalLength": "50mm",
          "make": "Nikon",
          "model": "Z6 II",
          "lensModel": "NIKKOR Z 50mm f/1.8 S",
          "dateTimeOriginal": "2023:09:18 18:05:40"
        },
        "category": "Park / Recreational Area",
        "groundedFromAnchor": "Parque Cambá Cuá",
        "locationContext": "Corrientes",
        "validation": {
          "distanceFromCenter": 557.4174092879584,
          "isOutlier": true,
          "computedScore": 94,
          "issues": [
            "Anomalía Geográfica (Desvío de 557m)"
          ],
          "h3Index": "89a96e73663ffff"
        },
        "h3Index": "89a96e73663ffff",
        "geocodingScore": 94,
        "isAnchor": true
      }
    },
    {
      "type": "Feature",
      "geometry": {
        "type": "Point",
        "coordinates": [
          -58.8385,
          -27.4625
        ]
      },
      "properties": {
        "id": "REF-0071",
        "coordinates": {
          "lat": -27.4625,
          "lng": -58.8385,
          "corner": "Av. Costanera y 9 de Julio"
        },
        "timestamp": "2023-12-05T09:40:00Z",
        "lighting": {
          "sunPosition": "E at 48deg elevation",
          "shadowDirection": "W",
          "shadowLength": "0.9m",
          "description": "Bright morning glare reflecting off the waters of the Paraná River onto the roadway."
        },
        "microPhysiognomy": {
          "aerialCables": "Neatly bundled utility cables attached to concrete streetlights",
          "shutterStyle": "Commercial glass shopfronts with steel security grilles",
          "treeType": "Palma Pindó (Syagrus romanzoffiana)",
          "graffiti": "Tagging on utility boxes near bus stop",
          "terrain": "Smooth asphalt with painted cycle lane and yellow tactile paving",
          "urbanElements": {
            "furniture": "Modern bus shelter, cycle share dock, steel litter bins",
            "vegetationScore": 0.65,
            "architectureStyle": "Mixed commercial and high-density residential apartments"
          },
          "temporalWindow": "Early summer morning"
        },
        "ocr": {
          "detectedText": [
            "PARADA DE COLECTIVOS",
            "LINEA 102",
            "9 DE JULIO"
          ],
          "confidence": 0.95,
          "rapidFuzzScore": 94.2
        },
        "exif": {
          "fStop": "f/4.0",
          "iso": 100,
          "shutterSpeed": "1/800s",
          "focalLength": "28mm",
          "make": "Apple",
          "model": "iPhone 15 Pro",
          "lensModel": "iPhone 15 Pro back camera 6.86mm f/1.78",
          "dateTimeOriginal": "2023:12:05 09:40:00"
        },
        "category": "Transit Corridor / Urban Thoroughfare",
        "groundedFromAnchor": "Avenida Costanera",
        "locationContext": "Corrientes",
        "validation": {
          "distanceFromCenter": 430.5021129692589,
          "isOutlier": true,
          "computedScore": 92,
          "issues": [
            "Anomalía Geográfica (Desvío de 431m)"
          ],
          "h3Index": "89a96e732d7ffff"
        },
        "h3Index": "89a96e732d7ffff",
        "geocodingScore": 92,
        "isAnchor": true
      }
    },
    {
      "type": "Feature",
      "geometry": {
        "type": "Point",
        "coordinates": [
          -58.8329,
          -27.4661
        ]
      },
      "properties": {
        "id": "REF-0072",
        "coordinates": {
          "lat": -27.4661,
          "lng": -58.8329,
          "corner": "Peatonal Junín y La Rioja"
        },
        "timestamp": "2023-08-22T13:20:15Z",
        "lighting": {
          "sunPosition": "N at 52deg elevation",
          "shadowDirection": "S",
          "shadowLength": "0.7m",
          "description": "High midday sun casting narrow shadows directly beneath awnings along the commercial pedestrian street."
        },
        "microPhysiognomy": {
          "aerialCables": "Underground cabling system with visible overhead decorative lighting wires",
          "shutterStyle": "Large retail glass displays with retractable canvas awnings",
          "treeType": "Chañar in large potted planters",
          "graffiti": "Clean commercial precinct with minimal stickers on light posts",
          "terrain": "Pedestrianized cobblestone street with central granite drain",
          "urbanElements": {
            "furniture": "Pedestrian bollards, central street benches, flower planters",
            "vegetationScore": 0.35,
            "architectureStyle": "Commercial pedestrian mall with varied early 20th-century facades"
          },
          "temporalWindow": "Late winter midday"
        },
        "ocr": {
          "detectedText": [
            "PEATONAL JUNIN",
            "FARMACIA FARMAR",
            "LA RIOJA 700",
            "DESCUENTOS"
          ],
          "confidence": 0.97,
          "rapidFuzzScore": 95.8
        },
        "exif": {
          "fStop": "f/2.0",
          "iso": 100,
          "shutterSpeed": "1/1600s",
          "focalLength": "23mm",
          "make": "Fujifilm",
          "model": "X100V",
          "lensModel": "Fujinon 23mm f/2.0",
          "dateTimeOriginal": "2023:08:22 13:20:15"
        },
        "category": "Commercial Pedestrian Zone",
        "groundedFromAnchor": "Peatonal Junín",
        "locationContext": "Corrientes",
        "validation": {
          "distanceFromCenter": 254.2247715190365,
          "isOutlier": true,
          "computedScore": 89,
          "issues": [
            "Anomalía Geográfica (Desvío de 254m)"
          ],
          "h3Index": "89a96e44da7ffff"
        },
        "h3Index": "89a96e44da7ffff",
        "geocodingScore": 89,
        "isAnchor": true
      }
    },
    {
      "type": "Feature",
      "geometry": {
        "type": "Point",
        "coordinates": [
          -58.841523,
          -27.460812
        ]
      },
      "properties": {
        "id": "REF-0073",
        "coordinates": {
          "lat": -27.460812,
          "lng": -58.841523,
          "corner": "Av. Costanera General San Martin y Carlos Pellegrini"
        },
        "timestamp": "2023-10-15T17:42:10Z",
        "lighting": {
          "sunPosition": "245 deg WSW, Altitude 18 deg",
          "shadowDirection": "ENE (65 deg)",
          "shadowLength": "3.2m",
          "description": "Golden hour sunlight casting elongated shadows across the coastal promenade toward the Parana River."
        },
        "microPhysiognomy": {
          "aerialCables": "Low density aerial fiber cables along post line",
          "shutterStyle": "Metal rolling shutters on kiosks",
          "treeType": "Handroanthus heptaphyllus (Lapacho Rosa) and Jacaranda mimosifolia",
          "graffiti": "Minor stencil tag on concrete balustrade base",
          "terrain": "Paved flat embankment sloping down west toward riverbank",
          "urbanElements": {
            "furniture": "Cast iron benches with wooden slats, municipal litter bins, LED pedestrian posts",
            "vegetationScore": 0.85,
            "architectureStyle": "Mid-20th century riverbank promenade with stone parapets"
          },
          "temporalWindow": "Late Afternoon / Pre-sunset"
        },
        "ocr": {
          "detectedText": [
            "AV. COSTANERA GENERAL SAN MARTIN",
            "PROHIBIDO PESCAR",
            "MUNICIPALIDAD DE CORRIENTES"
          ],
          "confidence": 0.96,
          "rapidFuzzScore": 94.2
        },
        "exif": {
          "fStop": "f/4.0",
          "iso": 100,
          "shutterSpeed": "1/800s",
          "focalLength": "35mm",
          "make": "Sony",
          "model": "ILCE-7M4",
          "lensModel": "FE 35mm F1.4 GM",
          "dateTimeOriginal": "2023-10-15 17:42:10"
        },
        "category": "Scenic Promenade",
        "groundedFromAnchor": "Costanera General San Martín",
        "locationContext": "Corrientes",
        "validation": {
          "distanceFromCenter": 781.269494332021,
          "isOutlier": true,
          "computedScore": 95,
          "issues": [
            "Anomalía Geográfica (Desvío de 781m)"
          ],
          "h3Index": "89a96e7328bffff"
        },
        "h3Index": "89a96e7328bffff",
        "geocodingScore": 95,
        "isAnchor": true
      }
    },
    {
      "type": "Feature",
      "geometry": {
        "type": "Point",
        "coordinates": [
          -58.834812,
          -27.465489
        ]
      },
      "properties": {
        "id": "REF-0074",
        "coordinates": {
          "lat": -27.465489,
          "lng": -58.834812,
          "corner": "25 de Mayo y Buenos Aires"
        },
        "timestamp": "2023-10-15T11:15:30Z",
        "lighting": {
          "sunPosition": "42 deg NNE, Altitude 58 deg",
          "shadowDirection": "SSW (220 deg)",
          "shadowLength": "0.6m",
          "description": "High intense midday sun with sharp short shadows beneath colonial overhangs."
        },
        "microPhysiognomy": {
          "aerialCables": "Dense web of electrical and telecom overhead distribution lines",
          "shutterStyle": "Wooden louvred window shutters on historic facades",
          "treeType": "Citrus aurantium (Naranjo amargo) and Tabebuia chrysantha",
          "graffiti": "None visible on government buildings",
          "terrain": "Flat urban paved cobblestone and concrete sidewalk",
          "urbanElements": {
            "furniture": "Historic iron streetlamp poles, marble plaza markers, bus stop shelter",
            "vegetationScore": 0.65,
            "architectureStyle": "Italianate and Neoclassical 19th-century administrative civic style"
          },
          "temporalWindow": "Mid-day"
        },
        "ocr": {
          "detectedText": [
            "CASA DE GOBIERNO",
            "PLAZA 25 DE MAYO",
            "25 DE MAYO 1050"
          ],
          "confidence": 0.98,
          "rapidFuzzScore": 98.1
        },
        "exif": {
          "fStop": "f/8.0",
          "iso": 200,
          "shutterSpeed": "1/500s",
          "focalLength": "24mm",
          "make": "Canon",
          "model": "EOS R6",
          "lensModel": "RF 24-105mm F4 L IS USM",
          "dateTimeOriginal": "2023-10-15 11:15:30"
        },
        "category": "Civic / Plaza Historic Center",
        "groundedFromAnchor": "Plaza 25 de Mayo Area",
        "locationContext": "Corrientes",
        "validation": {
          "distanceFromCenter": 66.16427806534048,
          "isOutlier": false,
          "computedScore": 94,
          "issues": [],
          "h3Index": "89a96e44da7ffff"
        },
        "h3Index": "89a96e44da7ffff",
        "geocodingScore": 94,
        "isAnchor": true
      }
    },
    {
      "type": "Feature",
      "geometry": {
        "type": "Point",
        "coordinates": [
          -58.832941,
          -27.466105
        ]
      },
      "properties": {
        "id": "REF-0075",
        "coordinates": {
          "lat": -27.466105,
          "lng": -58.832941,
          "corner": "Peatonal Junin y San Juan"
        },
        "timestamp": "2023-10-15T19:05:00Z",
        "lighting": {
          "sunPosition": "Below horizon (Dusk)",
          "shadowDirection": "Diffuse / Ambient",
          "shadowLength": "0.0m",
          "description": "Twilight lighting complemented by commercial neon and warm public street lights."
        },
        "microPhysiognomy": {
          "aerialCables": "Subterranean conduit, sparse cross-street festive banners",
          "shutterStyle": "Perforated steel commercial security grilles",
          "treeType": "Containerized Ficus benjamina along pedestrian walkway",
          "graffiti": "Posters and flyer remnants on utility boxes",
          "terrain": "Interlocking concrete block pedestrian zone (Peatonal)",
          "urbanElements": {
            "furniture": "Commercial display boards, bollards, public benches, waste receptacles",
            "vegetationScore": 0.3,
            "architectureStyle": "Eclectic mixed commercial, 20th century facades with modern retail fronts"
          },
          "temporalWindow": "Dusk / Evening"
        },
        "ocr": {
          "detectedText": [
            "TEATRO OFICIAL JUAN DE VERA",
            "PEATONAL JUNIN",
            "FARMACIA FARMAR"
          ],
          "confidence": 0.92,
          "rapidFuzzScore": 89
        },
        "exif": {
          "fStop": "f/2.0",
          "iso": 800,
          "shutterSpeed": "1/125s",
          "focalLength": "50mm",
          "make": "Nikon",
          "model": "Z 6II",
          "lensModel": "NIKKOR Z 50mm f/1.8 S",
          "dateTimeOriginal": "2023-10-15 19:05:00"
        },
        "category": "Pedestrian Commercial Corridor",
        "groundedFromAnchor": "Peatonal Junín",
        "locationContext": "Corrientes",
        "validation": {
          "distanceFromCenter": 250.99531126980642,
          "isOutlier": true,
          "computedScore": 85,
          "issues": [
            "Anomalía Geográfica (Desvío de 251m)"
          ],
          "h3Index": "89a96e44da7ffff"
        },
        "h3Index": "89a96e44da7ffff",
        "geocodingScore": 85,
        "isAnchor": true
      }
    },
    {
      "type": "Feature",
      "geometry": {
        "type": "Point",
        "coordinates": [
          -58.84102,
          -27.464015
        ]
      },
      "properties": {
        "id": "REF-0076",
        "coordinates": {
          "lat": -27.464015,
          "lng": -58.84102,
          "corner": "Chaco y Carlos Pellegrini"
        },
        "timestamp": "2023-10-15T15:20:45Z",
        "lighting": {
          "sunPosition": "300 deg WNW, Altitude 42 deg",
          "shadowDirection": "ESE (120 deg)",
          "shadowLength": "1.4m",
          "description": "Bright afternoon daylight filtered through dense park tree canopy."
        },
        "microPhysiognomy": {
          "aerialCables": "Standard overhead residential power cable bundles",
          "shutterStyle": "Wooden shutters on surrounding residential houses",
          "treeType": "Tipuana tipu and Enterolobium contortisiliquum (Timbó)",
          "graffiti": "Chamamé festival murals on park stage backdrop walls",
          "terrain": "Grass lawns surrounded by concrete perimeter footpaths",
          "urbanElements": {
            "furniture": "Playground equipment, outdoor gym apparatus, park benches",
            "vegetationScore": 0.92,
            "architectureStyle": "Open green space bounded by 1 to 2 story residential houses"
          },
          "temporalWindow": "Afternoon"
        },
        "ocr": {
          "detectedText": [
            "PARQUE CAMBA CUA",
            "PILETA MUNICIPAL",
            "CALLE CHACO"
          ],
          "confidence": 0.95,
          "rapidFuzzScore": 91.8
        },
        "exif": {
          "fStop": "f/5.6",
          "iso": 100,
          "shutterSpeed": "1/400s",
          "focalLength": "18mm",
          "make": "Fujifilm",
          "model": "X-T4",
          "lensModel": "XF 16-80mm F4 R OIS WR",
          "dateTimeOriginal": "2023-10-15 15:20:45"
        },
        "category": "Urban Park / Recreation",
        "groundedFromAnchor": "Parque Cambá Cuá",
        "locationContext": "Corrientes",
        "validation": {
          "distanceFromCenter": 589.776670170991,
          "isOutlier": true,
          "computedScore": 96,
          "issues": [
            "Anomalía Geográfica (Desvío de 590m)"
          ],
          "h3Index": "89a96e7366fffff"
        },
        "h3Index": "89a96e7366fffff",
        "geocodingScore": 96,
        "isAnchor": true
      }
    },
    {
      "type": "Feature",
      "geometry": {
        "type": "Point",
        "coordinates": [
          -58.83715,
          -27.45812
        ]
      },
      "properties": {
        "id": "REF-0077",
        "coordinates": {
          "lat": -27.45812,
          "lng": -58.83715,
          "corner": "Av. Costanera y Mendoza"
        },
        "timestamp": "2023-10-15T08:30:12Z",
        "lighting": {
          "sunPosition": "85 deg E, Altitude 32 deg",
          "shadowDirection": "W (265 deg)",
          "shadowLength": "1.8m",
          "description": "Clear morning light coming from the east illuminate the port entry gates."
        },
        "microPhysiognomy": {
          "aerialCables": "Heavy industrial power lines and maritime radio antennas nearby",
          "shutterStyle": "Metal security gates and industrial wire mesh fencing",
          "treeType": "Peltophorum dubium (Yvyrá-pytá) along sidewalk line",
          "graffiti": "Naval and port authority stencil markings",
          "terrain": "Flat asphalt road transition to industrial concrete dock slabs",
          "urbanElements": {
            "furniture": "Port security guard booth, dock bollards, heavy transport signage",
            "vegetationScore": 0.4,
            "architectureStyle": "Utilitarian maritime infrastructure and historic river port offices"
          },
          "temporalWindow": "Morning"
        },
        "ocr": {
          "detectedText": [
            "PUERTO DE CORRIENTES",
            "PREFECTURA NAVAL ARGENTINA",
            "ZONA PORTUARIA PROHIBIDO EL PASO"
          ],
          "confidence": 0.97,
          "rapidFuzzScore": 96
        },
        "exif": {
          "fStop": "f/8.0",
          "iso": 160,
          "shutterSpeed": "1/640s",
          "focalLength": "28mm",
          "make": "Apple",
          "model": "iPhone 14 Pro",
          "lensModel": "iPhone 14 Pro back main camera 6.86mm f/1.78",
          "dateTimeOriginal": "2023-10-15 08:30:12"
        },
        "category": "Port / Industrial Infrastructure",
        "groundedFromAnchor": "Puerto de Corrientes",
        "locationContext": "Corrientes",
        "validation": {
          "distanceFromCenter": 787.0796291099145,
          "isOutlier": true,
          "computedScore": 89,
          "issues": [
            "Anomalía Geográfica (Desvío de 787m)"
          ],
          "h3Index": "89a96e732cfffff"
        },
        "h3Index": "89a96e732cfffff",
        "geocodingScore": 89,
        "isAnchor": true
      }
    },
    {
      "type": "Feature",
      "geometry": {
        "type": "Point",
        "coordinates": [
          -58.8415,
          -27.4608
        ]
      },
      "properties": {
        "id": "REF-0078",
        "coordinates": {
          "lat": -27.4608,
          "lng": -58.8415,
          "corner": "Av. Costanera General San Martín y Carlos Pellegrini"
        },
        "timestamp": "2023-10-14T16:45:12Z",
        "lighting": {
          "sunPosition": "NW 315 deg, altitude 38 deg",
          "shadowDirection": "SE",
          "shadowLength": "1.2m",
          "description": "Luz de tarde dorada sobre el río Paraná con sombras alargadas hacia el sudeste"
        },
        "microPhysiognomy": {
          "aerialCables": "Moderado en zigzag",
          "shutterStyle": "Persianas de madera enrollables tradicionales",
          "treeType": "Lapacho rosado (Handroanthus impetiginosus)",
          "graffiti": "Stencil artístico de la fauna litoraleña",
          "terrain": "Plano costero con suave pendiente al río",
          "urbanElements": {
            "furniture": "Bancos de fundición de hierro y luminarias LED estilo colonial",
            "vegetationScore": 0.85,
            "architectureStyle": "Neoclasicismo bonaerense y paseo moderno"
          },
          "temporalWindow": "Primavera / Tarde"
        },
        "ocr": {
          "detectedText": [
            "COSTANERA GENERAL SAN MARTÍN",
            "MUNICIPALIDAD DE CORRIENTES",
            "PROHIBIDO PESCAR"
          ],
          "confidence": 0.96,
          "rapidFuzzScore": 94.5
        },
        "exif": {
          "fStop": "f/2.8",
          "iso": 100,
          "shutterSpeed": "1/1000s",
          "focalLength": "24mm",
          "make": "Sony",
          "model": "ILCE-7RM4",
          "lensModel": "FE 24-70mm F2.8 GM",
          "dateTimeOriginal": "2023-10-14 16:45:12"
        },
        "category": "Urban Waterfront / Promenade",
        "groundedFromAnchor": "Costanera General San Martín",
        "locationContext": "Corrientes",
        "validation": {
          "distanceFromCenter": 780.233674092606,
          "isOutlier": true,
          "computedScore": 96,
          "issues": [
            "Anomalía Geográfica (Desvío de 780m)"
          ],
          "h3Index": "89a96e7328bffff"
        },
        "h3Index": "89a96e7328bffff",
        "geocodingScore": 96,
        "isAnchor": true
      }
    },
    {
      "type": "Feature",
      "geometry": {
        "type": "Point",
        "coordinates": [
          -58.8362,
          -27.4655
        ]
      },
      "properties": {
        "id": "REF-0079",
        "coordinates": {
          "lat": -27.4655,
          "lng": -58.8362,
          "corner": "25 de Mayo y Salta"
        },
        "timestamp": "2023-10-14T11:20:00Z",
        "lighting": {
          "sunPosition": "NE 45 deg, altitude 62 deg",
          "shadowDirection": "SW",
          "shadowLength": "0.4m",
          "description": "Iluminación intensa de mediodía con sombras cortas y alto contraste en fachadas históricas"
        },
        "microPhysiognomy": {
          "aerialCables": "Alto entramado aéreo urbano",
          "shutterStyle": "Postigos metálicos de seguridad y persianas de madera",
          "treeType": "Chañar y Jacarandá",
          "graffiti": "Grafiti político y firmas urbanas",
          "terrain": "Plano urbano denso",
          "urbanElements": {
            "furniture": "Señalética vial de hierro fundido y maceteros peatonales",
            "vegetationScore": 0.6,
            "architectureStyle": "Arquitectura institucional italiana del siglo XIX"
          },
          "temporalWindow": "Mañana tardía"
        },
        "ocr": {
          "detectedText": [
            "CASA DE GOBIERNO",
            "CALLE SALTA 900",
            "CORRIENTES TIENE PAYÉ"
          ],
          "confidence": 0.92,
          "rapidFuzzScore": 89
        },
        "exif": {
          "fStop": "f/5.6",
          "iso": 200,
          "shutterSpeed": "1/500s",
          "focalLength": "35mm",
          "make": "Canon",
          "model": "EOS R5",
          "lensModel": "RF 35mm F1.8 MACRO IS STM",
          "dateTimeOriginal": "2023-10-14 11:20:00"
        },
        "category": "Government / Historic District",
        "groundedFromAnchor": "Plaza 25 de Mayo Anchor Zone",
        "locationContext": "Corrientes",
        "validation": {
          "distanceFromCenter": 120.04384429437815,
          "isOutlier": false,
          "computedScore": 90,
          "issues": [],
          "h3Index": "89a96e7366bffff"
        },
        "h3Index": "89a96e7366bffff",
        "geocodingScore": 90,
        "isAnchor": true
      }
    },
    {
      "type": "Feature",
      "geometry": {
        "type": "Point",
        "coordinates": [
          -58.8398,
          -27.4625
        ]
      },
      "properties": {
        "id": "REF-0080",
        "coordinates": {
          "lat": -27.4625,
          "lng": -58.8398,
          "corner": "Chaco y Carlos Pellegrini"
        },
        "timestamp": "2023-10-14T18:10:05Z",
        "lighting": {
          "sunPosition": "W 275 deg, altitude 12 deg",
          "shadowDirection": "E",
          "shadowLength": "3.5m",
          "description": "Luz de atardecer rasante con tonos cálidos y sombras muy extendidas sobre el parque"
        },
        "microPhysiognomy": {
          "aerialCables": "Baja densidad de cables",
          "shutterStyle": "Sin persianas visibles en sector parque",
          "treeType": "Chañar, Timbó y Palmeras Pindó",
          "graffiti": "Muralismo colorido sobre anfiteatro",
          "terrain": "Depresión topográfica natural (antiguo cauce)",
          "urbanElements": {
            "furniture": "Anfiteatro de hormigón, juegos infantiles metálicos y ejercitadores",
            "vegetationScore": 0.95,
            "architectureStyle": "Espacio verde público con anfiteatro exterior"
          },
          "temporalWindow": "Atardecer"
        },
        "ocr": {
          "detectedText": [
            "PARQUE CAMBÁ CUÁ",
            "ANFITEATRO EULOGIO DEL VALLE",
            "BIENVENIDOS"
          ],
          "confidence": 0.98,
          "rapidFuzzScore": 97.2
        },
        "exif": {
          "fStop": "f/4.0",
          "iso": 400,
          "shutterSpeed": "1/250s",
          "focalLength": "50mm",
          "make": "Nikon",
          "model": "Z6 II",
          "lensModel": "NIKKOR Z 50mm f/1.8 S",
          "dateTimeOriginal": "2023-10-14 18:10:05"
        },
        "category": "Park / Cultural Space",
        "groundedFromAnchor": "Parque Camba Cuá",
        "locationContext": "Corrientes",
        "validation": {
          "distanceFromCenter": 535.5595137885692,
          "isOutlier": true,
          "computedScore": 98,
          "issues": [
            "Anomalía Geográfica (Desvío de 536m)"
          ],
          "h3Index": "89a96e732d7ffff"
        },
        "h3Index": "89a96e732d7ffff",
        "geocodingScore": 98,
        "isAnchor": true
      }
    },
    {
      "type": "Feature",
      "geometry": {
        "type": "Point",
        "coordinates": [
          -58.834,
          -27.4671
        ]
      },
      "properties": {
        "id": "REF-0081",
        "coordinates": {
          "lat": -27.4671,
          "lng": -58.834,
          "corner": "Peatonal Junín y La Rioja"
        },
        "timestamp": "2023-10-14T10:15:30Z",
        "lighting": {
          "sunPosition": "E 95 deg, altitude 45 deg",
          "shadowDirection": "W",
          "shadowLength": "0.8m",
          "description": "Luz matutina directa reflejada en vitrinas comerciales"
        },
        "microPhysiognomy": {
          "aerialCables": "Cables subterráneos y canalizaciones bajo peatonal",
          "shutterStyle": "Cortinas metálicas de mallas microperforadas",
          "treeType": "Naranjos amargos alineados (Citrus aurantium)",
          "graffiti": "Adhesivos de comercios y pequeñas marcas",
          "terrain": "Plano peatonal adoquinado",
          "urbanElements": {
            "furniture": "Bancos de madera y fundición, papeleras de acero inox y baldosas podotáctiles",
            "vegetationScore": 0.45,
            "architectureStyle": "Comercial de transición del siglo XX con fachadas modernistas"
          },
          "temporalWindow": "Mañana"
        },
        "ocr": {
          "detectedText": [
            "TEATRO OFICIAL JUAN DE VERA",
            "PEATONAL JUNIN",
            "FARMACIA SAN MARTIN"
          ],
          "confidence": 0.95,
          "rapidFuzzScore": 91.8
        },
        "exif": {
          "fStop": "f/8.0",
          "iso": 100,
          "shutterSpeed": "1/320s",
          "focalLength": "28mm",
          "make": "Fujifilm",
          "model": "X100V",
          "lensModel": "23mm F2.0",
          "dateTimeOriginal": "2023-10-14 10:15:30"
        },
        "category": "Commercial Pedestrian Street",
        "groundedFromAnchor": "Teatro Vera / Junín Promenade",
        "locationContext": "Corrientes",
        "validation": {
          "distanceFromCenter": 262.1947318027567,
          "isOutlier": true,
          "computedScore": 88,
          "issues": [
            "Anomalía Geográfica (Desvío de 262m)"
          ],
          "h3Index": "89a96e44db7ffff"
        },
        "h3Index": "89a96e44db7ffff",
        "geocodingScore": 88,
        "isAnchor": true
      }
    },
    {
      "type": "Feature",
      "geometry": {
        "type": "Point",
        "coordinates": [
          -58.8461,
          -27.4582
        ]
      },
      "properties": {
        "id": "REF-0082",
        "coordinates": {
          "lat": -27.4582,
          "lng": -58.8461,
          "corner": "Av. Costanera General San Martín y Av. 3 de Abril"
        },
        "timestamp": "2023-10-14T17:30:45Z",
        "lighting": {
          "sunPosition": "WNW 290 deg, altitude 25 deg",
          "shadowDirection": "ESE",
          "shadowLength": "2.1m",
          "description": "Contraluz sobre la estructura del puente General Belgrano con cielo anaranjado"
        },
        "microPhysiognomy": {
          "aerialCables": "Líneas de alta tensión lejanas e infraestructura vial",
          "shutterStyle": "No aplica (mirador abierto)",
          "treeType": "Ibapoy y Sauces en la costa",
          "graffiti": "Stickers y grafitis de viajes en la baranda del mirador",
          "terrain": "Barranca fluvial alta",
          "urbanElements": {
            "furniture": "Baranda Perimetral de contención, mirador de hormigón y farolas costeras",
            "vegetationScore": 0.7,
            "architectureStyle": "Infraestructura de ingeniería vial del Siglo XX (Puente atirantado)"
          },
          "temporalWindow": "Golden Hour"
        },
        "ocr": {
          "detectedText": [
            "PUENTE GENERAL BELGRANO",
            "BIENVENIDO A CORRIENTES",
            "MAXIMA 60 KM/H"
          ],
          "confidence": 0.94,
          "rapidFuzzScore": 93
        },
        "exif": {
          "fStop": "f/5.6",
          "iso": 160,
          "shutterSpeed": "1/640s",
          "focalLength": "70mm",
          "make": "Sony",
          "model": "ILCE-7M4",
          "lensModel": "FE 24-105mm F4 G OSS",
          "dateTimeOriginal": "2023-10-14 17:30:45"
        },
        "category": "Infrastructure / Scenic Point",
        "groundedFromAnchor": "Puente General Manuel Belgrano Approach",
        "locationContext": "Corrientes",
        "validation": {
          "distanceFromCenter": 1317.597014278354,
          "isOutlier": true,
          "computedScore": 93,
          "issues": [
            "Anomalía Geográfica (Desvío de 1318m)"
          ],
          "h3Index": "89a96e7328fffff"
        },
        "h3Index": "89a96e7328fffff",
        "geocodingScore": 93,
        "isAnchor": true
      }
    },
    {
      "type": "Feature",
      "geometry": {
        "type": "Point",
        "coordinates": [
          -58.84148,
          -27.46085
        ]
      },
      "properties": {
        "id": "REF-0083",
        "coordinates": {
          "lat": -27.46085,
          "lng": -58.84148,
          "corner": "Av. Costanera Gral. San Martín y Carlos Pellegrini"
        },
        "timestamp": "2023-10-14T17:42:10Z",
        "lighting": {
          "sunPosition": "245° SW, Elevation 28°",
          "shadowDirection": "ENE (65°)",
          "shadowLength": "1.8m",
          "description": "Luz dorada de atardecer proyectada sobre el Río Paraná con sombras alargadas de lapachos sobre el paseo peatonal."
        },
        "microPhysiognomy": {
          "aerialCables": "Cableado aéreo de baja densidad en postes de hormigón armado",
          "shutterStyle": "Sin cortinas enrollables; ventanales panorámicos de aluminio en locales gastronómicos",
          "treeType": "Handroanthus heptaphyllus (Lapacho rosado)",
          "graffiti": "Grafiti mínimo en base de parapeto; stencil decorativo en mobiliario urbano",
          "terrain": "Plano con ligera pendiente descendente hacia la ribera del río",
          "urbanElements": {
            "furniture": "Bancos de hierro fundido y madera, barandilla de contención de acero inoxidable, luminarias LED ornamentales",
            "vegetationScore": 0.78,
            "architectureStyle": "Arquitectura paisajística contemporánea con remates neoclásicos en paseos históricos"
          },
          "temporalWindow": "Primavera tardía, hora dorada (Golden Hour)"
        },
        "ocr": {
          "detectedText": [
            "PASEO COSTANERA",
            "CORRIENTES CIUDAD",
            "PROHIBIDO PESCAR",
            "AV. COSTANERA 1200"
          ],
          "confidence": 0.96,
          "rapidFuzzScore": 92.5
        },
        "exif": {
          "fStop": "f/4.0",
          "iso": 100,
          "shutterSpeed": "1/500",
          "focalLength": "35mm",
          "make": "Sony",
          "model": "ILCE-7M4",
          "lensModel": "FE 35mm F1.4 GM",
          "dateTimeOriginal": "2023:10:14 17:42:10"
        },
        "category": "Urban Promenade / Coastal Drive",
        "groundedFromAnchor": "Costanera General San Martín",
        "locationContext": "Corrientes",
        "validation": {
          "distanceFromCenter": 775.3494694267382,
          "isOutlier": true,
          "computedScore": 94,
          "issues": [
            "Anomalía Geográfica (Desvío de 775m)"
          ],
          "h3Index": "89a96e7328bffff"
        },
        "h3Index": "89a96e7328bffff",
        "geocodingScore": 94,
        "isAnchor": true
      }
    },
    {
      "type": "Feature",
      "geometry": {
        "type": "Point",
        "coordinates": [
          -58.83522,
          -27.46512
        ]
      },
      "properties": {
        "id": "REF-0084",
        "coordinates": {
          "lat": -27.46512,
          "lng": -58.83522,
          "corner": "Peatonal Junín y Calle San Lorenzo"
        },
        "timestamp": "2023-10-15T12:15:30Z",
        "lighting": {
          "sunPosition": "12° NNE, Elevation 78°",
          "shadowDirection": "SSW (192°)",
          "shadowLength": "0.2m",
          "description": "Luz cenital intensa de mediodía con sombras sumamente cortas directamente bajo estructuras y marquesinas."
        },
        "microPhysiognomy": {
          "aerialCables": "Manojo denso de cables aéreos cruzados (telecomunicaciones y energía) suspendidos en ménsulas",
          "shutterStyle": "Persianas metálicas ciegas de enrollar en marquesinas comerciales",
          "treeType": "Jacaranda mimosifolia y ficus en maceteros urbanos",
          "graffiti": "Stickers comerciales y marcas con marcador en postes de alumbrado y cajas de servicio",
          "terrain": "Pavimento peatonal articulado de adoquines intertrabados de hormigón, superficie plana",
          "urbanElements": {
            "furniture": "Papeleras de basura de acero perforado, señalética peatonal vertical, maceteros de hormigón",
            "vegetationScore": 0.35,
            "architectureStyle": "Fachadas eclécticas comerciales de principios del siglo XX con reformas modernas en planta baja"
          },
          "temporalWindow": "Primavera tardía, mediodía cenital"
        },
        "ocr": {
          "detectedText": [
            "PEATONAL JUNIN",
            "FARMACIA DEL CENTRO",
            "OFERTAS IMPERDIBLES",
            "JUNIN 1050"
          ],
          "confidence": 0.94,
          "rapidFuzzScore": 88
        },
        "exif": {
          "fStop": "f/8.0",
          "iso": 200,
          "shutterSpeed": "1/1000",
          "focalLength": "24mm",
          "make": "Canon",
          "model": "EOS R6",
          "lensModel": "RF 24-70mm F2.8 L IS USM",
          "dateTimeOriginal": "2023:10:15 12:15:30"
        },
        "category": "Commercial Pedestrian Street",
        "groundedFromAnchor": "Costanera General San Martín",
        "locationContext": "Corrientes",
        "validation": {
          "distanceFromCenter": 18.452543159565476,
          "isOutlier": false,
          "computedScore": 85,
          "issues": [],
          "h3Index": "89a96e44da7ffff"
        },
        "h3Index": "89a96e44da7ffff",
        "geocodingScore": 85,
        "isAnchor": true
      }
    },
    {
      "type": "Feature",
      "geometry": {
        "type": "Point",
        "coordinates": [
          -58.38168513073909,
          -34.60359233739061
        ]
      },
      "properties": {
        "id": "REF-0085",
        "coordinates": {
          "lat": -34.60359233739061,
          "lng": -58.38168513073909,
          "corner": "Av. Corrientes y Av. 9 de Julio"
        },
        "timestamp": "2023-11-14T14:32:10Z",
        "lighting": {
          "sunPosition": "NW 42 deg",
          "shadowDirection": "SE",
          "shadowLength": "1.2m",
          "description": "Direct afternoon sunlight casting sharp shadows across asphalt and marble base."
        },
        "microPhysiognomy": {
          "aerialCables": "Low density underground grid",
          "shutterStyle": "Metal roll-up security shutters on commercial perimeter",
          "treeType": "Jacaranda mimosifolia",
          "graffiti": "Minimal tagger graffiti on traffic sign poles",
          "terrain": "Flat urban paving",
          "urbanElements": {
            "furniture": "Metallic trash bins, LED traffic lights, pedestrian barricades",
            "vegetationScore": 0.25,
            "architectureStyle": "Art Deco and Modernist high-rises surround iconic stone obelisk"
          },
          "temporalWindow": "Late spring afternoon"
        },
        "ocr": {
          "detectedText": [
            "AV 9 DE JULIO",
            "AV CORRIENTES",
            "SUBTE LINEA D"
          ],
          "confidence": 0.98,
          "rapidFuzzScore": 95
        },
        "exif": {
          "fStop": "f/2.8",
          "iso": 100,
          "shutterSpeed": "1/1000s",
          "focalLength": "24mm",
          "make": "Sony",
          "model": "ILCE-7RM4",
          "lensModel": "FE 24-70mm F2.8 GM II",
          "dateTimeOriginal": "2023-11-14T14:32:10"
        },
        "category": "Monumento / Plaza Pública",
        "groundedFromAnchor": "Obelisco de Buenos Aires",
        "locationContext": "Argentina",
        "validation": {
          "distanceFromCenter": 631150.7756172057,
          "isOutlier": true,
          "computedScore": 87,
          "issues": [
            "Anomalía Geográfica (Desvío de 631151m)"
          ],
          "h3Index": "89c2e31132bffff"
        },
        "h3Index": "89c2e31132bffff",
        "geocodingScore": 87,
        "isAnchor": true
      }
    },
    {
      "type": "Feature",
      "geometry": {
        "type": "Point",
        "coordinates": [
          -54.43688716312663,
          -25.6951044002221
        ]
      },
      "properties": {
        "id": "REF-0086",
        "coordinates": {
          "lat": -25.6951044002221,
          "lng": -54.43688716312663,
          "corner": "Pasarela Garganta del Diablo"
        },
        "timestamp": "2023-08-20T10:15:45Z",
        "lighting": {
          "sunPosition": "NE 55 deg",
          "shadowDirection": "SW",
          "shadowLength": "0.4m",
          "description": "High humidity mist diffusing morning sunlight creating prominent rainbows."
        },
        "microPhysiognomy": {
          "aerialCables": "None",
          "shutterStyle": "None",
          "treeType": "Peltophorum dubium and native palms",
          "graffiti": "None",
          "terrain": "Elevated steel walkway over river body",
          "urbanElements": {
            "furniture": "Galvanized steel catwalk handrails, safety signage",
            "vegetationScore": 0.95,
            "architectureStyle": "Subtropical rainforest natural reserve infrastructure"
          },
          "temporalWindow": "Mid morning winter"
        },
        "ocr": {
          "detectedText": [
            "GARGANTA DEL DIABLO",
            "PARQUE NACIONAL IGUAZU",
            "PELIGRO NO PASAR"
          ],
          "confidence": 0.94,
          "rapidFuzzScore": 88.5
        },
        "exif": {
          "fStop": "f/5.6",
          "iso": 200,
          "shutterSpeed": "1/500s",
          "focalLength": "35mm",
          "make": "Canon",
          "model": "EOS R5",
          "lensModel": "RF 24-105mm F4 L IS USM",
          "dateTimeOriginal": "2023-08-20T10:15:45"
        },
        "category": "Atracción Natural / Parque Nacional",
        "groundedFromAnchor": "Cataratas del Iguazú",
        "locationContext": "Argentina",
        "validation": {
          "distanceFromCenter": 1655928.9739891544,
          "isOutlier": true,
          "computedScore": 95,
          "issues": [
            "Anomalía Geográfica (Desvío de 1655929m)"
          ],
          "h3Index": "89a953ae50bffff"
        },
        "h3Index": "89a953ae50bffff",
        "geocodingScore": 95,
        "isAnchor": true
      }
    },
    {
      "type": "Feature",
      "geometry": {
        "type": "Point",
        "coordinates": [
          -73.04821706178414,
          -50.483110276988164
        ]
      },
      "properties": {
        "id": "REF-0087",
        "coordinates": {
          "lat": -50.483110276988164,
          "lng": -73.04821706178414,
          "corner": "Pasarelas Costa Central"
        },
        "timestamp": "2023-01-12T16:45:00Z",
        "lighting": {
          "sunPosition": "SW 30 deg",
          "shadowDirection": "NE",
          "shadowLength": "2.1m",
          "description": "Low latitude summer sun casting long shadows over glacial ice wall and wooden boardwalks."
        },
        "microPhysiognomy": {
          "aerialCables": "None",
          "shutterStyle": "None",
          "treeType": "Nothofagus pumilio and Guindo",
          "graffiti": "None",
          "terrain": "Steep rocky glacial fjord face with wooden balconies",
          "urbanElements": {
            "furniture": "Wooden boardwalks, metal mesh safety guards, observation platforms",
            "vegetationScore": 0.6,
            "architectureStyle": "Patagonian national park tourist walkway system"
          },
          "temporalWindow": "Late summer afternoon"
        },
        "ocr": {
          "detectedText": [
            "PARQUE NACIONAL LOS GLACIARES",
            "MIRADOR CENTRAL",
            "SILENCIO SLOW AREA"
          ],
          "confidence": 0.91,
          "rapidFuzzScore": 82
        },
        "exif": {
          "fStop": "f/8.0",
          "iso": 100,
          "shutterSpeed": "1/250s",
          "focalLength": "50mm",
          "make": "Nikon",
          "model": "Z7 II",
          "lensModel": "NIKKOR Z 50mm f/1.8 S",
          "dateTimeOriginal": "2023-01-12T16:45:00"
        },
        "category": "Atracción Natural / Glaciar",
        "groundedFromAnchor": "Glaciar Perito Moreno",
        "locationContext": "Argentina",
        "validation": {
          "distanceFromCenter": 1533687.9112171878,
          "isOutlier": true,
          "computedScore": 87,
          "issues": [
            "Anomalía Geográfica (Desvío de 1533688m)"
          ],
          "h3Index": "89cf1348a43ffff"
        },
        "h3Index": "89cf1348a43ffff",
        "geocodingScore": 87,
        "isAnchor": true
      }
    },
    {
      "type": "Feature",
      "geometry": {
        "type": "Point",
        "coordinates": [
          -58.382684433976,
          -34.60086701710971
        ]
      },
      "properties": {
        "id": "REF-0088",
        "coordinates": {
          "lat": -34.60086701710971,
          "lng": -58.382684433976,
          "corner": "Cerrito y Tucumán"
        },
        "timestamp": "2023-05-04T11:20:30Z",
        "lighting": {
          "sunPosition": "E 38 deg",
          "shadowDirection": "W",
          "shadowLength": "1.5m",
          "description": "Mid-morning sun reflecting off Italianate facade and polished granite plaza."
        },
        "microPhysiognomy": {
          "aerialCables": "Underground power, clean facade lines",
          "shutterStyle": "Wooden interior shutters, heavy brass doors",
          "treeType": "Platanus x acerifolia",
          "graffiti": "Cleaned masonry wall",
          "terrain": "Flat urban sidewalk paved with yellow limestone tiles",
          "urbanElements": {
            "furniture": "Heritage cast-iron streetlamps, marble bollards, bronze entrance gates",
            "vegetationScore": 0.15,
            "architectureStyle": "Eclectic French Renaissance and Italianate Opera House"
          },
          "temporalWindow": "Autumn morning"
        },
        "ocr": {
          "detectedText": [
            "TEATRO COLON",
            "ENTRADA PRINCIPAL",
            "CERRITO 628"
          ],
          "confidence": 0.99,
          "rapidFuzzScore": 98
        },
        "exif": {
          "fStop": "f/4.0",
          "iso": 100,
          "shutterSpeed": "1/400s",
          "focalLength": "16mm",
          "make": "Fujifilm",
          "model": "X-T4",
          "lensModel": "XF 16-55mm F2.8 R LM WR",
          "dateTimeOriginal": "2023-05-04T11:20:30"
        },
        "category": "Teatro / Patrimonio Histórico",
        "groundedFromAnchor": "Teatro Colón",
        "locationContext": "Argentina",
        "validation": {
          "distanceFromCenter": 631294.1439685733,
          "isOutlier": true,
          "computedScore": 86,
          "issues": [
            "Entorno botánico genérico",
            "Anomalía Geográfica (Desvío de 631294m)"
          ],
          "h3Index": "89c2e31132fffff"
        },
        "h3Index": "89c2e31132fffff",
        "geocodingScore": 86,
        "isAnchor": true
      }
    },
    {
      "type": "Feature",
      "geometry": {
        "type": "Point",
        "coordinates": [
          -65.5016786371802,
          -23.74830301119915
        ]
      },
      "properties": {
        "id": "REF-0089",
        "coordinates": {
          "lat": -23.74830301119915,
          "lng": -65.5016786371802,
          "corner": "Paseo de los Colorados y Belgrano"
        },
        "timestamp": "2023-02-18T09:10:12Z",
        "lighting": {
          "sunPosition": "E 45 deg",
          "shadowDirection": "W",
          "shadowLength": "0.8m",
          "description": "Harsh high-altitude equatorial sun accentuating intense multi-colored mineral strata."
        },
        "microPhysiognomy": {
          "aerialCables": "Single-wire distribution along wooden utility poles",
          "shutterStyle": "Rustic wood framed windows with solid wooden shutters",
          "treeType": "Prosopis alba and Cardones",
          "graffiti": "None",
          "terrain": "Unpaved dirt and gravel path with arid mountain slopes",
          "urbanElements": {
            "furniture": "Adobe walls, rustic wooden benches, hand-woven artisan market stalls",
            "vegetationScore": 0.1,
            "architectureStyle": "Traditional Andean colonial adobe architecture"
          },
          "temporalWindow": "Summer morning"
        },
        "ocr": {
          "detectedText": [
            "PURMAMARCA",
            "PASEO LOS COLORADOS",
            "ARTESANIAS JUJUY"
          ],
          "confidence": 0.89,
          "rapidFuzzScore": 79
        },
        "exif": {
          "fStop": "f/7.1",
          "iso": 100,
          "shutterSpeed": "1/640s",
          "focalLength": "28mm",
          "make": "Ricoh",
          "model": "GR III",
          "lensModel": "GR Lens 18.3mm F2.8",
          "dateTimeOriginal": "2023-02-18T09:10:12"
        },
        "category": "Atracción Natural / Pueblo Histórico",
        "groundedFromAnchor": "Cerro de los Siete Colores",
        "locationContext": "Argentina",
        "validation": {
          "distanceFromCenter": 1640720.468552021,
          "isOutlier": true,
          "computedScore": 78,
          "issues": [
            "Entorno botánico genérico",
            "Anomalía Geográfica (Desvío de 1640720m)"
          ],
          "h3Index": "89b3518a593ffff"
        },
        "h3Index": "89b3518a593ffff",
        "geocodingScore": 78,
        "isAnchor": false
      }
    },
    {
      "type": "Feature",
      "geometry": {
        "type": "Point",
        "coordinates": [
          -58.3812573406833,
          -34.603780922162244
        ]
      },
      "properties": {
        "id": "REF-0090",
        "coordinates": {
          "lat": -34.603780922162244,
          "lng": -58.3812573406833,
          "corner": "Av. 9 de Julio y Av. Corrientes SE"
        },
        "timestamp": "2023-10-15T14:30:00Z",
        "lighting": {
          "sunPosition": "High Azimuth 310 deg",
          "shadowDirection": "SE",
          "shadowLength": "Short",
          "description": "Direct midday sunlight with sharp shadows under high traffic signs"
        },
        "microPhysiognomy": {
          "aerialCables": "Dense overhead traffic light cabling",
          "shutterStyle": "Roller shutters on surrounding commercial facades",
          "treeType": "Jacaranda mimosifolia",
          "graffiti": "Tags on base of utility poles",
          "terrain": "Flat paved asphalt and concrete tiles",
          "urbanElements": {
            "furniture": "Cast iron bench and yellow taxi stop sign",
            "vegetationScore": 0.25,
            "architectureStyle": "Neoclassical and Modernist blend"
          },
          "temporalWindow": "Midday peak hours"
        },
        "ocr": {
          "detectedText": [
            "AV. 9 DE JULIO",
            "CORRIENTES",
            "OBELISCO"
          ],
          "confidence": 0.96,
          "rapidFuzzScore": 98.5
        },
        "exif": {
          "fStop": "f/1.8",
          "iso": 100,
          "shutterSpeed": "1/2000s",
          "focalLength": "26mm",
          "make": "Apple",
          "model": "iPhone 14 Pro",
          "lensModel": "iPhone 14 Pro main camera 6.86mm f/1.78",
          "dateTimeOriginal": "2023:10:15 14:30:00"
        },
        "category": "Urban / Landmark",
        "groundedFromAnchor": "Obelisco de Buenos Aires",
        "locationContext": "Argentina",
        "validation": {
          "distanceFromCenter": 631164.5861893722,
          "isOutlier": true,
          "computedScore": 88,
          "issues": [
            "Anomalía Geográfica (Desvío de 631165m)"
          ],
          "h3Index": "89c2e31132bffff"
        },
        "h3Index": "89c2e31132bffff",
        "geocodingScore": 88,
        "isAnchor": true
      }
    },
    {
      "type": "Feature",
      "geometry": {
        "type": "Point",
        "coordinates": [
          -54.43680673651974,
          -25.695005989215524
        ]
      },
      "properties": {
        "id": "REF-0091",
        "coordinates": {
          "lat": -25.695005989215524,
          "lng": -54.43680673651974,
          "corner": "Garganta del Diablo Walkway"
        },
        "timestamp": "2023-11-02T10:15:00Z",
        "lighting": {
          "sunPosition": "East 60 deg",
          "shadowDirection": "WNW",
          "shadowLength": "Medium",
          "description": "Bright ambient light with intense mist refraction producing partial rainbows"
        },
        "microPhysiognomy": {
          "aerialCables": "None",
          "shutterStyle": "None",
          "treeType": "Subtropical Rainforest species",
          "graffiti": "None",
          "terrain": "Metal elevated walkway over riverbed",
          "urbanElements": {
            "furniture": "Steel safety railing and park direction signs",
            "vegetationScore": 0.98,
            "architectureStyle": "Park eco-infrastructure"
          },
          "temporalWindow": "Morning visitor flow"
        },
        "ocr": {
          "detectedText": [
            "PARQUE NACIONAL IGUAZU",
            "GARGANTA DEL DIABLO"
          ],
          "confidence": 0.92,
          "rapidFuzzScore": 94
        },
        "exif": {
          "fStop": "f/2.8",
          "iso": 64,
          "shutterSpeed": "1/1000s",
          "focalLength": "24mm",
          "make": "Sony",
          "model": "ILCE-7RM4",
          "lensModel": "FE 24-70mm F2.8 GM",
          "dateTimeOriginal": "2023:11:02 10:15:00"
        },
        "category": "Natural Park",
        "groundedFromAnchor": "Cataratas del Iguazú",
        "locationContext": "Argentina",
        "validation": {
          "distanceFromCenter": 1655942.4548040554,
          "isOutlier": true,
          "computedScore": 97,
          "issues": [
            "Anomalía Geográfica (Desvío de 1655942m)"
          ],
          "h3Index": "89a953ae50bffff"
        },
        "h3Index": "89a953ae50bffff",
        "geocodingScore": 97,
        "isAnchor": true
      }
    },
    {
      "type": "Feature",
      "geometry": {
        "type": "Point",
        "coordinates": [
          -73.04839977453484,
          -50.48284691865775
        ]
      },
      "properties": {
        "id": "REF-0092",
        "coordinates": {
          "lat": -50.48284691865775,
          "lng": -73.04839977453484,
          "corner": "Lower Glacier Footbridge Balcony"
        },
        "timestamp": "2023-12-10T16:45:00Z",
        "lighting": {
          "sunPosition": "Low West-Northwest",
          "shadowDirection": "SE",
          "shadowLength": "Long",
          "description": "Cool harsh sunlight with deep blue shadows across glacier ice wall"
        },
        "microPhysiognomy": {
          "aerialCables": "None",
          "shutterStyle": "None",
          "treeType": "Nothofagus pumilio",
          "graffiti": "None",
          "terrain": "Glacial margin with stepped wooden catwalks",
          "urbanElements": {
            "furniture": "Wooden observation deck and steel handrails",
            "vegetationScore": 0.45,
            "architectureStyle": "Patagonian Rustic Decking"
          },
          "temporalWindow": "Late afternoon tourist slot"
        },
        "ocr": {
          "detectedText": [
            "GLACIAR PERITO MORENO",
            "PARQUE NACIONAL LOS GLACIARES"
          ],
          "confidence": 0.95,
          "rapidFuzzScore": 96.2
        },
        "exif": {
          "fStop": "f/8.0",
          "iso": 200,
          "shutterSpeed": "1/500s",
          "focalLength": "50mm",
          "make": "Canon",
          "model": "EOS R5",
          "lensModel": "RF 24-105mm F4 L IS USM",
          "dateTimeOriginal": "2023:12:10 16:45:00"
        },
        "category": "Glacial Natural Landmark",
        "groundedFromAnchor": "Glaciar Perito Moreno",
        "locationContext": "Argentina",
        "validation": {
          "distanceFromCenter": 1533670.1988413385,
          "isOutlier": true,
          "computedScore": 90,
          "issues": [
            "Anomalía Geográfica (Desvío de 1533670m)"
          ],
          "h3Index": "89cf1348a43ffff"
        },
        "h3Index": "89cf1348a43ffff",
        "geocodingScore": 90,
        "isAnchor": true
      }
    },
    {
      "type": "Feature",
      "geometry": {
        "type": "Point",
        "coordinates": [
          -58.38280415826391,
          -34.60112233040493
        ]
      },
      "properties": {
        "id": "REF-0093",
        "coordinates": {
          "lat": -34.60112233040493,
          "lng": -58.38280415826391,
          "corner": "Cerrito y Tucumán NW"
        },
        "timestamp": "2023-09-20T19:10:00Z",
        "lighting": {
          "sunPosition": "Below Horizon",
          "shadowDirection": "Diffuse",
          "shadowLength": "None",
          "description": "Twilight conditions illuminated by warm architectural spotlighting"
        },
        "microPhysiognomy": {
          "aerialCables": "Subterranean feeds with ornamental lamp posts",
          "shutterStyle": "Bronze decorative gates and high wood doors",
          "treeType": "Platanus x acerifolia",
          "graffiti": "Clean historic masonry facade",
          "terrain": "Granite paver sidewalk and asphalt street",
          "urbanElements": {
            "furniture": "Classic street lamp poles and theater billboard frames",
            "vegetationScore": 0.15,
            "architectureStyle": "Eclectic Academic Beaux-Arts"
          },
          "temporalWindow": "Evening show entry time"
        },
        "ocr": {
          "detectedText": [
            "TEATRO COLON",
            "TEMPORADA 2023",
            "ENTRADA PRINCIPAL"
          ],
          "confidence": 0.98,
          "rapidFuzzScore": 99
        },
        "exif": {
          "fStop": "f/1.4",
          "iso": 800,
          "shutterSpeed": "1/60s",
          "focalLength": "35mm",
          "make": "Nikon",
          "model": "Z 6II",
          "lensModel": "NIKKOR Z 35mm f/1.8 S",
          "dateTimeOriginal": "2023:09:20 19:10:00"
        },
        "category": "Historic Cultural Building",
        "groundedFromAnchor": "Teatro Colón",
        "locationContext": "Argentina",
        "validation": {
          "distanceFromCenter": 631266.5993355237,
          "isOutlier": true,
          "computedScore": 87,
          "issues": [
            "Entorno botánico genérico",
            "Anomalía Geográfica (Desvío de 631267m)"
          ],
          "h3Index": "89c2e31132fffff"
        },
        "h3Index": "89c2e31132fffff",
        "geocodingScore": 87,
        "isAnchor": true
      }
    },
    {
      "type": "Feature",
      "geometry": {
        "type": "Point",
        "coordinates": [
          -65.50190903912778,
          -23.748168190024906
        ]
      },
      "properties": {
        "id": "REF-0094",
        "coordinates": {
          "lat": -23.748168190024906,
          "lng": -65.50190903912778,
          "corner": "Calle San Martín y Paseo de los Colorados"
        },
        "timestamp": "2023-08-05T11:00:00Z",
        "lighting": {
          "sunPosition": "Northeast 45 deg",
          "shadowDirection": "SW",
          "shadowLength": "Medium",
          "description": "Intense high-altitude solar glare under clear skies highlighting sediment layers"
        },
        "microPhysiognomy": {
          "aerialCables": "Sparse single utility poles with basic power lines",
          "shutterStyle": "Rustic wooden window shutters",
          "treeType": "Prosopis flexuosa and Cardon Cacti",
          "graffiti": "None",
          "terrain": "Dirt gravel path and compacted clay roads",
          "urbanElements": {
            "furniture": "Rustic wooden craft market stalls",
            "vegetationScore": 0.1,
            "architectureStyle": "Andean Adobe Vernacular"
          },
          "temporalWindow": "Late morning market time"
        },
        "ocr": {
          "detectedText": [
            "PURMAMARCA",
            "ARTESANIAS",
            "CERRO DE LOS SIETE COLORES"
          ],
          "confidence": 0.89,
          "rapidFuzzScore": 91.5
        },
        "exif": {
          "fStop": "f/5.6",
          "iso": 100,
          "shutterSpeed": "1/800s",
          "focalLength": "18mm",
          "make": "FUJIFILM",
          "model": "X-T4",
          "lensModel": "XF16-80mmF4 R OIS WR",
          "dateTimeOriginal": "2023:08:05 11:00:00"
        },
        "category": "Natural Heritage",
        "groundedFromAnchor": "Cerro de los Siete Colores",
        "locationContext": "Argentina",
        "validation": {
          "distanceFromCenter": 1640737.7561204256,
          "isOutlier": true,
          "computedScore": 83,
          "issues": [
            "Entorno botánico genérico",
            "Anomalía Geográfica (Desvío de 1640738m)"
          ],
          "h3Index": "89b3518a593ffff"
        },
        "h3Index": "89b3518a593ffff",
        "geocodingScore": 83,
        "isAnchor": false
      }
    },
    {
      "type": "Feature",
      "geometry": {
        "type": "Point",
        "coordinates": [
          -58.38126069343432,
          -34.60351602732193
        ]
      },
      "properties": {
        "id": "REF-0095",
        "coordinates": {
          "lat": -34.60351602732193,
          "lng": -58.38126069343432,
          "corner": "Av. 9 de Julio y Av. Corrientes SE"
        },
        "timestamp": "2023-11-14T14:30:00Z",
        "lighting": {
          "sunPosition": "NW 45 deg",
          "shadowDirection": "SE",
          "shadowLength": "Medium",
          "description": "Bright afternoon sunlight casting sharp shadows on asphalt"
        },
        "microPhysiognomy": {
          "aerialCables": "Subterranean/Minimal visible overhead",
          "shutterStyle": "Roll-up commercial metal shutters",
          "treeType": "Tipuana tipu",
          "graffiti": "Tags on traffic light controller box",
          "terrain": "Flat paved urban avenue",
          "urbanElements": {
            "furniture": "Steel traffic barriers, black trash containers",
            "vegetationScore": 0.25,
            "architectureStyle": "Eclectic, Art Deco, Modernist"
          },
          "temporalWindow": "Mid 2020s"
        },
        "ocr": {
          "detectedText": [
            "AV CORRIENTES",
            "OBELISCO",
            "SUBTE LINEA B"
          ],
          "confidence": 0.94,
          "rapidFuzzScore": 92.5
        },
        "exif": {
          "fStop": "f/2.8",
          "iso": 100,
          "shutterSpeed": "1/1000s",
          "focalLength": "24mm",
          "make": "Sony",
          "model": "ILCE-7RM4",
          "lensModel": "FE 24-70mm F2.8 GM",
          "dateTimeOriginal": "2023:11:14 14:30:00"
        },
        "category": "Urban Intersection",
        "groundedFromAnchor": "Obelisco de Buenos Aires",
        "locationContext": "Argentina",
        "validation": {
          "distanceFromCenter": 631184.7182226557,
          "isOutlier": true,
          "computedScore": 86,
          "issues": [
            "Anomalía Geográfica (Desvío de 631185m)"
          ],
          "h3Index": "89c2e31132bffff"
        },
        "h3Index": "89c2e31132bffff",
        "geocodingScore": 86,
        "isAnchor": true
      }
    },
    {
      "type": "Feature",
      "geometry": {
        "type": "Point",
        "coordinates": [
          -54.43641163133015,
          -25.69539536211612
        ]
      },
      "properties": {
        "id": "REF-0096",
        "coordinates": {
          "lat": -25.69539536211612,
          "lng": -54.43641163133015,
          "corner": "Garganta del Diablo Footbridge North"
        },
        "timestamp": "2023-09-10T10:15:00Z",
        "lighting": {
          "sunPosition": "NE 60 deg",
          "shadowDirection": "SW",
          "shadowLength": "Short",
          "description": "High ambient moisture spray creating lens flare and subtle rainbow"
        },
        "microPhysiognomy": {
          "aerialCables": "None",
          "shutterStyle": "None",
          "treeType": "Subtropical rainforest / Palo Rosa",
          "graffiti": "None",
          "terrain": "Metal walkway over river basin",
          "urbanElements": {
            "furniture": "Galvanized steel catwalk handrails, safety signs",
            "vegetationScore": 0.98,
            "architectureStyle": "Ecotourism Raised Footbridge"
          },
          "temporalWindow": "2020-2024"
        },
        "ocr": {
          "detectedText": [
            "PARQUE NACIONAL IGUAZU",
            "GARGANTA DEL DIABLO",
            "PRECAUCION PISO RESBALADIZO"
          ],
          "confidence": 0.88,
          "rapidFuzzScore": 89
        },
        "exif": {
          "fStop": "f/5.6",
          "iso": 200,
          "shutterSpeed": "1/2000s",
          "focalLength": "35mm",
          "make": "Canon",
          "model": "EOS R5",
          "lensModel": "RF 24-105mm F4 L IS USM",
          "dateTimeOriginal": "2023:09:10 10:15:00"
        },
        "category": "Natural Park",
        "groundedFromAnchor": "Cataratas del Iguazú",
        "locationContext": "Argentina",
        "validation": {
          "distanceFromCenter": 1655923.8803998749,
          "isOutlier": true,
          "computedScore": 95,
          "issues": [
            "Anomalía Geográfica (Desvío de 1655924m)"
          ],
          "h3Index": "89a953ae50bffff"
        },
        "h3Index": "89a953ae50bffff",
        "geocodingScore": 95,
        "isAnchor": true
      }
    },
    {
      "type": "Feature",
      "geometry": {
        "type": "Point",
        "coordinates": [
          -73.0486428628275,
          -50.48279076174119
        ]
      },
      "properties": {
        "id": "REF-0097",
        "coordinates": {
          "lat": -50.48279076174119,
          "lng": -73.0486428628275,
          "corner": "Pasarelas Centrales Tier 2"
        },
        "timestamp": "2023-02-18T16:45:00Z",
        "lighting": {
          "sunPosition": "SW 30 deg",
          "shadowDirection": "NE",
          "shadowLength": "Long",
          "description": "Low-angle Patagonian sun producing cool blue ice reflections"
        },
        "microPhysiognomy": {
          "aerialCables": "None",
          "shutterStyle": "None",
          "treeType": "Nothofagus pumilio",
          "graffiti": "None",
          "terrain": "Wooden and steel terrace on rocky mountain edge",
          "urbanElements": {
            "furniture": "Wooden boardwalk railings, view benches",
            "vegetationScore": 0.45,
            "architectureStyle": "Patagonian Reserve Boardwalk"
          },
          "temporalWindow": "Recent Post-2021"
        },
        "ocr": {
          "detectedText": [
            "PARQUE NACIONAL LOS GLACIARES",
            "MIRADOR CENTRAL"
          ],
          "confidence": 0.91,
          "rapidFuzzScore": 95
        },
        "exif": {
          "fStop": "f/8.0",
          "iso": 100,
          "shutterSpeed": "1/500s",
          "focalLength": "50mm",
          "make": "Nikon",
          "model": "Z7 II",
          "lensModel": "NIKKOR Z 24-70mm f/4 S",
          "dateTimeOriginal": "2023:02:18 16:45:00"
        },
        "category": "Glacier Lookout",
        "groundedFromAnchor": "Glaciar Perito Moreno",
        "locationContext": "Argentina",
        "validation": {
          "distanceFromCenter": 1533674.200525646,
          "isOutlier": true,
          "computedScore": 90,
          "issues": [
            "Anomalía Geográfica (Desvío de 1533674m)"
          ],
          "h3Index": "89cf1348a43ffff"
        },
        "h3Index": "89cf1348a43ffff",
        "geocodingScore": 90,
        "isAnchor": true
      }
    },
    {
      "type": "Feature",
      "geometry": {
        "type": "Point",
        "coordinates": [
          -58.382768914265554,
          -34.60135235475645
        ]
      },
      "properties": {
        "id": "REF-0098",
        "coordinates": {
          "lat": -34.60135235475645,
          "lng": -58.382768914265554,
          "corner": "Calle Cerrito y Viamonte NW"
        },
        "timestamp": "2023-05-22T11:00:00Z",
        "lighting": {
          "sunPosition": "NNE 35 deg",
          "shadowDirection": "SSW",
          "shadowLength": "Medium-Long",
          "description": "Soft morning sunlight filtering through urban canopy onto stone facade"
        },
        "microPhysiognomy": {
          "aerialCables": "Low density underground utility drops",
          "shutterStyle": "Ornate wrought iron window grilles",
          "treeType": "Platanus x acerifolia",
          "graffiti": "Cleaned stone surface, minor poster residue",
          "terrain": "Granite sidewalk tiles, asphalt street",
          "urbanElements": {
            "furniture": "Heritage streetlamps, bus stop shelter",
            "vegetationScore": 0.2,
            "architectureStyle": "Beaux-Arts, Academic Historicism"
          },
          "temporalWindow": "Modern Urban"
        },
        "ocr": {
          "detectedText": [
            "TEATRO COLON",
            "CALLE CERRITO 600",
            "ENTRADA PRINCIPAL"
          ],
          "confidence": 0.96,
          "rapidFuzzScore": 98.1
        },
        "exif": {
          "fStop": "f/4.0",
          "iso": 160,
          "shutterSpeed": "1/250s",
          "focalLength": "28mm",
          "make": "Fujifilm",
          "model": "X-T4",
          "lensModel": "XF 16-55mm F2.8 R LM WR",
          "dateTimeOriginal": "2023:05:22 11:00:00"
        },
        "category": "Cultural Landmark",
        "groundedFromAnchor": "Teatro Colón",
        "locationContext": "Argentina",
        "validation": {
          "distanceFromCenter": 631251.2473927082,
          "isOutlier": true,
          "computedScore": 87,
          "issues": [
            "Anomalía Geográfica (Desvío de 631251m)"
          ],
          "h3Index": "89c2e31132fffff"
        },
        "h3Index": "89c2e31132fffff",
        "geocodingScore": 87,
        "isAnchor": true
      }
    },
    {
      "type": "Feature",
      "geometry": {
        "type": "Point",
        "coordinates": [
          -65.50184971623202,
          -23.74816092345166
        ]
      },
      "properties": {
        "id": "REF-0099",
        "coordinates": {
          "lat": -23.74816092345166,
          "lng": -65.50184971623202,
          "corner": "Calle Belgrano y Paseo de los Colorados"
        },
        "timestamp": "2023-08-05T09:20:00Z",
        "lighting": {
          "sunPosition": "E 25 deg",
          "shadowDirection": "W",
          "shadowLength": "Long",
          "description": "Crisp high-altitude morning light highlighting stratified mineral colors"
        },
        "microPhysiognomy": {
          "aerialCables": "Single strand low-voltage power overhead",
          "shutterStyle": "Wooden rustic shutters",
          "treeType": "Prosopis, Trichocereus pasacana",
          "graffiti": "None",
          "terrain": "Unpaved dirt gravel road with mudbrick walls",
          "urbanElements": {
            "furniture": "Craft market wooden stalls, stone boundary walls",
            "vegetationScore": 0.15,
            "architectureStyle": "Andean Adobe Architectural Style"
          },
          "temporalWindow": "2022-2023"
        },
        "ocr": {
          "detectedText": [
            "PURMAMARCA",
            "PASEO DE LOS COLORADOS",
            "ARTESANIAS"
          ],
          "confidence": 0.89,
          "rapidFuzzScore": 87.4
        },
        "exif": {
          "fStop": "f/8.0",
          "iso": 100,
          "shutterSpeed": "1/400s",
          "focalLength": "35mm",
          "make": "Apple",
          "model": "iPhone 14 Pro",
          "lensModel": "iPhone 14 Pro back main camera 6.86mm f/1.78",
          "dateTimeOriginal": "2023:08:05 09:20:00"
        },
        "category": "Scenic Village",
        "groundedFromAnchor": "Cerro de los Siete Colores",
        "locationContext": "Argentina",
        "validation": {
          "distanceFromCenter": 1640737.9489381565,
          "isOutlier": true,
          "computedScore": 82,
          "issues": [
            "Entorno botánico genérico",
            "Anomalía Geográfica (Desvío de 1640738m)"
          ],
          "h3Index": "89b3518a593ffff"
        },
        "h3Index": "89b3518a593ffff",
        "geocodingScore": 82,
        "isAnchor": false
      }
    },
    {
      "type": "Feature",
      "geometry": {
        "type": "Point",
        "coordinates": [
          -58.38182681131732,
          -34.603629398668126
        ]
      },
      "properties": {
        "id": "REF-0100",
        "coordinates": {
          "lat": -34.603629398668126,
          "lng": -58.38182681131732,
          "corner": "Av. 9 de Julio y Av. Corrientes"
        },
        "timestamp": "2023-11-14T15:30:00Z",
        "lighting": {
          "sunPosition": "High South-West",
          "shadowDirection": "North-East",
          "shadowLength": "Medium",
          "description": "Bright afternoon sunlight with sharp shadows across the broad avenue."
        },
        "microPhysiognomy": {
          "aerialCables": "Subterranean utility distribution, minimal visible overhead cabling",
          "shutterStyle": "Commercial roll-up metal shutters",
          "treeType": "Tipuana tipu",
          "graffiti": "Sparse political stencils on street furniture base",
          "terrain": "Flat urban paved surface",
          "urbanElements": {
            "furniture": "Steel bollards, LED traffic signals, bus rapid transit shelter",
            "vegetationScore": 0.35,
            "architectureStyle": "Art Deco / Modernist Obelisk monument and French Academicism surround"
          },
          "temporalWindow": "Mid-afternoon rush hour"
        },
        "ocr": {
          "detectedText": [
            "AV. 9 DE JULIO",
            "AV. CORRIENTES",
            "SUBTE LINEA D"
          ],
          "confidence": 0.96,
          "rapidFuzzScore": 92.5
        },
        "exif": {
          "fStop": "f/8.0",
          "iso": 100,
          "shutterSpeed": "1/500s",
          "focalLength": "24mm",
          "make": "Canon",
          "model": "EOS R5",
          "lensModel": "RF 24-70mm F2.8 L IS USM",
          "dateTimeOriginal": "2023:11:14 15:30:00"
        },
        "category": "Monumento",
        "groundedFromAnchor": "Obelisco de Buenos Aires",
        "locationContext": "Argentina",
        "validation": {
          "distanceFromCenter": 631138.5549694456,
          "isOutlier": true,
          "computedScore": 87,
          "issues": [
            "Anomalía Geográfica (Desvío de 631139m)"
          ],
          "h3Index": "89c2e31132bffff"
        },
        "h3Index": "89c2e31132bffff",
        "geocodingScore": 87,
        "isAnchor": true
      }
    },
    {
      "type": "Feature",
      "geometry": {
        "type": "Point",
        "coordinates": [
          -54.4365911500388,
          -25.69493502777736
        ]
      },
      "properties": {
        "id": "REF-0101",
        "coordinates": {
          "lat": -25.69493502777736,
          "lng": -54.4365911500388,
          "corner": "Circuito Superior - Passarela Garganta del Diablo"
        },
        "timestamp": "2023-10-05T10:15:00Z",
        "lighting": {
          "sunPosition": "Mid East",
          "shadowDirection": "West",
          "shadowLength": "Short",
          "description": "Direct tropical morning sunlight casting spray mist rainbows."
        },
        "microPhysiognomy": {
          "aerialCables": "None",
          "shutterStyle": "None",
          "treeType": "Euterpe edulis, Syagrus romanzoffiana",
          "graffiti": "None",
          "terrain": "Subtropical rainforest platform and metal catwalk",
          "urbanElements": {
            "furniture": "Galvanized steel catwalk railings and wooden boardwalks",
            "vegetationScore": 0.98,
            "architectureStyle": "Eco-tourism park walkway"
          },
          "temporalWindow": "Morning tourist peak"
        },
        "ocr": {
          "detectedText": [
            "PARQUE NACIONAL IGUAZU",
            "GARGANTA DEL DIABLO",
            "PRECAUCION PISO RESBALADIZO"
          ],
          "confidence": 0.92,
          "rapidFuzzScore": 88
        },
        "exif": {
          "fStop": "f/5.6",
          "iso": 200,
          "shutterSpeed": "1/1000s",
          "focalLength": "35mm",
          "make": "Sony",
          "model": "ILCE-7RM4",
          "lensModel": "FE 24-70mm F2.8 GM",
          "dateTimeOriginal": "2023:10:05 10:15:00"
        },
        "category": "Atracción natural",
        "groundedFromAnchor": "Cataratas del Iguazú",
        "locationContext": "Argentina",
        "validation": {
          "distanceFromCenter": 1655959.855644759,
          "isOutlier": true,
          "computedScore": 95,
          "issues": [
            "Anomalía Geográfica (Desvío de 1655960m)"
          ],
          "h3Index": "89a953ae50bffff"
        },
        "h3Index": "89a953ae50bffff",
        "geocodingScore": 95,
        "isAnchor": true
      }
    },
    {
      "type": "Feature",
      "geometry": {
        "type": "Point",
        "coordinates": [
          -73.0486636471406,
          -50.483024311168506
        ]
      },
      "properties": {
        "id": "REF-0102",
        "coordinates": {
          "lat": -50.483024311168506,
          "lng": -73.0486636471406,
          "corner": "Pasarelas Costa Sur"
        },
        "timestamp": "2023-12-01T14:00:00Z",
        "lighting": {
          "sunPosition": "Low North-West",
          "shadowDirection": "South-East",
          "shadowLength": "Long",
          "description": "Diffused polar sunlight reflecting off ice mass with high glare."
        },
        "microPhysiognomy": {
          "aerialCables": "None",
          "shutterStyle": "None",
          "treeType": "Nothofagus pumilio, Nothofagus antarctica",
          "graffiti": "None",
          "terrain": "Patagonian glacial lake edge and elevated wooden ramps",
          "urbanElements": {
            "furniture": "Metal safety barriers and wooden view decks",
            "vegetationScore": 0.65,
            "architectureStyle": "National Park visitor walkway"
          },
          "temporalWindow": "Early afternoon"
        },
        "ocr": {
          "detectedText": [
            "PARQUE NACIONAL LOS GLACIARES",
            "MIRADOR CENTRAL"
          ],
          "confidence": 0.94,
          "rapidFuzzScore": 90
        },
        "exif": {
          "fStop": "f/11.0",
          "iso": 100,
          "shutterSpeed": "1/250s",
          "focalLength": "50mm",
          "make": "Nikon",
          "model": "Z7 II",
          "lensModel": "NIKKOR Z 24-70mm f/4 S",
          "dateTimeOriginal": "2023:12:01 14:00:00"
        },
        "category": "Atracción natural",
        "groundedFromAnchor": "Glaciar Perito Moreno",
        "locationContext": "Argentina",
        "validation": {
          "distanceFromCenter": 1533696.8739773433,
          "isOutlier": true,
          "computedScore": 91,
          "issues": [
            "Anomalía Geográfica (Desvío de 1533697m)"
          ],
          "h3Index": "89cf1348a43ffff"
        },
        "h3Index": "89cf1348a43ffff",
        "geocodingScore": 91,
        "isAnchor": true
      }
    },
    {
      "type": "Feature",
      "geometry": {
        "type": "Point",
        "coordinates": [
          -58.38343145484888,
          -34.601156716256284
        ]
      },
      "properties": {
        "id": "REF-0103",
        "coordinates": {
          "lat": -34.601156716256284,
          "lng": -58.38343145484888,
          "corner": "Cerrito y Tucumán"
        },
        "timestamp": "2023-09-20T18:45:00Z",
        "lighting": {
          "sunPosition": "Low West",
          "shadowDirection": "East",
          "shadowLength": "Extremely Long",
          "description": "Golden hour twilight mixing with artificial exterior architectural floodlights."
        },
        "microPhysiognomy": {
          "aerialCables": "Underground infrastructure",
          "shutterStyle": "Ornate iron decorative gates",
          "treeType": "Platanus x acerifolia",
          "graffiti": "None",
          "terrain": "Paved stone sidewalk and granite plaza",
          "urbanElements": {
            "furniture": "Historical cast iron lampposts, stone benches",
            "vegetationScore": 0.15,
            "architectureStyle": "Eclectic Italianate and French Renaissance Revival"
          },
          "temporalWindow": "Dusk theater arrival window"
        },
        "ocr": {
          "detectedText": [
            "TEATRO COLON",
            "ENTRADA PRINCIPAL",
            "TUCUMAN 1171"
          ],
          "confidence": 0.98,
          "rapidFuzzScore": 95
        },
        "exif": {
          "fStop": "f/2.8",
          "iso": 800,
          "shutterSpeed": "1/60s",
          "focalLength": "35mm",
          "make": "Fujifilm",
          "model": "X-T4",
          "lensModel": "XF16-55mmF2.8 R LM WR",
          "dateTimeOriginal": "2023:09:20 18:45:00"
        },
        "category": "Teatro",
        "groundedFromAnchor": "Teatro Colón",
        "locationContext": "Argentina",
        "validation": {
          "distanceFromCenter": 631222.4734604282,
          "isOutlier": true,
          "computedScore": 85,
          "issues": [
            "Entorno botánico genérico",
            "Anomalía Geográfica (Desvío de 631222m)"
          ],
          "h3Index": "89c2e31132fffff"
        },
        "h3Index": "89c2e31132fffff",
        "geocodingScore": 85,
        "isAnchor": true
      }
    },
    {
      "type": "Feature",
      "geometry": {
        "type": "Point",
        "coordinates": [
          -65.50179630257833,
          -23.74823314015456
        ]
      },
      "properties": {
        "id": "REF-0104",
        "coordinates": {
          "lat": -23.74823314015456,
          "lng": -65.50179630257833,
          "corner": "Calle San Martín y Pasaje Florida"
        },
        "timestamp": "2023-08-10T11:20:00Z",
        "lighting": {
          "sunPosition": "High North",
          "shadowDirection": "South",
          "shadowLength": "Short",
          "description": "Intense high-altitude sunlight under unclouded blue sky."
        },
        "microPhysiognomy": {
          "aerialCables": "Overhead single-phase power wires on wooden poles",
          "shutterStyle": "Rustic wooden window shutters",
          "treeType": "Prosopis alba, Schinus molle",
          "graffiti": "Hand-painted artesanal signs on adobe walls",
          "terrain": "Unpaved dirt and gravel street with surrounding clay mountains",
          "urbanElements": {
            "furniture": "Earthen benches, stone curbs",
            "vegetationScore": 0.1,
            "architectureStyle": "Colonial Andean Adobe"
          },
          "temporalWindow": "Late morning"
        },
        "ocr": {
          "detectedText": [
            "PURMAMARCA",
            "ARTESANIAS LA QUEBRADA",
            "CERRO 7 COLORES"
          ],
          "confidence": 0.89,
          "rapidFuzzScore": 85
        },
        "exif": {
          "fStop": "f/9.0",
          "iso": 100,
          "shutterSpeed": "1/400s",
          "focalLength": "28mm",
          "make": "Leica",
          "model": "Q2",
          "lensModel": "Summilux 28mm f/1.7 ASPH",
          "dateTimeOriginal": "2023:08:10 11:20:00"
        },
        "category": "Atracción natural",
        "groundedFromAnchor": "Cerro de los Siete Colores",
        "locationContext": "Argentina",
        "validation": {
          "distanceFromCenter": 1640729.409873899,
          "isOutlier": true,
          "computedScore": 81,
          "issues": [
            "Entorno botánico genérico",
            "Anomalía Geográfica (Desvío de 1640729m)"
          ],
          "h3Index": "89b3518a593ffff"
        },
        "h3Index": "89b3518a593ffff",
        "geocodingScore": 81,
        "isAnchor": false
      }
    },
    {
      "type": "Feature",
      "geometry": {
        "type": "Point",
        "coordinates": [
          -58.38186892959784,
          -34.60367811532632
        ]
      },
      "properties": {
        "id": "REF-0105",
        "coordinates": {
          "lat": -34.60367811532632,
          "lng": -58.38186892959784,
          "corner": "Av. 9 de Julio y Av. Corrientes"
        },
        "timestamp": "2023-11-14T14:32:10Z",
        "lighting": {
          "sunPosition": "High North-West",
          "shadowDirection": "South-East",
          "shadowLength": "Short",
          "description": "Harsh midday glare casting sharp, truncated shadows onto multi-lane asphalt."
        },
        "microPhysiognomy": {
          "aerialCables": "Subterranean grid with minimal overhead traffic signal conduits",
          "shutterStyle": "N/A",
          "treeType": "Jacaranda mimosifolia",
          "graffiti": "Tags on metro access barriers and utility boxes",
          "terrain": "Flat urban paved highway and pedestrian island",
          "urbanElements": {
            "furniture": "Metrobus glass platforms, steel safety bollards, LED billboard frame",
            "vegetationScore": 0.25,
            "architectureStyle": "Modernist urban monolith with surrounding Art Deco/Eclectic commercial towers"
          },
          "temporalWindow": "Late spring afternoon"
        },
        "ocr": {
          "detectedText": [
            "AV. CORRIENTES",
            "OBELISCO",
            "SUBTE LINEA D",
            "METROBUS 9 DE JULIO"
          ],
          "confidence": 0.96,
          "rapidFuzzScore": 92.5
        },
        "exif": {
          "fStop": "f/2.8",
          "iso": 100,
          "shutterSpeed": "1/1250s",
          "focalLength": "24mm",
          "make": "Canon",
          "model": "EOS R5",
          "lensModel": "RF 24-70mm F2.8 L IS USM",
          "dateTimeOriginal": "2023-11-14T14:32:10"
        },
        "category": "Urban Monument",
        "groundedFromAnchor": "Obelisco de Buenos Aires",
        "locationContext": "Argentina",
        "validation": {
          "distanceFromCenter": 631132.0251965862,
          "isOutlier": true,
          "computedScore": 86,
          "issues": [
            "Anomalía Geográfica (Desvío de 631132m)"
          ],
          "h3Index": "89c2e31132bffff"
        },
        "h3Index": "89c2e31132bffff",
        "geocodingScore": 86,
        "isAnchor": true
      }
    },
    {
      "type": "Feature",
      "geometry": {
        "type": "Point",
        "coordinates": [
          -54.43704012482799,
          -25.695175643616402
        ]
      },
      "properties": {
        "id": "REF-0106",
        "coordinates": {
          "lat": -25.695175643616402,
          "lng": -54.43704012482799,
          "corner": "Pasarela Garganta del Diablo Terminus"
        },
        "timestamp": "2023-10-05T10:15:42Z",
        "lighting": {
          "sunPosition": "Mid-height East",
          "shadowDirection": "West",
          "shadowLength": "Medium",
          "description": "High humidity daylight with intense water vapor dispersion creating mist refractivity."
        },
        "microPhysiognomy": {
          "aerialCables": "None",
          "shutterStyle": "N/A",
          "treeType": "Euterpe edulis (Palmito) and Parana rain forest canopy",
          "graffiti": "None",
          "terrain": "Elevated metal catwalk over fast-flowing basaltic riverbed",
          "urbanElements": {
            "furniture": "Galvanized steel catwalk handrails, safety barrier mesh",
            "vegetationScore": 0.98,
            "architectureStyle": "Eco-tourist structural steel walkways"
          },
          "temporalWindow": "Mid-spring morning"
        },
        "ocr": {
          "detectedText": [
            "PARQUE NACIONAL IGUAZU",
            "GARGANTA DEL DIABLO",
            "PRECAUCION PISO RESBALADIZO"
          ],
          "confidence": 0.91,
          "rapidFuzzScore": 88
        },
        "exif": {
          "fStop": "f/5.6",
          "iso": 200,
          "shutterSpeed": "1/2000s",
          "focalLength": "35mm",
          "make": "Sony",
          "model": "ILCE-7RM4",
          "lensModel": "FE 24-70mm F2.8 GM",
          "dateTimeOriginal": "2023-10-05T10:15:42"
        },
        "category": "Natural Attraction",
        "groundedFromAnchor": "Cataratas del Iguazú",
        "locationContext": "Argentina",
        "validation": {
          "distanceFromCenter": 1655914.5978014404,
          "isOutlier": true,
          "computedScore": 95,
          "issues": [
            "Anomalía Geográfica (Desvío de 1655915m)"
          ],
          "h3Index": "89a953ae50bffff"
        },
        "h3Index": "89a953ae50bffff",
        "geocodingScore": 95,
        "isAnchor": true
      }
    },
    {
      "type": "Feature",
      "geometry": {
        "type": "Point",
        "coordinates": [
          -73.04813821902249,
          -50.48287637815554
        ]
      },
      "properties": {
        "id": "REF-0107",
        "coordinates": {
          "lat": -50.48287637815554,
          "lng": -73.04813821902249,
          "corner": "Pasarelas Costa Sur - Sector Glaciar"
        },
        "timestamp": "2024-02-18T16:45:00Z",
        "lighting": {
          "sunPosition": "Low West-South-West",
          "shadowDirection": "East-North-East",
          "shadowLength": "Long",
          "description": "Crisp, low-latitude patagonian light with strong specular reflections off ice wall faces."
        },
        "microPhysiognomy": {
          "aerialCables": "None",
          "shutterStyle": "N/A",
          "treeType": "Nothofagus pumilio (Lenga) and Nothofagus antarctica",
          "graffiti": "None",
          "terrain": "Tiered glacio-lacustrine mountain slope with wooden/metal boardwalks",
          "urbanElements": {
            "furniture": "Wooden platform stairs, steel anti-slip grates, informational plaques",
            "vegetationScore": 0.65,
            "architectureStyle": "Sub-antarctic nature park boardwalk system"
          },
          "temporalWindow": "Late summer afternoon"
        },
        "ocr": {
          "detectedText": [
            "PARQUE NACIONAL LOS GLACIARES",
            "GLACIAR PERITO MORENO",
            "MIRADOR CENTRAL"
          ],
          "confidence": 0.94,
          "rapidFuzzScore": 95
        },
        "exif": {
          "fStop": "f/8.0",
          "iso": 100,
          "shutterSpeed": "1/500s",
          "focalLength": "50mm",
          "make": "Nikon",
          "model": "Z 7II",
          "lensModel": "NIKKOR Z 24-70mm f/2.8 S",
          "dateTimeOriginal": "2024-02-18T16:45:00"
        },
        "category": "Natural Attraction",
        "groundedFromAnchor": "Glaciar Perito Moreno",
        "locationContext": "Argentina",
        "validation": {
          "distanceFromCenter": 1533662.9924019857,
          "isOutlier": true,
          "computedScore": 93,
          "issues": [
            "Anomalía Geográfica (Desvío de 1533663m)"
          ],
          "h3Index": "89cf1348a43ffff"
        },
        "h3Index": "89cf1348a43ffff",
        "geocodingScore": 93,
        "isAnchor": true
      }
    },
    {
      "type": "Feature",
      "geometry": {
        "type": "Point",
        "coordinates": [
          -58.38300564908857,
          -34.601049653850566
        ]
      },
      "properties": {
        "id": "REF-0108",
        "coordinates": {
          "lat": -34.601049653850566,
          "lng": -58.38300564908857,
          "corner": "Calle Libertad y Calle Tucumán"
        },
        "timestamp": "2023-12-01T19:10:15Z",
        "lighting": {
          "sunPosition": "Low West",
          "shadowDirection": "East",
          "shadowLength": "Extremely Long",
          "description": "Golden hour warm ambient light highlighting stone relief textures."
        },
        "microPhysiognomy": {
          "aerialCables": "Subterranean lines with historic streetlamp connections",
          "shutterStyle": "Wrought iron ornamental balustrades and interior wooden louvered shutters",
          "treeType": "Platanus x acerifolia",
          "graffiti": "Clean limestone facade, minor poster residue near perimeter fence",
          "terrain": "Paved granite sidewalks and urban asphalt roadway",
          "urbanElements": {
            "furniture": "Cast iron period lighting poles, brass handrails, stone bollards",
            "vegetationScore": 0.15,
            "architectureStyle": "Eclectic Italianate Renaissance and French Academic"
          },
          "temporalWindow": "Early summer sunset"
        },
        "ocr": {
          "detectedText": [
            "TEATRO COLON",
            "LIBERTAD 621",
            "ENTRADA GENERAL"
          ],
          "confidence": 0.98,
          "rapidFuzzScore": 99
        },
        "exif": {
          "fStop": "f/2.0",
          "iso": 400,
          "shutterSpeed": "1/125s",
          "focalLength": "85mm",
          "make": "Fujifilm",
          "model": "X-T4",
          "lensModel": "XF56mmF1.2 R",
          "dateTimeOriginal": "2023-12-01T19:10:15"
        },
        "category": "Historic Theatre",
        "groundedFromAnchor": "Teatro Colón",
        "locationContext": "Argentina",
        "validation": {
          "distanceFromCenter": 631258.861854054,
          "isOutlier": true,
          "computedScore": 87,
          "issues": [
            "Entorno botánico genérico",
            "Anomalía Geográfica (Desvío de 631259m)"
          ],
          "h3Index": "89c2e31132fffff"
        },
        "h3Index": "89c2e31132fffff",
        "geocodingScore": 87,
        "isAnchor": true
      }
    },
    {
      "type": "Feature",
      "geometry": {
        "type": "Point",
        "coordinates": [
          -65.50156377100437,
          -23.74766694599767
        ]
      },
      "properties": {
        "id": "REF-0109",
        "coordinates": {
          "lat": -23.74766694599767,
          "lng": -65.50156377100437,
          "corner": "Paseo de los Colorados y Calle Belgrano"
        },
        "timestamp": "2024-01-10T09:20:30Z",
        "lighting": {
          "sunPosition": "Mid East",
          "shadowDirection": "West",
          "shadowLength": "Moderate",
          "description": "Direct high-altitude equatorial sunlight saturating red and ochre mineral hues."
        },
        "microPhysiognomy": {
          "aerialCables": "Low-voltage aerial cabling mounted on wooden utility poles",
          "shutterStyle": "Rustic wooden lintels and solid cedar shutters",
          "treeType": "Prosopis flexuosa (Algarrobo) and Trichocereus pasacana (Cardón)",
          "graffiti": "None",
          "terrain": "Unpaved red clay and compressed gravel dirt road",
          "urbanElements": {
            "furniture": "Adobe retaining walls, artisan wooden market stalls, stone pircas",
            "vegetationScore": 0.1,
            "architectureStyle": "Andean Vernacular Adobe with Spanish Colonial influnces"
          },
          "temporalWindow": "Mid-summer morning"
        },
        "ocr": {
          "detectedText": [
            "PURMAMARCA",
            "PASEO DE LOS COLORADOS",
            "ARTESANIAS"
          ],
          "confidence": 0.89,
          "rapidFuzzScore": 85
        },
        "exif": {
          "fStop": "f/5.6",
          "iso": 100,
          "shutterSpeed": "1/800s",
          "focalLength": "35mm",
          "make": "Leica",
          "model": "M11",
          "lensModel": "Summilux-M 35mm f/1.4 ASPH",
          "dateTimeOriginal": "2024-01-10T09:20:30"
        },
        "category": "Natural Attraction",
        "groundedFromAnchor": "Cerro de los Siete Colores",
        "locationContext": "Argentina",
        "validation": {
          "distanceFromCenter": 1640789.6497882425,
          "isOutlier": true,
          "computedScore": 81,
          "issues": [
            "Entorno botánico genérico",
            "Anomalía Geográfica (Desvío de 1640790m)"
          ],
          "h3Index": "89b3518a593ffff"
        },
        "h3Index": "89b3518a593ffff",
        "geocodingScore": 81,
        "isAnchor": false
      }
    },
    {
      "type": "Feature",
      "geometry": {
        "type": "Point",
        "coordinates": [
          -58.381268,
          -34.603414
        ]
      },
      "properties": {
        "id": "REF-0110",
        "coordinates": {
          "lat": -34.603414,
          "lng": -58.381268,
          "corner": "Av. Corrientes & Av. 9 de Julio, SW Corner"
        },
        "timestamp": "2023-11-14T15:42:10Z",
        "lighting": {
          "sunPosition": "NW 285° Elevation 42°",
          "shadowDirection": "SE 105°",
          "shadowLength": "1.2m",
          "description": "Mid-afternoon direct sunlight casting pronounced shadows toward the southeast along Av. Corrientes."
        },
        "microPhysiognomy": {
          "aerialCables": "Dense overhead traffic signal cabling and street light wiring",
          "shutterStyle": "Metal security roll-down shutters on commercial storefronts",
          "treeType": "Jacaranda mimosifolia",
          "graffiti": "Tags on lower utility boxes, stencil art near subway entrance",
          "terrain": "Flat paved urban asphalt and granite sidewalks",
          "urbanElements": {
            "furniture": "Subte entrance railing, BA Ciudad waste bins, black pedestrian street lamps",
            "vegetationScore": 0.25,
            "architectureStyle": "Eclectic Academic French and Art Deco high-rises"
          },
          "temporalWindow": "Spring afternoon (November)"
        },
        "ocr": {
          "detectedText": [
            "AV. CORRIENTES",
            "AV. 9 DE JULIO",
            "SUBTE LINEA B",
            "TEATRO OPERA"
          ],
          "confidence": 0.96,
          "rapidFuzzScore": 98.2
        },
        "exif": {
          "fStop": "f/2.8",
          "iso": 100,
          "shutterSpeed": "1/1000s",
          "focalLength": "24mm",
          "make": "Sony",
          "model": "ILCE-7RM4",
          "lensModel": "FE 24-70mm F2.8 GM",
          "dateTimeOriginal": "2023-11-14T15:42:10"
        },
        "category": "Urban Intersection / Landmark Proximity",
        "groundedFromAnchor": "Obelisco de Buenos Aires",
        "locationContext": "Argentina",
        "validation": {
          "distanceFromCenter": 631192.0745616049,
          "isOutlier": true,
          "computedScore": 88,
          "issues": [
            "Anomalía Geográfica (Desvío de 631192m)"
          ],
          "h3Index": "89c2e31132bffff"
        },
        "h3Index": "89c2e31132bffff",
        "geocodingScore": 88,
        "isAnchor": true
      }
    }
  ]
}