{
  "type": "FeatureCollection",
  "features": [
    {
      "type": "Feature",
      "geometry": {
        "type": "Point",
        "coordinates": [
          12.454619396323755,
          41.90257149775495
        ]
      },
      "properties": {
        "name": "Capilla Sixtina - Acceso Sur",
        "title": "Entrada Principal a la Capilla Sixtina",
        "category": "monumento",
        "latitude": 41.90257149775495,
        "longitude": 12.454619396323755,
        "city": "Ciudad del Vaticano",
        "country": "Ciudad del Vaticano",
        "address": "Cortile delle Corazze, 00120 Città del Vaticano",
        "date": "2023-10-14 10:30",
        "id": "REF-0001",
        "groundedFromAnchor": "Capilla Sixtina",
        "computedScore": 85,
        "h3Index": "891e80505c7ffff"
      }
    },
    {
      "type": "Feature",
      "geometry": {
        "type": "Point",
        "coordinates": [
          12.45437978549888,
          41.90271932344739
        ]
      },
      "properties": {
        "name": "Museos Vaticanos - Pasillo de la Bóveda Sixtina",
        "title": "Nave Central de la Capilla Sixtina",
        "category": "monumento",
        "latitude": 41.90271932344739,
        "longitude": 12.45437978549888,
        "city": "Ciudad del Vaticano",
        "country": "Ciudad del Vaticano",
        "address": "Cappella Sistina, Viale Vaticano, 00120 Città del Vaticano",
        "date": "2023-10-14 11:15",
        "id": "REF-0002",
        "groundedFromAnchor": "Capilla Sixtina",
        "computedScore": 80,
        "h3Index": "891e80505c7ffff"
      }
    },
    {
      "type": "Feature",
      "geometry": {
        "type": "Point",
        "coordinates": [
          12.454456029526524,
          41.90301909373595
        ]
      },
      "properties": {
        "name": "El Juicio Final - Muro del Altar",
        "title": "Fresco del Juicio Final de Miguel Ángel",
        "category": "monumento",
        "latitude": 41.90301909373595,
        "longitude": 12.454456029526524,
        "city": "Ciudad del Vaticano",
        "country": "Ciudad del Vaticano",
        "address": "Muro del Altar, Capilla Sixtina, 00120 Città del Vaticano",
        "date": "2023-10-14 12:00",
        "id": "REF-0003",
        "groundedFromAnchor": "Capilla Sixtina",
        "computedScore": 78,
        "h3Index": "891e80505c7ffff"
      }
    },
    {
      "type": "Feature",
      "geometry": {
        "type": "Point",
        "coordinates": [
          12.454433446033601,
          41.902705953991884
        ]
      },
      "properties": {
        "name": "Capilla Sixtina - Muro Lateral de Botticelli",
        "title": "Frescos Laterales de Perugino y Botticelli",
        "category": "actividad",
        "latitude": 41.902705953991884,
        "longitude": 12.454433446033601,
        "city": "Ciudad del Vaticano",
        "country": "Ciudad del Vaticano",
        "address": "Pared Sur, Capilla Sixtina, 00120 Città del Vaticano",
        "date": "2023-10-14 14:20",
        "id": "REF-0004",
        "groundedFromAnchor": "Capilla Sixtina",
        "computedScore": 81,
        "h3Index": "891e80505c7ffff"
      }
    },
    {
      "type": "Feature",
      "geometry": {
        "type": "Point",
        "coordinates": [
          12.454795966864207,
          41.90301540858057
        ]
      },
      "properties": {
        "name": "Sala Regia - Conexión Capilla Sixtina",
        "title": "Vestíbulo de la Sala Regia",
        "category": "monumento",
        "latitude": 41.90301540858057,
        "longitude": 12.454795966864207,
        "city": "Ciudad del Vaticano",
        "country": "Ciudad del Vaticano",
        "address": "Palacio Apostólico, 00120 Città del Vaticano",
        "date": "2023-10-14 15:45",
        "id": "REF-0005",
        "groundedFromAnchor": "Capilla Sixtina",
        "computedScore": 85,
        "h3Index": "891e80505c7ffff"
      }
    },
    {
      "type": "Feature",
      "geometry": {
        "type": "Point",
        "coordinates": [
          12.454592627312794,
          41.90283167512716
        ]
      },
      "properties": {
        "name": "Capilla Sixtina - Bóveda Central",
        "title": "Interior Bóveda Miguel Ángel",
        "category": "monumento",
        "latitude": 41.90283167512716,
        "longitude": 12.454592627312794,
        "city": "Ciudad del Vaticano",
        "country": "Ciudad del Vaticano",
        "address": "00120 Ciudad del Vaticano",
        "date": "2023-10-15 10:15",
        "id": "REF-0006",
        "groundedFromAnchor": "Capilla Sixtina",
        "computedScore": 82,
        "h3Index": "891e80505c7ffff"
      }
    },
    {
      "type": "Feature",
      "geometry": {
        "type": "Point",
        "coordinates": [
          12.454203013306193,
          41.902723209053896
        ]
      },
      "properties": {
        "name": "Museos Vaticanos - Sala de los Tapices",
        "title": "Acceso Suroeste a Capilla Sixtina",
        "category": "monumento",
        "latitude": 41.902723209053896,
        "longitude": 12.454203013306193,
        "city": "Ciudad del Vaticano",
        "country": "Ciudad del Vaticano",
        "address": "Viale Vaticano, 00120 Ciudad del Vaticano",
        "date": "2023-10-15 10:22",
        "id": "REF-0007",
        "groundedFromAnchor": "Capilla Sixtina",
        "computedScore": 98,
        "h3Index": "891e80505c7ffff"
      }
    },
    {
      "type": "Feature",
      "geometry": {
        "type": "Point",
        "coordinates": [
          12.454368701591664,
          41.902972119686495
        ]
      },
      "properties": {
        "name": "Capilla Sixtina - Muro del Juicio Final",
        "title": "Muro del Altar Mayor",
        "category": "monumento",
        "latitude": 41.902972119686495,
        "longitude": 12.454368701591664,
        "city": "Ciudad del Vaticano",
        "country": "Ciudad del Vaticano",
        "address": "Cortile del Belvedere, 00120 Ciudad del Vaticano",
        "date": "2023-10-15 10:30",
        "id": "REF-0008",
        "groundedFromAnchor": "Capilla Sixtina",
        "computedScore": 80,
        "h3Index": "891e80505c7ffff"
      }
    },
    {
      "type": "Feature",
      "geometry": {
        "type": "Point",
        "coordinates": [
          12.45471224381996,
          41.903209719881325
        ]
      },
      "properties": {
        "name": "Estancias de Rafael - Sala de la Signatura",
        "title": "Acceso Noreste Palacio Apostólico",
        "category": "actividad",
        "latitude": 41.903209719881325,
        "longitude": 12.45471224381996,
        "city": "Ciudad del Vaticano",
        "country": "Ciudad del Vaticano",
        "address": "Palacio Apostólico, 00120 Ciudad del Vaticano",
        "date": "2023-10-15 10:45",
        "id": "REF-0009",
        "groundedFromAnchor": "Capilla Sixtina",
        "computedScore": 113,
        "h3Index": "891e80505c7ffff"
      }
    },
    {
      "type": "Feature",
      "geometry": {
        "type": "Point",
        "coordinates": [
          12.454857938387786,
          41.90280804807546
        ]
      },
      "properties": {
        "name": "Sala Regia - Acceso Vestíbulo Sixtino",
        "title": "Salón Ceremonial Vaticano",
        "category": "monumento",
        "latitude": 41.90280804807546,
        "longitude": 12.454857938387786,
        "city": "Ciudad del Vaticano",
        "country": "Ciudad del Vaticano",
        "address": "Palazzo Apostolico, 00120 Ciudad del Vaticano",
        "date": "2023-10-15 11:00",
        "id": "REF-0010",
        "groundedFromAnchor": "Capilla Sixtina",
        "computedScore": 79,
        "h3Index": "891e80505c7ffff"
      }
    },
    {
      "type": "Feature",
      "geometry": {
        "type": "Point",
        "coordinates": [
          12.454747168160822,
          41.902635170419906
        ]
      },
      "properties": {
        "name": "Capilla Sixtina - Acceso Sur",
        "title": "Entrada Principal a la Capilla Sixtina",
        "category": "monumento",
        "latitude": 41.902635170419906,
        "longitude": 12.454747168160822,
        "city": "Ciudad del Vaticano",
        "country": "Ciudad del Vaticano",
        "address": "Cortile del Pappagallo, 00120 Citta del Vaticano",
        "date": "2023-10-15 10:30",
        "id": "REF-0011",
        "groundedFromAnchor": "Capilla Sixtina",
        "computedScore": 83,
        "h3Index": "891e80505c7ffff"
      }
    },
    {
      "type": "Feature",
      "geometry": {
        "type": "Point",
        "coordinates": [
          12.454821357847923,
          41.903058689265855
        ]
      },
      "properties": {
        "name": "Galería de los Tapices - Salida Sixtina",
        "title": "Corredor de Acceso del Palacio Apostólico",
        "category": "monumento",
        "latitude": 41.903058689265855,
        "longitude": 12.454821357847923,
        "city": "Ciudad del Vaticano",
        "country": "Ciudad del Vaticano",
        "address": "Viale Vaticano, 00120 Citta del Vaticano",
        "date": "2023-10-15 11:15",
        "id": "REF-0012",
        "groundedFromAnchor": "Capilla Sixtina",
        "computedScore": 82,
        "h3Index": "891e80505c7ffff"
      }
    },
    {
      "type": "Feature",
      "geometry": {
        "type": "Point",
        "coordinates": [
          12.454661094392858,
          41.90332848745434
        ]
      },
      "properties": {
        "name": "Cortile del Belvedere - Mirador Norte Capilla",
        "title": "Patio Central con Vista al Complejo Sixtino",
        "category": "actividad",
        "latitude": 41.90332848745434,
        "longitude": 12.454661094392858,
        "city": "Ciudad del Vaticano",
        "country": "Ciudad del Vaticano",
        "address": "Cortile del Belvedere, 00120 Citta del Vaticano",
        "date": "2023-10-15 12:00",
        "id": "REF-0013",
        "groundedFromAnchor": "Capilla Sixtina",
        "computedScore": 83,
        "h3Index": "891e80505c7ffff"
      }
    },
    {
      "type": "Feature",
      "geometry": {
        "type": "Point",
        "coordinates": [
          12.454398044178763,
          41.90325381338157
        ]
      },
      "properties": {
        "name": "Capilla Paolina - Pasaje de Conexión",
        "title": "Corredor entre Capilla Paolina y Sixtina",
        "category": "monumento",
        "latitude": 41.90325381338157,
        "longitude": 12.454398044178763,
        "city": "Ciudad del Vaticano",
        "country": "Ciudad del Vaticano",
        "address": "Palazzo Apostolico, 00120 Citta del Vaticano",
        "date": "2023-10-15 14:10",
        "id": "REF-0014",
        "groundedFromAnchor": "Capilla Sixtina",
        "computedScore": 82,
        "h3Index": "891e80505c7ffff"
      }
    },
    {
      "type": "Feature",
      "geometry": {
        "type": "Point",
        "coordinates": [
          12.454733292177965,
          41.90259214527767
        ]
      },
      "properties": {
        "name": "Torre Borgia - Muro Exterior Sur",
        "title": "Base de la Torre Borgia e Inmediaciones",
        "category": "monumento",
        "latitude": 41.90259214527767,
        "longitude": 12.454733292177965,
        "city": "Ciudad del Vaticano",
        "country": "Ciudad del Vaticano",
        "address": "Cortile del Pappagallo Sur, 00120 Citta del Vaticano",
        "date": "2023-10-15 16:00",
        "id": "REF-0015",
        "groundedFromAnchor": "Capilla Sixtina",
        "computedScore": 83,
        "h3Index": "891e80505c7ffff"
      }
    },
    {
      "type": "Feature",
      "geometry": {
        "type": "Point",
        "coordinates": [
          12.453389,
          41.902682
        ]
      },
      "properties": {
        "name": "Basílica de San Pedro",
        "title": "Templo principal de la Cristiandad",
        "category": "monumento",
        "latitude": 41.902682,
        "longitude": 12.453389,
        "city": "Ciudad del Vaticano",
        "country": "Ciudad del Vaticano",
        "address": "Piazza San Pietro, 00120 Citta del Vaticano",
        "date": "2023-10-15 10:30",
        "id": "REF-0016",
        "groundedFromAnchor": "Basílica de San Pedro",
        "computedScore": 85,
        "h3Index": "891e80505c7ffff"
      }
    },
    {
      "type": "Feature",
      "geometry": {
        "type": "Point",
        "coordinates": [
          12.456662,
          41.902165
        ]
      },
      "properties": {
        "name": "Plaza de San Pedro",
        "title": "Plaza eliptica monumental con la columnata de Bernini",
        "category": "monumento",
        "latitude": 41.902165,
        "longitude": 12.456662,
        "city": "Ciudad del Vaticano",
        "country": "Ciudad del Vaticano",
        "address": "Piazza San Pietro, 00120 Citta del Vaticano",
        "date": "2023-10-15 11:15",
        "id": "REF-0017",
        "groundedFromAnchor": "Plaza de San Pedro",
        "computedScore": 83,
        "h3Index": "891e805051bffff"
      }
    },
    {
      "type": "Feature",
      "geometry": {
        "type": "Point",
        "coordinates": [
          12.453612,
          41.906487
        ]
      },
      "properties": {
        "name": "Museos Vaticanos y Capilla Sixtina",
        "title": "Entrada principal a los Museos Vaticanos",
        "category": "actividad",
        "latitude": 41.906487,
        "longitude": 12.453612,
        "city": "Ciudad del Vaticano",
        "country": "Ciudad del Vaticano",
        "address": "Viale Vaticano, 00165 Citta del Vaticano",
        "date": "2023-10-15 12:45",
        "id": "REF-0018",
        "groundedFromAnchor": "Museos Vaticanos",
        "computedScore": 90,
        "h3Index": "891e805058bffff"
      }
    },
    {
      "type": "Feature",
      "geometry": {
        "type": "Point",
        "coordinates": [
          12.448523,
          41.903811
        ]
      },
      "properties": {
        "name": "Jardines del Vaticano",
        "title": "Jardines urbanos y bosque renacentista",
        "category": "naturaleza",
        "latitude": 41.903811,
        "longitude": 12.448523,
        "city": "Ciudad del Vaticano",
        "country": "Ciudad del Vaticano",
        "address": "Casina Pio IV, 00120 Citta del Vaticano",
        "date": "2023-10-15 14:20",
        "id": "REF-0019",
        "groundedFromAnchor": "Jardines del Vaticano",
        "computedScore": 95,
        "h3Index": "891e80505c3ffff"
      }
    },
    {
      "type": "Feature",
      "geometry": {
        "type": "Point",
        "coordinates": [
          12.458215,
          41.903521
        ]
      },
      "properties": {
        "name": "Ristorante Arlu",
        "title": "Restaurante de cocina tradicional romana junto al Vaticano",
        "category": "restaurante",
        "latitude": 41.903521,
        "longitude": 12.458215,
        "city": "Roma",
        "country": "Italia",
        "address": "Borgo Pio 135, 00193 Roma",
        "date": "2023-10-15 15:00",
        "id": "REF-0020",
        "groundedFromAnchor": "Borgo Pio",
        "computedScore": 86,
        "h3Index": "891e8050513ffff"
      }
    },
    {
      "type": "Feature",
      "geometry": {
        "type": "Point",
        "coordinates": [
          12.45393,
          41.90212
        ]
      },
      "properties": {
        "name": "Basílica de San Pedro",
        "title": "Catedral insigne del Vaticano",
        "category": "monumento",
        "latitude": 41.90212,
        "longitude": 12.45393,
        "city": "Ciudad del Vaticano",
        "country": "Ciudad del Vaticano",
        "address": "Piazza San Pietro, 00120 Città del Vaticano",
        "date": "2023-10-12 10:30",
        "id": "REF-0021",
        "groundedFromAnchor": "Basílica de San Pedro",
        "computedScore": 85,
        "h3Index": "891e80505c7ffff"
      }
    },
    {
      "type": "Feature",
      "geometry": {
        "type": "Point",
        "coordinates": [
          12.45612,
          41.90223
        ]
      },
      "properties": {
        "name": "Plaza de San Pedro",
        "title": "Esplanada monumental de Bernini",
        "category": "monumento",
        "latitude": 41.90223,
        "longitude": 12.45612,
        "city": "Ciudad del Vaticano",
        "country": "Ciudad del Vaticano",
        "address": "Piazza San Pietro, 00120 Città del Vaticano",
        "date": "2023-10-12 11:15",
        "id": "REF-0022",
        "groundedFromAnchor": "Plaza de San Pedro",
        "computedScore": 83,
        "h3Index": "891e805051bffff"
      }
    },
    {
      "type": "Feature",
      "geometry": {
        "type": "Point",
        "coordinates": [
          12.45361,
          41.90649
        ]
      },
      "properties": {
        "name": "Museos Vaticanos",
        "title": "Complejo museológico vaticano",
        "category": "actividad",
        "latitude": 41.90649,
        "longitude": 12.45361,
        "city": "Ciudad del Vaticano",
        "country": "Ciudad del Vaticano",
        "address": "Viale Vaticano, 00120 Città del Vaticano",
        "date": "2023-10-12 12:45",
        "id": "REF-0023",
        "groundedFromAnchor": "Museos Vaticanos",
        "computedScore": 90,
        "h3Index": "891e805058bffff"
      }
    },
    {
      "type": "Feature",
      "geometry": {
        "type": "Point",
        "coordinates": [
          12.44911,
          41.90382
        ]
      },
      "properties": {
        "name": "Jardines del Vaticano",
        "title": "Espacio verde e histórico vaticano",
        "category": "naturaleza",
        "latitude": 41.90382,
        "longitude": 12.44911,
        "city": "Ciudad del Vaticano",
        "country": "Ciudad del Vaticano",
        "address": "Sierra de San Pedro, 00120 Città del Vaticano",
        "date": "2023-10-12 14:20",
        "id": "REF-0024",
        "groundedFromAnchor": "Jardines del Vaticano",
        "computedScore": 93,
        "h3Index": "891e80505c3ffff"
      }
    },
    {
      "type": "Feature",
      "geometry": {
        "type": "Point",
        "coordinates": [
          12.45448,
          41.90295
        ]
      },
      "properties": {
        "name": "Capilla Sixtina",
        "title": "Capilla del Palacio Apostólico",
        "category": "monumento",
        "latitude": 41.90295,
        "longitude": 12.45448,
        "city": "Ciudad del Vaticano",
        "country": "Ciudad del Vaticano",
        "address": "Cortile del Belvedere, 00120 Città del Vaticano",
        "date": "2023-10-12 15:50",
        "id": "REF-0025",
        "groundedFromAnchor": "Basílica de San Pedro",
        "computedScore": 84,
        "h3Index": "891e80505c7ffff"
      }
    },
    {
      "type": "Feature",
      "geometry": {
        "type": "Point",
        "coordinates": [
          12.453937,
          41.902167
        ]
      },
      "properties": {
        "name": "Basílica de San Pedro",
        "title": "Basílica papal principal de la cristiandad",
        "category": "monumento",
        "latitude": 41.902167,
        "longitude": 12.453937,
        "city": "Ciudad del Vaticano",
        "country": "Ciudad del Vaticano",
        "address": "Piazza San Pietro, 00120 Città del Vaticano",
        "date": "2023-10-14 10:30",
        "id": "REF-0026",
        "groundedFromAnchor": "Basílica de San Pedro",
        "computedScore": 84,
        "h3Index": "891e80505c7ffff"
      }
    },
    {
      "type": "Feature",
      "geometry": {
        "type": "Point",
        "coordinates": [
          12.457222,
          41.902222
        ]
      },
      "properties": {
        "name": "Plaza de San Pedro",
        "title": "Plaza elíptica frente a la Basílica de San Pedro",
        "category": "monumento",
        "latitude": 41.902222,
        "longitude": 12.457222,
        "city": "Ciudad del Vaticano",
        "country": "Ciudad del Vaticano",
        "address": "Piazza San Pietro, 00120 Città del Vaticano",
        "date": "2023-10-14 11:45",
        "id": "REF-0027",
        "groundedFromAnchor": "Plaza de San Pedro",
        "computedScore": 82,
        "h3Index": "891e805051bffff"
      }
    },
    {
      "type": "Feature",
      "geometry": {
        "type": "Point",
        "coordinates": [
          12.454444,
          41.906389
        ]
      },
      "properties": {
        "name": "Museos Vaticanos",
        "title": "Complejo museístico pontificio",
        "category": "actividad",
        "latitude": 41.906389,
        "longitude": 12.454444,
        "city": "Ciudad del Vaticano",
        "country": "Ciudad del Vaticano",
        "address": "Viale Vaticano, 00120 Città del Vaticano",
        "date": "2023-10-14 14:15",
        "id": "REF-0028",
        "groundedFromAnchor": "Museos Vaticanos",
        "computedScore": 89,
        "h3Index": "891e805058bffff"
      }
    },
    {
      "type": "Feature",
      "geometry": {
        "type": "Point",
        "coordinates": [
          12.450278,
          41.903611
        ]
      },
      "properties": {
        "name": "Jardines del Vaticano",
        "title": "Jardines urbanos e históricos del Estado Vaticano",
        "category": "naturaleza",
        "latitude": 41.903611,
        "longitude": 12.450278,
        "city": "Ciudad del Vaticano",
        "country": "Ciudad del Vaticano",
        "address": "Viale dell'Apostolato, 00120 Città del Vaticano",
        "date": "2023-10-14 15:30",
        "id": "REF-0029",
        "groundedFromAnchor": "Jardines del Vaticano",
        "computedScore": 94,
        "h3Index": "891e80505c3ffff"
      }
    },
    {
      "type": "Feature",
      "geometry": {
        "type": "Point",
        "coordinates": [
          12.454444,
          41.903056
        ]
      },
      "properties": {
        "name": "Capilla Sixtina",
        "title": "Capilla del Palacio Apostólico",
        "category": "monumento",
        "latitude": 41.903056,
        "longitude": 12.454444,
        "city": "Ciudad del Vaticano",
        "country": "Ciudad del Vaticano",
        "address": "Palacio Apostólico, 00120 Città del Vaticano",
        "date": "2023-10-14 16:45",
        "id": "REF-0030",
        "groundedFromAnchor": "Capilla Sixtina",
        "computedScore": 83,
        "h3Index": "891e80505c7ffff"
      }
    },
    {
      "type": "Feature",
      "geometry": {
        "type": "Point",
        "coordinates": [
          12.45447351993484,
          41.90307558307111
        ]
      },
      "properties": {
        "name": "Capilla Sixtina - Bóveda Miguel Ángel",
        "title": "Fresco del Juicio Final",
        "category": "monumento",
        "latitude": 41.90307558307111,
        "longitude": 12.45447351993484,
        "city": "Ciudad del Vaticano",
        "country": "Ciudad del Vaticano",
        "address": "Cortile del Belvedere, 00120 Città del Vaticano",
        "date": "2024-05-15 11:30",
        "id": "REF-0031",
        "groundedFromAnchor": "Capilla Sixtina",
        "computedScore": 83,
        "h3Index": "891e80505c7ffff"
      }
    },
    {
      "type": "Feature",
      "geometry": {
        "type": "Point",
        "coordinates": [
          12.454675625140155,
          41.90317117047503
        ]
      },
      "properties": {
        "name": "Museos Vaticanos - Pasillo de acceso a la Capilla Sixtina",
        "title": "Galería de Exposición Norte",
        "category": "actividad",
        "latitude": 41.90317117047503,
        "longitude": 12.454675625140155,
        "city": "Ciudad del Vaticano",
        "country": "Ciudad del Vaticano",
        "address": "Viale Vaticano, 00165 Città del Vaticano",
        "date": "2024-05-15 11:45",
        "id": "REF-0032",
        "groundedFromAnchor": "Capilla Sixtina",
        "computedScore": 84,
        "h3Index": "891e80505c7ffff"
      }
    },
    {
      "type": "Feature",
      "geometry": {
        "type": "Point",
        "coordinates": [
          12.45421385231206,
          41.90308635096464
        ]
      },
      "properties": {
        "name": "Patio Borgia - Cercanías de la Capilla Sixtina",
        "title": "Patio Interior Apostólico",
        "category": "monumento",
        "latitude": 41.90308635096464,
        "longitude": 12.45421385231206,
        "city": "Ciudad del Vaticano",
        "country": "Ciudad del Vaticano",
        "address": "Cortile del Pappagallo, 00120 Città del Vaticano",
        "date": "2024-05-15 12:00",
        "id": "REF-0033",
        "groundedFromAnchor": "Capilla Sixtina",
        "computedScore": 83,
        "h3Index": "891e80505c7ffff"
      }
    },
    {
      "type": "Feature",
      "geometry": {
        "type": "Point",
        "coordinates": [
          12.454122324001535,
          41.90255893635337
        ]
      },
      "properties": {
        "name": "Paso de la Scala Regia hacia la Capilla Sixtina",
        "title": "Paso Palacial Sur",
        "category": "monumento",
        "latitude": 41.90255893635337,
        "longitude": 12.454122324001535,
        "city": "Ciudad del Vaticano",
        "country": "Ciudad del Vaticano",
        "address": "Palazzo Apostolico, 00120 Città del Vaticano",
        "date": "2024-05-15 12:15",
        "id": "REF-0034",
        "groundedFromAnchor": "Capilla Sixtina",
        "computedScore": 83,
        "h3Index": "891e80505c7ffff"
      }
    },
    {
      "type": "Feature",
      "geometry": {
        "type": "Point",
        "coordinates": [
          12.454782834910205,
          41.903157493846
        ]
      },
      "properties": {
        "name": "Sala Ducale y Entrada Oriental Sixtina",
        "title": "Antecámara Papal",
        "category": "monumento",
        "latitude": 41.903157493846,
        "longitude": 12.454782834910205,
        "city": "Ciudad del Vaticano",
        "country": "Ciudad del Vaticano",
        "address": "Palazzi Pontifici, 00120 Città del Vaticano",
        "date": "2024-05-15 12:30",
        "id": "REF-0035",
        "groundedFromAnchor": "Capilla Sixtina",
        "computedScore": 81,
        "h3Index": "891e80505c7ffff"
      }
    },
    {
      "type": "Feature",
      "geometry": {
        "type": "Point",
        "coordinates": [
          12.454791397616196,
          41.903271642117105
        ]
      },
      "properties": {
        "name": "Museos Vaticanos - Salida Capilla Sixtina",
        "title": "Acceso norte a la Capilla Sixtina",
        "category": "monumento",
        "latitude": 41.903271642117105,
        "longitude": 12.454791397616196,
        "city": "Ciudad del Vaticano",
        "country": "Ciudad del Vaticano",
        "address": "Viale Vaticano, 00120 Ciudad del Vaticano",
        "date": "2023-10-14 10:15",
        "id": "REF-0036",
        "groundedFromAnchor": "Capilla Sixtina",
        "computedScore": 83,
        "h3Index": "891e80505c7ffff"
      }
    },
    {
      "type": "Feature",
      "geometry": {
        "type": "Point",
        "coordinates": [
          12.454702245882995,
          41.90299359207884
        ]
      },
      "properties": {
        "name": "Capilla Sixtina - Portal del Juicio Final",
        "title": "Pared Este de la Capilla Sixtina",
        "category": "monumento",
        "latitude": 41.90299359207884,
        "longitude": 12.454702245882995,
        "city": "Ciudad del Vaticano",
        "country": "Ciudad del Vaticano",
        "address": "Città del Vaticano, 00120",
        "date": "2023-10-14 11:30",
        "id": "REF-0037",
        "groundedFromAnchor": "Capilla Sixtina",
        "computedScore": 80,
        "h3Index": "891e80505c7ffff"
      }
    },
    {
      "type": "Feature",
      "geometry": {
        "type": "Point",
        "coordinates": [
          12.454868922041761,
          41.90318368393909
        ]
      },
      "properties": {
        "name": "Galería de Conexión Sixtina - Palacio Apostólico",
        "title": "Pasillo de acceso oriental",
        "category": "monumento",
        "latitude": 41.90318368393909,
        "longitude": 12.454868922041761,
        "city": "Ciudad del Vaticano",
        "country": "Ciudad del Vaticano",
        "address": "Cortile del Belvedere s/n, 00120",
        "date": "2023-10-14 12:10",
        "id": "REF-0038",
        "groundedFromAnchor": "Capilla Sixtina",
        "computedScore": 82,
        "h3Index": "891e80505c7ffff"
      }
    },
    {
      "type": "Feature",
      "geometry": {
        "type": "Point",
        "coordinates": [
          12.454599265126355,
          41.90275359376302
        ]
      },
      "properties": {
        "name": "Muro Sur de la Capilla Sixtina - Giardino Quadrato",
        "title": "Perímetro sur exterior de la nave",
        "category": "monumento",
        "latitude": 41.90275359376302,
        "longitude": 12.454599265126355,
        "city": "Ciudad del Vaticano",
        "country": "Ciudad del Vaticano",
        "address": "Via delle Fondamenta, 00120",
        "date": "2023-10-14 14:05",
        "id": "REF-0039",
        "groundedFromAnchor": "Capilla Sixtina",
        "computedScore": 84,
        "h3Index": "891e80505c7ffff"
      }
    },
    {
      "type": "Feature",
      "geometry": {
        "type": "Point",
        "coordinates": [
          12.45440788349871,
          41.90295047955294
        ]
      },
      "properties": {
        "name": "Nave Central de la Capilla Sixtina - Altas Bóvedas",
        "title": "Centro de la Capilla Sixtina",
        "category": "monumento",
        "latitude": 41.90295047955294,
        "longitude": 12.45440788349871,
        "city": "Ciudad del Vaticano",
        "country": "Ciudad del Vaticano",
        "address": "Cortile del Belvedere, 00120 Ciudad del Vaticano",
        "date": "2023-10-14 15:30",
        "id": "REF-0040",
        "groundedFromAnchor": "Capilla Sixtina",
        "computedScore": 81,
        "h3Index": "891e80505c7ffff"
      }
    },
    {
      "type": "Feature",
      "geometry": {
        "type": "Point",
        "coordinates": [
          12.45439328595517,
          41.90266018948026
        ]
      },
      "properties": {
        "name": "Capilla Sixtina - Nave Principal",
        "title": "Bóveda y Juicio Final de Miguel Ángel",
        "category": "monumento",
        "latitude": 41.90266018948026,
        "longitude": 12.45439328595517,
        "city": "Ciudad del Vaticano",
        "country": "Ciudad del Vaticano",
        "address": "Viale Vaticano, 00165 Citta del Vaticano",
        "date": "2023-10-15 11:30",
        "id": "REF-0041",
        "groundedFromAnchor": "Capilla Sixtina",
        "computedScore": 83,
        "h3Index": "891e80505c7ffff"
      }
    },
    {
      "type": "Feature",
      "geometry": {
        "type": "Point",
        "coordinates": [
          12.454732727095783,
          41.90296950746687
        ]
      },
      "properties": {
        "name": "Cortile del Belvedere - Galería de Acceso",
        "title": "Acceso Este a la Capilla Sixtina",
        "category": "monumento",
        "latitude": 41.90296950746687,
        "longitude": 12.454732727095783,
        "city": "Ciudad del Vaticano",
        "country": "Ciudad del Vaticano",
        "address": "Cortile del Belvedere, 00165 Citta del Vaticano",
        "date": "2023-10-15 11:45",
        "id": "REF-0042",
        "groundedFromAnchor": "Capilla Sixtina",
        "computedScore": 86,
        "h3Index": "891e80505c7ffff"
      }
    },
    {
      "type": "Feature",
      "geometry": {
        "type": "Point",
        "coordinates": [
          12.45436806529698,
          41.90275867382266
        ]
      },
      "properties": {
        "name": "Sala Regia - Conexión Palacio Apostólico",
        "title": "Acceso Ceremonial Privado a la Sixtina",
        "category": "monumento",
        "latitude": 41.90275867382266,
        "longitude": 12.45436806529698,
        "city": "Ciudad del Vaticano",
        "country": "Ciudad del Vaticano",
        "address": "Palazzo Apostolico, 00165 Citta del Vaticano",
        "date": "2023-10-15 12:00",
        "id": "REF-0043",
        "groundedFromAnchor": "Capilla Sixtina",
        "computedScore": 80,
        "h3Index": "891e80505c7ffff"
      }
    },
    {
      "type": "Feature",
      "geometry": {
        "type": "Point",
        "coordinates": [
          12.454219913624291,
          41.903341696583574
        ]
      },
      "properties": {
        "name": "Galería de los Mapas - Tramo Norte hacia Sixtina",
        "title": "Pasillo de Conexión de Museos Vaticanos",
        "category": "actividad",
        "latitude": 41.903341696583574,
        "longitude": 12.454219913624291,
        "city": "Ciudad del Vaticano",
        "country": "Ciudad del Vaticano",
        "address": "Viale Vaticano, 00165 Citta del Vaticano",
        "date": "2023-10-15 12:15",
        "id": "REF-0044",
        "groundedFromAnchor": "Capilla Sixtina",
        "computedScore": 83,
        "h3Index": "891e80505c7ffff"
      }
    },
    {
      "type": "Feature",
      "geometry": {
        "type": "Point",
        "coordinates": [
          12.45415001312997,
          41.90321965683707
        ]
      },
      "properties": {
        "name": "Capilla Paulina - Salida Oeste",
        "title": "Capilla Conexa del Palacio Apostólico",
        "category": "monumento",
        "latitude": 41.90321965683707,
        "longitude": 12.45415001312997,
        "city": "Ciudad del Vaticano",
        "country": "Ciudad del Vaticano",
        "address": "Palazzo Apostolico, 00165 Citta del Vaticano",
        "date": "2023-10-15 12:30",
        "id": "REF-0045",
        "groundedFromAnchor": "Capilla Sixtina",
        "computedScore": 80,
        "h3Index": "891e80505c7ffff"
      }
    },
    {
      "type": "Feature",
      "geometry": {
        "type": "Point",
        "coordinates": [
          12.454106123025044,
          41.90266486755673
        ]
      },
      "properties": {
        "name": "Capilla Sixtina - Bóveda de Miguel Ángel",
        "title": "Frescos renacentistas de la Bóveda",
        "category": "monumento",
        "latitude": 41.90266486755673,
        "longitude": 12.454106123025044,
        "city": "Ciudad del Vaticano",
        "country": "Ciudad del Vaticano",
        "address": "Cortile del Pappagallo, 00120 Città del Vaticano",
        "date": "2023-10-15 10:30",
        "id": "REF-0046",
        "groundedFromAnchor": "Capilla Sixtina",
        "computedScore": 83,
        "h3Index": "891e80505c7ffff"
      }
    },
    {
      "type": "Feature",
      "geometry": {
        "type": "Point",
        "coordinates": [
          12.454357287166353,
          41.90257766125755
        ]
      },
      "properties": {
        "name": "Juicio Final de Miguel Ángel",
        "title": "Mural del Juicio Final en el Altar",
        "category": "monumento",
        "latitude": 41.90257766125755,
        "longitude": 12.454357287166353,
        "city": "Ciudad del Vaticano",
        "country": "Ciudad del Vaticano",
        "address": "Pared del Altar, Capilla Sixtina, 00120 Città del Vaticano",
        "date": "2023-10-15 11:15",
        "id": "REF-0047",
        "groundedFromAnchor": "Capilla Sixtina",
        "computedScore": 81,
        "h3Index": "891e80505c7ffff"
      }
    },
    {
      "type": "Feature",
      "geometry": {
        "type": "Point",
        "coordinates": [
          12.454675686214097,
          41.90327245364451
        ]
      },
      "properties": {
        "name": "Cortile del Belvedere - Acceso Sixtina",
        "title": "Patio del Belvedere y paso a galerías",
        "category": "actividad",
        "latitude": 41.90327245364451,
        "longitude": 12.454675686214097,
        "city": "Ciudad del Vaticano",
        "country": "Ciudad del Vaticano",
        "address": "Viale Vaticano, 00120 Città del Vaticano",
        "date": "2023-10-15 12:00",
        "id": "REF-0048",
        "groundedFromAnchor": "Capilla Sixtina",
        "computedScore": 88,
        "h3Index": "891e80505c7ffff"
      }
    },
    {
      "type": "Feature",
      "geometry": {
        "type": "Point",
        "coordinates": [
          12.454521407214507,
          41.90305922568797
        ]
      },
      "properties": {
        "name": "Cortile della Pigna - Cafetería Museos Vaticanos",
        "title": "Área de descanso y restauración",
        "category": "restaurante",
        "latitude": 41.90305922568797,
        "longitude": 12.454521407214507,
        "city": "Ciudad del Vaticano",
        "country": "Ciudad del Vaticano",
        "address": "Cortile della Pigna, 00120 Città del Vaticano",
        "date": "2023-10-15 13:10",
        "id": "REF-0049",
        "groundedFromAnchor": "Capilla Sixtina",
        "computedScore": 90,
        "h3Index": "891e80505c7ffff"
      }
    },
    {
      "type": "Feature",
      "geometry": {
        "type": "Point",
        "coordinates": [
          12.454114507923373,
          41.9029682676782
        ]
      },
      "properties": {
        "name": "Sala Regia y Vestíbulo del Palacio Apostólico",
        "title": "Paso de acceso reservado hacia la Capilla Sixtina",
        "category": "monumento",
        "latitude": 41.9029682676782,
        "longitude": 12.454114507923373,
        "city": "Ciudad del Vaticano",
        "country": "Ciudad del Vaticano",
        "address": "Palazzo Apostolico, Cortile del Maresciallo, 00120 Città del Vaticano",
        "date": "2023-10-15 14:05",
        "id": "REF-0050",
        "groundedFromAnchor": "Capilla Sixtina",
        "computedScore": 80,
        "h3Index": "891e80505c7ffff"
      }
    },
    {
      "type": "Feature",
      "geometry": {
        "type": "Point",
        "coordinates": [
          12.45484941186757,
          41.90276568065822
        ]
      },
      "properties": {
        "name": "Capilla Sixtina - Bóveda Central",
        "title": "Techo de la Capilla Sixtina",
        "category": "monumento",
        "latitude": 41.90276568065822,
        "longitude": 12.45484941186757,
        "city": "Ciudad del Vaticano",
        "country": "Ciudad del Vaticano",
        "address": "Viale Vaticano, 00120 Città del Vaticano",
        "date": "2023-10-15 11:30",
        "id": "REF-0051",
        "groundedFromAnchor": "Capilla Sixtina",
        "computedScore": 83,
        "h3Index": "891e80505c7ffff"
      }
    },
    {
      "type": "Feature",
      "geometry": {
        "type": "Point",
        "coordinates": [
          12.454500579832738,
          41.90301272974809
        ]
      },
      "properties": {
        "name": "Capilla Sixtina - Muro del Juicio Final",
        "title": "Fresco del Juicio Final",
        "category": "monumento",
        "latitude": 41.90301272974809,
        "longitude": 12.454500579832738,
        "city": "Ciudad del Vaticano",
        "country": "Ciudad del Vaticano",
        "address": "Cortile del Belvedere, 00120 Città del Vaticano",
        "date": "2023-10-15 11:35",
        "id": "REF-0052",
        "groundedFromAnchor": "Capilla Sixtina",
        "computedScore": 81,
        "h3Index": "891e80505c7ffff"
      }
    },
    {
      "type": "Feature",
      "geometry": {
        "type": "Point",
        "coordinates": [
          12.454674092731446,
          41.9029883845713
        ]
      },
      "properties": {
        "name": "Galería de los Tapices - Acceso Sixtina",
        "title": "Pasaje hacia la Capilla Sixtina",
        "category": "actividad",
        "latitude": 41.9029883845713,
        "longitude": 12.454674092731446,
        "city": "Ciudad del Vaticano",
        "country": "Ciudad del Vaticano",
        "address": "Viale Vaticano, 00120 Città del Vaticano",
        "date": "2023-10-15 11:40",
        "id": "REF-0053",
        "groundedFromAnchor": "Capilla Sixtina",
        "computedScore": 83,
        "h3Index": "891e80505c7ffff"
      }
    },
    {
      "type": "Feature",
      "geometry": {
        "type": "Point",
        "coordinates": [
          12.454468466080868,
          41.90334184962462
        ]
      },
      "properties": {
        "name": "Patio del Belvedere - Muro Norte Sixtina",
        "title": "Exterior Norte de la Capilla Sixtina",
        "category": "monumento",
        "latitude": 41.90334184962462,
        "longitude": 12.454468466080868,
        "city": "Ciudad del Vaticano",
        "country": "Ciudad del Vaticano",
        "address": "Cortile del Belvedere, 00120 Città del Vaticano",
        "date": "2023-10-15 11:45",
        "id": "REF-0054",
        "groundedFromAnchor": "Capilla Sixtina",
        "computedScore": 82,
        "h3Index": "891e80505c7ffff"
      }
    },
    {
      "type": "Feature",
      "geometry": {
        "type": "Point",
        "coordinates": [
          12.454599455373412,
          41.90265424369591
        ]
      },
      "properties": {
        "name": "Sala Regia - Palacio Apostólico",
        "title": "Acceso Privado al Conclave",
        "category": "monumento",
        "latitude": 41.90265424369591,
        "longitude": 12.454599455373412,
        "city": "Ciudad del Vaticano",
        "country": "Ciudad del Vaticano",
        "address": "Piazza San Pietro, 00120 Città del Vaticano",
        "date": "2023-10-15 11:50",
        "id": "REF-0055",
        "groundedFromAnchor": "Capilla Sixtina",
        "computedScore": 81,
        "h3Index": "891e80505c7ffff"
      }
    },
    {
      "type": "Feature",
      "geometry": {
        "type": "Point",
        "coordinates": [
          12.454616022522863,
          41.90262778435418
        ]
      },
      "properties": {
        "name": "Bóveda de la Capilla Sixtina - La Creación de Adán",
        "title": "Fresco central de Miguel Ángel",
        "category": "monumento",
        "latitude": 41.90262778435418,
        "longitude": 12.454616022522863,
        "city": "Ciudad del Vaticano",
        "country": "Ciudad del Vaticano",
        "address": "Viale Vaticano, 00120 Città del Vaticano",
        "date": "2023-10-14 11:30",
        "id": "REF-0056",
        "groundedFromAnchor": "Capilla Sixtina",
        "computedScore": 83,
        "h3Index": "891e80505c7ffff"
      }
    },
    {
      "type": "Feature",
      "geometry": {
        "type": "Point",
        "coordinates": [
          12.454650817890874,
          41.90324187898233
        ]
      },
      "properties": {
        "name": "Galería de Acceso a la Capilla Sixtina - Pared Norte",
        "title": "Corredor de conexión con el Palacio Apostólico",
        "category": "monumento",
        "latitude": 41.90324187898233,
        "longitude": 12.454650817890874,
        "city": "Ciudad del Vaticano",
        "country": "Ciudad del Vaticano",
        "address": "Cortile del Belvedere, 00120 Città del Vaticano",
        "date": "2023-10-14 11:45",
        "id": "REF-0057",
        "groundedFromAnchor": "Capilla Sixtina",
        "computedScore": 83,
        "h3Index": "891e80505c7ffff"
      }
    },
    {
      "type": "Feature",
      "geometry": {
        "type": "Point",
        "coordinates": [
          12.45449133911356,
          41.90300218644109
        ]
      },
      "properties": {
        "name": "El Juicio Final - Pared Altar Capilla Sixtina",
        "title": "Mural monumental del Juicio Final",
        "category": "monumento",
        "latitude": 41.90300218644109,
        "longitude": 12.45449133911356,
        "city": "Ciudad del Vaticano",
        "country": "Ciudad del Vaticano",
        "address": "Capilla Sixtina, 00120 Città del Vaticano",
        "date": "2023-10-14 12:00",
        "id": "REF-0058",
        "groundedFromAnchor": "Capilla Sixtina",
        "computedScore": 80,
        "h3Index": "891e80505c7ffff"
      }
    },
    {
      "type": "Feature",
      "geometry": {
        "type": "Point",
        "coordinates": [
          12.45445063374785,
          41.902674763183036
        ]
      },
      "properties": {
        "name": "Pasaje Sur del Palacio Apostólico",
        "title": "Salida VIP hacia las Estancias de Rafael",
        "category": "monumento",
        "latitude": 41.902674763183036,
        "longitude": 12.45445063374785,
        "city": "Ciudad del Vaticano",
        "country": "Ciudad del Vaticano",
        "address": "Via delle Fondamenta, 00120 Città del Vaticano",
        "date": "2023-10-14 12:15",
        "id": "REF-0059",
        "groundedFromAnchor": "Capilla Sixtina",
        "computedScore": 83,
        "h3Index": "891e80505c7ffff"
      }
    },
    {
      "type": "Feature",
      "geometry": {
        "type": "Point",
        "coordinates": [
          12.454440948352307,
          41.902876491782955
        ]
      },
      "properties": {
        "name": "Patio del Belvedere - Acceso Capilla Sixtina",
        "title": "Punto de control de flujo de visitantes",
        "category": "actividad",
        "latitude": 41.902876491782955,
        "longitude": 12.454440948352307,
        "city": "Ciudad del Vaticano",
        "country": "Ciudad del Vaticano",
        "address": "Cortile del Belvedere, 00120 Città del Vaticano",
        "date": "2023-10-14 12:30",
        "id": "REF-0060",
        "groundedFromAnchor": "Capilla Sixtina",
        "computedScore": 88,
        "h3Index": "891e80505c7ffff"
      }
    },
    {
      "type": "Feature",
      "geometry": {
        "type": "Point",
        "coordinates": [
          12.454161546084187,
          41.902780480804076
        ]
      },
      "properties": {
        "name": "Capilla Sixtina - Sala Regia / Acceso Oeste",
        "title": "Entrada interior a la Capilla Sixtina",
        "category": "monumento",
        "latitude": 41.902780480804076,
        "longitude": 12.454161546084187,
        "city": "Ciudad del Vaticano",
        "country": "Ciudad del Vaticano",
        "address": "Cortile del Belvedere, 00120 Città del Vaticano",
        "date": "2023-10-14 11:30",
        "id": "REF-0061",
        "groundedFromAnchor": "Capilla Sixtina",
        "computedScore": 82,
        "h3Index": "891e80505c7ffff"
      }
    },
    {
      "type": "Feature",
      "geometry": {
        "type": "Point",
        "coordinates": [
          12.45442109545038,
          41.90285677974111
        ]
      },
      "properties": {
        "name": "Frescos del Juicio Final de Miguel Ángel",
        "title": "Altar Mayor y Bóveda Sixtina",
        "category": "monumento",
        "latitude": 41.90285677974111,
        "longitude": 12.45442109545038,
        "city": "Ciudad del Vaticano",
        "country": "Ciudad del Vaticano",
        "address": "Viale Vaticano, 00120 Città del Vaticano",
        "date": "2023-10-14 11:35",
        "id": "REF-0062",
        "groundedFromAnchor": "Capilla Sixtina",
        "computedScore": 80,
        "h3Index": "891e80505c7ffff"
      }
    },
    {
      "type": "Feature",
      "geometry": {
        "type": "Point",
        "coordinates": [
          12.454655480778168,
          41.90256373268781
        ]
      },
      "properties": {
        "name": "Cappella Paolina - Palacios Apostólicos",
        "title": "Capilla adyacente en el Palacio Apostólico",
        "category": "monumento",
        "latitude": 41.90256373268781,
        "longitude": 12.454655480778168,
        "city": "Ciudad del Vaticano",
        "country": "Ciudad del Vaticano",
        "address": "Cortile San Damaso, 00120 Città del Vaticano",
        "date": "2023-10-14 11:40",
        "id": "REF-0063",
        "groundedFromAnchor": "Capilla Sixtina",
        "computedScore": 79,
        "h3Index": "891e80505c7ffff"
      }
    },
    {
      "type": "Feature",
      "geometry": {
        "type": "Point",
        "coordinates": [
          12.454399998592827,
          41.90286009258765
        ]
      },
      "properties": {
        "name": "Bóveda de la Capilla Sixtina - Creación de Adán",
        "title": "Bóveda Central de la Capilla Sixtina",
        "category": "actividad",
        "latitude": 41.90286009258765,
        "longitude": 12.454399998592827,
        "city": "Ciudad del Vaticano",
        "country": "Ciudad del Vaticano",
        "address": "Musei Vaticani, 00120 Città del Vaticano",
        "date": "2023-10-14 11:42",
        "id": "REF-0064",
        "groundedFromAnchor": "Capilla Sixtina",
        "computedScore": 81,
        "h3Index": "891e80505c7ffff"
      }
    },
    {
      "type": "Feature",
      "geometry": {
        "type": "Point",
        "coordinates": [
          12.454432324406257,
          41.90278549012122
        ]
      },
      "properties": {
        "name": "Coro de la Capilla Sixtina (Cantoria)",
        "title": "Zona del Coro Papal",
        "category": "monumento",
        "latitude": 41.90278549012122,
        "longitude": 12.454432324406257,
        "city": "Ciudad del Vaticano",
        "country": "Ciudad del Vaticano",
        "address": "Via Vaticano, 00120 Città del Vaticano",
        "date": "2023-10-14 11:45",
        "id": "REF-0065",
        "groundedFromAnchor": "Capilla Sixtina",
        "computedScore": 79,
        "h3Index": "891e80505c7ffff"
      }
    },
    {
      "type": "Feature",
      "geometry": {
        "type": "Point",
        "coordinates": [
          12.45410915342606,
          41.90282133937014
        ]
      },
      "properties": {
        "name": "Ingreso a la Capilla Sixtina desde la Cappella Paolina",
        "title": "Acceso Sur Capilla Sixtina",
        "category": "monumento",
        "latitude": 41.90282133937014,
        "longitude": 12.45410915342606,
        "city": "Ciudad del Vaticano",
        "country": "Ciudad del Vaticano",
        "address": "Viale Vaticano, 00120 Ciudad del Vaticano",
        "date": "2023-10-15 10:30",
        "id": "REF-0066",
        "groundedFromAnchor": "Capilla Sixtina",
        "computedScore": 82,
        "h3Index": "891e80505c7ffff"
      }
    },
    {
      "type": "Feature",
      "geometry": {
        "type": "Point",
        "coordinates": [
          12.454166694089585,
          41.9033110706893
        ]
      },
      "properties": {
        "name": "Galería de los Tapices y Pasaje Norte",
        "title": "Pasillo de Conexión Museos Vaticanos",
        "category": "actividad",
        "latitude": 41.9033110706893,
        "longitude": 12.454166694089585,
        "city": "Ciudad del Vaticano",
        "country": "Ciudad del Vaticano",
        "address": "Cortile del Belvedere, 00120 Ciudad del Vaticano",
        "date": "2023-10-15 11:15",
        "id": "REF-0067",
        "groundedFromAnchor": "Capilla Sixtina",
        "computedScore": 83,
        "h3Index": "891e80505c7ffff"
      }
    },
    {
      "type": "Feature",
      "geometry": {
        "type": "Point",
        "coordinates": [
          12.454527613541226,
          41.90256876162409
        ]
      },
      "properties": {
        "name": "Sala Regia del Palacio Apostólico",
        "title": "Vestíbulo de Estado Apostólico",
        "category": "monumento",
        "latitude": 41.90256876162409,
        "longitude": 12.454527613541226,
        "city": "Ciudad del Vaticano",
        "country": "Ciudad del Vaticano",
        "address": "Palazzo Apostolico, 00120 Ciudad del Vaticano",
        "date": "2023-10-15 12:00",
        "id": "REF-0068",
        "groundedFromAnchor": "Capilla Sixtina",
        "computedScore": 80,
        "h3Index": "891e80505c7ffff"
      }
    },
    {
      "type": "Feature",
      "geometry": {
        "type": "Point",
        "coordinates": [
          12.454799985501301,
          41.902808926460935
        ]
      },
      "properties": {
        "name": "Cortile San Damaso",
        "title": "Patio de San Dámaso",
        "category": "monumento",
        "latitude": 41.902808926460935,
        "longitude": 12.454799985501301,
        "city": "Ciudad del Vaticano",
        "country": "Ciudad del Vaticano",
        "address": "Cortile di San Damaso, 00120 Ciudad del Vaticano",
        "date": "2023-10-15 14:20",
        "id": "REF-0069",
        "groundedFromAnchor": "Capilla Sixtina",
        "computedScore": 84,
        "h3Index": "891e80505c7ffff"
      }
    },
    {
      "type": "Feature",
      "geometry": {
        "type": "Point",
        "coordinates": [
          12.454319269449714,
          41.903007067623946
        ]
      },
      "properties": {
        "name": "Bóveda y Juicio Final de la Capilla Sixtina",
        "title": "Nave Central Capilla Sixtina",
        "category": "monumento",
        "latitude": 41.903007067623946,
        "longitude": 12.454319269449714,
        "city": "Ciudad del Vaticano",
        "country": "Ciudad del Vaticano",
        "address": "Via Mascherino, 00120 Ciudad del Vaticano",
        "date": "2023-10-15 15:45",
        "id": "REF-0070",
        "groundedFromAnchor": "Capilla Sixtina",
        "computedScore": 84,
        "h3Index": "891e80505c7ffff"
      }
    },
    {
      "type": "Feature",
      "geometry": {
        "type": "Point",
        "coordinates": [
          12.453300507661456,
          41.902539802868965
        ]
      },
      "properties": {
        "name": "Basílica Papal de San Pedro",
        "title": "Templo mayor de la cristiandad",
        "category": "monumento",
        "latitude": 41.902539802868965,
        "longitude": 12.453300507661456,
        "city": "Ciudad del Vaticano",
        "country": "Ciudad del Vaticano",
        "address": "Piazza San Pietro, 00120 Città del Vaticano",
        "date": "2023-10-15 10:30",
        "id": "REF-0071",
        "groundedFromAnchor": "Basílica de San Pedro",
        "computedScore": 85,
        "h3Index": "891e80505c7ffff"
      }
    },
    {
      "type": "Feature",
      "geometry": {
        "type": "Point",
        "coordinates": [
          12.457686177743483,
          41.90233569236012
        ]
      },
      "properties": {
        "name": "Plaza de San Pedro",
        "title": "Gran explanada con la columnata de Bernini",
        "category": "monumento",
        "latitude": 41.90233569236012,
        "longitude": 12.457686177743483,
        "city": "Ciudad del Vaticano",
        "country": "Ciudad del Vaticano",
        "address": "Piazza San Pietro, 00120 Città del Vaticano",
        "date": "2023-10-15 11:15",
        "id": "REF-0072",
        "groundedFromAnchor": "Plaza de San Pedro",
        "computedScore": 83,
        "h3Index": "891e8050513ffff"
      }
    },
    {
      "type": "Feature",
      "geometry": {
        "type": "Point",
        "coordinates": [
          12.453910991433137,
          41.906880573352204
        ]
      },
      "properties": {
        "name": "Museos Vaticanos - Acceso Viale Vaticano",
        "title": "Entrada principal a las galerías pontificias",
        "category": "actividad",
        "latitude": 41.906880573352204,
        "longitude": 12.453910991433137,
        "city": "Ciudad del Vaticano",
        "country": "Ciudad del Vaticano",
        "address": "Viale Vaticano, 00165 Città del Vaticano",
        "date": "2023-10-15 14:00",
        "id": "REF-0073",
        "groundedFromAnchor": "Museos Vaticanos",
        "computedScore": 89,
        "h3Index": "891e805058bffff"
      }
    },
    {
      "type": "Feature",
      "geometry": {
        "type": "Point",
        "coordinates": [
          12.454230727380594,
          41.902877243222775
        ]
      },
      "properties": {
        "name": "Capilla Sixtina",
        "title": "Recinto del cónclave y frescos de Miguel Ángel",
        "category": "monumento",
        "latitude": 41.902877243222775,
        "longitude": 12.454230727380594,
        "city": "Ciudad del Vaticano",
        "country": "Ciudad del Vaticano",
        "address": "Cortile del Belvedere, 00120 Città del Vaticano",
        "date": "2023-10-15 15:20",
        "id": "REF-0074",
        "groundedFromAnchor": "Capilla Sixtina",
        "computedScore": 80,
        "h3Index": "891e80505c7ffff"
      }
    },
    {
      "type": "Feature",
      "geometry": {
        "type": "Point",
        "coordinates": [
          12.450039348734476,
          41.90390234879197
        ]
      },
      "properties": {
        "name": "Jardines Vaticanos - Sector Casina Pio IV",
        "title": "Jardines botánicos y monumentales del Vaticano",
        "category": "naturaleza",
        "latitude": 41.90390234879197,
        "longitude": 12.450039348734476,
        "city": "Ciudad del Vaticano",
        "country": "Ciudad del Vaticano",
        "address": "Viale dell'Osservatorio, 00120 Città del Vaticano",
        "date": "2023-10-15 16:45",
        "id": "REF-0075",
        "groundedFromAnchor": "Jardines Vaticanos",
        "computedScore": 96,
        "h3Index": "891e80505c3ffff"
      }
    },
    {
      "type": "Feature",
      "geometry": {
        "type": "Point",
        "coordinates": [
          12.453704218839949,
          41.90241479944332
        ]
      },
      "properties": {
        "name": "Basílica de San Pedro",
        "title": "Fachada Principal y Atrio de San Pedro",
        "category": "monumento",
        "latitude": 41.90241479944332,
        "longitude": 12.453704218839949,
        "city": "Ciudad del Vaticano",
        "country": "Ciudad del Vaticano",
        "address": "Piazza San Pietro, 00120 Citta del Vaticano",
        "date": "2023-10-15 10:30",
        "id": "REF-0076",
        "groundedFromAnchor": "Basílica de San Pedro",
        "computedScore": 84,
        "h3Index": "891e80505c7ffff"
      }
    },
    {
      "type": "Feature",
      "geometry": {
        "type": "Point",
        "coordinates": [
          12.457197726054579,
          41.902027420578875
        ]
      },
      "properties": {
        "name": "Plaza de San Pedro",
        "title": "Columnata de Bernini y Obelisco Vaticano",
        "category": "monumento",
        "latitude": 41.902027420578875,
        "longitude": 12.457197726054579,
        "city": "Ciudad del Vaticano",
        "country": "Ciudad del Vaticano",
        "address": "Piazza San Pietro, 00120 Citta del Vaticano",
        "date": "2023-10-15 11:15",
        "id": "REF-0077",
        "groundedFromAnchor": "Plaza de San Pedro",
        "computedScore": 84,
        "h3Index": "891e805051bffff"
      }
    },
    {
      "type": "Feature",
      "geometry": {
        "type": "Point",
        "coordinates": [
          12.453422593600312,
          41.90663264293491
        ]
      },
      "properties": {
        "name": "Museos Vaticanos",
        "title": "Acceso Principal Viale Vaticano",
        "category": "actividad",
        "latitude": 41.90663264293491,
        "longitude": 12.453422593600312,
        "city": "Ciudad del Vaticano",
        "country": "Ciudad del Vaticano",
        "address": "Viale Vaticano, 00165 Citta del Vaticano",
        "date": "2023-10-15 12:45",
        "id": "REF-0078",
        "groundedFromAnchor": "Museos Vaticanos",
        "computedScore": 89,
        "h3Index": "891e80505d7ffff"
      }
    },
    {
      "type": "Feature",
      "geometry": {
        "type": "Point",
        "coordinates": [
          12.454557405104833,
          41.90295336040535
        ]
      },
      "properties": {
        "name": "Capilla Sixtina",
        "title": "Interior de la Capilla Sixtina y Palacio Apostólico",
        "category": "monumento",
        "latitude": 41.90295336040535,
        "longitude": 12.454557405104833,
        "city": "Ciudad del Vaticano",
        "country": "Ciudad del Vaticano",
        "address": "Cortile del Pappagallo, 00120 Citta del Vaticano",
        "date": "2023-10-15 14:20",
        "id": "REF-0079",
        "groundedFromAnchor": "Capilla Sixtina",
        "computedScore": 81,
        "h3Index": "891e80505c7ffff"
      }
    },
    {
      "type": "Feature",
      "geometry": {
        "type": "Point",
        "coordinates": [
          12.450037033739507,
          41.90379451263488
        ]
      },
      "properties": {
        "name": "Jardines Vaticanos",
        "title": "Jardines Franceses y Fuente del Águila",
        "category": "naturaleza",
        "latitude": 41.90379451263488,
        "longitude": 12.450037033739507,
        "city": "Ciudad del Vaticano",
        "country": "Ciudad del Vaticano",
        "address": "Viale dell'Esposizione, 00120 Citta del Vaticano",
        "date": "2023-10-15 16:00",
        "id": "REF-0080",
        "groundedFromAnchor": "Jardines Vaticanos",
        "computedScore": 94,
        "h3Index": "891e80505c3ffff"
      }
    },
    {
      "type": "Feature",
      "geometry": {
        "type": "Point",
        "coordinates": [
          12.453730729848838,
          41.90207737757657
        ]
      },
      "properties": {
        "name": "Basílica de San Pedro - Fachada Principal",
        "title": "Vista frontal de la Basílica de San Pedro",
        "category": "monumento",
        "latitude": 41.90207737757657,
        "longitude": 12.453730729848838,
        "city": "Ciudad del Vaticano",
        "country": "Ciudad del Vaticano",
        "address": "Piazza San Pietro, 00120 Città del Vaticano",
        "date": "2023-10-15 10:30",
        "id": "REF-0081",
        "groundedFromAnchor": "Basílica de San Pedro",
        "computedScore": 83,
        "h3Index": "891e80505c7ffff"
      }
    },
    {
      "type": "Feature",
      "geometry": {
        "type": "Point",
        "coordinates": [
          12.457152199074281,
          41.90234623873688
        ]
      },
      "properties": {
        "name": "Plaza de San Pedro - Obelisco Vaticano",
        "title": "Centro de la Plaza de San Pedro junto al Obelisco",
        "category": "monumento",
        "latitude": 41.90234623873688,
        "longitude": 12.457152199074281,
        "city": "Ciudad del Vaticano",
        "country": "Ciudad del Vaticano",
        "address": "Piazza San Pietro, 00120 Città del Vaticano",
        "date": "2023-10-15 11:15",
        "id": "REF-0082",
        "groundedFromAnchor": "Plaza de San Pedro",
        "computedScore": 83,
        "h3Index": "891e8050513ffff"
      }
    },
    {
      "type": "Feature",
      "geometry": {
        "type": "Point",
        "coordinates": [
          12.453463602030098,
          41.90664407176286
        ]
      },
      "properties": {
        "name": "Museos Vaticanos - Portal de Entrada Viale Vaticano",
        "title": "Acceso principal a los Museos Vaticanos",
        "category": "actividad",
        "latitude": 41.90664407176286,
        "longitude": 12.453463602030098,
        "city": "Ciudad del Vaticano",
        "country": "Ciudad del Vaticano",
        "address": "Viale Vaticano, 00165 Città del Vaticano",
        "date": "2023-10-15 12:45",
        "id": "REF-0083",
        "groundedFromAnchor": "Museos Vaticanos",
        "computedScore": 90,
        "h3Index": "891e80505d7ffff"
      }
    },
    {
      "type": "Feature",
      "geometry": {
        "type": "Point",
        "coordinates": [
          12.454574277587565,
          41.902640944569704
        ]
      },
      "properties": {
        "name": "Capilla Sixtina y Palacio Apostólico - Cortile del Belvedere",
        "title": "Fachada exterior contigua a la Capilla Sixtina",
        "category": "monumento",
        "latitude": 41.902640944569704,
        "longitude": 12.454574277587565,
        "city": "Ciudad del Vaticano",
        "country": "Ciudad del Vaticano",
        "address": "Cortile del Belvedere, 00120 Città del Vaticano",
        "date": "2023-10-15 14:20",
        "id": "REF-0084",
        "groundedFromAnchor": "Capilla Sixtina",
        "computedScore": 83,
        "h3Index": "891e80505c7ffff"
      }
    },
    {
      "type": "Feature",
      "geometry": {
        "type": "Point",
        "coordinates": [
          12.450142074983669,
          41.903861589289946
        ]
      },
      "properties": {
        "name": "Jardines Vaticanos - Sector Fontana dell'Aquilone",
        "title": "Zona boscosa y fuentes de los Jardines Vaticanos",
        "category": "naturaleza",
        "latitude": 41.903861589289946,
        "longitude": 12.450142074983669,
        "city": "Ciudad del Vaticano",
        "country": "Ciudad del Vaticano",
        "address": "Giardini Vaticani, 00120 Città del Vaticano",
        "date": "2023-10-15 16:00",
        "id": "REF-0085",
        "groundedFromAnchor": "Jardines Vaticanos",
        "computedScore": 93,
        "h3Index": "891e80505c3ffff"
      }
    },
    {
      "type": "Feature",
      "geometry": {
        "type": "Point",
        "coordinates": [
          12.453277179560098,
          41.90226885116532
        ]
      },
      "properties": {
        "name": "Basílica de San Pedro",
        "title": "Fachada Principal y Atrio de San Pedro",
        "category": "monumento",
        "latitude": 41.90226885116532,
        "longitude": 12.453277179560098,
        "city": "Ciudad del Vaticano",
        "country": "Ciudad del Vaticano",
        "address": "Piazza San Pietro, 00120 Citta del Vaticano",
        "date": "2023-10-15 10:30",
        "id": "REF-0086",
        "groundedFromAnchor": "Basílica de San Pedro",
        "computedScore": 85,
        "h3Index": "891e80505c7ffff"
      }
    },
    {
      "type": "Feature",
      "geometry": {
        "type": "Point",
        "coordinates": [
          12.457685119423598,
          41.90220743236516
        ]
      },
      "properties": {
        "name": "Plaza de San Pedro",
        "title": "Colonada de Bernini y Obelisco Vaticano",
        "category": "monumento",
        "latitude": 41.90220743236516,
        "longitude": 12.457685119423598,
        "city": "Ciudad del Vaticano",
        "country": "Ciudad del Vaticano",
        "address": "Piazza San Pietro, 00120 Citta del Vaticano",
        "date": "2023-10-15 11:15",
        "id": "REF-0087",
        "groundedFromAnchor": "Plaza de San Pedro",
        "computedScore": 83,
        "h3Index": "891e8050513ffff"
      }
    },
    {
      "type": "Feature",
      "geometry": {
        "type": "Point",
        "coordinates": [
          12.453642956522732,
          41.90654982739283
        ]
      },
      "properties": {
        "name": "Museos Vaticanos",
        "title": "Entrada Principal Viale Vaticano",
        "category": "actividad",
        "latitude": 41.90654982739283,
        "longitude": 12.453642956522732,
        "city": "Ciudad del Vaticano",
        "country": "Ciudad del Vaticano",
        "address": "Viale Vaticano, 00120 Citta del Vaticano",
        "date": "2023-10-15 09:00",
        "id": "REF-0088",
        "groundedFromAnchor": "Museos Vaticanos",
        "computedScore": 89,
        "h3Index": "891e805058bffff"
      }
    },
    {
      "type": "Feature",
      "geometry": {
        "type": "Point",
        "coordinates": [
          12.454767966119203,
          41.90275196376629
        ]
      },
      "properties": {
        "name": "Capilla Sixtina",
        "title": "Palacio Apostólico - Capilla Sixtina",
        "category": "monumento",
        "latitude": 41.90275196376629,
        "longitude": 12.454767966119203,
        "city": "Ciudad del Vaticano",
        "country": "Ciudad del Vaticano",
        "address": "Cortile del Belvedere, 00120 Citta del Vaticano",
        "date": "2023-10-15 14:20",
        "id": "REF-0089",
        "groundedFromAnchor": "Capilla Sixtina",
        "computedScore": 83,
        "h3Index": "891e80505c7ffff"
      }
    },
    {
      "type": "Feature",
      "geometry": {
        "type": "Point",
        "coordinates": [
          12.45027884490906,
          41.903645405604436
        ]
      },
      "properties": {
        "name": "Jardines Vaticanos",
        "title": "Bosquete y Paseos del Monte Vaticano",
        "category": "naturaleza",
        "latitude": 41.903645405604436,
        "longitude": 12.45027884490906,
        "city": "Ciudad del Vaticano",
        "country": "Ciudad del Vaticano",
        "address": "Viale dell'Osservatorio, 00120 Citta del Vaticano",
        "date": "2023-10-15 16:00",
        "id": "REF-0090",
        "groundedFromAnchor": "Jardines Vaticanos",
        "computedScore": 96,
        "h3Index": "891e80505c3ffff"
      }
    },
    {
      "type": "Feature",
      "geometry": {
        "type": "Point",
        "coordinates": [
          12.453827180255109,
          41.90244572004023
        ]
      },
      "properties": {
        "name": "Basílica de San Pedro",
        "title": "Interior y Altar Mayor de San Pedro",
        "category": "monumento",
        "latitude": 41.90244572004023,
        "longitude": 12.453827180255109,
        "city": "Ciudad del Vaticano",
        "country": "Ciudad del Vaticano",
        "address": "Piazza San Pietro, 00120 Citta del Vaticano",
        "date": "2023-10-14 10:30",
        "id": "REF-0091",
        "groundedFromAnchor": "Basílica de San Pedro",
        "computedScore": 83,
        "h3Index": "891e80505c7ffff"
      }
    },
    {
      "type": "Feature",
      "geometry": {
        "type": "Point",
        "coordinates": [
          12.457008977127131,
          41.902275697485436
        ]
      },
      "properties": {
        "name": "Plaza de San Pedro",
        "title": "Colonagado de Bernini y Obelisco Vaticano",
        "category": "monumento",
        "latitude": 41.902275697485436,
        "longitude": 12.457008977127131,
        "city": "Ciudad del Vaticano",
        "country": "Ciudad del Vaticano",
        "address": "Piazza San Pietro, 00120 Citta del Vaticano",
        "date": "2023-10-14 11:45",
        "id": "REF-0092",
        "groundedFromAnchor": "Plaza de San Pedro",
        "computedScore": 83,
        "h3Index": "891e805051bffff"
      }
    },
    {
      "type": "Feature",
      "geometry": {
        "type": "Point",
        "coordinates": [
          12.454006583722968,
          41.90616508556604
        ]
      },
      "properties": {
        "name": "Museos Vaticanos",
        "title": "Patio del Belvedere y Galería de Exposición",
        "category": "actividad",
        "latitude": 41.90616508556604,
        "longitude": 12.454006583722968,
        "city": "Ciudad del Vaticano",
        "country": "Ciudad del Vaticano",
        "address": "Viale Vaticano, 00165 Citta del Vaticano",
        "date": "2023-10-14 14:15",
        "id": "REF-0093",
        "groundedFromAnchor": "Museos Vaticanos",
        "computedScore": 89,
        "h3Index": "891e805058bffff"
      }
    },
    {
      "type": "Feature",
      "geometry": {
        "type": "Point",
        "coordinates": [
          12.454634303878052,
          41.90304470328978
        ]
      },
      "properties": {
        "name": "Capilla Sixtina",
        "title": "Bóveda y Juicio Final en la Capilla Sixtina",
        "category": "monumento",
        "latitude": 41.90304470328978,
        "longitude": 12.454634303878052,
        "city": "Ciudad del Vaticano",
        "country": "Ciudad del Vaticano",
        "address": "00120 Citta del Vaticano",
        "date": "2023-10-14 15:30",
        "id": "REF-0094",
        "groundedFromAnchor": "Capilla Sixtina",
        "computedScore": 81,
        "h3Index": "891e80505c7ffff"
      }
    },
    {
      "type": "Feature",
      "geometry": {
        "type": "Point",
        "coordinates": [
          12.450360065160877,
          41.90418531179989
        ]
      },
      "properties": {
        "name": "Jardines Vaticanos",
        "title": "Senderos Botánicos y Casina Pio IV",
        "category": "naturaleza",
        "latitude": 41.90418531179989,
        "longitude": 12.450360065160877,
        "city": "Ciudad del Vaticano",
        "country": "Ciudad del Vaticano",
        "address": "Viale dell'Osservatorio, 00120 Citta del Vaticano",
        "date": "2023-10-14 16:45",
        "id": "REF-0095",
        "groundedFromAnchor": "Jardines Vaticanos",
        "computedScore": 96,
        "h3Index": "891e80505c3ffff"
      }
    },
    {
      "type": "Feature",
      "geometry": {
        "type": "Point",
        "coordinates": [
          12.453366610588379,
          41.90180198251305
        ]
      },
      "properties": {
        "name": "Basílica de San Pedro",
        "title": "Fachada Principal de la Basílica Papal de San Pedro",
        "category": "monumento",
        "latitude": 41.90180198251305,
        "longitude": 12.453366610588379,
        "city": "Ciudad del Vaticano",
        "country": "Ciudad del Vaticano",
        "address": "Piazza San Pietro, 00120 Citta del Vaticano",
        "date": "2023-10-15 10:30",
        "id": "REF-0096",
        "groundedFromAnchor": "Basílica de San Pedro",
        "computedScore": 85,
        "h3Index": "891e80505c7ffff"
      }
    },
    {
      "type": "Feature",
      "geometry": {
        "type": "Point",
        "coordinates": [
          12.457451607788148,
          41.90224970684084
        ]
      },
      "properties": {
        "name": "Plaza de San Pedro",
        "title": "Colonada de Bernini en la Plaza de San Pedro",
        "category": "monumento",
        "latitude": 41.90224970684084,
        "longitude": 12.457451607788148,
        "city": "Ciudad del Vaticano",
        "country": "Ciudad del Vaticano",
        "address": "Piazza San Pietro, 00120 Citta del Vaticano",
        "date": "2023-10-15 11:15",
        "id": "REF-0097",
        "groundedFromAnchor": "Plaza de San Pedro",
        "computedScore": 82,
        "h3Index": "891e8050513ffff"
      }
    },
    {
      "type": "Feature",
      "geometry": {
        "type": "Point",
        "coordinates": [
          12.453568985015488,
          41.906872282102874
        ]
      },
      "properties": {
        "name": "Museos Vaticanos",
        "title": "Entrada Principal a los Museos Vaticanos",
        "category": "actividad",
        "latitude": 41.906872282102874,
        "longitude": 12.453568985015488,
        "city": "Ciudad del Vaticano",
        "country": "Ciudad del Vaticano",
        "address": "Viale Vaticano, 00165 Citta del Vaticano",
        "date": "2023-10-15 12:45",
        "id": "REF-0098",
        "groundedFromAnchor": "Museos Vaticanos",
        "computedScore": 89,
        "h3Index": "891e805058bffff"
      }
    },
    {
      "type": "Feature",
      "geometry": {
        "type": "Point",
        "coordinates": [
          12.45448973783646,
          41.90275277975968
        ]
      },
      "properties": {
        "name": "Capilla Sixtina",
        "title": "Capilla Sixtina del Palacio Apostólico",
        "category": "monumento",
        "latitude": 41.90275277975968,
        "longitude": 12.45448973783646,
        "city": "Ciudad del Vaticano",
        "country": "Ciudad del Vaticano",
        "address": "Cortile del Belvedere, 00120 Citta del Vaticano",
        "date": "2023-10-15 14:10",
        "id": "REF-0099",
        "groundedFromAnchor": "Capilla Sixtina",
        "computedScore": 83,
        "h3Index": "891e80505c7ffff"
      }
    },
    {
      "type": "Feature",
      "geometry": {
        "type": "Point",
        "coordinates": [
          12.449981326587482,
          41.90371142788957
        ]
      },
      "properties": {
        "name": "Jardines Vaticanos",
        "title": "Senderos Principales de los Jardines Vaticanos",
        "category": "naturaleza",
        "latitude": 41.90371142788957,
        "longitude": 12.449981326587482,
        "city": "Ciudad del Vaticano",
        "country": "Ciudad del Vaticano",
        "address": "Jardines del Vaticano, 00120 Citta del Vaticano",
        "date": "2023-10-15 16:00",
        "id": "REF-0100",
        "groundedFromAnchor": "Jardines Vaticanos",
        "computedScore": 94,
        "h3Index": "891e80505c3ffff"
      }
    },
    {
      "type": "Feature",
      "geometry": {
        "type": "Point",
        "coordinates": [
          12.453440003885326,
          41.90253889265846
        ]
      },
      "properties": {
        "name": "Basílica de San Pedro",
        "title": "Altar Papal y Cúpula de San Pedro",
        "category": "monumento",
        "latitude": 41.90253889265846,
        "longitude": 12.453440003885326,
        "city": "Ciudad del Vaticano",
        "country": "Ciudad del Vaticano",
        "address": "Piazza San Pietro, 00120 Città del Vaticano",
        "date": "2023-10-14 10:30",
        "id": "REF-0101",
        "groundedFromAnchor": "Basílica de San Pedro",
        "computedScore": 83,
        "h3Index": "891e80505c7ffff"
      }
    },
    {
      "type": "Feature",
      "geometry": {
        "type": "Point",
        "coordinates": [
          12.457501603094894,
          41.90197408196893
        ]
      },
      "properties": {
        "name": "Plaza de San Pedro",
        "title": "Columnata de Bernini y Obelisco Vaticano",
        "category": "monumento",
        "latitude": 41.90197408196893,
        "longitude": 12.457501603094894,
        "city": "Ciudad del Vaticano",
        "country": "Ciudad del Vaticano",
        "address": "Piazza San Pietro, 00120 Città del Vaticano",
        "date": "2023-10-14 11:15",
        "id": "REF-0102",
        "groundedFromAnchor": "Plaza de San Pedro",
        "computedScore": 83,
        "h3Index": "891e805051bffff"
      }
    },
    {
      "type": "Feature",
      "geometry": {
        "type": "Point",
        "coordinates": [
          12.453781058524529,
          41.906100117381456
        ]
      },
      "properties": {
        "name": "Museos Vaticanos",
        "title": "Cortile della Pigna y Galerías Pontificias",
        "category": "actividad",
        "latitude": 41.906100117381456,
        "longitude": 12.453781058524529,
        "city": "Ciudad del Vaticano",
        "country": "Ciudad del Vaticano",
        "address": "Viale Vaticano, 00120 Città del Vaticano",
        "date": "2023-10-14 14:20",
        "id": "REF-0103",
        "groundedFromAnchor": "Museos Vaticanos",
        "computedScore": 89,
        "h3Index": "891e805058bffff"
      }
    },
    {
      "type": "Feature",
      "geometry": {
        "type": "Point",
        "coordinates": [
          12.454486992660149,
          41.90262765312435
        ]
      },
      "properties": {
        "name": "Capilla Sixtina",
        "title": "Recinto de la Capilla Sixtina y Palacio Apostólico",
        "category": "monumento",
        "latitude": 41.90262765312435,
        "longitude": 12.454486992660149,
        "city": "Ciudad del Vaticano",
        "country": "Ciudad del Vaticano",
        "address": "Cortile del Belvedere, 00120 Città del Vaticano",
        "date": "2023-10-14 15:45",
        "id": "REF-0104",
        "groundedFromAnchor": "Capilla Sixtina",
        "computedScore": 81,
        "h3Index": "891e80505c7ffff"
      }
    },
    {
      "type": "Feature",
      "geometry": {
        "type": "Point",
        "coordinates": [
          12.449789489491781,
          41.903693656238545
        ]
      },
      "properties": {
        "name": "Jardines Vaticanos",
        "title": "Sendero de la Fuente de la Galera",
        "category": "naturaleza",
        "latitude": 41.903693656238545,
        "longitude": 12.449789489491781,
        "city": "Ciudad del Vaticano",
        "country": "Ciudad del Vaticano",
        "address": "Giardini Vaticani, 00120 Città del Vaticano",
        "date": "2023-10-14 16:50",
        "id": "REF-0105",
        "groundedFromAnchor": "Jardines Vaticanos",
        "computedScore": 95,
        "h3Index": "891e80505c3ffff"
      }
    },
    {
      "type": "Feature",
      "geometry": {
        "type": "Point",
        "coordinates": [
          12.453695804985879,
          41.90219764645674
        ]
      },
      "properties": {
        "name": "Basílica de San Pedro",
        "title": "Fachada Principal de la Basílica Papal de San Pedro",
        "category": "monumento",
        "latitude": 41.90219764645674,
        "longitude": 12.453695804985879,
        "city": "Ciudad del Vaticano",
        "country": "Ciudad del Vaticano",
        "address": "Piazza San Pietro, 00120 Città del Vaticano",
        "date": "2023-10-14 10:30",
        "id": "REF-0106",
        "groundedFromAnchor": "Basílica de San Pedro",
        "computedScore": 83,
        "h3Index": "891e80505c7ffff"
      }
    },
    {
      "type": "Feature",
      "geometry": {
        "type": "Point",
        "coordinates": [
          12.457495177981938,
          41.90228217090764
        ]
      },
      "properties": {
        "name": "Plaza de San Pedro",
        "title": "Colonada de Bernini y Obelisco Vaticano",
        "category": "monumento",
        "latitude": 41.90228217090764,
        "longitude": 12.457495177981938,
        "city": "Ciudad del Vaticano",
        "country": "Ciudad del Vaticano",
        "address": "Piazza San Pietro, 00120 Città del Vaticano",
        "date": "2023-10-14 11:15",
        "id": "REF-0107",
        "groundedFromAnchor": "Plaza de San Pedro",
        "computedScore": 82,
        "h3Index": "891e8050513ffff"
      }
    },
    {
      "type": "Feature",
      "geometry": {
        "type": "Point",
        "coordinates": [
          12.45348165744557,
          41.9064966123901
        ]
      },
      "properties": {
        "name": "Museos Vaticanos",
        "title": "Pabellón de Entrada a los Museos Vaticanos",
        "category": "actividad",
        "latitude": 41.9064966123901,
        "longitude": 12.45348165744557,
        "city": "Ciudad del Vaticano",
        "country": "Ciudad del Vaticano",
        "address": "Viale Vaticano, 00165 Città del Vaticano",
        "date": "2023-10-14 12:45",
        "id": "REF-0108",
        "groundedFromAnchor": "Museos Vaticanos",
        "computedScore": 89,
        "h3Index": "891e80505d7ffff"
      }
    },
    {
      "type": "Feature",
      "geometry": {
        "type": "Point",
        "coordinates": [
          12.454421566850542,
          41.903139580552036
        ]
      },
      "properties": {
        "name": "Capilla Sixtina",
        "title": "Fachada Externa de la Capilla Sixtina",
        "category": "monumento",
        "latitude": 41.903139580552036,
        "longitude": 12.454421566850542,
        "city": "Ciudad del Vaticano",
        "country": "Ciudad del Vaticano",
        "address": "Cortile del Belvedere, 00120 Città del Vaticano",
        "date": "2023-10-14 14:20",
        "id": "REF-0109",
        "groundedFromAnchor": "Capilla Sixtina",
        "computedScore": 83,
        "h3Index": "891e80505c7ffff"
      }
    },
    {
      "type": "Feature",
      "geometry": {
        "type": "Point",
        "coordinates": [
          12.44970522556654,
          41.90388725073864
        ]
      },
      "properties": {
        "name": "Jardines Vaticanos",
        "title": "Bosquete y Senderos Botánicos de los Jardines Vaticanos",
        "category": "naturaleza",
        "latitude": 41.90388725073864,
        "longitude": 12.44970522556654,
        "city": "Ciudad del Vaticano",
        "country": "Ciudad del Vaticano",
        "address": "Giardini Vaticani, 00120 Città del Vaticano",
        "date": "2023-10-14 16:00",
        "id": "REF-0110",
        "groundedFromAnchor": "Jardines Vaticanos",
        "computedScore": 96,
        "h3Index": "891e80505c3ffff"
      }
    },
    {
      "type": "Feature",
      "geometry": {
        "type": "Point",
        "coordinates": [
          12.454013873983207,
          41.902329414212176
        ]
      },
      "properties": {
        "name": "Altar Papal y Baldaquino de Bernini",
        "title": "Estructura Barroca sobre la Tumba de San Pedro",
        "category": "monumento",
        "latitude": 41.902329414212176,
        "longitude": 12.454013873983207,
        "city": "Ciudad del Vaticano",
        "country": "Ciudad del Vaticano",
        "address": "Piazza San Pietro, 00120 Città del Vaticano",
        "date": "2023-10-15 11:30",
        "id": "REF-0111",
        "groundedFromAnchor": "Basílica de San Pedro",
        "computedScore": 84,
        "h3Index": "891e80505c7ffff"
      }
    },
    {
      "type": "Feature",
      "geometry": {
        "type": "Point",
        "coordinates": [
          12.45408858599869,
          41.90201664405164
        ]
      },
      "properties": {
        "name": "Nave Central de la Basílica de San Pedro",
        "title": "Corredor Principal y Mosaicos Flanqueantes",
        "category": "monumento",
        "latitude": 41.90201664405164,
        "longitude": 12.45408858599869,
        "city": "Ciudad del Vaticano",
        "country": "Ciudad del Vaticano",
        "address": "Piazza San Pietro, 00120 Città del Vaticano",
        "date": "2023-10-15 11:35",
        "id": "REF-0112",
        "groundedFromAnchor": "Basílica de San Pedro",
        "computedScore": 85,
        "h3Index": "891e80505c7ffff"
      }
    },
    {
      "type": "Feature",
      "geometry": {
        "type": "Point",
        "coordinates": [
          12.454276497765168,
          41.90198079056496
        ]
      },
      "properties": {
        "name": "Estatua de San Longinos y Pilar de San Andrés",
        "title": "Pilar del Crucero Suroeste",
        "category": "monumento",
        "latitude": 41.90198079056496,
        "longitude": 12.454276497765168,
        "city": "Ciudad del Vaticano",
        "country": "Ciudad del Vaticano",
        "address": "Piazza San Pietro, 00120 Città del Vaticano",
        "date": "2023-10-15 11:40",
        "id": "REF-0113",
        "groundedFromAnchor": "Basílica de San Pedro",
        "computedScore": 83,
        "h3Index": "891e80505c7ffff"
      }
    },
    {
      "type": "Feature",
      "geometry": {
        "type": "Point",
        "coordinates": [
          12.453885845707376,
          41.90194978656443
        ]
      },
      "properties": {
        "name": "Capilla del Santísimo Sacramento",
        "title": "Capilla Lateral de Adoración Perpetua",
        "category": "monumento",
        "latitude": 41.90194978656443,
        "longitude": 12.453885845707376,
        "city": "Ciudad del Vaticano",
        "country": "Ciudad del Vaticano",
        "address": "Piazza San Pietro, 00120 Città del Vaticano",
        "date": "2023-10-15 11:45",
        "id": "REF-0114",
        "groundedFromAnchor": "Basílica de San Pedro",
        "computedScore": 84,
        "h3Index": "891e80505c7ffff"
      }
    },
    {
      "type": "Feature",
      "geometry": {
        "type": "Point",
        "coordinates": [
          12.454116873616654,
          41.90199736862677
        ]
      },
      "properties": {
        "name": "Capilla de la Piedad de Miguel Ángel",
        "title": "Obra Maestra del Renacimiento Escultórico",
        "category": "monumento",
        "latitude": 41.90199736862677,
        "longitude": 12.454116873616654,
        "city": "Ciudad del Vaticano",
        "country": "Ciudad del Vaticano",
        "address": "Piazza San Pietro, 00120 Città del Vaticano",
        "date": "2023-10-15 11:50",
        "id": "REF-0115",
        "groundedFromAnchor": "Basílica de San Pedro",
        "computedScore": 82,
        "h3Index": "891e80505c7ffff"
      }
    },
    {
      "type": "Feature",
      "geometry": {
        "type": "Point",
        "coordinates": [
          12.453928676432533,
          41.90222303676531
        ]
      },
      "properties": {
        "name": "Basílica de San Pedro - Baldaquino de Bernini",
        "title": "Baldaquino de San Pedro y Altar Mayor",
        "category": "monumento",
        "latitude": 41.90222303676531,
        "longitude": 12.453928676432533,
        "city": "Ciudad del Vaticano",
        "country": "Estado de la Ciudad del Vaticano",
        "address": "Piazza San Pietro, 00120 Città del Vaticano",
        "date": "2023-10-14 11:30",
        "id": "REF-0116",
        "groundedFromAnchor": "Basílica de San Pedro",
        "computedScore": 82,
        "h3Index": "891e80505c7ffff"
      }
    },
    {
      "type": "Feature",
      "geometry": {
        "type": "Point",
        "coordinates": [
          12.45409774952221,
          41.902444143953254
        ]
      },
      "properties": {
        "name": "Estatua de San Pedro en Cátedra",
        "title": "Estatua en bronce de San Pedro por Arnolfo di Cambio",
        "category": "monumento",
        "latitude": 41.902444143953254,
        "longitude": 12.45409774952221,
        "city": "Ciudad del Vaticano",
        "country": "Estado de la Ciudad del Vaticano",
        "address": "Lado derecho de la Nave Central, Basílica de San Pedro, 00120",
        "date": "2023-10-14 12:15",
        "id": "REF-0117",
        "groundedFromAnchor": "Basílica de San Pedro",
        "computedScore": 80,
        "h3Index": "891e80505c7ffff"
      }
    },
    {
      "type": "Feature",
      "geometry": {
        "type": "Point",
        "coordinates": [
          12.454113007475076,
          41.90244165754146
        ]
      },
      "properties": {
        "name": "Ábside y Cátedra de San Pedro",
        "title": "Altar de la Cátedra de Bernini",
        "category": "monumento",
        "latitude": 41.90244165754146,
        "longitude": 12.454113007475076,
        "city": "Ciudad del Vaticano",
        "country": "Estado de la Ciudad del Vaticano",
        "address": "Ábside Posterior, Basílica de San Pedro, 00120",
        "date": "2023-10-14 13:00",
        "id": "REF-0118",
        "groundedFromAnchor": "Basílica de San Pedro",
        "computedScore": 83,
        "h3Index": "891e80505c7ffff"
      }
    },
    {
      "type": "Feature",
      "geometry": {
        "type": "Point",
        "coordinates": [
          12.453888832418793,
          41.902415204519556
        ]
      },
      "properties": {
        "name": "Capilla del Santísimo Sacramento",
        "title": "Capilla del Santísimo y Tabernáculo de Bernini",
        "category": "monumento",
        "latitude": 41.902415204519556,
        "longitude": 12.453888832418793,
        "city": "Ciudad del Vaticano",
        "country": "Estado de la Ciudad del Vaticano",
        "address": "Nave Derecha, Basílica de San Pedro, 00120",
        "date": "2023-10-14 14:10",
        "id": "REF-0119",
        "groundedFromAnchor": "Basílica de San Pedro",
        "computedScore": 81,
        "h3Index": "891e80505c7ffff"
      }
    },
    {
      "type": "Feature",
      "geometry": {
        "type": "Point",
        "coordinates": [
          12.453595606604914,
          41.902240143084526
        ]
      },
      "properties": {
        "name": "Pórtico de la Basílica de San Pedro",
        "title": "Atrio Principal y Puerta Filarete",
        "category": "monumento",
        "latitude": 41.902240143084526,
        "longitude": 12.453595606604914,
        "city": "Ciudad del Vaticano",
        "country": "Estado de la Ciudad del Vaticano",
        "address": "Atrio de la Basílica de San Pedro, 00120",
        "date": "2023-10-14 15:25",
        "id": "REF-0120",
        "groundedFromAnchor": "Basílica de San Pedro",
        "computedScore": 83,
        "h3Index": "891e80505c7ffff"
      }
    },
    {
      "type": "Feature",
      "geometry": {
        "type": "Point",
        "coordinates": [
          12.453886623480834,
          41.902432839960014
        ]
      },
      "properties": {
        "name": "Basílica de San Pedro - Fachada Principal",
        "title": "Vista de la Fachada Monumental de Maderno",
        "category": "monumento",
        "latitude": 41.902432839960014,
        "longitude": 12.453886623480834,
        "city": "Ciudad del Vaticano",
        "country": "Ciudad del Vaticano",
        "address": "Piazza San Pietro, 00120 Città del Vaticano",
        "date": "2023-10-15 10:30",
        "id": "REF-0121",
        "groundedFromAnchor": "Basílica de San Pedro",
        "computedScore": 82,
        "h3Index": "891e80505c7ffff"
      }
    },
    {
      "type": "Feature",
      "geometry": {
        "type": "Point",
        "coordinates": [
          12.453968746597068,
          41.90223657804299
        ]
      },
      "properties": {
        "name": "Basílica de San Pedro - Nave Central y Baldaquino",
        "title": "Interior de la Nave Principal de San Pedro",
        "category": "monumento",
        "latitude": 41.90223657804299,
        "longitude": 12.453968746597068,
        "city": "Ciudad del Vaticano",
        "country": "Ciudad del Vaticano",
        "address": "Piazza San Pietro, 00120 Città del Vaticano",
        "date": "2023-10-15 11:15",
        "id": "REF-0122",
        "groundedFromAnchor": "Basílica de San Pedro",
        "computedScore": 83,
        "h3Index": "891e80505c7ffff"
      }
    },
    {
      "type": "Feature",
      "geometry": {
        "type": "Point",
        "coordinates": [
          12.454266993273492,
          41.90211480761617
        ]
      },
      "properties": {
        "name": "Atrio de San Pedro - Porta Santa",
        "title": "Puerta Santa de la Basílica de San Pedro",
        "category": "monumento",
        "latitude": 41.90211480761617,
        "longitude": 12.454266993273492,
        "city": "Ciudad del Vaticano",
        "country": "Ciudad del Vaticano",
        "address": "Atrio de la Basílica de San Pedro, 00120 Città del Vaticano",
        "date": "2023-10-15 12:00",
        "id": "REF-0123",
        "groundedFromAnchor": "Basílica de San Pedro",
        "computedScore": 81,
        "h3Index": "891e80505c7ffff"
      }
    },
    {
      "type": "Feature",
      "geometry": {
        "type": "Point",
        "coordinates": [
          12.454226933275146,
          41.90231080065372
        ]
      },
      "properties": {
        "name": "Mirador de la Cúpula de San Pedro",
        "title": "Vista panorámica desde la Terraza Superior",
        "category": "actividad",
        "latitude": 41.90231080065372,
        "longitude": 12.454226933275146,
        "city": "Ciudad del Vaticano",
        "country": "Ciudad del Vaticano",
        "address": "Via della Sagrestia, 00120 Città del Vaticano",
        "date": "2023-10-15 14:20",
        "id": "REF-0124",
        "groundedFromAnchor": "Basílica de San Pedro",
        "computedScore": 80,
        "h3Index": "891e80505c7ffff"
      }
    },
    {
      "type": "Feature",
      "geometry": {
        "type": "Point",
        "coordinates": [
          12.454303387904107,
          41.90202487773993
        ]
      },
      "properties": {
        "name": "Escalinata de Acceso a la Basílica de San Pedro",
        "title": "Gradas y Estatuas de San Pedro y San Pablo",
        "category": "monumento",
        "latitude": 41.90202487773993,
        "longitude": 12.454303387904107,
        "city": "Ciudad del Vaticano",
        "country": "Ciudad del Vaticano",
        "address": "Piazza San Pietro, 00120 Città del Vaticano",
        "date": "2023-10-15 16:00",
        "id": "REF-0125",
        "groundedFromAnchor": "Basílica de San Pedro",
        "computedScore": 83,
        "h3Index": "891e80505c7ffff"
      }
    },
    {
      "type": "Feature",
      "geometry": {
        "type": "Point",
        "coordinates": [
          12.453921259778452,
          41.90240501237326
        ]
      },
      "properties": {
        "name": "Ábside de la Cátedra de San Pedro",
        "title": "Cátedra de San Pedro y Gloria de Bernini",
        "category": "monumento",
        "latitude": 41.90240501237326,
        "longitude": 12.453921259778452,
        "city": "Ciudad del Vaticano",
        "country": "Ciudad del Vaticano",
        "address": "Piazza San Pietro, 00120 Città del Vaticano",
        "date": "2023-10-14 10:30",
        "id": "REF-0126",
        "groundedFromAnchor": "Basílica de San Pedro",
        "computedScore": 83,
        "h3Index": "891e80505c7ffff"
      }
    },
    {
      "type": "Feature",
      "geometry": {
        "type": "Point",
        "coordinates": [
          12.454133716331235,
          41.90180957530965
        ]
      },
      "properties": {
        "name": "Pórtico de la Basílica de San Pedro - Puerta Santa",
        "title": "Atrio de ingreso y Puerta Santa",
        "category": "monumento",
        "latitude": 41.90180957530965,
        "longitude": 12.454133716331235,
        "city": "Ciudad del Vaticano",
        "country": "Ciudad del Vaticano",
        "address": "Piazza San Pietro, Entrada Principal, 00120 Città del Vaticano",
        "date": "2023-10-14 11:15",
        "id": "REF-0127",
        "groundedFromAnchor": "Basílica de San Pedro",
        "computedScore": 84,
        "h3Index": "891e80505c7ffff"
      }
    },
    {
      "type": "Feature",
      "geometry": {
        "type": "Point",
        "coordinates": [
          12.453907604577692,
          41.90193732918548
        ]
      },
      "properties": {
        "name": "Baldaquino de San Pedro por Bernini",
        "title": "Altar Mayor y Baldaquino de Bronce",
        "category": "monumento",
        "latitude": 41.90193732918548,
        "longitude": 12.453907604577692,
        "city": "Ciudad del Vaticano",
        "country": "Ciudad del Vaticano",
        "address": "Crucero Central, Basílica de San Pedro, 00120 Città del Vaticano",
        "date": "2023-10-14 12:00",
        "id": "REF-0128",
        "groundedFromAnchor": "Basílica de San Pedro",
        "computedScore": 85,
        "h3Index": "891e80505c7ffff"
      }
    },
    {
      "type": "Feature",
      "geometry": {
        "type": "Point",
        "coordinates": [
          12.453613804761458,
          41.90193628851421
        ]
      },
      "properties": {
        "name": "Transepto Izquierdo - Capilla de San José",
        "title": "Transepto Sur e Altare Laterale",
        "category": "monumento",
        "latitude": 41.90193628851421,
        "longitude": 12.453613804761458,
        "city": "Ciudad del Vaticano",
        "country": "Ciudad del Vaticano",
        "address": "Transepto Izquierdo, Basílica de San Pedro, 00120 Città del Vaticano",
        "date": "2023-10-14 12:45",
        "id": "REF-0129",
        "groundedFromAnchor": "Basílica de San Pedro",
        "computedScore": 82,
        "h3Index": "891e80505c7ffff"
      }
    },
    {
      "type": "Feature",
      "geometry": {
        "type": "Point",
        "coordinates": [
          12.454042973705059,
          41.902359731651096
        ]
      },
      "properties": {
        "name": "Ascensor a la Cúpula de San Pedro",
        "title": "Acceso a la Terraza de la Cúpula",
        "category": "actividad",
        "latitude": 41.902359731651096,
        "longitude": 12.454042973705059,
        "city": "Ciudad del Vaticano",
        "country": "Ciudad del Vaticano",
        "address": "Pórtico Exterior Norte, Basílica de San Pedro, 00120 Città del Vaticano",
        "date": "2023-10-14 13:30",
        "id": "REF-0130",
        "groundedFromAnchor": "Basílica de San Pedro",
        "computedScore": 84,
        "h3Index": "891e80505c7ffff"
      }
    },
    {
      "type": "Feature",
      "geometry": {
        "type": "Point",
        "coordinates": [
          12.453610042926414,
          41.90182054041818
        ]
      },
      "properties": {
        "name": "Capilla de la Piedad - Basílica de San Pedro",
        "title": "Estatua de la Pietà de Miguel Ángel",
        "category": "monumento",
        "latitude": 41.90182054041818,
        "longitude": 12.453610042926414,
        "city": "Ciudad del Vaticano",
        "country": "Ciudad del Vaticano",
        "address": "Piazza San Pietro, 00120 Città del Vaticano",
        "date": "2023-10-14 10:15",
        "id": "REF-0131",
        "groundedFromAnchor": "Basílica de San Pedro",
        "computedScore": 83,
        "h3Index": "891e80505c7ffff"
      }
    },
    {
      "type": "Feature",
      "geometry": {
        "type": "Point",
        "coordinates": [
          12.453988066090568,
          41.90180613390898
        ]
      },
      "properties": {
        "name": "Estatua Bronzea de San Pedro",
        "title": "Escultura Histórica de San Pedro en Cátedra",
        "category": "monumento",
        "latitude": 41.90180613390898,
        "longitude": 12.453988066090568,
        "city": "Ciudad del Vaticano",
        "country": "Ciudad del Vaticano",
        "address": "Nave Central, Basílica de San Pedro, 00120 Città del Vaticano",
        "date": "2023-10-14 11:30",
        "id": "REF-0132",
        "groundedFromAnchor": "Basílica de San Pedro",
        "computedScore": 81,
        "h3Index": "891e80505c7ffff"
      }
    },
    {
      "type": "Feature",
      "geometry": {
        "type": "Point",
        "coordinates": [
          12.453777032162252,
          41.902264061116156
        ]
      },
      "properties": {
        "name": "Baldaquino de San Pedro por Gian Lorenzo Bernini",
        "title": "Baldaquino de Bronce sobre el Altar Papal",
        "category": "monumento",
        "latitude": 41.902264061116156,
        "longitude": 12.453777032162252,
        "city": "Ciudad del Vaticano",
        "country": "Ciudad del Vaticano",
        "address": "Crucero Central, Basílica de San Pedro, 00120 Città del Vaticano",
        "date": "2023-10-14 12:45",
        "id": "REF-0133",
        "groundedFromAnchor": "Basílica de San Pedro",
        "computedScore": 84,
        "h3Index": "891e80505c7ffff"
      }
    },
    {
      "type": "Feature",
      "geometry": {
        "type": "Point",
        "coordinates": [
          12.454308576891743,
          41.90225551261187
        ]
      },
      "properties": {
        "name": "Pórtico Principal y Puerta Santa",
        "title": "Atrio Monumental de la Basílica",
        "category": "monumento",
        "latitude": 41.90225551261187,
        "longitude": 12.454308576891743,
        "city": "Ciudad del Vaticano",
        "country": "Ciudad del Vaticano",
        "address": "Atrio de la Basílica de San Pedro, 00120 Città del Vaticano",
        "date": "2023-10-14 14:10",
        "id": "REF-0134",
        "groundedFromAnchor": "Basílica de San Pedro",
        "computedScore": 83,
        "h3Index": "891e80505c7ffff"
      }
    },
    {
      "type": "Feature",
      "geometry": {
        "type": "Point",
        "coordinates": [
          12.453782167325294,
          41.902053181422524
        ]
      },
      "properties": {
        "name": "Altar de la Cátedra de San Pedro",
        "title": "Gloria de Bernini y Cátedra de San Pedro",
        "category": "monumento",
        "latitude": 41.902053181422524,
        "longitude": 12.453782167325294,
        "city": "Ciudad del Vaticano",
        "country": "Ciudad del Vaticano",
        "address": "Ábside Posterior, Basílica de San Pedro, 00120 Città del Vaticano",
        "date": "2023-10-14 15:30",
        "id": "REF-0135",
        "groundedFromAnchor": "Basílica de San Pedro",
        "computedScore": 82,
        "h3Index": "891e80505c7ffff"
      }
    },
    {
      "type": "Feature",
      "geometry": {
        "type": "Point",
        "coordinates": [
          12.4535985395229,
          41.90227008889696
        ]
      },
      "properties": {
        "name": "Pórtico de la Basílica de San Pedro",
        "title": "Entrada Principal de la Basílica",
        "category": "monumento",
        "latitude": 41.90227008889696,
        "longitude": 12.4535985395229,
        "city": "Ciudad del Vaticano",
        "country": "Ciudad del Vaticano",
        "address": "Piazza San Pietro, 00120 Città del Vaticano",
        "date": "2023-10-14 10:30",
        "id": "REF-0136",
        "groundedFromAnchor": "Basílica de San Pedro",
        "computedScore": 84,
        "h3Index": "891e80505c7ffff"
      }
    },
    {
      "type": "Feature",
      "geometry": {
        "type": "Point",
        "coordinates": [
          12.454042744122308,
          41.90198063766446
        ]
      },
      "properties": {
        "name": "Plaza de San Pedro (Piazza San Pietro)",
        "title": "Espacio Central de la Plaza",
        "category": "monumento",
        "latitude": 41.90198063766446,
        "longitude": 12.454042744122308,
        "city": "Ciudad del Vaticano",
        "country": "Ciudad del Vaticano",
        "address": "Piazza San Pietro, 00120 Città del Vaticano",
        "date": "2023-10-14 11:15",
        "id": "REF-0137",
        "groundedFromAnchor": "Basílica de San Pedro",
        "computedScore": 82,
        "h3Index": "891e80505c7ffff"
      }
    },
    {
      "type": "Feature",
      "geometry": {
        "type": "Point",
        "coordinates": [
          12.45369796285258,
          41.90182504712015
        ]
      },
      "properties": {
        "name": "Estatua de San Pedro y Acceso Sur",
        "title": "Semicírculo Sur del Sagrato",
        "category": "monumento",
        "latitude": 41.90182504712015,
        "longitude": 12.45369796285258,
        "city": "Ciudad del Vaticano",
        "country": "Ciudad del Vaticano",
        "address": "Piazza San Pietro - Brazo Sur, 00120 Città del Vaticano",
        "date": "2023-10-14 12:00",
        "id": "REF-0138",
        "groundedFromAnchor": "Basílica de San Pedro",
        "computedScore": 86,
        "h3Index": "891e80505c7ffff"
      }
    },
    {
      "type": "Feature",
      "geometry": {
        "type": "Point",
        "coordinates": [
          12.45394925762845,
          41.902060595400606
        ]
      },
      "properties": {
        "name": "Escalinata del Sagrato de San Pedro",
        "title": "Escalinata Principal del Sagrato",
        "category": "actividad",
        "latitude": 41.902060595400606,
        "longitude": 12.45394925762845,
        "city": "Ciudad del Vaticano",
        "country": "Ciudad del Vaticano",
        "address": "Sagrato della Basilica di San Pietro, 00120 Città del Vaticano",
        "date": "2023-10-14 14:20",
        "id": "REF-0139",
        "groundedFromAnchor": "Basílica de San Pedro",
        "computedScore": 82,
        "h3Index": "891e80505c7ffff"
      }
    },
    {
      "type": "Feature",
      "geometry": {
        "type": "Point",
        "coordinates": [
          12.453889234537133,
          41.901985422397985
        ]
      },
      "properties": {
        "name": "Puerta Filarete y Atrio Central",
        "title": "Acceso Portal Central",
        "category": "monumento",
        "latitude": 41.901985422397985,
        "longitude": 12.453889234537133,
        "city": "Ciudad del Vaticano",
        "country": "Ciudad del Vaticano",
        "address": "Portico della Basilica di San Pietro, 00120 Città del Vaticano",
        "date": "2023-10-14 16:00",
        "id": "REF-0140",
        "groundedFromAnchor": "Basílica de San Pedro",
        "computedScore": 83,
        "h3Index": "891e80505c7ffff"
      }
    },
    {
      "type": "Feature",
      "geometry": {
        "type": "Point",
        "coordinates": [
          12.454306764127933,
          41.90252693351487
        ]
      },
      "properties": {
        "name": "Piazza San Pietro - Atrio Nord",
        "title": "Prensa y acceso norte a la Fachada de la Basílica de San Pedro",
        "category": "monumento",
        "latitude": 41.90252693351487,
        "longitude": 12.454306764127933,
        "city": "Ciudad del Vaticano",
        "country": "Ciudad del Vaticano",
        "address": "Piazza San Pietro, 00120 Città del Vaticano",
        "date": "2023-10-15 10:30",
        "id": "REF-0141",
        "groundedFromAnchor": "Basílica de San Pedro",
        "computedScore": 84,
        "h3Index": "891e80505c7ffff"
      }
    },
    {
      "type": "Feature",
      "geometry": {
        "type": "Point",
        "coordinates": [
          12.454281012148687,
          41.90221559047584
        ]
      },
      "properties": {
        "name": "Estatua de San Pedro",
        "title": "Estatua monumental de San Pedro en el Sagrado de la Basílica",
        "category": "monumento",
        "latitude": 41.90221559047584,
        "longitude": 12.454281012148687,
        "city": "Ciudad del Vaticano",
        "country": "Ciudad del Vaticano",
        "address": "Piazza San Pietro, Sagrato della Basilica, 00120 Città del Vaticano",
        "date": "2023-10-15 11:15",
        "id": "REF-0142",
        "groundedFromAnchor": "Basílica de San Pedro",
        "computedScore": 83,
        "h3Index": "891e80505c7ffff"
      }
    },
    {
      "type": "Feature",
      "geometry": {
        "type": "Point",
        "coordinates": [
          12.454069848902652,
          41.902120938053
        ]
      },
      "properties": {
        "name": "Puerta Filarete - Basílica de San Pedro",
        "title": "Acceso central de bronce a la Basílica Vaticana",
        "category": "monumento",
        "latitude": 41.902120938053,
        "longitude": 12.454069848902652,
        "city": "Ciudad del Vaticano",
        "country": "Ciudad del Vaticano",
        "address": "Piazza San Pietro, Portico della Basilica, 00120 Città del Vaticano",
        "date": "2023-10-15 12:00",
        "id": "REF-0143",
        "groundedFromAnchor": "Basílica de San Pedro",
        "computedScore": 85,
        "h3Index": "891e80505c7ffff"
      }
    },
    {
      "type": "Feature",
      "geometry": {
        "type": "Point",
        "coordinates": [
          12.453748012185125,
          41.90233687032347
        ]
      },
      "properties": {
        "name": "Altar de la Cátedra de San Pedro",
        "title": "Sector nave principal y baldaquino de Bernini",
        "category": "monumento",
        "latitude": 41.90233687032347,
        "longitude": 12.453748012185125,
        "city": "Ciudad del Vaticano",
        "country": "Ciudad del Vaticano",
        "address": "Piazza San Pietro, Interior Basilica, 00120 Città del Vaticano",
        "date": "2023-10-15 13:45",
        "id": "REF-0144",
        "groundedFromAnchor": "Basílica de San Pedro",
        "computedScore": 82,
        "h3Index": "891e80505c7ffff"
      }
    },
    {
      "type": "Feature",
      "geometry": {
        "type": "Point",
        "coordinates": [
          12.453676220460565,
          41.902257265434514
        ]
      },
      "properties": {
        "name": "Cúpula de San Pedro - Mirador Exterior",
        "title": "Vista panorámica sobre la Columnata de Bernini",
        "category": "actividad",
        "latitude": 41.902257265434514,
        "longitude": 12.453676220460565,
        "city": "Ciudad del Vaticano",
        "country": "Ciudad del Vaticano",
        "address": "Cupola di San Pietro, Via della Sagrestia, 00120 Città del Vaticano",
        "date": "2023-10-15 15:10",
        "id": "REF-0145",
        "groundedFromAnchor": "Basílica de San Pedro",
        "computedScore": 85,
        "h3Index": "891e80505c7ffff"
      }
    },
    {
      "type": "Feature",
      "geometry": {
        "type": "Point",
        "coordinates": [
          12.454106799159474,
          41.90256309195189
        ]
      },
      "properties": {
        "name": "Fachada Principal de la Basílica de San Pedro",
        "title": "Atrio e Inscripción Frontal de Maderno",
        "category": "monumento",
        "latitude": 41.90256309195189,
        "longitude": 12.454106799159474,
        "city": "Ciudad del Vaticano",
        "country": "Ciudad del Vaticano",
        "address": "Piazza San Pietro, 00120 Citta del Vaticano",
        "date": "2023-10-15 10:30",
        "id": "REF-0146",
        "groundedFromAnchor": "Basílica de San Pedro",
        "computedScore": 84,
        "h3Index": "891e80505c7ffff"
      }
    },
    {
      "type": "Feature",
      "geometry": {
        "type": "Point",
        "coordinates": [
          12.453860711113675,
          41.90187047315758
        ]
      },
      "properties": {
        "name": "Colonnato de Bernini - Hemiciclo Sur",
        "title": "Pórtico Sur de la Plaza de San Pedro",
        "category": "monumento",
        "latitude": 41.90187047315758,
        "longitude": 12.453860711113675,
        "city": "Ciudad del Vaticano",
        "country": "Ciudad del Vaticano",
        "address": "Piazza San Pietro, Brazo Sur, 00120 Citta del Vaticano",
        "date": "2023-10-15 11:15",
        "id": "REF-0147",
        "groundedFromAnchor": "Basílica de San Pedro",
        "computedScore": 83,
        "h3Index": "891e80505c7ffff"
      }
    },
    {
      "type": "Feature",
      "geometry": {
        "type": "Point",
        "coordinates": [
          12.453722395594282,
          41.90243078328573
        ]
      },
      "properties": {
        "name": "Altar Papal y Cúpula Central de San Pedro",
        "title": "Interior de la Nave Central y Baldaquino",
        "category": "monumento",
        "latitude": 41.90243078328573,
        "longitude": 12.453722395594282,
        "city": "Ciudad del Vaticano",
        "country": "Ciudad del Vaticano",
        "address": "Interior Basílica de San Pedro, 00120 Citta del Vaticano",
        "date": "2023-10-15 12:00",
        "id": "REF-0148",
        "groundedFromAnchor": "Basílica de San Pedro",
        "computedScore": 84,
        "h3Index": "891e80505c7ffff"
      }
    },
    {
      "type": "Feature",
      "geometry": {
        "type": "Point",
        "coordinates": [
          12.454236041585311,
          41.90230882072105
        ]
      },
      "properties": {
        "name": "Puesto de Guardias Suizos - Portone di Bronzo",
        "title": "Control de Acceso Norte al Palacio Apostólico",
        "category": "actividad",
        "latitude": 41.90230882072105,
        "longitude": 12.454236041585311,
        "city": "Ciudad del Vaticano",
        "country": "Ciudad del Vaticano",
        "address": "Via del Sant'Uffizio, 00120 Citta del Vaticano",
        "date": "2023-10-15 14:10",
        "id": "REF-0149",
        "groundedFromAnchor": "Basílica de San Pedro",
        "computedScore": 81,
        "h3Index": "891e80505c7ffff"
      }
    },
    {
      "type": "Feature",
      "geometry": {
        "type": "Point",
        "coordinates": [
          12.45381618667686,
          41.90188991918537
        ]
      },
      "properties": {
        "name": "Oficina Móvil de Correos Vaticanos - Plaza San Pedro",
        "title": "Poste Vaticane Sur",
        "category": "transporte",
        "latitude": 41.90188991918537,
        "longitude": 12.45381618667686,
        "city": "Ciudad del Vaticano",
        "country": "Ciudad del Vaticano",
        "address": "Piazza San Pietro, Brazo Sur, 00120 Citta del Vaticano",
        "date": "2023-10-15 15:45",
        "id": "REF-0150",
        "groundedFromAnchor": "Basílica de San Pedro",
        "computedScore": 83,
        "h3Index": "891e80505c7ffff"
      }
    },
    {
      "type": "Feature",
      "geometry": {
        "type": "Point",
        "coordinates": [
          12.453300507661456,
          41.902539802868965
        ]
      },
      "properties": {
        "name": "Basílica Papal de San Pedro",
        "title": "Templo mayor de la cristiandad",
        "category": "monumento",
        "latitude": 41.902539802868965,
        "longitude": 12.453300507661456,
        "city": "Ciudad del Vaticano",
        "country": "Ciudad del Vaticano",
        "address": "Piazza San Pietro, 00120 Città del Vaticano",
        "date": "2023-10-15 10:30",
        "id": "REF-0151",
        "groundedFromAnchor": "Basílica de San Pedro",
        "computedScore": 85,
        "h3Index": "891e80505c7ffff"
      }
    },
    {
      "type": "Feature",
      "geometry": {
        "type": "Point",
        "coordinates": [
          12.457686177743483,
          41.90233569236012
        ]
      },
      "properties": {
        "name": "Plaza de San Pedro",
        "title": "Gran explanada con la columnata de Bernini",
        "category": "monumento",
        "latitude": 41.90233569236012,
        "longitude": 12.457686177743483,
        "city": "Ciudad del Vaticano",
        "country": "Ciudad del Vaticano",
        "address": "Piazza San Pietro, 00120 Città del Vaticano",
        "date": "2023-10-15 11:15",
        "id": "REF-0152",
        "groundedFromAnchor": "Plaza de San Pedro",
        "computedScore": 83,
        "h3Index": "891e8050513ffff"
      }
    },
    {
      "type": "Feature",
      "geometry": {
        "type": "Point",
        "coordinates": [
          12.453910991433137,
          41.906880573352204
        ]
      },
      "properties": {
        "name": "Museos Vaticanos - Acceso Viale Vaticano",
        "title": "Entrada principal a las galerías pontificias",
        "category": "actividad",
        "latitude": 41.906880573352204,
        "longitude": 12.453910991433137,
        "city": "Ciudad del Vaticano",
        "country": "Ciudad del Vaticano",
        "address": "Viale Vaticano, 00165 Città del Vaticano",
        "date": "2023-10-15 14:00",
        "id": "REF-0153",
        "groundedFromAnchor": "Museos Vaticanos",
        "computedScore": 89,
        "h3Index": "891e805058bffff"
      }
    },
    {
      "type": "Feature",
      "geometry": {
        "type": "Point",
        "coordinates": [
          12.454230727380594,
          41.902877243222775
        ]
      },
      "properties": {
        "name": "Capilla Sixtina",
        "title": "Recinto del cónclave y frescos de Miguel Ángel",
        "category": "monumento",
        "latitude": 41.902877243222775,
        "longitude": 12.454230727380594,
        "city": "Ciudad del Vaticano",
        "country": "Ciudad del Vaticano",
        "address": "Cortile del Belvedere, 00120 Città del Vaticano",
        "date": "2023-10-15 15:20",
        "id": "REF-0154",
        "groundedFromAnchor": "Capilla Sixtina",
        "computedScore": 80,
        "h3Index": "891e80505c7ffff"
      }
    },
    {
      "type": "Feature",
      "geometry": {
        "type": "Point",
        "coordinates": [
          12.450039348734476,
          41.90390234879197
        ]
      },
      "properties": {
        "name": "Jardines Vaticanos - Sector Casina Pio IV",
        "title": "Jardines botánicos y monumentales del Vaticano",
        "category": "naturaleza",
        "latitude": 41.90390234879197,
        "longitude": 12.450039348734476,
        "city": "Ciudad del Vaticano",
        "country": "Ciudad del Vaticano",
        "address": "Viale dell'Osservatorio, 00120 Città del Vaticano",
        "date": "2023-10-15 16:45",
        "id": "REF-0155",
        "groundedFromAnchor": "Jardines Vaticanos",
        "computedScore": 96,
        "h3Index": "891e80505c3ffff"
      }
    },
    {
      "type": "Feature",
      "geometry": {
        "type": "Point",
        "coordinates": [
          12.453704218839949,
          41.90241479944332
        ]
      },
      "properties": {
        "name": "Basílica de San Pedro",
        "title": "Fachada Principal y Atrio de San Pedro",
        "category": "monumento",
        "latitude": 41.90241479944332,
        "longitude": 12.453704218839949,
        "city": "Ciudad del Vaticano",
        "country": "Ciudad del Vaticano",
        "address": "Piazza San Pietro, 00120 Citta del Vaticano",
        "date": "2023-10-15 10:30",
        "id": "REF-0156",
        "groundedFromAnchor": "Basílica de San Pedro",
        "computedScore": 84,
        "h3Index": "891e80505c7ffff"
      }
    },
    {
      "type": "Feature",
      "geometry": {
        "type": "Point",
        "coordinates": [
          12.457197726054579,
          41.902027420578875
        ]
      },
      "properties": {
        "name": "Plaza de San Pedro",
        "title": "Columnata de Bernini y Obelisco Vaticano",
        "category": "monumento",
        "latitude": 41.902027420578875,
        "longitude": 12.457197726054579,
        "city": "Ciudad del Vaticano",
        "country": "Ciudad del Vaticano",
        "address": "Piazza San Pietro, 00120 Citta del Vaticano",
        "date": "2023-10-15 11:15",
        "id": "REF-0157",
        "groundedFromAnchor": "Plaza de San Pedro",
        "computedScore": 84,
        "h3Index": "891e805051bffff"
      }
    },
    {
      "type": "Feature",
      "geometry": {
        "type": "Point",
        "coordinates": [
          12.453422593600312,
          41.90663264293491
        ]
      },
      "properties": {
        "name": "Museos Vaticanos",
        "title": "Acceso Principal Viale Vaticano",
        "category": "actividad",
        "latitude": 41.90663264293491,
        "longitude": 12.453422593600312,
        "city": "Ciudad del Vaticano",
        "country": "Ciudad del Vaticano",
        "address": "Viale Vaticano, 00165 Citta del Vaticano",
        "date": "2023-10-15 12:45",
        "id": "REF-0158",
        "groundedFromAnchor": "Museos Vaticanos",
        "computedScore": 89,
        "h3Index": "891e80505d7ffff"
      }
    },
    {
      "type": "Feature",
      "geometry": {
        "type": "Point",
        "coordinates": [
          12.454557405104833,
          41.90295336040535
        ]
      },
      "properties": {
        "name": "Capilla Sixtina",
        "title": "Interior de la Capilla Sixtina y Palacio Apostólico",
        "category": "monumento",
        "latitude": 41.90295336040535,
        "longitude": 12.454557405104833,
        "city": "Ciudad del Vaticano",
        "country": "Ciudad del Vaticano",
        "address": "Cortile del Pappagallo, 00120 Citta del Vaticano",
        "date": "2023-10-15 14:20",
        "id": "REF-0159",
        "groundedFromAnchor": "Capilla Sixtina",
        "computedScore": 81,
        "h3Index": "891e80505c7ffff"
      }
    },
    {
      "type": "Feature",
      "geometry": {
        "type": "Point",
        "coordinates": [
          12.450037033739507,
          41.90379451263488
        ]
      },
      "properties": {
        "name": "Jardines Vaticanos",
        "title": "Jardines Franceses y Fuente del Águila",
        "category": "naturaleza",
        "latitude": 41.90379451263488,
        "longitude": 12.450037033739507,
        "city": "Ciudad del Vaticano",
        "country": "Ciudad del Vaticano",
        "address": "Viale dell'Esposizione, 00120 Citta del Vaticano",
        "date": "2023-10-15 16:00",
        "id": "REF-0160",
        "groundedFromAnchor": "Jardines Vaticanos",
        "computedScore": 94,
        "h3Index": "891e80505c3ffff"
      }
    },
    {
      "type": "Feature",
      "geometry": {
        "type": "Point",
        "coordinates": [
          12.453730729848838,
          41.90207737757657
        ]
      },
      "properties": {
        "name": "Basílica de San Pedro - Fachada Principal",
        "title": "Vista frontal de la Basílica de San Pedro",
        "category": "monumento",
        "latitude": 41.90207737757657,
        "longitude": 12.453730729848838,
        "city": "Ciudad del Vaticano",
        "country": "Ciudad del Vaticano",
        "address": "Piazza San Pietro, 00120 Città del Vaticano",
        "date": "2023-10-15 10:30",
        "id": "REF-0161",
        "groundedFromAnchor": "Basílica de San Pedro",
        "computedScore": 83,
        "h3Index": "891e80505c7ffff"
      }
    },
    {
      "type": "Feature",
      "geometry": {
        "type": "Point",
        "coordinates": [
          12.457152199074281,
          41.90234623873688
        ]
      },
      "properties": {
        "name": "Plaza de San Pedro - Obelisco Vaticano",
        "title": "Centro de la Plaza de San Pedro junto al Obelisco",
        "category": "monumento",
        "latitude": 41.90234623873688,
        "longitude": 12.457152199074281,
        "city": "Ciudad del Vaticano",
        "country": "Ciudad del Vaticano",
        "address": "Piazza San Pietro, 00120 Città del Vaticano",
        "date": "2023-10-15 11:15",
        "id": "REF-0162",
        "groundedFromAnchor": "Plaza de San Pedro",
        "computedScore": 83,
        "h3Index": "891e8050513ffff"
      }
    },
    {
      "type": "Feature",
      "geometry": {
        "type": "Point",
        "coordinates": [
          12.453463602030098,
          41.90664407176286
        ]
      },
      "properties": {
        "name": "Museos Vaticanos - Portal de Entrada Viale Vaticano",
        "title": "Acceso principal a los Museos Vaticanos",
        "category": "actividad",
        "latitude": 41.90664407176286,
        "longitude": 12.453463602030098,
        "city": "Ciudad del Vaticano",
        "country": "Ciudad del Vaticano",
        "address": "Viale Vaticano, 00165 Città del Vaticano",
        "date": "2023-10-15 12:45",
        "id": "REF-0163",
        "groundedFromAnchor": "Museos Vaticanos",
        "computedScore": 90,
        "h3Index": "891e80505d7ffff"
      }
    },
    {
      "type": "Feature",
      "geometry": {
        "type": "Point",
        "coordinates": [
          12.454574277587565,
          41.902640944569704
        ]
      },
      "properties": {
        "name": "Capilla Sixtina y Palacio Apostólico - Cortile del Belvedere",
        "title": "Fachada exterior contigua a la Capilla Sixtina",
        "category": "monumento",
        "latitude": 41.902640944569704,
        "longitude": 12.454574277587565,
        "city": "Ciudad del Vaticano",
        "country": "Ciudad del Vaticano",
        "address": "Cortile del Belvedere, 00120 Città del Vaticano",
        "date": "2023-10-15 14:20",
        "id": "REF-0164",
        "groundedFromAnchor": "Capilla Sixtina",
        "computedScore": 83,
        "h3Index": "891e80505c7ffff"
      }
    },
    {
      "type": "Feature",
      "geometry": {
        "type": "Point",
        "coordinates": [
          12.450142074983669,
          41.903861589289946
        ]
      },
      "properties": {
        "name": "Jardines Vaticanos - Sector Fontana dell'Aquilone",
        "title": "Zona boscosa y fuentes de los Jardines Vaticanos",
        "category": "naturaleza",
        "latitude": 41.903861589289946,
        "longitude": 12.450142074983669,
        "city": "Ciudad del Vaticano",
        "country": "Ciudad del Vaticano",
        "address": "Giardini Vaticani, 00120 Città del Vaticano",
        "date": "2023-10-15 16:00",
        "id": "REF-0165",
        "groundedFromAnchor": "Jardines Vaticanos",
        "computedScore": 93,
        "h3Index": "891e80505c3ffff"
      }
    },
    {
      "type": "Feature",
      "geometry": {
        "type": "Point",
        "coordinates": [
          12.453277179560098,
          41.90226885116532
        ]
      },
      "properties": {
        "name": "Basílica de San Pedro",
        "title": "Fachada Principal y Atrio de San Pedro",
        "category": "monumento",
        "latitude": 41.90226885116532,
        "longitude": 12.453277179560098,
        "city": "Ciudad del Vaticano",
        "country": "Ciudad del Vaticano",
        "address": "Piazza San Pietro, 00120 Citta del Vaticano",
        "date": "2023-10-15 10:30",
        "id": "REF-0166",
        "groundedFromAnchor": "Basílica de San Pedro",
        "computedScore": 85,
        "h3Index": "891e80505c7ffff"
      }
    },
    {
      "type": "Feature",
      "geometry": {
        "type": "Point",
        "coordinates": [
          12.457685119423598,
          41.90220743236516
        ]
      },
      "properties": {
        "name": "Plaza de San Pedro",
        "title": "Colonada de Bernini y Obelisco Vaticano",
        "category": "monumento",
        "latitude": 41.90220743236516,
        "longitude": 12.457685119423598,
        "city": "Ciudad del Vaticano",
        "country": "Ciudad del Vaticano",
        "address": "Piazza San Pietro, 00120 Citta del Vaticano",
        "date": "2023-10-15 11:15",
        "id": "REF-0167",
        "groundedFromAnchor": "Plaza de San Pedro",
        "computedScore": 83,
        "h3Index": "891e8050513ffff"
      }
    },
    {
      "type": "Feature",
      "geometry": {
        "type": "Point",
        "coordinates": [
          12.453642956522732,
          41.90654982739283
        ]
      },
      "properties": {
        "name": "Museos Vaticanos",
        "title": "Entrada Principal Viale Vaticano",
        "category": "actividad",
        "latitude": 41.90654982739283,
        "longitude": 12.453642956522732,
        "city": "Ciudad del Vaticano",
        "country": "Ciudad del Vaticano",
        "address": "Viale Vaticano, 00120 Citta del Vaticano",
        "date": "2023-10-15 09:00",
        "id": "REF-0168",
        "groundedFromAnchor": "Museos Vaticanos",
        "computedScore": 89,
        "h3Index": "891e805058bffff"
      }
    },
    {
      "type": "Feature",
      "geometry": {
        "type": "Point",
        "coordinates": [
          12.454767966119203,
          41.90275196376629
        ]
      },
      "properties": {
        "name": "Capilla Sixtina",
        "title": "Palacio Apostólico - Capilla Sixtina",
        "category": "monumento",
        "latitude": 41.90275196376629,
        "longitude": 12.454767966119203,
        "city": "Ciudad del Vaticano",
        "country": "Ciudad del Vaticano",
        "address": "Cortile del Belvedere, 00120 Citta del Vaticano",
        "date": "2023-10-15 14:20",
        "id": "REF-0169",
        "groundedFromAnchor": "Capilla Sixtina",
        "computedScore": 83,
        "h3Index": "891e80505c7ffff"
      }
    },
    {
      "type": "Feature",
      "geometry": {
        "type": "Point",
        "coordinates": [
          12.45027884490906,
          41.903645405604436
        ]
      },
      "properties": {
        "name": "Jardines Vaticanos",
        "title": "Bosquete y Paseos del Monte Vaticano",
        "category": "naturaleza",
        "latitude": 41.903645405604436,
        "longitude": 12.45027884490906,
        "city": "Ciudad del Vaticano",
        "country": "Ciudad del Vaticano",
        "address": "Viale dell'Osservatorio, 00120 Citta del Vaticano",
        "date": "2023-10-15 16:00",
        "id": "REF-0170",
        "groundedFromAnchor": "Jardines Vaticanos",
        "computedScore": 96,
        "h3Index": "891e80505c3ffff"
      }
    },
    {
      "type": "Feature",
      "geometry": {
        "type": "Point",
        "coordinates": [
          12.453827180255109,
          41.90244572004023
        ]
      },
      "properties": {
        "name": "Basílica de San Pedro",
        "title": "Interior y Altar Mayor de San Pedro",
        "category": "monumento",
        "latitude": 41.90244572004023,
        "longitude": 12.453827180255109,
        "city": "Ciudad del Vaticano",
        "country": "Ciudad del Vaticano",
        "address": "Piazza San Pietro, 00120 Citta del Vaticano",
        "date": "2023-10-14 10:30",
        "id": "REF-0171",
        "groundedFromAnchor": "Basílica de San Pedro",
        "computedScore": 83,
        "h3Index": "891e80505c7ffff"
      }
    },
    {
      "type": "Feature",
      "geometry": {
        "type": "Point",
        "coordinates": [
          12.457008977127131,
          41.902275697485436
        ]
      },
      "properties": {
        "name": "Plaza de San Pedro",
        "title": "Colonagado de Bernini y Obelisco Vaticano",
        "category": "monumento",
        "latitude": 41.902275697485436,
        "longitude": 12.457008977127131,
        "city": "Ciudad del Vaticano",
        "country": "Ciudad del Vaticano",
        "address": "Piazza San Pietro, 00120 Citta del Vaticano",
        "date": "2023-10-14 11:45",
        "id": "REF-0172",
        "groundedFromAnchor": "Plaza de San Pedro",
        "computedScore": 83,
        "h3Index": "891e805051bffff"
      }
    },
    {
      "type": "Feature",
      "geometry": {
        "type": "Point",
        "coordinates": [
          12.454006583722968,
          41.90616508556604
        ]
      },
      "properties": {
        "name": "Museos Vaticanos",
        "title": "Patio del Belvedere y Galería de Exposición",
        "category": "actividad",
        "latitude": 41.90616508556604,
        "longitude": 12.454006583722968,
        "city": "Ciudad del Vaticano",
        "country": "Ciudad del Vaticano",
        "address": "Viale Vaticano, 00165 Citta del Vaticano",
        "date": "2023-10-14 14:15",
        "id": "REF-0173",
        "groundedFromAnchor": "Museos Vaticanos",
        "computedScore": 89,
        "h3Index": "891e805058bffff"
      }
    },
    {
      "type": "Feature",
      "geometry": {
        "type": "Point",
        "coordinates": [
          12.454634303878052,
          41.90304470328978
        ]
      },
      "properties": {
        "name": "Capilla Sixtina",
        "title": "Bóveda y Juicio Final en la Capilla Sixtina",
        "category": "monumento",
        "latitude": 41.90304470328978,
        "longitude": 12.454634303878052,
        "city": "Ciudad del Vaticano",
        "country": "Ciudad del Vaticano",
        "address": "00120 Citta del Vaticano",
        "date": "2023-10-14 15:30",
        "id": "REF-0174",
        "groundedFromAnchor": "Capilla Sixtina",
        "computedScore": 81,
        "h3Index": "891e80505c7ffff"
      }
    },
    {
      "type": "Feature",
      "geometry": {
        "type": "Point",
        "coordinates": [
          12.450360065160877,
          41.90418531179989
        ]
      },
      "properties": {
        "name": "Jardines Vaticanos",
        "title": "Senderos Botánicos y Casina Pio IV",
        "category": "naturaleza",
        "latitude": 41.90418531179989,
        "longitude": 12.450360065160877,
        "city": "Ciudad del Vaticano",
        "country": "Ciudad del Vaticano",
        "address": "Viale dell'Osservatorio, 00120 Citta del Vaticano",
        "date": "2023-10-14 16:45",
        "id": "REF-0175",
        "groundedFromAnchor": "Jardines Vaticanos",
        "computedScore": 96,
        "h3Index": "891e80505c3ffff"
      }
    },
    {
      "type": "Feature",
      "geometry": {
        "type": "Point",
        "coordinates": [
          12.453366610588379,
          41.90180198251305
        ]
      },
      "properties": {
        "name": "Basílica de San Pedro",
        "title": "Fachada Principal de la Basílica Papal de San Pedro",
        "category": "monumento",
        "latitude": 41.90180198251305,
        "longitude": 12.453366610588379,
        "city": "Ciudad del Vaticano",
        "country": "Ciudad del Vaticano",
        "address": "Piazza San Pietro, 00120 Citta del Vaticano",
        "date": "2023-10-15 10:30",
        "id": "REF-0176",
        "groundedFromAnchor": "Basílica de San Pedro",
        "computedScore": 85,
        "h3Index": "891e80505c7ffff"
      }
    },
    {
      "type": "Feature",
      "geometry": {
        "type": "Point",
        "coordinates": [
          12.457451607788148,
          41.90224970684084
        ]
      },
      "properties": {
        "name": "Plaza de San Pedro",
        "title": "Colonada de Bernini en la Plaza de San Pedro",
        "category": "monumento",
        "latitude": 41.90224970684084,
        "longitude": 12.457451607788148,
        "city": "Ciudad del Vaticano",
        "country": "Ciudad del Vaticano",
        "address": "Piazza San Pietro, 00120 Citta del Vaticano",
        "date": "2023-10-15 11:15",
        "id": "REF-0177",
        "groundedFromAnchor": "Plaza de San Pedro",
        "computedScore": 82,
        "h3Index": "891e8050513ffff"
      }
    },
    {
      "type": "Feature",
      "geometry": {
        "type": "Point",
        "coordinates": [
          12.453568985015488,
          41.906872282102874
        ]
      },
      "properties": {
        "name": "Museos Vaticanos",
        "title": "Entrada Principal a los Museos Vaticanos",
        "category": "actividad",
        "latitude": 41.906872282102874,
        "longitude": 12.453568985015488,
        "city": "Ciudad del Vaticano",
        "country": "Ciudad del Vaticano",
        "address": "Viale Vaticano, 00165 Citta del Vaticano",
        "date": "2023-10-15 12:45",
        "id": "REF-0178",
        "groundedFromAnchor": "Museos Vaticanos",
        "computedScore": 89,
        "h3Index": "891e805058bffff"
      }
    },
    {
      "type": "Feature",
      "geometry": {
        "type": "Point",
        "coordinates": [
          12.45448973783646,
          41.90275277975968
        ]
      },
      "properties": {
        "name": "Capilla Sixtina",
        "title": "Capilla Sixtina del Palacio Apostólico",
        "category": "monumento",
        "latitude": 41.90275277975968,
        "longitude": 12.45448973783646,
        "city": "Ciudad del Vaticano",
        "country": "Ciudad del Vaticano",
        "address": "Cortile del Belvedere, 00120 Citta del Vaticano",
        "date": "2023-10-15 14:10",
        "id": "REF-0179",
        "groundedFromAnchor": "Capilla Sixtina",
        "computedScore": 83,
        "h3Index": "891e80505c7ffff"
      }
    },
    {
      "type": "Feature",
      "geometry": {
        "type": "Point",
        "coordinates": [
          12.449981326587482,
          41.90371142788957
        ]
      },
      "properties": {
        "name": "Jardines Vaticanos",
        "title": "Senderos Principales de los Jardines Vaticanos",
        "category": "naturaleza",
        "latitude": 41.90371142788957,
        "longitude": 12.449981326587482,
        "city": "Ciudad del Vaticano",
        "country": "Ciudad del Vaticano",
        "address": "Jardines del Vaticano, 00120 Citta del Vaticano",
        "date": "2023-10-15 16:00",
        "id": "REF-0180",
        "groundedFromAnchor": "Jardines Vaticanos",
        "computedScore": 94,
        "h3Index": "891e80505c3ffff"
      }
    },
    {
      "type": "Feature",
      "geometry": {
        "type": "Point",
        "coordinates": [
          12.453440003885326,
          41.90253889265846
        ]
      },
      "properties": {
        "name": "Basílica de San Pedro",
        "title": "Altar Papal y Cúpula de San Pedro",
        "category": "monumento",
        "latitude": 41.90253889265846,
        "longitude": 12.453440003885326,
        "city": "Ciudad del Vaticano",
        "country": "Ciudad del Vaticano",
        "address": "Piazza San Pietro, 00120 Città del Vaticano",
        "date": "2023-10-14 10:30",
        "id": "REF-0181",
        "groundedFromAnchor": "Basílica de San Pedro",
        "computedScore": 83,
        "h3Index": "891e80505c7ffff"
      }
    },
    {
      "type": "Feature",
      "geometry": {
        "type": "Point",
        "coordinates": [
          12.457501603094894,
          41.90197408196893
        ]
      },
      "properties": {
        "name": "Plaza de San Pedro",
        "title": "Columnata de Bernini y Obelisco Vaticano",
        "category": "monumento",
        "latitude": 41.90197408196893,
        "longitude": 12.457501603094894,
        "city": "Ciudad del Vaticano",
        "country": "Ciudad del Vaticano",
        "address": "Piazza San Pietro, 00120 Città del Vaticano",
        "date": "2023-10-14 11:15",
        "id": "REF-0182",
        "groundedFromAnchor": "Plaza de San Pedro",
        "computedScore": 83,
        "h3Index": "891e805051bffff"
      }
    },
    {
      "type": "Feature",
      "geometry": {
        "type": "Point",
        "coordinates": [
          12.453781058524529,
          41.906100117381456
        ]
      },
      "properties": {
        "name": "Museos Vaticanos",
        "title": "Cortile della Pigna y Galerías Pontificias",
        "category": "actividad",
        "latitude": 41.906100117381456,
        "longitude": 12.453781058524529,
        "city": "Ciudad del Vaticano",
        "country": "Ciudad del Vaticano",
        "address": "Viale Vaticano, 00120 Città del Vaticano",
        "date": "2023-10-14 14:20",
        "id": "REF-0183",
        "groundedFromAnchor": "Museos Vaticanos",
        "computedScore": 89,
        "h3Index": "891e805058bffff"
      }
    },
    {
      "type": "Feature",
      "geometry": {
        "type": "Point",
        "coordinates": [
          12.454486992660149,
          41.90262765312435
        ]
      },
      "properties": {
        "name": "Capilla Sixtina",
        "title": "Recinto de la Capilla Sixtina y Palacio Apostólico",
        "category": "monumento",
        "latitude": 41.90262765312435,
        "longitude": 12.454486992660149,
        "city": "Ciudad del Vaticano",
        "country": "Ciudad del Vaticano",
        "address": "Cortile del Belvedere, 00120 Città del Vaticano",
        "date": "2023-10-14 15:45",
        "id": "REF-0184",
        "groundedFromAnchor": "Capilla Sixtina",
        "computedScore": 81,
        "h3Index": "891e80505c7ffff"
      }
    },
    {
      "type": "Feature",
      "geometry": {
        "type": "Point",
        "coordinates": [
          12.449789489491781,
          41.903693656238545
        ]
      },
      "properties": {
        "name": "Jardines Vaticanos",
        "title": "Sendero de la Fuente de la Galera",
        "category": "naturaleza",
        "latitude": 41.903693656238545,
        "longitude": 12.449789489491781,
        "city": "Ciudad del Vaticano",
        "country": "Ciudad del Vaticano",
        "address": "Giardini Vaticani, 00120 Città del Vaticano",
        "date": "2023-10-14 16:50",
        "id": "REF-0185",
        "groundedFromAnchor": "Jardines Vaticanos",
        "computedScore": 95,
        "h3Index": "891e80505c3ffff"
      }
    },
    {
      "type": "Feature",
      "geometry": {
        "type": "Point",
        "coordinates": [
          12.453695804985879,
          41.90219764645674
        ]
      },
      "properties": {
        "name": "Basílica de San Pedro",
        "title": "Fachada Principal de la Basílica Papal de San Pedro",
        "category": "monumento",
        "latitude": 41.90219764645674,
        "longitude": 12.453695804985879,
        "city": "Ciudad del Vaticano",
        "country": "Ciudad del Vaticano",
        "address": "Piazza San Pietro, 00120 Città del Vaticano",
        "date": "2023-10-14 10:30",
        "id": "REF-0186",
        "groundedFromAnchor": "Basílica de San Pedro",
        "computedScore": 83,
        "h3Index": "891e80505c7ffff"
      }
    },
    {
      "type": "Feature",
      "geometry": {
        "type": "Point",
        "coordinates": [
          12.457495177981938,
          41.90228217090764
        ]
      },
      "properties": {
        "name": "Plaza de San Pedro",
        "title": "Colonada de Bernini y Obelisco Vaticano",
        "category": "monumento",
        "latitude": 41.90228217090764,
        "longitude": 12.457495177981938,
        "city": "Ciudad del Vaticano",
        "country": "Ciudad del Vaticano",
        "address": "Piazza San Pietro, 00120 Città del Vaticano",
        "date": "2023-10-14 11:15",
        "id": "REF-0187",
        "groundedFromAnchor": "Plaza de San Pedro",
        "computedScore": 82,
        "h3Index": "891e8050513ffff"
      }
    },
    {
      "type": "Feature",
      "geometry": {
        "type": "Point",
        "coordinates": [
          12.45348165744557,
          41.9064966123901
        ]
      },
      "properties": {
        "name": "Museos Vaticanos",
        "title": "Pabellón de Entrada a los Museos Vaticanos",
        "category": "actividad",
        "latitude": 41.9064966123901,
        "longitude": 12.45348165744557,
        "city": "Ciudad del Vaticano",
        "country": "Ciudad del Vaticano",
        "address": "Viale Vaticano, 00165 Città del Vaticano",
        "date": "2023-10-14 12:45",
        "id": "REF-0188",
        "groundedFromAnchor": "Museos Vaticanos",
        "computedScore": 89,
        "h3Index": "891e80505d7ffff"
      }
    },
    {
      "type": "Feature",
      "geometry": {
        "type": "Point",
        "coordinates": [
          12.454421566850542,
          41.903139580552036
        ]
      },
      "properties": {
        "name": "Capilla Sixtina",
        "title": "Fachada Externa de la Capilla Sixtina",
        "category": "monumento",
        "latitude": 41.903139580552036,
        "longitude": 12.454421566850542,
        "city": "Ciudad del Vaticano",
        "country": "Ciudad del Vaticano",
        "address": "Cortile del Belvedere, 00120 Città del Vaticano",
        "date": "2023-10-14 14:20",
        "id": "REF-0189",
        "groundedFromAnchor": "Capilla Sixtina",
        "computedScore": 83,
        "h3Index": "891e80505c7ffff"
      }
    },
    {
      "type": "Feature",
      "geometry": {
        "type": "Point",
        "coordinates": [
          12.44970522556654,
          41.90388725073864
        ]
      },
      "properties": {
        "name": "Jardines Vaticanos",
        "title": "Bosquete y Senderos Botánicos de los Jardines Vaticanos",
        "category": "naturaleza",
        "latitude": 41.90388725073864,
        "longitude": 12.44970522556654,
        "city": "Ciudad del Vaticano",
        "country": "Ciudad del Vaticano",
        "address": "Giardini Vaticani, 00120 Città del Vaticano",
        "date": "2023-10-14 16:00",
        "id": "REF-0190",
        "groundedFromAnchor": "Jardines Vaticanos",
        "computedScore": 96,
        "h3Index": "891e80505c3ffff"
      }
    },
    {
      "type": "Feature",
      "geometry": {
        "type": "Point",
        "coordinates": [
          12.47667166596354,
          41.89843000776755
        ]
      },
      "properties": {
        "name": "La Casa del Caffè Tazza d'Oro",
        "title": "Cafetería histórica junto al Panteón",
        "category": "restaurante",
        "latitude": 41.89843000776755,
        "longitude": 12.47667166596354,
        "city": "Roma",
        "country": "Italia",
        "address": "Via dei Pastini 11, 00186 Roma RM, Italia",
        "date": "2023-10-14 11:30",
        "id": "REF-0191",
        "groundedFromAnchor": "Panteón de Agripa",
        "computedScore": 85,
        "h3Index": "891e8050527ffff"
      }
    },
    {
      "type": "Feature",
      "geometry": {
        "type": "Point",
        "coordinates": [
          12.476850364593997,
          41.89882743419272
        ]
      },
      "properties": {
        "name": "Ristorante Di Rienzo",
        "title": "Restaurante con terraza frente al Panteón",
        "category": "restaurante",
        "latitude": 41.89882743419272,
        "longitude": 12.476850364593997,
        "city": "Roma",
        "country": "Italia",
        "address": "Piazza della Rotonda 8/9, 00186 Roma RM, Italia",
        "date": "2023-10-14 12:15",
        "id": "REF-0192",
        "groundedFromAnchor": "Panteón de Agripa",
        "computedScore": 83,
        "h3Index": "891e8050527ffff"
      }
    },
    {
      "type": "Feature",
      "geometry": {
        "type": "Point",
        "coordinates": [
          12.477117381496516,
          41.89869986516184
        ]
      },
      "properties": {
        "name": "Antica Salumeria al Pantheon",
        "title": "Charcutería gourmet y degustación tradicional",
        "category": "restaurante",
        "latitude": 41.89869986516184,
        "longitude": 12.477117381496516,
        "city": "Roma",
        "country": "Italia",
        "address": "Piazza della Rotonda 4, 00186 Roma RM, Italia",
        "date": "2023-10-14 14:00",
        "id": "REF-0193",
        "groundedFromAnchor": "Panteón de Agripa",
        "computedScore": 81,
        "h3Index": "891e8050527ffff"
      }
    },
    {
      "type": "Feature",
      "geometry": {
        "type": "Point",
        "coordinates": [
          12.476884680346442,
          41.898903727272376
        ]
      },
      "properties": {
        "name": "Hotel Abruzzi",
        "title": "Hotel boutique con vistas al Panteón",
        "category": "hotel",
        "latitude": 41.898903727272376,
        "longitude": 12.476884680346442,
        "city": "Roma",
        "country": "Italia",
        "address": "Piazza della Rotonda 69, 00186 Roma RM, Italia",
        "date": "2023-10-14 16:45",
        "id": "REF-0194",
        "groundedFromAnchor": "Panteón de Agripa",
        "computedScore": 86,
        "h3Index": "891e8050527ffff"
      }
    },
    {
      "type": "Feature",
      "geometry": {
        "type": "Point",
        "coordinates": [
          12.476863961804295,
          41.898601308938716
        ]
      },
      "properties": {
        "name": "Panteón de Agripa",
        "title": "Templo romano antiguo y Basílica de Santa María de los Mártires",
        "category": "monumento",
        "latitude": 41.898601308938716,
        "longitude": 12.476863961804295,
        "city": "Roma",
        "country": "Italia",
        "address": "Piazza della Rotonda, 00186 Roma RM, Italia",
        "date": "2023-10-14 10:00",
        "id": "REF-0195",
        "groundedFromAnchor": "Panteón de Agripa",
        "computedScore": 85,
        "h3Index": "891e8050527ffff"
      }
    },
    {
      "type": "Feature",
      "geometry": {
        "type": "Point",
        "coordinates": [
          12.477018312722382,
          41.898851004932446
        ]
      },
      "properties": {
        "name": "Panteón de Agripa - Pórtico Principal",
        "title": "Fachada y Portón Romano del Panteón",
        "category": "monumento",
        "latitude": 41.898851004932446,
        "longitude": 12.477018312722382,
        "city": "Roma",
        "country": "Italia",
        "address": "Piazza della Rotonda, 00186 Roma RM, Italia",
        "date": "2023-10-14 11:30",
        "id": "REF-0196",
        "groundedFromAnchor": "Panteón de Agripa",
        "computedScore": 84,
        "h3Index": "891e8050527ffff"
      }
    },
    {
      "type": "Feature",
      "geometry": {
        "type": "Point",
        "coordinates": [
          12.476783454870546,
          41.89879798542612
        ]
      },
      "properties": {
        "name": "Fuente del Panteón",
        "title": "Fontana del Pantheon y Obelisco Macuteyo",
        "category": "monumento",
        "latitude": 41.89879798542612,
        "longitude": 12.476783454870546,
        "city": "Roma",
        "country": "Italia",
        "address": "Piazza della Rotonda, 00186 Roma RM, Italia",
        "date": "2023-10-14 12:15",
        "id": "REF-0197",
        "groundedFromAnchor": "Panteón de Agripa",
        "computedScore": 82,
        "h3Index": "891e8050527ffff"
      }
    },
    {
      "type": "Feature",
      "geometry": {
        "type": "Point",
        "coordinates": [
          12.47713066064091,
          41.898829861527894
        ]
      },
      "properties": {
        "name": "Ristorante Di Rienzo",
        "title": "Terraza Gastronómica Piazza della Rotonda",
        "category": "restaurante",
        "latitude": 41.898829861527894,
        "longitude": 12.47713066064091,
        "city": "Roma",
        "country": "Italia",
        "address": "Piazza della Rotonda 8, 00186 Roma RM, Italia",
        "date": "2023-10-14 13:00",
        "id": "REF-0198",
        "groundedFromAnchor": "Panteón de Agripa",
        "computedScore": 87,
        "h3Index": "891e8050527ffff"
      }
    },
    {
      "type": "Feature",
      "geometry": {
        "type": "Point",
        "coordinates": [
          12.476631387557243,
          41.89864255361808
        ]
      },
      "properties": {
        "name": "Hotel Albergo Abruzzi",
        "title": "Alojamiento Histórico con vista al Panteón",
        "category": "hotel",
        "latitude": 41.89864255361808,
        "longitude": 12.476631387557243,
        "city": "Roma",
        "country": "Italia",
        "address": "Piazza della Rotonda 69, 00186 Roma RM, Italia",
        "date": "2023-10-14 14:10",
        "id": "REF-0199",
        "groundedFromAnchor": "Panteón de Agripa",
        "computedScore": 81,
        "h3Index": "891e8050527ffff"
      }
    },
    {
      "type": "Feature",
      "geometry": {
        "type": "Point",
        "coordinates": [
          12.477093345037225,
          41.898809332486465
        ]
      },
      "properties": {
        "name": "Antico Caffè della Rotonda",
        "title": "Cafetería Tradicional y Gelateria",
        "category": "restaurante",
        "latitude": 41.898809332486465,
        "longitude": 12.477093345037225,
        "city": "Roma",
        "country": "Italia",
        "address": "Piazza della Rotonda 71, 00186 Roma RM, Italia",
        "date": "2023-10-14 15:30",
        "id": "REF-0200",
        "groundedFromAnchor": "Panteón de Agripa",
        "computedScore": 86,
        "h3Index": "891e8050527ffff"
      }
    },
    {
      "type": "Feature",
      "geometry": {
        "type": "Point",
        "coordinates": [
          12.476834327399818,
          41.89887627794278
        ]
      },
      "properties": {
        "name": "Fontana del Pantheon",
        "title": "Fuente de la Piazza della Rotonda",
        "category": "monumento",
        "latitude": 41.89887627794278,
        "longitude": 12.476834327399818,
        "city": "Roma",
        "country": "Italia",
        "address": "Piazza della Rotonda, 00186 Roma RM, Italia",
        "date": "2023-10-15 11:30",
        "id": "REF-0201",
        "groundedFromAnchor": "Panteón de Agripa",
        "computedScore": 84,
        "h3Index": "891e8050527ffff"
      }
    },
    {
      "type": "Feature",
      "geometry": {
        "type": "Point",
        "coordinates": [
          12.477147416240925,
          41.8985591300414
        ]
      },
      "properties": {
        "name": "Ristorante Di Rienzo",
        "title": "Restaurante con terraza en Piazza della Rotonda",
        "category": "restaurante",
        "latitude": 41.8985591300414,
        "longitude": 12.477147416240925,
        "city": "Roma",
        "country": "Italia",
        "address": "Piazza della Rotonda 8, 00186 Roma RM, Italia",
        "date": "2023-10-15 13:15",
        "id": "REF-0202",
        "groundedFromAnchor": "Panteón de Agripa",
        "computedScore": 83,
        "h3Index": "891e8050527ffff"
      }
    },
    {
      "type": "Feature",
      "geometry": {
        "type": "Point",
        "coordinates": [
          12.476655243055076,
          41.898416565243224
        ]
      },
      "properties": {
        "name": "Via della Palombella Monument",
        "title": "Muro Posterior del Panteon de Agripa",
        "category": "monumento",
        "latitude": 41.898416565243224,
        "longitude": 12.476655243055076,
        "city": "Roma",
        "country": "Italia",
        "address": "Via della Palombella 2, 00186 Roma RM, Italia",
        "date": "2023-10-15 16:45",
        "id": "REF-0203",
        "groundedFromAnchor": "Panteón de Agripa",
        "computedScore": 83,
        "h3Index": "891e8050527ffff"
      }
    },
    {
      "type": "Feature",
      "geometry": {
        "type": "Point",
        "coordinates": [
          12.477139435944066,
          41.89888536248807
        ]
      },
      "properties": {
        "name": "Grand Hotel De La Minerve",
        "title": "Hotel Historico Junto al Panteon",
        "category": "hotel",
        "latitude": 41.89888536248807,
        "longitude": 12.477139435944066,
        "city": "Roma",
        "country": "Italia",
        "address": "Piazza della Minerva 69, 00186 Roma RM, Italia",
        "date": "2023-10-15 18:20",
        "id": "REF-0204",
        "groundedFromAnchor": "Panteón de Agripa",
        "computedScore": 81,
        "h3Index": "891e8050527ffff"
      }
    },
    {
      "type": "Feature",
      "geometry": {
        "type": "Point",
        "coordinates": [
          12.47695962154787,
          41.898695158455475
        ]
      },
      "properties": {
        "name": "Panteon de Agripa - Portico Principal",
        "title": "Acceso Frontal al Panteon",
        "category": "monumento",
        "latitude": 41.898695158455475,
        "longitude": 12.47695962154787,
        "city": "Roma",
        "country": "Italia",
        "address": "Piazza della Rotonda, 00186 Roma RM, Italia",
        "date": "2023-10-15 10:00",
        "id": "REF-0205",
        "groundedFromAnchor": "Panteón de Agripa",
        "computedScore": 85,
        "h3Index": "891e8050527ffff"
      }
    },
    {
      "type": "Feature",
      "geometry": {
        "type": "Point",
        "coordinates": [
          12.476838172325257,
          41.89866216082315
        ]
      },
      "properties": {
        "name": "Panteón de Agripa",
        "title": "Pórtico del Panteón de Roma",
        "category": "monumento",
        "latitude": 41.89866216082315,
        "longitude": 12.476838172325257,
        "city": "Roma",
        "country": "Italia",
        "address": "Piazza della Rotonda, 00186 Roma RM, Italia",
        "date": "2023-10-15 11:30",
        "id": "REF-0206",
        "groundedFromAnchor": "Panteón de Agripa",
        "computedScore": 85,
        "h3Index": "891e8050527ffff"
      }
    },
    {
      "type": "Feature",
      "geometry": {
        "type": "Point",
        "coordinates": [
          12.477323034417477,
          41.89893785749537
        ]
      },
      "properties": {
        "name": "Ristorante Di Rienzo",
        "title": "Restaurante Terraza Piazza della Rotonda",
        "category": "restaurante",
        "latitude": 41.89893785749537,
        "longitude": 12.477323034417477,
        "city": "Roma",
        "country": "Italia",
        "address": "Piazza della Rotonda, 8/9, 00186 Roma RM, Italia",
        "date": "2023-10-15 13:15",
        "id": "REF-0207",
        "groundedFromAnchor": "Panteón de Agripa",
        "computedScore": 86,
        "h3Index": "891e8050527ffff"
      }
    },
    {
      "type": "Feature",
      "geometry": {
        "type": "Point",
        "coordinates": [
          12.476760854746212,
          41.898862700295595
        ]
      },
      "properties": {
        "name": "Fuente del Panteón",
        "title": "Fontana della Rotonda con Obelisco Macuteyo",
        "category": "monumento",
        "latitude": 41.898862700295595,
        "longitude": 12.476760854746212,
        "city": "Roma",
        "country": "Italia",
        "address": "Piazza della Rotonda, 00186 Roma RM, Italia",
        "date": "2023-10-15 15:45",
        "id": "REF-0208",
        "groundedFromAnchor": "Panteón de Agripa",
        "computedScore": 81,
        "h3Index": "891e8050527ffff"
      }
    },
    {
      "type": "Feature",
      "geometry": {
        "type": "Point",
        "coordinates": [
          12.477237906531164,
          41.89821280015653
        ]
      },
      "properties": {
        "name": "Grand Hotel De La Minerve",
        "title": "Fachada Hotel de la Minerva",
        "category": "hotel",
        "latitude": 41.89821280015653,
        "longitude": 12.477237906531164,
        "city": "Roma",
        "country": "Italia",
        "address": "Piazza della Minerva, 69, 00186 Roma RM, Italia",
        "date": "2023-10-15 17:10",
        "id": "REF-0209",
        "groundedFromAnchor": "Panteón de Agripa",
        "computedScore": 85,
        "h3Index": "891e8050527ffff"
      }
    },
    {
      "type": "Feature",
      "geometry": {
        "type": "Point",
        "coordinates": [
          12.477188816037033,
          41.8982791544932
        ]
      },
      "properties": {
        "name": "Estatua del Elefante y Obelisco",
        "title": "Pulcino della Minerva de Bernini",
        "category": "monumento",
        "latitude": 41.8982791544932,
        "longitude": 12.477188816037033,
        "city": "Roma",
        "country": "Italia",
        "address": "Piazza della Minerva, 42, 00186 Roma RM, Italia",
        "date": "2023-10-15 18:00",
        "id": "REF-0210",
        "groundedFromAnchor": "Panteón de Agripa",
        "computedScore": 80,
        "h3Index": "891e8050527ffff"
      }
    },
    {
      "type": "Feature",
      "geometry": {
        "type": "Point",
        "coordinates": [
          12.477066735375526,
          41.89836409713686
        ]
      },
      "properties": {
        "name": "Fontana del Pantheon",
        "title": "Fuente monumental en la Piazza della Rotonda",
        "category": "monumento",
        "latitude": 41.89836409713686,
        "longitude": 12.477066735375526,
        "city": "Roma",
        "country": "Italia",
        "address": "Piazza della Rotonda, 00186 Roma RM, Italia",
        "date": "2023-10-15 11:30",
        "id": "REF-0211",
        "groundedFromAnchor": "Panteón de Agripa",
        "computedScore": 84,
        "h3Index": "891e8050527ffff"
      }
    },
    {
      "type": "Feature",
      "geometry": {
        "type": "Point",
        "coordinates": [
          12.477308152579049,
          41.89845714910296
        ]
      },
      "properties": {
        "name": "Ristorante Di Rienzo",
        "title": "Restaurante con terraza frente al Panteón",
        "category": "restaurante",
        "latitude": 41.89845714910296,
        "longitude": 12.477308152579049,
        "city": "Roma",
        "country": "Italia",
        "address": "Piazza della Rotonda, 8, 00186 Roma RM, Italia",
        "date": "2023-10-15 13:15",
        "id": "REF-0212",
        "groundedFromAnchor": "Panteón de Agripa",
        "computedScore": 87,
        "h3Index": "891e8050527ffff"
      }
    },
    {
      "type": "Feature",
      "geometry": {
        "type": "Point",
        "coordinates": [
          12.476696040029571,
          41.89826344329539
        ]
      },
      "properties": {
        "name": "Albergo Abruzzi",
        "title": "Hotel boutique histórico",
        "category": "hotel",
        "latitude": 41.89826344329539,
        "longitude": 12.476696040029571,
        "city": "Roma",
        "country": "Italia",
        "address": "Piazza della Rotonda, 69, 00186 Roma RM, Italia",
        "date": "2023-10-15 16:45",
        "id": "REF-0213",
        "groundedFromAnchor": "Panteón de Agripa",
        "computedScore": 81,
        "h3Index": "891e8050527ffff"
      }
    },
    {
      "type": "Feature",
      "geometry": {
        "type": "Point",
        "coordinates": [
          12.476738298187046,
          41.898362610955914
        ]
      },
      "properties": {
        "name": "Punto de Encuentro Tours Via de' Crescenzi",
        "title": "Punto de encuentro para tours guiados del Panteón",
        "category": "actividad",
        "latitude": 41.898362610955914,
        "longitude": 12.476738298187046,
        "city": "Roma",
        "country": "Italia",
        "address": "Via de' Crescenzi, 2, 00186 Roma RM, Italia",
        "date": "2023-10-15 09:15",
        "id": "REF-0214",
        "groundedFromAnchor": "Panteón de Agripa",
        "computedScore": 79,
        "h3Index": "891e8050527ffff"
      }
    },
    {
      "type": "Feature",
      "geometry": {
        "type": "Point",
        "coordinates": [
          12.476843782838229,
          41.89898132399074
        ]
      },
      "properties": {
        "name": "Parada de Autobús Via del Pantheon",
        "title": "Acceso de transporte público al Panteón",
        "category": "transporte",
        "latitude": 41.89898132399074,
        "longitude": 12.476843782838229,
        "city": "Roma",
        "country": "Italia",
        "address": "Via del Pantheon, 00186 Roma RM, Italia",
        "date": "2023-10-15 18:00",
        "id": "REF-0215",
        "groundedFromAnchor": "Panteón de Agripa",
        "computedScore": 84,
        "h3Index": "891e8050527ffff"
      }
    },
    {
      "type": "Feature",
      "geometry": {
        "type": "Point",
        "coordinates": [
          12.477109931876802,
          41.89894880469703
        ]
      },
      "properties": {
        "name": "Fontana del Pantheon",
        "title": "Fuente monumental con obelisco egipcio",
        "category": "monumento",
        "latitude": 41.89894880469703,
        "longitude": 12.477109931876802,
        "city": "Roma",
        "country": "Italia",
        "address": "Piazza della Rotonda, 00186 Roma RM, Italia",
        "date": "2023-10-14 11:30",
        "id": "REF-0216",
        "groundedFromAnchor": "Panteón de Agripa",
        "computedScore": 84,
        "h3Index": "891e8050527ffff"
      }
    },
    {
      "type": "Feature",
      "geometry": {
        "type": "Point",
        "coordinates": [
          12.476613638643695,
          41.898779250583864
        ]
      },
      "properties": {
        "name": "Ristorante Da Fortunato al Pantheon",
        "title": "Trattoria tradicional romana",
        "category": "restaurante",
        "latitude": 41.898779250583864,
        "longitude": 12.476613638643695,
        "city": "Roma",
        "country": "Italia",
        "address": "Via del Pantheon, 55, 00186 Roma RM, Italia",
        "date": "2023-10-14 13:15",
        "id": "REF-0217",
        "groundedFromAnchor": "Panteón de Agripa",
        "computedScore": 83,
        "h3Index": "891e8050527ffff"
      }
    },
    {
      "type": "Feature",
      "geometry": {
        "type": "Point",
        "coordinates": [
          12.476710897755147,
          41.89835614290129
        ]
      },
      "properties": {
        "name": "Piazza della Minerva Sotto il Pantheon",
        "title": "Acceso sur posterior al Panteón",
        "category": "actividad",
        "latitude": 41.89835614290129,
        "longitude": 12.476710897755147,
        "city": "Roma",
        "country": "Italia",
        "address": "Piazza della Minerva, 42, 00186 Roma RM, Italia",
        "date": "2023-10-14 15:45",
        "id": "REF-0218",
        "groundedFromAnchor": "Panteón de Agripa",
        "computedScore": 80,
        "h3Index": "891e8050527ffff"
      }
    },
    {
      "type": "Feature",
      "geometry": {
        "type": "Point",
        "coordinates": [
          12.47717005409532,
          41.89874783639437
        ]
      },
      "properties": {
        "name": "Gran Caffè del Pantheon",
        "title": "Cafetería y terraza histórica",
        "category": "restaurante",
        "latitude": 41.89874783639437,
        "longitude": 12.47717005409532,
        "city": "Roma",
        "country": "Italia",
        "address": "Piazza della Rotonda, 81, 00186 Roma RM, Italia",
        "date": "2023-10-14 17:10",
        "id": "REF-0219",
        "groundedFromAnchor": "Panteón de Agripa",
        "computedScore": 85,
        "h3Index": "891e8050527ffff"
      }
    },
    {
      "type": "Feature",
      "geometry": {
        "type": "Point",
        "coordinates": [
          12.47666251670384,
          41.89897280612187
        ]
      },
      "properties": {
        "name": "Hotel Abruzzi",
        "title": "Alojamiento boutique frente a la fachada principal",
        "category": "hotel",
        "latitude": 41.89897280612187,
        "longitude": 12.47666251670384,
        "city": "Roma",
        "country": "Italia",
        "address": "Piazza della Rotonda, 69, 00186 Roma RM, Italia",
        "date": "2023-10-14 09:15",
        "id": "REF-0220",
        "groundedFromAnchor": "Panteón de Agripa",
        "computedScore": 81,
        "h3Index": "891e8050527ffff"
      }
    },
    {
      "type": "Feature",
      "geometry": {
        "type": "Point",
        "coordinates": [
          12.477072291283081,
          41.89828939831418
        ]
      },
      "properties": {
        "name": "Fontana del Pantheon",
        "title": "Fuente Monumental de la Piazza della Rotonda",
        "category": "monumento",
        "latitude": 41.89828939831418,
        "longitude": 12.477072291283081,
        "city": "Roma",
        "country": "Italia",
        "address": "Piazza della Rotonda, 00186 Roma RM, Italia",
        "date": "2023-10-15 11:30",
        "id": "REF-0221",
        "groundedFromAnchor": "Panteón de Agripa (41.898611, 12.476944)",
        "computedScore": 84,
        "h3Index": "891e8050527ffff"
      }
    },
    {
      "type": "Feature",
      "geometry": {
        "type": "Point",
        "coordinates": [
          12.476657539279056,
          41.89858641517434
        ]
      },
      "properties": {
        "name": "Ristorante Armando al Pantheon",
        "title": "Trattoria tradicional romana cerca de la fachada oeste",
        "category": "restaurante",
        "latitude": 41.89858641517434,
        "longitude": 12.476657539279056,
        "city": "Roma",
        "country": "Italia",
        "address": "Salita de' Crescenzi, 31, 00186 Roma RM, Italia",
        "date": "2023-10-15 12:15",
        "id": "REF-0222",
        "groundedFromAnchor": "Panteón de Agripa (41.898611, 12.476944)",
        "computedScore": 84,
        "h3Index": "891e8050527ffff"
      }
    },
    {
      "type": "Feature",
      "geometry": {
        "type": "Point",
        "coordinates": [
          12.476787673380889,
          41.898862860736244
        ]
      },
      "properties": {
        "name": "Hotel Sole al Pantheon",
        "title": "Hotel histórico con vistas a la fachada del Panteón",
        "category": "hotel",
        "latitude": 41.898862860736244,
        "longitude": 12.476787673380889,
        "city": "Roma",
        "country": "Italia",
        "address": "Piazza della Rotonda, 63, 00186 Roma RM, Italia",
        "date": "2023-10-15 14:00",
        "id": "REF-0223",
        "groundedFromAnchor": "Panteón de Agripa (41.898611, 12.476944)",
        "computedScore": 84,
        "h3Index": "891e8050527ffff"
      }
    },
    {
      "type": "Feature",
      "geometry": {
        "type": "Point",
        "coordinates": [
          12.476911028623844,
          41.89870533577883
        ]
      },
      "properties": {
        "name": "Pórtico del Panteón de Agripa",
        "title": "Pórtico Monumental con Columnas Corintias",
        "category": "monumento",
        "latitude": 41.89870533577883,
        "longitude": 12.476911028623844,
        "city": "Roma",
        "country": "Italia",
        "address": "Piazza della Rotonda, 00186 Roma RM, Italia",
        "date": "2023-10-15 15:45",
        "id": "REF-0224",
        "groundedFromAnchor": "Panteón de Agripa (41.898611, 12.476944)",
        "computedScore": 84,
        "h3Index": "891e8050527ffff"
      }
    },
    {
      "type": "Feature",
      "geometry": {
        "type": "Point",
        "coordinates": [
          12.477268852439169,
          41.8986526735606
        ]
      },
      "properties": {
        "name": "Antica Caffe della Rotonda",
        "title": "Cafetería y terraza histórica del costado este",
        "category": "restaurante",
        "latitude": 41.8986526735606,
        "longitude": 12.477268852439169,
        "city": "Roma",
        "country": "Italia",
        "address": "Piazza della Rotonda, 81, 00186 Roma RM, Italia",
        "date": "2023-10-15 16:30",
        "id": "REF-0225",
        "groundedFromAnchor": "Panteón de Agripa (41.898611, 12.476944)",
        "computedScore": 82,
        "h3Index": "891e8050527ffff"
      }
    },
    {
      "type": "Feature",
      "geometry": {
        "type": "Point",
        "coordinates": [
          12.476704324833621,
          41.898481593559055
        ]
      },
      "properties": {
        "name": "Piazza della Rotonda - Frente al Panteón",
        "title": "Entrada Principal de la Piazza della Rotonda",
        "category": "monumento",
        "latitude": 41.898481593559055,
        "longitude": 12.476704324833621,
        "city": "Roma",
        "country": "Italia",
        "address": "Piazza della Rotonda, 00186 Roma RM, Italia",
        "date": "2023-10-14 11:30",
        "id": "REF-0226",
        "groundedFromAnchor": "Panteón de Agripa",
        "computedScore": 85,
        "h3Index": "891e8050527ffff"
      }
    },
    {
      "type": "Feature",
      "geometry": {
        "type": "Point",
        "coordinates": [
          12.477199185058803,
          41.89840687966035
        ]
      },
      "properties": {
        "name": "Ristorante Di Rienzo",
        "title": "Terraza Gastronómica Piazza della Rotonda",
        "category": "restaurante",
        "latitude": 41.89840687966035,
        "longitude": 12.477199185058803,
        "city": "Roma",
        "country": "Italia",
        "address": "Piazza della Rotonda 8, 00186 Roma RM, Italia",
        "date": "2023-10-14 12:15",
        "id": "REF-0227",
        "groundedFromAnchor": "Panteón de Agripa",
        "computedScore": 85,
        "h3Index": "891e8050527ffff"
      }
    },
    {
      "type": "Feature",
      "geometry": {
        "type": "Point",
        "coordinates": [
          12.47683627308406,
          41.89858114422594
        ]
      },
      "properties": {
        "name": "Fuente del Panteón (Fontana del Pantheon)",
        "title": "Fuente y Obelisco Macuteyo",
        "category": "monumento",
        "latitude": 41.89858114422594,
        "longitude": 12.47683627308406,
        "city": "Roma",
        "country": "Italia",
        "address": "Piazza della Rotonda, 00186 Roma RM, Italia",
        "date": "2023-10-14 14:00",
        "id": "REF-0228",
        "groundedFromAnchor": "Panteón de Agripa",
        "computedScore": 83,
        "h3Index": "891e8050527ffff"
      }
    },
    {
      "type": "Feature",
      "geometry": {
        "type": "Point",
        "coordinates": [
          12.477127264469914,
          41.89855594381301
        ]
      },
      "properties": {
        "name": "Hotel Abruzzi",
        "title": "Alojamiento Histórico Vista Panteón",
        "category": "hotel",
        "latitude": 41.89855594381301,
        "longitude": 12.477127264469914,
        "city": "Roma",
        "country": "Italia",
        "address": "Piazza della Rotonda 69, 00186 Roma RM, Italia",
        "date": "2023-10-14 16:20",
        "id": "REF-0229",
        "groundedFromAnchor": "Panteón de Agripa",
        "computedScore": 84,
        "h3Index": "891e8050527ffff"
      }
    },
    {
      "type": "Feature",
      "geometry": {
        "type": "Point",
        "coordinates": [
          12.477131471614989,
          41.89838017023492
        ]
      },
      "properties": {
        "name": "Minerva Gelato & Coffee",
        "title": "Heladería Artesanal Via della Minerva",
        "category": "restaurante",
        "latitude": 41.89838017023492,
        "longitude": 12.477131471614989,
        "city": "Roma",
        "country": "Italia",
        "address": "Via della Minerva 5, 00186 Roma RM, Italia",
        "date": "2023-10-14 17:45",
        "id": "REF-0230",
        "groundedFromAnchor": "Panteón de Agripa",
        "computedScore": 81,
        "h3Index": "891e8050527ffff"
      }
    },
    {
      "type": "Feature",
      "geometry": {
        "type": "Point",
        "coordinates": [
          12.492217316010153,
          41.8901113800729
        ]
      },
      "properties": {
        "name": "Colosseo",
        "title": "NW",
        "category": "monumento",
        "latitude": 41.8901113800729,
        "longitude": 12.492217316010153,
        "city": "Roma",
        "country": "Roma",
        "address": "NW, Roma",
        "date": "2023-05-14 08:15",
        "id": "REF-0231",
        "groundedFromAnchor": "Colosseo",
        "computedScore": 85,
        "h3Index": "891e8050cd3ffff"
      }
    },
    {
      "type": "Feature",
      "geometry": {
        "type": "Point",
        "coordinates": [
          12.476854715366445,
          41.89898670176409
        ]
      },
      "properties": {
        "name": "Pantheon",
        "title": "SE",
        "category": "monumento",
        "latitude": 41.89898670176409,
        "longitude": 12.476854715366445,
        "city": "Roma",
        "country": "Roma",
        "address": "SE, Roma",
        "date": "2023-06-22 13:45",
        "id": "REF-0232",
        "groundedFromAnchor": "Pantheon",
        "computedScore": 85,
        "h3Index": "891e8050527ffff"
      }
    },
    {
      "type": "Feature",
      "geometry": {
        "type": "Point",
        "coordinates": [
          12.482913229775667,
          41.9005481851748
        ]
      },
      "properties": {
        "name": "Fontana di Trevi",
        "title": "NE",
        "category": "actividad",
        "latitude": 41.9005481851748,
        "longitude": 12.482913229775667,
        "city": "Roma",
        "country": "Roma",
        "address": "NE, Roma",
        "date": "2023-04-10 16:20",
        "id": "REF-0233",
        "groundedFromAnchor": "Fontana di Trevi",
        "computedScore": 81,
        "h3Index": "891e8052a57ffff"
      }
    },
    {
      "type": "Feature",
      "geometry": {
        "type": "Point",
        "coordinates": [
          12.485328974579284,
          41.89215805078092
        ]
      },
      "properties": {
        "name": "Foro Romano",
        "title": "SW",
        "category": "monumento",
        "latitude": 41.89215805078092,
        "longitude": 12.485328974579284,
        "city": "Roma",
        "country": "Roma",
        "address": "SW, Roma",
        "date": "2023-09-05 17:45",
        "id": "REF-0234",
        "groundedFromAnchor": "Foro Romano",
        "computedScore": 88,
        "h3Index": "891e80501b3ffff"
      }
    },
    {
      "type": "Feature",
      "geometry": {
        "type": "Point",
        "coordinates": [
          12.473414770094953,
          41.8995201422094
        ]
      },
      "properties": {
        "name": "Piazza Navona",
        "title": "NW",
        "category": "monumento",
        "latitude": 41.8995201422094,
        "longitude": 12.473414770094953,
        "city": "Roma",
        "country": "Roma",
        "address": "NW, Roma",
        "date": "2023-11-02 19:30",
        "id": "REF-0235",
        "groundedFromAnchor": "Piazza Navona",
        "computedScore": 86,
        "h3Index": "891e8050523ffff"
      }
    },
    {
      "type": "Feature",
      "geometry": {
        "type": "Point",
        "coordinates": [
          12.465929804483666,
          41.90302726020443
        ]
      },
      "properties": {
        "name": "Castel Sant'Angelo",
        "title": "SE",
        "category": "monumento",
        "latitude": 41.90302726020443,
        "longitude": 12.465929804483666,
        "city": "Roma",
        "country": "Roma",
        "address": "SE, Roma",
        "date": "2023-03-25 07:10",
        "id": "REF-0236",
        "groundedFromAnchor": "Castel Sant'Angelo",
        "computedScore": 86,
        "h3Index": "891e80505abffff"
      }
    },
    {
      "type": "Feature",
      "geometry": {
        "type": "Point",
        "coordinates": [
          12.491953709797599,
          41.88996450279718
        ]
      },
      "properties": {
        "name": "Colosseo",
        "title": "NE",
        "category": "monumento",
        "latitude": 41.88996450279718,
        "longitude": 12.491953709797599,
        "city": "Roma",
        "country": "Roma",
        "address": "NE, Roma",
        "date": "2023-05-14 10:05",
        "id": "REF-0237",
        "groundedFromAnchor": "Colosseo",
        "computedScore": 81,
        "h3Index": "891e80501a7ffff"
      }
    },
    {
      "type": "Feature",
      "geometry": {
        "type": "Point",
        "coordinates": [
          12.476905243604449,
          41.89837102837016
        ]
      },
      "properties": {
        "name": "Pantheon",
        "title": "NW",
        "category": "monumento",
        "latitude": 41.89837102837016,
        "longitude": 12.476905243604449,
        "city": "Roma",
        "country": "Roma",
        "address": "NW, Roma",
        "date": "2023-06-22 19:55",
        "id": "REF-0238",
        "groundedFromAnchor": "Pantheon",
        "computedScore": 83,
        "h3Index": "891e8050527ffff"
      }
    },
    {
      "type": "Feature",
      "geometry": {
        "type": "Point",
        "coordinates": [
          12.483114723407569,
          41.90067910661801
        ]
      },
      "properties": {
        "name": "Fontana di Trevi",
        "title": "SW",
        "category": "actividad",
        "latitude": 41.90067910661801,
        "longitude": 12.483114723407569,
        "city": "Roma",
        "country": "Roma",
        "address": "SW, Roma",
        "date": "2023-12-15 21:10",
        "id": "REF-0239",
        "groundedFromAnchor": "Fontana di Trevi",
        "computedScore": 80,
        "h3Index": "891e8052a57ffff"
      }
    },
    {
      "type": "Feature",
      "geometry": {
        "type": "Point",
        "coordinates": [
          12.485635129436426,
          41.89276439398801
        ]
      },
      "properties": {
        "name": "Foro Romano",
        "title": "NE",
        "category": "monumento",
        "latitude": 41.89276439398801,
        "longitude": 12.485635129436426,
        "city": "Roma",
        "country": "Roma",
        "address": "NE, Roma",
        "date": "2023-09-06 12:05",
        "id": "REF-0240",
        "groundedFromAnchor": "Foro Romano",
        "computedScore": 89,
        "h3Index": "891e8052a4fffff"
      }
    },
    {
      "type": "Feature",
      "geometry": {
        "type": "Point",
        "coordinates": [
          12.492587248576553,
          41.89059858737085
        ]
      },
      "properties": {
        "name": "Colosseo",
        "title": "NW",
        "category": "monumento",
        "latitude": 41.89059858737085,
        "longitude": 12.492587248576553,
        "city": "Roma",
        "country": "Roma",
        "address": "NW, Roma",
        "date": "2023-05-12 08:30",
        "id": "REF-0241",
        "groundedFromAnchor": "Colosseo",
        "computedScore": 125,
        "h3Index": "891e8052a6bffff"
      }
    },
    {
      "type": "Feature",
      "geometry": {
        "type": "Point",
        "coordinates": [
          12.476532051579506,
          41.8989508656097
        ]
      },
      "properties": {
        "name": "Pantheon",
        "title": "SE",
        "category": "monumento",
        "latitude": 41.8989508656097,
        "longitude": 12.476532051579506,
        "city": "Roma",
        "country": "Roma",
        "address": "SE, Roma",
        "date": "2023-06-15 12:00",
        "id": "REF-0242",
        "groundedFromAnchor": "Pantheon",
        "computedScore": 98,
        "h3Index": "891e8050527ffff"
      }
    },
    {
      "type": "Feature",
      "geometry": {
        "type": "Point",
        "coordinates": [
          12.483311785705112,
          41.90054833728151
        ]
      },
      "properties": {
        "name": "Fontana di Trevi",
        "title": "SW",
        "category": "actividad",
        "latitude": 41.90054833728151,
        "longitude": 12.483311785705112,
        "city": "Roma",
        "country": "Roma",
        "address": "SW, Roma",
        "date": "2023-09-02 16:45",
        "id": "REF-0243",
        "groundedFromAnchor": "Fontana di Trevi",
        "computedScore": 111,
        "h3Index": "891e8052a57ffff"
      }
    },
    {
      "type": "Feature",
      "geometry": {
        "type": "Point",
        "coordinates": [
          12.485314110635146,
          41.89259371677666
        ]
      },
      "properties": {
        "name": "Foro Romano",
        "title": "NE",
        "category": "monumento",
        "latitude": 41.89259371677666,
        "longitude": 12.485314110635146,
        "city": "Roma",
        "country": "Roma",
        "address": "NE, Roma",
        "date": "2023-04-20 18:15",
        "id": "REF-0244",
        "groundedFromAnchor": "Foro Romano",
        "computedScore": 169,
        "h3Index": "891e8052a4fffff"
      }
    },
    {
      "type": "Feature",
      "geometry": {
        "type": "Point",
        "coordinates": [
          12.473152652343638,
          41.89901421895687
        ]
      },
      "properties": {
        "name": "Piazza Navona",
        "title": "NW",
        "category": "monumento",
        "latitude": 41.89901421895687,
        "longitude": 12.473152652343638,
        "city": "Roma",
        "country": "Roma",
        "address": "NW, Roma",
        "date": "2023-11-10 14:30",
        "id": "REF-0245",
        "groundedFromAnchor": "Piazza Navona",
        "computedScore": 97,
        "h3Index": "891e8050523ffff"
      }
    },
    {
      "type": "Feature",
      "geometry": {
        "type": "Point",
        "coordinates": [
          12.46635511155827,
          41.90314179979807
        ]
      },
      "properties": {
        "name": "Castel Sant'Angelo",
        "title": "SE",
        "category": "monumento",
        "latitude": 41.90314179979807,
        "longitude": 12.46635511155827,
        "city": "Roma",
        "country": "Roma",
        "address": "SE, Roma",
        "date": "2023-01-25 07:45",
        "id": "REF-0246",
        "groundedFromAnchor": "Castel Sant'Angelo",
        "computedScore": 143,
        "h3Index": "891e80505abffff"
      }
    },
    {
      "type": "Feature",
      "geometry": {
        "type": "Point",
        "coordinates": [
          12.49216956878292,
          41.88997666760224
        ]
      },
      "properties": {
        "name": "Colosseo",
        "title": "SW",
        "category": "monumento",
        "latitude": 41.88997666760224,
        "longitude": 12.49216956878292,
        "city": "Roma",
        "country": "Roma",
        "address": "SW, Roma",
        "date": "2023-05-12 13:15",
        "id": "REF-0247",
        "groundedFromAnchor": "Colosseo",
        "computedScore": 115,
        "h3Index": "891e8050cd3ffff"
      }
    },
    {
      "type": "Feature",
      "geometry": {
        "type": "Point",
        "coordinates": [
          12.476991055219662,
          41.898252237771906
        ]
      },
      "properties": {
        "name": "Pantheon",
        "title": "NW",
        "category": "monumento",
        "latitude": 41.898252237771906,
        "longitude": 12.476991055219662,
        "city": "Roma",
        "country": "Roma",
        "address": "NW, Roma",
        "date": "2023-06-15 19:30",
        "id": "REF-0248",
        "groundedFromAnchor": "Pantheon",
        "computedScore": 123,
        "h3Index": "891e8050527ffff"
      }
    },
    {
      "type": "Feature",
      "geometry": {
        "type": "Point",
        "coordinates": [
          12.48359671022705,
          41.9012965591687
        ]
      },
      "properties": {
        "name": "Fontana di Trevi",
        "title": "NE",
        "category": "actividad",
        "latitude": 41.9012965591687,
        "longitude": 12.48359671022705,
        "city": "Roma",
        "country": "Roma",
        "address": "NE, Roma",
        "date": "2023-09-02 21:00",
        "id": "REF-0249",
        "groundedFromAnchor": "Fontana di Trevi",
        "computedScore": 81,
        "h3Index": "891e8052acfffff"
      }
    },
    {
      "type": "Feature",
      "geometry": {
        "type": "Point",
        "coordinates": [
          12.485297932642732,
          41.89284097142198
        ]
      },
      "properties": {
        "name": "Foro Romano",
        "title": "SW",
        "category": "monumento",
        "latitude": 41.89284097142198,
        "longitude": 12.485297932642732,
        "city": "Roma",
        "country": "Roma",
        "address": "SW, Roma",
        "date": "2023-04-21 09:00",
        "id": "REF-0250",
        "groundedFromAnchor": "Foro Romano",
        "computedScore": 184,
        "h3Index": "891e8052a4fffff"
      }
    },
    {
      "type": "Feature",
      "geometry": {
        "type": "Point",
        "coordinates": [
          12.492002579758658,
          41.8905030589379
        ]
      },
      "properties": {
        "name": "Colosseo",
        "title": "NW",
        "category": "monumento",
        "latitude": 41.8905030589379,
        "longitude": 12.492002579758658,
        "city": "Roma",
        "country": "Roma",
        "address": "NW, Roma",
        "date": "2023-05-14 08:23",
        "id": "REF-0251",
        "groundedFromAnchor": "Colosseo",
        "computedScore": 133,
        "h3Index": "891e8052a6bffff"
      }
    },
    {
      "type": "Feature",
      "geometry": {
        "type": "Point",
        "coordinates": [
          12.47693583440093,
          41.89834093251852
        ]
      },
      "properties": {
        "name": "Pantheon",
        "title": "SE",
        "category": "monumento",
        "latitude": 41.89834093251852,
        "longitude": 12.47693583440093,
        "city": "Roma",
        "country": "Roma",
        "address": "SE, Roma",
        "date": "2023-06-20 12:05",
        "id": "REF-0252",
        "groundedFromAnchor": "Pantheon",
        "computedScore": 91,
        "h3Index": "891e8050527ffff"
      }
    },
    {
      "type": "Feature",
      "geometry": {
        "type": "Point",
        "coordinates": [
          12.482930840732601,
          41.9007659415184
        ]
      },
      "properties": {
        "name": "Fontana di Trevi",
        "title": "NE",
        "category": "actividad",
        "latitude": 41.9007659415184,
        "longitude": 12.482930840732601,
        "city": "Roma",
        "country": "Roma",
        "address": "NE, Roma",
        "date": "2023-09-10 19:45",
        "id": "REF-0253",
        "groundedFromAnchor": "Fontana di Trevi",
        "computedScore": 81,
        "h3Index": "891e8052a57ffff"
      }
    },
    {
      "type": "Feature",
      "geometry": {
        "type": "Point",
        "coordinates": [
          12.485498015204668,
          41.89214026969625
        ]
      },
      "properties": {
        "name": "Foro Romano",
        "title": "Center",
        "category": "monumento",
        "latitude": 41.89214026969625,
        "longitude": 12.485498015204668,
        "city": "Roma",
        "country": "Roma",
        "address": "Center, Roma",
        "date": "2023-04-18 15:30",
        "id": "REF-0254",
        "groundedFromAnchor": "Foro Romano",
        "computedScore": 153,
        "h3Index": "891e80501b7ffff"
      }
    },
    {
      "type": "Feature",
      "geometry": {
        "type": "Point",
        "coordinates": [
          12.472725868988528,
          41.899458518826584
        ]
      },
      "properties": {
        "name": "Piazza Navona",
        "title": "SW",
        "category": "monumento",
        "latitude": 41.899458518826584,
        "longitude": 12.472725868988528,
        "city": "Roma",
        "country": "Roma",
        "address": "SW, Roma",
        "date": "2023-11-05 17:15",
        "id": "REF-0255",
        "groundedFromAnchor": "Piazza Navona",
        "computedScore": 92,
        "h3Index": "891e8050523ffff"
      }
    },
    {
      "type": "Feature",
      "geometry": {
        "type": "Point",
        "coordinates": [
          12.466198624266614,
          41.903223827177186
        ]
      },
      "properties": {
        "name": "Castel Sant'Angelo",
        "title": "South",
        "category": "monumento",
        "latitude": 41.903223827177186,
        "longitude": 12.466198624266614,
        "city": "Roma",
        "country": "Roma",
        "address": "South, Roma",
        "date": "2023-01-22 10:10",
        "id": "REF-0256",
        "groundedFromAnchor": "Castel Sant'Angelo",
        "computedScore": 125,
        "h3Index": "891e80505abffff"
      }
    },
    {
      "type": "Feature",
      "geometry": {
        "type": "Point",
        "coordinates": [
          12.491878941753201,
          41.89007665013701
        ]
      },
      "properties": {
        "name": "Colosseo",
        "title": "SE",
        "category": "monumento",
        "latitude": 41.89007665013701,
        "longitude": 12.491878941753201,
        "city": "Roma",
        "country": "Roma",
        "address": "SE, Roma",
        "date": "2023-07-15 22:45",
        "id": "REF-0257",
        "groundedFromAnchor": "Colosseo",
        "computedScore": 115,
        "h3Index": "891e80501a7ffff"
      }
    },
    {
      "type": "Feature",
      "geometry": {
        "type": "Point",
        "coordinates": [
          12.476670104093685,
          41.8982147561518
        ]
      },
      "properties": {
        "name": "Pantheon",
        "title": "West",
        "category": "monumento",
        "latitude": 41.8982147561518,
        "longitude": 12.476670104093685,
        "city": "Roma",
        "country": "Roma",
        "address": "West, Roma",
        "date": "2023-03-08 07:30",
        "id": "REF-0258",
        "groundedFromAnchor": "Pantheon",
        "computedScore": 100,
        "h3Index": "891e8050527ffff"
      }
    },
    {
      "type": "Feature",
      "geometry": {
        "type": "Point",
        "coordinates": [
          12.482974705063771,
          41.90062412372817
        ]
      },
      "properties": {
        "name": "Fontana di Trevi",
        "title": "South",
        "category": "actividad",
        "latitude": 41.90062412372817,
        "longitude": 12.482974705063771,
        "city": "Roma",
        "country": "Roma",
        "address": "South, Roma",
        "date": "2023-08-12 14:15",
        "id": "REF-0259",
        "groundedFromAnchor": "Fontana di Trevi",
        "computedScore": 82,
        "h3Index": "891e8052a57ffff"
      }
    },
    {
      "type": "Feature",
      "geometry": {
        "type": "Point",
        "coordinates": [
          12.484959493364647,
          41.892624375849046
        ]
      },
      "properties": {
        "name": "Foro Romano",
        "title": "North",
        "category": "monumento",
        "latitude": 41.892624375849046,
        "longitude": 12.484959493364647,
        "city": "Roma",
        "country": "Roma",
        "address": "North, Roma",
        "date": "2023-10-02 17:50",
        "id": "REF-0260",
        "groundedFromAnchor": "Foro Romano",
        "computedScore": 166,
        "h3Index": "891e8052a4fffff"
      }
    },
    {
      "type": "Feature",
      "geometry": {
        "type": "Point",
        "coordinates": [
          12.492313348748876,
          41.890016862635825
        ]
      },
      "properties": {
        "name": "Colosseo",
        "title": "NW",
        "category": "monumento",
        "latitude": 41.890016862635825,
        "longitude": 12.492313348748876,
        "city": "Roma",
        "country": "Roma",
        "address": "NW, Roma",
        "date": "2023-10-15 09:14",
        "id": "REF-0261",
        "groundedFromAnchor": "Colosseo",
        "computedScore": 113,
        "h3Index": "891e8050cd3ffff"
      }
    },
    {
      "type": "Feature",
      "geometry": {
        "type": "Point",
        "coordinates": [
          12.476520567123679,
          41.89844817130744
        ]
      },
      "properties": {
        "name": "Pantheon",
        "title": "SE",
        "category": "monumento",
        "latitude": 41.89844817130744,
        "longitude": 12.476520567123679,
        "city": "Roma",
        "country": "Roma",
        "address": "SE, Roma",
        "date": "2023-06-10 14:30",
        "id": "REF-0262",
        "groundedFromAnchor": "Pantheon",
        "computedScore": 88,
        "h3Index": "891e8050527ffff"
      }
    },
    {
      "type": "Feature",
      "geometry": {
        "type": "Point",
        "coordinates": [
          12.483424799981979,
          41.90085008667837
        ]
      },
      "properties": {
        "name": "Fontana di Trevi",
        "title": "NE",
        "category": "actividad",
        "latitude": 41.90085008667837,
        "longitude": 12.483424799981979,
        "city": "Roma",
        "country": "Roma",
        "address": "NE, Roma",
        "date": "2022-11-20 17:45",
        "id": "REF-0263",
        "groundedFromAnchor": "Fontana di Trevi",
        "computedScore": 97,
        "h3Index": "891e8052a57ffff"
      }
    },
    {
      "type": "Feature",
      "geometry": {
        "type": "Point",
        "coordinates": [
          12.4855982655883,
          41.8926230726636
        ]
      },
      "properties": {
        "name": "Foro Romano",
        "title": "SW",
        "category": "monumento",
        "latitude": 41.8926230726636,
        "longitude": 12.4855982655883,
        "city": "Roma",
        "country": "Roma",
        "address": "SW, Roma",
        "date": "2023-04-05 11:20",
        "id": "REF-0264",
        "groundedFromAnchor": "Foro Romano",
        "computedScore": 182,
        "h3Index": "891e8052a4fffff"
      }
    },
    {
      "type": "Feature",
      "geometry": {
        "type": "Point",
        "coordinates": [
          12.47302845019475,
          41.899490761021326
        ]
      },
      "properties": {
        "name": "Piazza Navona",
        "title": "Center",
        "category": "monumento",
        "latitude": 41.899490761021326,
        "longitude": 12.47302845019475,
        "city": "Roma",
        "country": "Roma",
        "address": "Center, Roma",
        "date": "2023-08-12 19:15",
        "id": "REF-0265",
        "groundedFromAnchor": "Piazza Navona",
        "computedScore": 79,
        "h3Index": "891e8050523ffff"
      }
    },
    {
      "type": "Feature",
      "geometry": {
        "type": "Point",
        "coordinates": [
          12.466586488699722,
          41.90266443539511
        ]
      },
      "properties": {
        "name": "Castel Sant'Angelo",
        "title": "NW",
        "category": "monumento",
        "latitude": 41.90266443539511,
        "longitude": 12.466586488699722,
        "city": "Roma",
        "country": "Roma",
        "address": "NW, Roma",
        "date": "2021-02-28 08:05",
        "id": "REF-0266",
        "groundedFromAnchor": "Castel Sant'Angelo",
        "computedScore": 127,
        "h3Index": "891e80505abffff"
      }
    },
    {
      "type": "Feature",
      "geometry": {
        "type": "Point",
        "coordinates": [
          12.49205569945827,
          41.88998594323902
        ]
      },
      "properties": {
        "name": "Colosseo",
        "title": "SW",
        "category": "monumento",
        "latitude": 41.88998594323902,
        "longitude": 12.49205569945827,
        "city": "Roma",
        "country": "Roma",
        "address": "SW, Roma",
        "date": "2023-10-15 09:18",
        "id": "REF-0267",
        "groundedFromAnchor": "Colosseo",
        "computedScore": 108,
        "h3Index": "891e80501a7ffff"
      }
    },
    {
      "type": "Feature",
      "geometry": {
        "type": "Point",
        "coordinates": [
          12.476579976350306,
          41.89899717419708
        ]
      },
      "properties": {
        "name": "Pantheon",
        "title": "N",
        "category": "monumento",
        "latitude": 41.89899717419708,
        "longitude": 12.476579976350306,
        "city": "Roma",
        "country": "Roma",
        "address": "N, Roma",
        "date": "2023-06-10 14:45",
        "id": "REF-0268",
        "groundedFromAnchor": "Pantheon",
        "computedScore": 81,
        "h3Index": "891e8050527ffff"
      }
    },
    {
      "type": "Feature",
      "geometry": {
        "type": "Point",
        "coordinates": [
          12.483595820305842,
          41.90064577850386
        ]
      },
      "properties": {
        "name": "Fontana di Trevi",
        "title": "S",
        "category": "actividad",
        "latitude": 41.90064577850386,
        "longitude": 12.483595820305842,
        "city": "Roma",
        "country": "Roma",
        "address": "S, Roma",
        "date": "2022-11-20 18:02",
        "id": "REF-0269",
        "groundedFromAnchor": "Fontana di Trevi",
        "computedScore": 80,
        "h3Index": "891e8052a57ffff"
      }
    },
    {
      "type": "Feature",
      "geometry": {
        "type": "Point",
        "coordinates": [
          12.485175947372815,
          41.892103958774754
        ]
      },
      "properties": {
        "name": "Foro Romano",
        "title": "SE",
        "category": "monumento",
        "latitude": 41.892103958774754,
        "longitude": 12.485175947372815,
        "city": "Roma",
        "country": "Roma",
        "address": "SE, Roma",
        "date": "2023-04-05 11:45",
        "id": "REF-0270",
        "groundedFromAnchor": "Foro Romano",
        "computedScore": 150,
        "h3Index": "891e80501b3ffff"
      }
    },
    {
      "type": "Feature",
      "geometry": {
        "type": "Point",
        "coordinates": [
          12.48264270769315,
          41.90530524528841
        ]
      },
      "properties": {
        "name": "Keats-Shelley Memorial House",
        "title": "Museo biográfico junto a la Escalinata",
        "category": "monumento",
        "latitude": 41.90530524528841,
        "longitude": 12.48264270769315,
        "city": "Roma",
        "country": "Italia",
        "address": "Piazza di Spagna 26, 00187 Roma RM, Italia",
        "date": "2023-10-15 11:30",
        "id": "REF-0271",
        "groundedFromAnchor": "Piazza di Spagna",
        "computedScore": 86,
        "h3Index": "891e8052ac7ffff"
      }
    },
    {
      "type": "Feature",
      "geometry": {
        "type": "Point",
        "coordinates": [
          12.4824858619212,
          41.90549068590228
        ]
      },
      "properties": {
        "name": "Fontana della Barcaccia",
        "title": "Fuente barroca central de Pietro Bernini",
        "category": "monumento",
        "latitude": 41.90549068590228,
        "longitude": 12.4824858619212,
        "city": "Roma",
        "country": "Italia",
        "address": "Piazza di Spagna, 00187 Roma RM, Italia",
        "date": "2023-10-15 12:00",
        "id": "REF-0272",
        "groundedFromAnchor": "Piazza di Spagna",
        "computedScore": 87,
        "h3Index": "891e8052ac7ffff"
      }
    },
    {
      "type": "Feature",
      "geometry": {
        "type": "Point",
        "coordinates": [
          12.48201390466494,
          41.9059658818665
        ]
      },
      "properties": {
        "name": "Chiesa della Trinità dei Monti",
        "title": "Iglesia renacentista en la cima de la terraza",
        "category": "monumento",
        "latitude": 41.9059658818665,
        "longitude": 12.48201390466494,
        "city": "Roma",
        "country": "Italia",
        "address": "Piazza della Trinità dei Monti 3, 00187 Roma RM, Italia",
        "date": "2023-10-15 12:45",
        "id": "REF-0273",
        "groundedFromAnchor": "Piazza di Spagna",
        "computedScore": 86,
        "h3Index": "891e8052ac3ffff"
      }
    },
    {
      "type": "Feature",
      "geometry": {
        "type": "Point",
        "coordinates": [
          12.48239746724926,
          41.90547366686224
        ]
      },
      "properties": {
        "name": "Babingtons Tea Room",
        "title": "Tetería e institución histórica inglesa",
        "category": "restaurante",
        "latitude": 41.90547366686224,
        "longitude": 12.48239746724926,
        "city": "Roma",
        "country": "Italia",
        "address": "Piazza di Spagna 23, 00187 Roma RM, Italia",
        "date": "2023-10-15 13:15",
        "id": "REF-0274",
        "groundedFromAnchor": "Piazza di Spagna",
        "computedScore": 87,
        "h3Index": "891e8052ac7ffff"
      }
    },
    {
      "type": "Feature",
      "geometry": {
        "type": "Point",
        "coordinates": [
          12.48258625258384,
          41.9053593895554
        ]
      },
      "properties": {
        "name": "Scalinata di Trinità dei Monti",
        "title": "Tramo monumental de la escalinata",
        "category": "monumento",
        "latitude": 41.9053593895554,
        "longitude": 12.48258625258384,
        "city": "Roma",
        "country": "Italia",
        "address": "Piazza di Spagna, 00187 Roma RM, Italia",
        "date": "2023-10-15 13:45",
        "id": "REF-0275",
        "groundedFromAnchor": "Piazza di Spagna",
        "computedScore": 88,
        "h3Index": "891e8052ac7ffff"
      }
    },
    {
      "type": "Feature",
      "geometry": {
        "type": "Point",
        "coordinates": [
          12.48206761697065,
          41.905799295696276
        ]
      },
      "properties": {
        "name": "Fontana della Barcaccia",
        "title": "Fuente barroca de Pietro Bernini",
        "category": "monumento",
        "latitude": 41.905799295696276,
        "longitude": 12.48206761697065,
        "city": "Roma",
        "country": "Italia",
        "address": "Piazza di Spagna, 00187 Roma RM, Italia",
        "date": "2023-10-15 11:30",
        "id": "REF-0276",
        "groundedFromAnchor": "Piazza di Spagna",
        "computedScore": 85,
        "h3Index": "891e8052ac3ffff"
      }
    },
    {
      "type": "Feature",
      "geometry": {
        "type": "Point",
        "coordinates": [
          12.481988692835417,
          41.905849150171655
        ]
      },
      "properties": {
        "name": "Babingtons Tea Room",
        "title": "Histórico salón de té británico",
        "category": "restaurante",
        "latitude": 41.905849150171655,
        "longitude": 12.481988692835417,
        "city": "Roma",
        "country": "Italia",
        "address": "Piazza di Spagna 23, 00187 Roma RM, Italia",
        "date": "2023-10-15 12:15",
        "id": "REF-0277",
        "groundedFromAnchor": "Piazza di Spagna",
        "computedScore": 85,
        "h3Index": "891e8052ac3ffff"
      }
    },
    {
      "type": "Feature",
      "geometry": {
        "type": "Point",
        "coordinates": [
          12.48199901995401,
          41.90594443968386
        ]
      },
      "properties": {
        "name": "Keats-Shelley Memorial House",
        "title": "Museo conmemorativo de poetas románticos",
        "category": "monumento",
        "latitude": 41.90594443968386,
        "longitude": 12.48199901995401,
        "city": "Roma",
        "country": "Italia",
        "address": "Piazza di Spagna 26, 00187 Roma RM, Italia",
        "date": "2023-10-15 14:00",
        "id": "REF-0278",
        "groundedFromAnchor": "Piazza di Spagna",
        "computedScore": 86,
        "h3Index": "891e8052ac3ffff"
      }
    },
    {
      "type": "Feature",
      "geometry": {
        "type": "Point",
        "coordinates": [
          12.482205734918637,
          41.90581139115768
        ]
      },
      "properties": {
        "name": "Escalinata de la Plaza de España",
        "title": "Escalinata monumental de 135 peldaños",
        "category": "monumento",
        "latitude": 41.90581139115768,
        "longitude": 12.482205734918637,
        "city": "Roma",
        "country": "Italia",
        "address": "Piazza di Spagna, 00187 Roma RM, Italia",
        "date": "2023-10-15 15:45",
        "id": "REF-0279",
        "groundedFromAnchor": "Piazza di Spagna",
        "computedScore": 86,
        "h3Index": "891e8052ac3ffff"
      }
    },
    {
      "type": "Feature",
      "geometry": {
        "type": "Point",
        "coordinates": [
          12.482246468802469,
          41.90547851928574
        ]
      },
      "properties": {
        "name": "Colonna dell'Immacolata Concezione",
        "title": "Monumento de la Inmaculada Concepción",
        "category": "monumento",
        "latitude": 41.90547851928574,
        "longitude": 12.482246468802469,
        "city": "Roma",
        "country": "Italia",
        "address": "Piazza Mignanelli 23, 00187 Roma RM, Italia",
        "date": "2023-10-15 17:10",
        "id": "REF-0280",
        "groundedFromAnchor": "Piazza di Spagna",
        "computedScore": 83,
        "h3Index": "891e8052ac7ffff"
      }
    },
    {
      "type": "Feature",
      "geometry": {
        "type": "Point",
        "coordinates": [
          12.482321929866675,
          41.906061023163396
        ]
      },
      "properties": {
        "name": "Scalinata di Trinità dei Monti",
        "title": "Escalinata monumental de la Piazza di Spagna",
        "category": "monumento",
        "latitude": 41.906061023163396,
        "longitude": 12.482321929866675,
        "city": "Roma",
        "country": "Italia",
        "address": "Piazza di Spagna, 00187 Roma RM, Italia",
        "date": "2023-10-14 11:30",
        "id": "REF-0281",
        "groundedFromAnchor": "Piazza di Spagna",
        "computedScore": 90,
        "h3Index": "891e8052ac7ffff"
      }
    },
    {
      "type": "Feature",
      "geometry": {
        "type": "Point",
        "coordinates": [
          12.482612315639582,
          41.905942227324914
        ]
      },
      "properties": {
        "name": "Hotel Hassler Roma",
        "title": "Hotel Hassler en la cima de Trinità dei Monti",
        "category": "hotel",
        "latitude": 41.905942227324914,
        "longitude": 12.482612315639582,
        "city": "Roma",
        "country": "Italia",
        "address": "Piazza Trinità dei Monti 6, 00187 Roma RM, Italia",
        "date": "2023-10-14 12:15",
        "id": "REF-0282",
        "groundedFromAnchor": "Piazza di Spagna",
        "computedScore": 88,
        "h3Index": "891e8052ac7ffff"
      }
    },
    {
      "type": "Feature",
      "geometry": {
        "type": "Point",
        "coordinates": [
          12.48243093066919,
          41.90543030273761
        ]
      },
      "properties": {
        "name": "Fontana della Barcaccia",
        "title": "Fuente monumental en el centro de Piazza di Spagna",
        "category": "monumento",
        "latitude": 41.90543030273761,
        "longitude": 12.48243093066919,
        "city": "Roma",
        "country": "Italia",
        "address": "Piazza di Spagna, 00187 Roma RM, Italia",
        "date": "2023-10-14 14:00",
        "id": "REF-0283",
        "groundedFromAnchor": "Piazza di Spagna",
        "computedScore": 82,
        "h3Index": "891e8052ac7ffff"
      }
    },
    {
      "type": "Feature",
      "geometry": {
        "type": "Point",
        "coordinates": [
          12.482017357060515,
          41.90586030910401
        ]
      },
      "properties": {
        "name": "Babingtons Tea Room",
        "title": "Salón de té histórico fundado en 1893",
        "category": "restaurante",
        "latitude": 41.90586030910401,
        "longitude": 12.482017357060515,
        "city": "Roma",
        "country": "Italia",
        "address": "Piazza di Spagna 23, 00187 Roma RM, Italia",
        "date": "2023-10-14 16:20",
        "id": "REF-0284",
        "groundedFromAnchor": "Piazza di Spagna",
        "computedScore": 87,
        "h3Index": "891e8052ac3ffff"
      }
    },
    {
      "type": "Feature",
      "geometry": {
        "type": "Point",
        "coordinates": [
          12.482574333952995,
          41.90557754092535
        ]
      },
      "properties": {
        "name": "Keats-Shelley House",
        "title": "Casa Museo dedicada a los poetas románticos Keats y Shelley",
        "category": "actividad",
        "latitude": 41.90557754092535,
        "longitude": 12.482574333952995,
        "city": "Roma",
        "country": "Italia",
        "address": "Piazza di Spagna 26, 00187 Roma RM, Italia",
        "date": "2023-10-14 17:05",
        "id": "REF-0285",
        "groundedFromAnchor": "Piazza di Spagna",
        "computedScore": 85,
        "h3Index": "891e8052ac7ffff"
      }
    },
    {
      "type": "Feature",
      "geometry": {
        "type": "Point",
        "coordinates": [
          12.482278433818713,
          41.90592080510978
        ]
      },
      "properties": {
        "name": "Scalinata di Trinità dei Monti",
        "title": "Escalinata monumental de Plaza de España",
        "category": "monumento",
        "latitude": 41.90592080510978,
        "longitude": 12.482278433818713,
        "city": "Roma",
        "country": "Italia",
        "address": "Piazza di Spagna, 00187 Roma RM, Italia",
        "date": "2023-10-14 11:30",
        "id": "REF-0286",
        "groundedFromAnchor": "Piazza di Spagna",
        "computedScore": 90,
        "h3Index": "891e8052ac7ffff"
      }
    },
    {
      "type": "Feature",
      "geometry": {
        "type": "Point",
        "coordinates": [
          12.481937898336367,
          41.9060034593061
        ]
      },
      "properties": {
        "name": "Babingtons Tea Room",
        "title": "Salón de té histórico de Roma",
        "category": "restaurante",
        "latitude": 41.9060034593061,
        "longitude": 12.481937898336367,
        "city": "Roma",
        "country": "Italia",
        "address": "Piazza di Spagna 23, 00187 Roma RM, Italia",
        "date": "2023-10-14 11:35",
        "id": "REF-0287",
        "groundedFromAnchor": "Piazza di Spagna",
        "computedScore": 85,
        "h3Index": "891e8052ac3ffff"
      }
    },
    {
      "type": "Feature",
      "geometry": {
        "type": "Point",
        "coordinates": [
          12.482322150046269,
          41.90543221591436
        ]
      },
      "properties": {
        "name": "Fontana della Barcaccia",
        "title": "Fuente monumental de Pietro Bernini",
        "category": "monumento",
        "latitude": 41.90543221591436,
        "longitude": 12.482322150046269,
        "city": "Roma",
        "country": "Italia",
        "address": "Piazza di Spagna, 00187 Roma RM, Italia",
        "date": "2023-10-14 11:40",
        "id": "REF-0288",
        "groundedFromAnchor": "Piazza di Spagna",
        "computedScore": 83,
        "h3Index": "891e8052ac7ffff"
      }
    },
    {
      "type": "Feature",
      "geometry": {
        "type": "Point",
        "coordinates": [
          12.482325994131804,
          41.90565515966244
        ]
      },
      "properties": {
        "name": "Piazza di Spagna - Zona Peatonal Central",
        "title": "Área central de la plaza",
        "category": "actividad",
        "latitude": 41.90565515966244,
        "longitude": 12.482325994131804,
        "city": "Roma",
        "country": "Italia",
        "address": "Piazza di Spagna, 00187 Roma RM, Italia",
        "date": "2023-10-14 11:45",
        "id": "REF-0289",
        "groundedFromAnchor": "Piazza di Spagna",
        "computedScore": 85,
        "h3Index": "891e8052ac7ffff"
      }
    },
    {
      "type": "Feature",
      "geometry": {
        "type": "Point",
        "coordinates": [
          12.48254322334682,
          41.905741731993544
        ]
      },
      "properties": {
        "name": "Keats-Shelley Memorial House",
        "title": "Casa Museo Keats-Shelley",
        "category": "monumento",
        "latitude": 41.905741731993544,
        "longitude": 12.48254322334682,
        "city": "Roma",
        "country": "Italia",
        "address": "Piazza di Spagna 26, 00187 Roma RM, Italia",
        "date": "2023-10-14 11:50",
        "id": "REF-0290",
        "groundedFromAnchor": "Piazza di Spagna",
        "computedScore": 86,
        "h3Index": "891e8052ac7ffff"
      }
    },
    {
      "type": "Feature",
      "geometry": {
        "type": "Point",
        "coordinates": [
          12.482055959364626,
          41.905321155937116
        ]
      },
      "properties": {
        "name": "Babingtons Tea Room",
        "title": "Salón de té histórico Babingtons",
        "category": "restaurante",
        "latitude": 41.905321155937116,
        "longitude": 12.482055959364626,
        "city": "Roma",
        "country": "Italia",
        "address": "Piazza di Spagna 23, 00187 Roma RM, Italia",
        "date": "2023-10-14 11:30",
        "id": "REF-0291",
        "groundedFromAnchor": "Piazza di Spagna",
        "computedScore": 86,
        "h3Index": "891e8052ac3ffff"
      }
    },
    {
      "type": "Feature",
      "geometry": {
        "type": "Point",
        "coordinates": [
          12.482415043769299,
          41.90597282595386
        ]
      },
      "properties": {
        "name": "Iglesia de la Trinità dei Monti",
        "title": "Iglesia renacentista Trinità dei Monti",
        "category": "monumento",
        "latitude": 41.90597282595386,
        "longitude": 12.482415043769299,
        "city": "Roma",
        "country": "Italia",
        "address": "Piazza della Trinità dei Monti 3, 00187 Roma RM, Italia",
        "date": "2023-10-14 11:45",
        "id": "REF-0292",
        "groundedFromAnchor": "Piazza di Spagna",
        "computedScore": 86,
        "h3Index": "891e8052ac7ffff"
      }
    },
    {
      "type": "Feature",
      "geometry": {
        "type": "Point",
        "coordinates": [
          12.48271074788273,
          41.90591262341137
        ]
      },
      "properties": {
        "name": "Obelisco Sallustiano",
        "title": "Obelisco romano en Trinità dei Monti",
        "category": "monumento",
        "latitude": 41.90591262341137,
        "longitude": 12.48271074788273,
        "city": "Roma",
        "country": "Italia",
        "address": "Piazza della Trinità dei Monti, 00187 Roma RM, Italia",
        "date": "2023-10-14 12:00",
        "id": "REF-0293",
        "groundedFromAnchor": "Piazza di Spagna",
        "computedScore": 82,
        "h3Index": "891e8052ac7ffff"
      }
    },
    {
      "type": "Feature",
      "geometry": {
        "type": "Point",
        "coordinates": [
          12.482436650764027,
          41.90578267815873
        ]
      },
      "properties": {
        "name": "Escalinata de la Plaza de España",
        "title": "Escalinata monumental de 135 escalones",
        "category": "monumento",
        "latitude": 41.90578267815873,
        "longitude": 12.482436650764027,
        "city": "Roma",
        "country": "Italia",
        "address": "Piazza di Spagna, 00187 Roma RM, Italia",
        "date": "2023-10-14 12:15",
        "id": "REF-0294",
        "groundedFromAnchor": "Piazza di Spagna",
        "computedScore": 84,
        "h3Index": "891e8052ac7ffff"
      }
    },
    {
      "type": "Feature",
      "geometry": {
        "type": "Point",
        "coordinates": [
          12.482208215260073,
          41.90580581978118
        ]
      },
      "properties": {
        "name": "Fontana della Barcaccia",
        "title": "Fuente barroca Fontana della Barcaccia",
        "category": "monumento",
        "latitude": 41.90580581978118,
        "longitude": 12.482208215260073,
        "city": "Roma",
        "country": "Italia",
        "address": "Piazza di Spagna, 00187 Roma RM, Italia",
        "date": "2023-10-14 12:30",
        "id": "REF-0295",
        "groundedFromAnchor": "Piazza di Spagna",
        "computedScore": 83,
        "h3Index": "891e8052ac7ffff"
      }
    },
    {
      "type": "Feature",
      "geometry": {
        "type": "Point",
        "coordinates": [
          12.482283383089493,
          41.905755029445885
        ]
      },
      "properties": {
        "name": "Scalinata di Trinità dei Monti",
        "title": "Escalinata monumental de la Plaza de España",
        "category": "monumento",
        "latitude": 41.905755029445885,
        "longitude": 12.482283383089493,
        "city": "Roma",
        "country": "Italia",
        "address": "Piazza di Spagna, 00187 Roma RM, Italia",
        "date": "2023-10-15 11:30",
        "id": "REF-0296",
        "groundedFromAnchor": "Piazza di Spagna",
        "computedScore": 89,
        "h3Index": "891e8052ac7ffff"
      }
    },
    {
      "type": "Feature",
      "geometry": {
        "type": "Point",
        "coordinates": [
          12.481952101068533,
          41.906068792123996
        ]
      },
      "properties": {
        "name": "Fontana della Barcaccia",
        "title": "Fuente de la Barcaccia de Bernini",
        "category": "monumento",
        "latitude": 41.906068792123996,
        "longitude": 12.481952101068533,
        "city": "Roma",
        "country": "Italia",
        "address": "Piazza di Spagna, 00187 Roma RM, Italia",
        "date": "2023-10-15 12:15",
        "id": "REF-0297",
        "groundedFromAnchor": "Piazza di Spagna",
        "computedScore": 82,
        "h3Index": "891e8052ac3ffff"
      }
    },
    {
      "type": "Feature",
      "geometry": {
        "type": "Point",
        "coordinates": [
          12.482051071248561,
          41.906024613659284
        ]
      },
      "properties": {
        "name": "Babingtons Tea Room",
        "title": "Histórico salón de té inglés Babingtons",
        "category": "restaurante",
        "latitude": 41.906024613659284,
        "longitude": 12.482051071248561,
        "city": "Roma",
        "country": "Italia",
        "address": "Piazza di Spagna 23, 00187 Roma RM, Italia",
        "date": "2023-10-15 14:00",
        "id": "REF-0298",
        "groundedFromAnchor": "Piazza di Spagna",
        "computedScore": 87,
        "h3Index": "891e8052ac3ffff"
      }
    },
    {
      "type": "Feature",
      "geometry": {
        "type": "Point",
        "coordinates": [
          12.482589646905298,
          41.90574146275077
        ]
      },
      "properties": {
        "name": "Keats-Shelley Memorial House",
        "title": "Museo Keats-Shelley House",
        "category": "monumento",
        "latitude": 41.90574146275077,
        "longitude": 12.482589646905298,
        "city": "Roma",
        "country": "Italia",
        "address": "Piazza di Spagna 26, 00187 Roma RM, Italia",
        "date": "2023-10-15 15:45",
        "id": "REF-0299",
        "groundedFromAnchor": "Piazza di Spagna",
        "computedScore": 85,
        "h3Index": "891e8052ac7ffff"
      }
    },
    {
      "type": "Feature",
      "geometry": {
        "type": "Point",
        "coordinates": [
          12.482321704648012,
          41.90553682924201
        ]
      },
      "properties": {
        "name": "Colonna dell'Immacolata Concezione",
        "title": "Columna de la Inmaculada Concepción",
        "category": "monumento",
        "latitude": 41.90553682924201,
        "longitude": 12.482321704648012,
        "city": "Roma",
        "country": "Italia",
        "address": "Piazza Mignanelli, 00187 Roma RM, Italia",
        "date": "2023-10-15 16:20",
        "id": "REF-0300",
        "groundedFromAnchor": "Piazza di Spagna",
        "computedScore": 82,
        "h3Index": "891e8052ac7ffff"
      }
    },
    {
      "type": "Feature",
      "geometry": {
        "type": "Point",
        "coordinates": [
          12.482690064497882,
          41.90537532454193
        ]
      },
      "properties": {
        "name": "Babingtons Tea Room",
        "title": "Salón de té histórico a los pies de la escalinata",
        "category": "restaurante",
        "latitude": 41.90537532454193,
        "longitude": 12.482690064497882,
        "city": "Roma",
        "country": "Italia",
        "address": "Piazza di Spagna, 23, 00187 Roma RM, Italia",
        "date": "2023-10-14 11:30",
        "id": "REF-0301",
        "groundedFromAnchor": "Piazza di Spagna",
        "computedScore": 87,
        "h3Index": "891e8052ac7ffff"
      }
    },
    {
      "type": "Feature",
      "geometry": {
        "type": "Point",
        "coordinates": [
          12.482509793462976,
          41.90599200876575
        ]
      },
      "properties": {
        "name": "Iglesia de la Trinità dei Monti",
        "title": "Iglesia renacentista en la cima de la escalinata",
        "category": "monumento",
        "latitude": 41.90599200876575,
        "longitude": 12.482509793462976,
        "city": "Roma",
        "country": "Italia",
        "address": "Piazza della Trinità dei Monti, 3, 00187 Roma RM, Italia",
        "date": "2023-10-14 12:15",
        "id": "REF-0302",
        "groundedFromAnchor": "Piazza di Spagna",
        "computedScore": 84,
        "h3Index": "891e8052ac7ffff"
      }
    },
    {
      "type": "Feature",
      "geometry": {
        "type": "Point",
        "coordinates": [
          12.482648055218679,
          41.90532100497609
        ]
      },
      "properties": {
        "name": "Fontana della Barcaccia",
        "title": "Fuente barroca en la base de la Piazza di Spagna",
        "category": "monumento",
        "latitude": 41.90532100497609,
        "longitude": 12.482648055218679,
        "city": "Roma",
        "country": "Italia",
        "address": "Piazza di Spagna, 00187 Roma RM, Italia",
        "date": "2023-10-14 10:45",
        "id": "REF-0303",
        "groundedFromAnchor": "Piazza di Spagna",
        "computedScore": 81,
        "h3Index": "891e8052ac7ffff"
      }
    },
    {
      "type": "Feature",
      "geometry": {
        "type": "Point",
        "coordinates": [
          12.482498576657873,
          41.90570403048185
        ]
      },
      "properties": {
        "name": "Escalinata de la Plaza de España",
        "title": "Escalera monumental de 135 peldaños",
        "category": "monumento",
        "latitude": 41.90570403048185,
        "longitude": 12.482498576657873,
        "city": "Roma",
        "country": "Italia",
        "address": "Scalinata di Trinità dei Monti, 00187 Roma RM, Italia",
        "date": "2023-10-14 14:20",
        "id": "REF-0304",
        "groundedFromAnchor": "Piazza di Spagna",
        "computedScore": 80,
        "h3Index": "891e8052ac7ffff"
      }
    },
    {
      "type": "Feature",
      "geometry": {
        "type": "Point",
        "coordinates": [
          12.481947099635404,
          41.90541503163638
        ]
      },
      "properties": {
        "name": "Keats-Shelley Memorial House",
        "title": "Museo dedicado a los poetas románticos británicos",
        "category": "actividad",
        "latitude": 41.90541503163638,
        "longitude": 12.481947099635404,
        "city": "Roma",
        "country": "Italia",
        "address": "Piazza di Spagna, 26, 00187 Roma RM, Italia",
        "date": "2023-10-14 15:50",
        "id": "REF-0305",
        "groundedFromAnchor": "Piazza di Spagna",
        "computedScore": 84,
        "h3Index": "891e8052ac3ffff"
      }
    },
    {
      "type": "Feature",
      "geometry": {
        "type": "Point",
        "coordinates": [
          12.48207651763593,
          41.90547986888805
        ]
      },
      "properties": {
        "name": "Fontana della Barcaccia",
        "title": "Fuente barroca monumental a los pies de la escalinata",
        "category": "monumento",
        "latitude": 41.90547986888805,
        "longitude": 12.48207651763593,
        "city": "Roma",
        "country": "Italia",
        "address": "Piazza di Spagna, 00187 Roma RM",
        "date": "2023-10-15 11:30",
        "id": "REF-0306",
        "groundedFromAnchor": "Piazza di Spagna",
        "computedScore": 84,
        "h3Index": "891e8052ac3ffff"
      }
    },
    {
      "type": "Feature",
      "geometry": {
        "type": "Point",
        "coordinates": [
          12.482473761878756,
          41.90595618254731
        ]
      },
      "properties": {
        "name": "Iglesia Trinità dei Monti",
        "title": "Iglesia renacentista con vista panorámica a la plaza",
        "category": "monumento",
        "latitude": 41.90595618254731,
        "longitude": 12.482473761878756,
        "city": "Roma",
        "country": "Italia",
        "address": "Piazza di Trinità dei Monti, 3, 00187 Roma RM",
        "date": "2023-10-15 11:35",
        "id": "REF-0307",
        "groundedFromAnchor": "Piazza di Spagna",
        "computedScore": 84,
        "h3Index": "891e8052ac7ffff"
      }
    },
    {
      "type": "Feature",
      "geometry": {
        "type": "Point",
        "coordinates": [
          12.482054065365357,
          41.90530491532817
        ]
      },
      "properties": {
        "name": "Babingtons Tea Room",
        "title": "Histórico salón de té inglés fundado en 1893",
        "category": "restaurante",
        "latitude": 41.90530491532817,
        "longitude": 12.482054065365357,
        "city": "Roma",
        "country": "Italia",
        "address": "Piazza di Spagna, 23, 00187 Roma RM",
        "date": "2023-10-15 11:40",
        "id": "REF-0308",
        "groundedFromAnchor": "Piazza di Spagna",
        "computedScore": 86,
        "h3Index": "891e8052ac3ffff"
      }
    },
    {
      "type": "Feature",
      "geometry": {
        "type": "Point",
        "coordinates": [
          12.482138319782484,
          41.9057953984938
        ]
      },
      "properties": {
        "name": "Scalinata di Trinità dei Monti",
        "title": "Famosa escalinata monumental de 135 escalones",
        "category": "monumento",
        "latitude": 41.9057953984938,
        "longitude": 12.482138319782484,
        "city": "Roma",
        "country": "Italia",
        "address": "Piazza di Spagna, 00187 Roma RM",
        "date": "2023-10-15 11:45",
        "id": "REF-0309",
        "groundedFromAnchor": "Piazza di Spagna",
        "computedScore": 80,
        "h3Index": "891e8052ac3ffff"
      }
    },
    {
      "type": "Feature",
      "geometry": {
        "type": "Point",
        "coordinates": [
          12.4820811907706,
          41.90604562747345
        ]
      },
      "properties": {
        "name": "Hotel Hassler Roma",
        "title": "Hotel emblemático de gran lujo en la cima de la plaza",
        "category": "hotel",
        "latitude": 41.90604562747345,
        "longitude": 12.4820811907706,
        "city": "Roma",
        "country": "Italia",
        "address": "Piazza Trinità dei Monti, 6, 00187 Roma RM",
        "date": "2023-10-15 11:50",
        "id": "REF-0310",
        "groundedFromAnchor": "Piazza di Spagna",
        "computedScore": 89,
        "h3Index": "891e8052ac3ffff"
      }
    },
    {
      "type": "Feature",
      "geometry": {
        "type": "Point",
        "coordinates": [
          12.492217316010153,
          41.8901113800729
        ]
      },
      "properties": {
        "name": "Colosseo",
        "title": "NW",
        "category": "monumento",
        "latitude": 41.8901113800729,
        "longitude": 12.492217316010153,
        "city": "Roma",
        "country": "Roma",
        "address": "NW, Roma",
        "date": "2023-05-14 08:15",
        "id": "REF-0311",
        "groundedFromAnchor": "Colosseo",
        "computedScore": 85,
        "h3Index": "891e8050cd3ffff"
      }
    },
    {
      "type": "Feature",
      "geometry": {
        "type": "Point",
        "coordinates": [
          12.476854715366445,
          41.89898670176409
        ]
      },
      "properties": {
        "name": "Pantheon",
        "title": "SE",
        "category": "monumento",
        "latitude": 41.89898670176409,
        "longitude": 12.476854715366445,
        "city": "Roma",
        "country": "Roma",
        "address": "SE, Roma",
        "date": "2023-06-22 13:45",
        "id": "REF-0312",
        "groundedFromAnchor": "Pantheon",
        "computedScore": 85,
        "h3Index": "891e8050527ffff"
      }
    },
    {
      "type": "Feature",
      "geometry": {
        "type": "Point",
        "coordinates": [
          12.482913229775667,
          41.9005481851748
        ]
      },
      "properties": {
        "name": "Fontana di Trevi",
        "title": "NE",
        "category": "actividad",
        "latitude": 41.9005481851748,
        "longitude": 12.482913229775667,
        "city": "Roma",
        "country": "Roma",
        "address": "NE, Roma",
        "date": "2023-04-10 16:20",
        "id": "REF-0313",
        "groundedFromAnchor": "Fontana di Trevi",
        "computedScore": 81,
        "h3Index": "891e8052a57ffff"
      }
    },
    {
      "type": "Feature",
      "geometry": {
        "type": "Point",
        "coordinates": [
          12.485328974579284,
          41.89215805078092
        ]
      },
      "properties": {
        "name": "Foro Romano",
        "title": "SW",
        "category": "monumento",
        "latitude": 41.89215805078092,
        "longitude": 12.485328974579284,
        "city": "Roma",
        "country": "Roma",
        "address": "SW, Roma",
        "date": "2023-09-05 17:45",
        "id": "REF-0314",
        "groundedFromAnchor": "Foro Romano",
        "computedScore": 88,
        "h3Index": "891e80501b3ffff"
      }
    },
    {
      "type": "Feature",
      "geometry": {
        "type": "Point",
        "coordinates": [
          12.473414770094953,
          41.8995201422094
        ]
      },
      "properties": {
        "name": "Piazza Navona",
        "title": "NW",
        "category": "monumento",
        "latitude": 41.8995201422094,
        "longitude": 12.473414770094953,
        "city": "Roma",
        "country": "Roma",
        "address": "NW, Roma",
        "date": "2023-11-02 19:30",
        "id": "REF-0315",
        "groundedFromAnchor": "Piazza Navona",
        "computedScore": 86,
        "h3Index": "891e8050523ffff"
      }
    },
    {
      "type": "Feature",
      "geometry": {
        "type": "Point",
        "coordinates": [
          12.465929804483666,
          41.90302726020443
        ]
      },
      "properties": {
        "name": "Castel Sant'Angelo",
        "title": "SE",
        "category": "monumento",
        "latitude": 41.90302726020443,
        "longitude": 12.465929804483666,
        "city": "Roma",
        "country": "Roma",
        "address": "SE, Roma",
        "date": "2023-03-25 07:10",
        "id": "REF-0316",
        "groundedFromAnchor": "Castel Sant'Angelo",
        "computedScore": 86,
        "h3Index": "891e80505abffff"
      }
    },
    {
      "type": "Feature",
      "geometry": {
        "type": "Point",
        "coordinates": [
          12.491953709797599,
          41.88996450279718
        ]
      },
      "properties": {
        "name": "Colosseo",
        "title": "NE",
        "category": "monumento",
        "latitude": 41.88996450279718,
        "longitude": 12.491953709797599,
        "city": "Roma",
        "country": "Roma",
        "address": "NE, Roma",
        "date": "2023-05-14 10:05",
        "id": "REF-0317",
        "groundedFromAnchor": "Colosseo",
        "computedScore": 81,
        "h3Index": "891e80501a7ffff"
      }
    },
    {
      "type": "Feature",
      "geometry": {
        "type": "Point",
        "coordinates": [
          12.476905243604449,
          41.89837102837016
        ]
      },
      "properties": {
        "name": "Pantheon",
        "title": "NW",
        "category": "monumento",
        "latitude": 41.89837102837016,
        "longitude": 12.476905243604449,
        "city": "Roma",
        "country": "Roma",
        "address": "NW, Roma",
        "date": "2023-06-22 19:55",
        "id": "REF-0318",
        "groundedFromAnchor": "Pantheon",
        "computedScore": 83,
        "h3Index": "891e8050527ffff"
      }
    },
    {
      "type": "Feature",
      "geometry": {
        "type": "Point",
        "coordinates": [
          12.483114723407569,
          41.90067910661801
        ]
      },
      "properties": {
        "name": "Fontana di Trevi",
        "title": "SW",
        "category": "actividad",
        "latitude": 41.90067910661801,
        "longitude": 12.483114723407569,
        "city": "Roma",
        "country": "Roma",
        "address": "SW, Roma",
        "date": "2023-12-15 21:10",
        "id": "REF-0319",
        "groundedFromAnchor": "Fontana di Trevi",
        "computedScore": 80,
        "h3Index": "891e8052a57ffff"
      }
    },
    {
      "type": "Feature",
      "geometry": {
        "type": "Point",
        "coordinates": [
          12.485635129436426,
          41.89276439398801
        ]
      },
      "properties": {
        "name": "Foro Romano",
        "title": "NE",
        "category": "monumento",
        "latitude": 41.89276439398801,
        "longitude": 12.485635129436426,
        "city": "Roma",
        "country": "Roma",
        "address": "NE, Roma",
        "date": "2023-09-06 12:05",
        "id": "REF-0320",
        "groundedFromAnchor": "Foro Romano",
        "computedScore": 89,
        "h3Index": "891e8052a4fffff"
      }
    },
    {
      "type": "Feature",
      "geometry": {
        "type": "Point",
        "coordinates": [
          12.492587248576553,
          41.89059858737085
        ]
      },
      "properties": {
        "name": "Colosseo",
        "title": "NW",
        "category": "monumento",
        "latitude": 41.89059858737085,
        "longitude": 12.492587248576553,
        "city": "Roma",
        "country": "Roma",
        "address": "NW, Roma",
        "date": "2023-05-12 08:30",
        "id": "REF-0321",
        "groundedFromAnchor": "Colosseo",
        "computedScore": 125,
        "h3Index": "891e8052a6bffff"
      }
    },
    {
      "type": "Feature",
      "geometry": {
        "type": "Point",
        "coordinates": [
          12.476532051579506,
          41.8989508656097
        ]
      },
      "properties": {
        "name": "Pantheon",
        "title": "SE",
        "category": "monumento",
        "latitude": 41.8989508656097,
        "longitude": 12.476532051579506,
        "city": "Roma",
        "country": "Roma",
        "address": "SE, Roma",
        "date": "2023-06-15 12:00",
        "id": "REF-0322",
        "groundedFromAnchor": "Pantheon",
        "computedScore": 98,
        "h3Index": "891e8050527ffff"
      }
    },
    {
      "type": "Feature",
      "geometry": {
        "type": "Point",
        "coordinates": [
          12.483311785705112,
          41.90054833728151
        ]
      },
      "properties": {
        "name": "Fontana di Trevi",
        "title": "SW",
        "category": "actividad",
        "latitude": 41.90054833728151,
        "longitude": 12.483311785705112,
        "city": "Roma",
        "country": "Roma",
        "address": "SW, Roma",
        "date": "2023-09-02 16:45",
        "id": "REF-0323",
        "groundedFromAnchor": "Fontana di Trevi",
        "computedScore": 111,
        "h3Index": "891e8052a57ffff"
      }
    },
    {
      "type": "Feature",
      "geometry": {
        "type": "Point",
        "coordinates": [
          12.485314110635146,
          41.89259371677666
        ]
      },
      "properties": {
        "name": "Foro Romano",
        "title": "NE",
        "category": "monumento",
        "latitude": 41.89259371677666,
        "longitude": 12.485314110635146,
        "city": "Roma",
        "country": "Roma",
        "address": "NE, Roma",
        "date": "2023-04-20 18:15",
        "id": "REF-0324",
        "groundedFromAnchor": "Foro Romano",
        "computedScore": 169,
        "h3Index": "891e8052a4fffff"
      }
    },
    {
      "type": "Feature",
      "geometry": {
        "type": "Point",
        "coordinates": [
          12.473152652343638,
          41.89901421895687
        ]
      },
      "properties": {
        "name": "Piazza Navona",
        "title": "NW",
        "category": "monumento",
        "latitude": 41.89901421895687,
        "longitude": 12.473152652343638,
        "city": "Roma",
        "country": "Roma",
        "address": "NW, Roma",
        "date": "2023-11-10 14:30",
        "id": "REF-0325",
        "groundedFromAnchor": "Piazza Navona",
        "computedScore": 97,
        "h3Index": "891e8050523ffff"
      }
    },
    {
      "type": "Feature",
      "geometry": {
        "type": "Point",
        "coordinates": [
          12.46635511155827,
          41.90314179979807
        ]
      },
      "properties": {
        "name": "Castel Sant'Angelo",
        "title": "SE",
        "category": "monumento",
        "latitude": 41.90314179979807,
        "longitude": 12.46635511155827,
        "city": "Roma",
        "country": "Roma",
        "address": "SE, Roma",
        "date": "2023-01-25 07:45",
        "id": "REF-0326",
        "groundedFromAnchor": "Castel Sant'Angelo",
        "computedScore": 143,
        "h3Index": "891e80505abffff"
      }
    },
    {
      "type": "Feature",
      "geometry": {
        "type": "Point",
        "coordinates": [
          12.49216956878292,
          41.88997666760224
        ]
      },
      "properties": {
        "name": "Colosseo",
        "title": "SW",
        "category": "monumento",
        "latitude": 41.88997666760224,
        "longitude": 12.49216956878292,
        "city": "Roma",
        "country": "Roma",
        "address": "SW, Roma",
        "date": "2023-05-12 13:15",
        "id": "REF-0327",
        "groundedFromAnchor": "Colosseo",
        "computedScore": 115,
        "h3Index": "891e8050cd3ffff"
      }
    },
    {
      "type": "Feature",
      "geometry": {
        "type": "Point",
        "coordinates": [
          12.476991055219662,
          41.898252237771906
        ]
      },
      "properties": {
        "name": "Pantheon",
        "title": "NW",
        "category": "monumento",
        "latitude": 41.898252237771906,
        "longitude": 12.476991055219662,
        "city": "Roma",
        "country": "Roma",
        "address": "NW, Roma",
        "date": "2023-06-15 19:30",
        "id": "REF-0328",
        "groundedFromAnchor": "Pantheon",
        "computedScore": 123,
        "h3Index": "891e8050527ffff"
      }
    },
    {
      "type": "Feature",
      "geometry": {
        "type": "Point",
        "coordinates": [
          12.48359671022705,
          41.9012965591687
        ]
      },
      "properties": {
        "name": "Fontana di Trevi",
        "title": "NE",
        "category": "actividad",
        "latitude": 41.9012965591687,
        "longitude": 12.48359671022705,
        "city": "Roma",
        "country": "Roma",
        "address": "NE, Roma",
        "date": "2023-09-02 21:00",
        "id": "REF-0329",
        "groundedFromAnchor": "Fontana di Trevi",
        "computedScore": 81,
        "h3Index": "891e8052acfffff"
      }
    },
    {
      "type": "Feature",
      "geometry": {
        "type": "Point",
        "coordinates": [
          12.485297932642732,
          41.89284097142198
        ]
      },
      "properties": {
        "name": "Foro Romano",
        "title": "SW",
        "category": "monumento",
        "latitude": 41.89284097142198,
        "longitude": 12.485297932642732,
        "city": "Roma",
        "country": "Roma",
        "address": "SW, Roma",
        "date": "2023-04-21 09:00",
        "id": "REF-0330",
        "groundedFromAnchor": "Foro Romano",
        "computedScore": 184,
        "h3Index": "891e8052a4fffff"
      }
    },
    {
      "type": "Feature",
      "geometry": {
        "type": "Point",
        "coordinates": [
          12.492002579758658,
          41.8905030589379
        ]
      },
      "properties": {
        "name": "Colosseo",
        "title": "NW",
        "category": "monumento",
        "latitude": 41.8905030589379,
        "longitude": 12.492002579758658,
        "city": "Roma",
        "country": "Roma",
        "address": "NW, Roma",
        "date": "2023-05-14 08:23",
        "id": "REF-0331",
        "groundedFromAnchor": "Colosseo",
        "computedScore": 133,
        "h3Index": "891e8052a6bffff"
      }
    },
    {
      "type": "Feature",
      "geometry": {
        "type": "Point",
        "coordinates": [
          12.47693583440093,
          41.89834093251852
        ]
      },
      "properties": {
        "name": "Pantheon",
        "title": "SE",
        "category": "monumento",
        "latitude": 41.89834093251852,
        "longitude": 12.47693583440093,
        "city": "Roma",
        "country": "Roma",
        "address": "SE, Roma",
        "date": "2023-06-20 12:05",
        "id": "REF-0332",
        "groundedFromAnchor": "Pantheon",
        "computedScore": 91,
        "h3Index": "891e8050527ffff"
      }
    },
    {
      "type": "Feature",
      "geometry": {
        "type": "Point",
        "coordinates": [
          12.482930840732601,
          41.9007659415184
        ]
      },
      "properties": {
        "name": "Fontana di Trevi",
        "title": "NE",
        "category": "actividad",
        "latitude": 41.9007659415184,
        "longitude": 12.482930840732601,
        "city": "Roma",
        "country": "Roma",
        "address": "NE, Roma",
        "date": "2023-09-10 19:45",
        "id": "REF-0333",
        "groundedFromAnchor": "Fontana di Trevi",
        "computedScore": 81,
        "h3Index": "891e8052a57ffff"
      }
    },
    {
      "type": "Feature",
      "geometry": {
        "type": "Point",
        "coordinates": [
          12.485498015204668,
          41.89214026969625
        ]
      },
      "properties": {
        "name": "Foro Romano",
        "title": "Center",
        "category": "monumento",
        "latitude": 41.89214026969625,
        "longitude": 12.485498015204668,
        "city": "Roma",
        "country": "Roma",
        "address": "Center, Roma",
        "date": "2023-04-18 15:30",
        "id": "REF-0334",
        "groundedFromAnchor": "Foro Romano",
        "computedScore": 153,
        "h3Index": "891e80501b7ffff"
      }
    },
    {
      "type": "Feature",
      "geometry": {
        "type": "Point",
        "coordinates": [
          12.472725868988528,
          41.899458518826584
        ]
      },
      "properties": {
        "name": "Piazza Navona",
        "title": "SW",
        "category": "monumento",
        "latitude": 41.899458518826584,
        "longitude": 12.472725868988528,
        "city": "Roma",
        "country": "Roma",
        "address": "SW, Roma",
        "date": "2023-11-05 17:15",
        "id": "REF-0335",
        "groundedFromAnchor": "Piazza Navona",
        "computedScore": 92,
        "h3Index": "891e8050523ffff"
      }
    },
    {
      "type": "Feature",
      "geometry": {
        "type": "Point",
        "coordinates": [
          12.466198624266614,
          41.903223827177186
        ]
      },
      "properties": {
        "name": "Castel Sant'Angelo",
        "title": "South",
        "category": "monumento",
        "latitude": 41.903223827177186,
        "longitude": 12.466198624266614,
        "city": "Roma",
        "country": "Roma",
        "address": "South, Roma",
        "date": "2023-01-22 10:10",
        "id": "REF-0336",
        "groundedFromAnchor": "Castel Sant'Angelo",
        "computedScore": 125,
        "h3Index": "891e80505abffff"
      }
    },
    {
      "type": "Feature",
      "geometry": {
        "type": "Point",
        "coordinates": [
          12.491878941753201,
          41.89007665013701
        ]
      },
      "properties": {
        "name": "Colosseo",
        "title": "SE",
        "category": "monumento",
        "latitude": 41.89007665013701,
        "longitude": 12.491878941753201,
        "city": "Roma",
        "country": "Roma",
        "address": "SE, Roma",
        "date": "2023-07-15 22:45",
        "id": "REF-0337",
        "groundedFromAnchor": "Colosseo",
        "computedScore": 115,
        "h3Index": "891e80501a7ffff"
      }
    },
    {
      "type": "Feature",
      "geometry": {
        "type": "Point",
        "coordinates": [
          12.476670104093685,
          41.8982147561518
        ]
      },
      "properties": {
        "name": "Pantheon",
        "title": "West",
        "category": "monumento",
        "latitude": 41.8982147561518,
        "longitude": 12.476670104093685,
        "city": "Roma",
        "country": "Roma",
        "address": "West, Roma",
        "date": "2023-03-08 07:30",
        "id": "REF-0338",
        "groundedFromAnchor": "Pantheon",
        "computedScore": 100,
        "h3Index": "891e8050527ffff"
      }
    },
    {
      "type": "Feature",
      "geometry": {
        "type": "Point",
        "coordinates": [
          12.482974705063771,
          41.90062412372817
        ]
      },
      "properties": {
        "name": "Fontana di Trevi",
        "title": "South",
        "category": "actividad",
        "latitude": 41.90062412372817,
        "longitude": 12.482974705063771,
        "city": "Roma",
        "country": "Roma",
        "address": "South, Roma",
        "date": "2023-08-12 14:15",
        "id": "REF-0339",
        "groundedFromAnchor": "Fontana di Trevi",
        "computedScore": 82,
        "h3Index": "891e8052a57ffff"
      }
    },
    {
      "type": "Feature",
      "geometry": {
        "type": "Point",
        "coordinates": [
          12.484959493364647,
          41.892624375849046
        ]
      },
      "properties": {
        "name": "Foro Romano",
        "title": "North",
        "category": "monumento",
        "latitude": 41.892624375849046,
        "longitude": 12.484959493364647,
        "city": "Roma",
        "country": "Roma",
        "address": "North, Roma",
        "date": "2023-10-02 17:50",
        "id": "REF-0340",
        "groundedFromAnchor": "Foro Romano",
        "computedScore": 166,
        "h3Index": "891e8052a4fffff"
      }
    },
    {
      "type": "Feature",
      "geometry": {
        "type": "Point",
        "coordinates": [
          12.492313348748876,
          41.890016862635825
        ]
      },
      "properties": {
        "name": "Colosseo",
        "title": "NW",
        "category": "monumento",
        "latitude": 41.890016862635825,
        "longitude": 12.492313348748876,
        "city": "Roma",
        "country": "Roma",
        "address": "NW, Roma",
        "date": "2023-10-15 09:14",
        "id": "REF-0341",
        "groundedFromAnchor": "Colosseo",
        "computedScore": 113,
        "h3Index": "891e8050cd3ffff"
      }
    },
    {
      "type": "Feature",
      "geometry": {
        "type": "Point",
        "coordinates": [
          12.476520567123679,
          41.89844817130744
        ]
      },
      "properties": {
        "name": "Pantheon",
        "title": "SE",
        "category": "monumento",
        "latitude": 41.89844817130744,
        "longitude": 12.476520567123679,
        "city": "Roma",
        "country": "Roma",
        "address": "SE, Roma",
        "date": "2023-06-10 14:30",
        "id": "REF-0342",
        "groundedFromAnchor": "Pantheon",
        "computedScore": 88,
        "h3Index": "891e8050527ffff"
      }
    },
    {
      "type": "Feature",
      "geometry": {
        "type": "Point",
        "coordinates": [
          12.483424799981979,
          41.90085008667837
        ]
      },
      "properties": {
        "name": "Fontana di Trevi",
        "title": "NE",
        "category": "actividad",
        "latitude": 41.90085008667837,
        "longitude": 12.483424799981979,
        "city": "Roma",
        "country": "Roma",
        "address": "NE, Roma",
        "date": "2022-11-20 17:45",
        "id": "REF-0343",
        "groundedFromAnchor": "Fontana di Trevi",
        "computedScore": 97,
        "h3Index": "891e8052a57ffff"
      }
    },
    {
      "type": "Feature",
      "geometry": {
        "type": "Point",
        "coordinates": [
          12.4855982655883,
          41.8926230726636
        ]
      },
      "properties": {
        "name": "Foro Romano",
        "title": "SW",
        "category": "monumento",
        "latitude": 41.8926230726636,
        "longitude": 12.4855982655883,
        "city": "Roma",
        "country": "Roma",
        "address": "SW, Roma",
        "date": "2023-04-05 11:20",
        "id": "REF-0344",
        "groundedFromAnchor": "Foro Romano",
        "computedScore": 182,
        "h3Index": "891e8052a4fffff"
      }
    },
    {
      "type": "Feature",
      "geometry": {
        "type": "Point",
        "coordinates": [
          12.47302845019475,
          41.899490761021326
        ]
      },
      "properties": {
        "name": "Piazza Navona",
        "title": "Center",
        "category": "monumento",
        "latitude": 41.899490761021326,
        "longitude": 12.47302845019475,
        "city": "Roma",
        "country": "Roma",
        "address": "Center, Roma",
        "date": "2023-08-12 19:15",
        "id": "REF-0345",
        "groundedFromAnchor": "Piazza Navona",
        "computedScore": 79,
        "h3Index": "891e8050523ffff"
      }
    },
    {
      "type": "Feature",
      "geometry": {
        "type": "Point",
        "coordinates": [
          12.466586488699722,
          41.90266443539511
        ]
      },
      "properties": {
        "name": "Castel Sant'Angelo",
        "title": "NW",
        "category": "monumento",
        "latitude": 41.90266443539511,
        "longitude": 12.466586488699722,
        "city": "Roma",
        "country": "Roma",
        "address": "NW, Roma",
        "date": "2021-02-28 08:05",
        "id": "REF-0346",
        "groundedFromAnchor": "Castel Sant'Angelo",
        "computedScore": 127,
        "h3Index": "891e80505abffff"
      }
    },
    {
      "type": "Feature",
      "geometry": {
        "type": "Point",
        "coordinates": [
          12.49205569945827,
          41.88998594323902
        ]
      },
      "properties": {
        "name": "Colosseo",
        "title": "SW",
        "category": "monumento",
        "latitude": 41.88998594323902,
        "longitude": 12.49205569945827,
        "city": "Roma",
        "country": "Roma",
        "address": "SW, Roma",
        "date": "2023-10-15 09:18",
        "id": "REF-0347",
        "groundedFromAnchor": "Colosseo",
        "computedScore": 108,
        "h3Index": "891e80501a7ffff"
      }
    },
    {
      "type": "Feature",
      "geometry": {
        "type": "Point",
        "coordinates": [
          12.476579976350306,
          41.89899717419708
        ]
      },
      "properties": {
        "name": "Pantheon",
        "title": "N",
        "category": "monumento",
        "latitude": 41.89899717419708,
        "longitude": 12.476579976350306,
        "city": "Roma",
        "country": "Roma",
        "address": "N, Roma",
        "date": "2023-06-10 14:45",
        "id": "REF-0348",
        "groundedFromAnchor": "Pantheon",
        "computedScore": 81,
        "h3Index": "891e8050527ffff"
      }
    },
    {
      "type": "Feature",
      "geometry": {
        "type": "Point",
        "coordinates": [
          12.483595820305842,
          41.90064577850386
        ]
      },
      "properties": {
        "name": "Fontana di Trevi",
        "title": "S",
        "category": "actividad",
        "latitude": 41.90064577850386,
        "longitude": 12.483595820305842,
        "city": "Roma",
        "country": "Roma",
        "address": "S, Roma",
        "date": "2022-11-20 18:02",
        "id": "REF-0349",
        "groundedFromAnchor": "Fontana di Trevi",
        "computedScore": 80,
        "h3Index": "891e8052a57ffff"
      }
    },
    {
      "type": "Feature",
      "geometry": {
        "type": "Point",
        "coordinates": [
          12.485175947372815,
          41.892103958774754
        ]
      },
      "properties": {
        "name": "Foro Romano",
        "title": "SE",
        "category": "monumento",
        "latitude": 41.892103958774754,
        "longitude": 12.485175947372815,
        "city": "Roma",
        "country": "Roma",
        "address": "SE, Roma",
        "date": "2023-04-05 11:45",
        "id": "REF-0350",
        "groundedFromAnchor": "Foro Romano",
        "computedScore": 150,
        "h3Index": "891e80501b3ffff"
      }
    },
    {
      "type": "Feature",
      "geometry": {
        "type": "Point",
        "coordinates": [
          12.477577464319856,
          41.88305750735259
        ]
      },
      "properties": {
        "name": "Fontana della Barcaccia",
        "title": "Fuente Barroca Barcaccia en Piazza di Spagna",
        "category": "monumento",
        "latitude": 41.88305750735259,
        "longitude": 12.477577464319856,
        "city": "Roma",
        "country": "Italia",
        "address": "Piazza di Spagna, 00187 Roma RM, Italia",
        "date": "2023-10-14 11:30",
        "id": "REF-0351",
        "groundedFromAnchor": "Fontana della Barcaccia",
        "computedScore": 84,
        "h3Index": "891e8050103ffff"
      }
    },
    {
      "type": "Feature",
      "geometry": {
        "type": "Point",
        "coordinates": [
          12.492623769334612,
          41.88630275197485
        ]
      },
      "properties": {
        "name": "Scalinata di Trinità dei Monti",
        "title": "Escalinata monumental de la Plaza de España",
        "category": "monumento",
        "latitude": 41.88630275197485,
        "longitude": 12.492623769334612,
        "city": "Roma",
        "country": "Italia",
        "address": "Piazza di Spagna, 00187 Roma RM, Italia",
        "date": "2023-10-14 12:15",
        "id": "REF-0352",
        "groundedFromAnchor": "Scalinata di Trinità dei Monti",
        "computedScore": 85,
        "h3Index": "891e8050cdbffff"
      }
    },
    {
      "type": "Feature",
      "geometry": {
        "type": "Point",
        "coordinates": [
          12.490276133860519,
          41.88314725069063
        ]
      },
      "properties": {
        "name": "Chiesa di Trinità dei Monti",
        "title": "Iglesia Trinità dei Monti en la cima de la escalinata",
        "category": "monumento",
        "latitude": 41.88314725069063,
        "longitude": 12.490276133860519,
        "city": "Roma",
        "country": "Italia",
        "address": "Piazza della Trinità dei Monti 3, 00187 Roma RM, Italia",
        "date": "2023-10-14 14:00",
        "id": "REF-0353",
        "groundedFromAnchor": "Chiesa di Trinità dei Monti",
        "computedScore": 82,
        "h3Index": "891e8050137ffff"
      }
    },
    {
      "type": "Feature",
      "geometry": {
        "type": "Point",
        "coordinates": [
          12.488201334595146,
          41.880142921071936
        ]
      },
      "properties": {
        "name": "Colonna dell'Immacolata Concezione",
        "title": "Columna de la Inmaculada Concepción",
        "category": "monumento",
        "latitude": 41.880142921071936,
        "longitude": 12.488201334595146,
        "city": "Roma",
        "country": "Italia",
        "address": "Piazza Mignanelli, 00187 Roma RM, Italia",
        "date": "2023-10-14 15:45",
        "id": "REF-0354",
        "groundedFromAnchor": "Colonna dell'Immacolata Concezione",
        "computedScore": 85,
        "h3Index": "891e8050123ffff"
      }
    },
    {
      "type": "Feature",
      "geometry": {
        "type": "Point",
        "coordinates": [
          12.48311678710328,
          41.88551381227267
        ]
      },
      "properties": {
        "name": "Hotel Hassler Roma",
        "title": "Hotel Hassler junto a Trinità dei Monti",
        "category": "hotel",
        "latitude": 41.88551381227267,
        "longitude": 12.48311678710328,
        "city": "Roma",
        "country": "Italia",
        "address": "Piazza della Trinità dei Monti 6, 00187 Roma RM, Italia",
        "date": "2023-10-14 17:10",
        "id": "REF-0355",
        "groundedFromAnchor": "Piazza di Spagna",
        "computedScore": 90,
        "h3Index": "891e80501abffff"
      }
    },
    {
      "type": "Feature",
      "geometry": {
        "type": "Point",
        "coordinates": [
          12.489902779133391,
          41.883874543394064
        ]
      },
      "properties": {
        "name": "Fontana della Barcaccia",
        "title": "Vista sud-ovest della Fontana della Barcaccia",
        "category": "monumento",
        "latitude": 41.883874543394064,
        "longitude": 12.489902779133391,
        "city": "Roma",
        "country": "Italia",
        "address": "Piazza di Spagna, 00187 Roma RM, Italia",
        "date": "2023-10-14 11:30",
        "id": "REF-0356",
        "groundedFromAnchor": "Fontana della Barcaccia",
        "computedScore": 83,
        "h3Index": "891e8050137ffff"
      }
    },
    {
      "type": "Feature",
      "geometry": {
        "type": "Point",
        "coordinates": [
          12.481607042859224,
          41.88860246919239
        ]
      },
      "properties": {
        "name": "Scalinata di Trinità dei Monti",
        "title": "Vista frontal de la gran tramo de escaleras",
        "category": "monumento",
        "latitude": 41.88860246919239,
        "longitude": 12.481607042859224,
        "city": "Roma",
        "country": "Italia",
        "address": "Piazza di Spagna, 00187 Roma RM, Italia",
        "date": "2023-10-14 14:15",
        "id": "REF-0357",
        "groundedFromAnchor": "Scalinata di Trinità dei Monti",
        "computedScore": 88,
        "h3Index": "891e80501bbffff"
      }
    },
    {
      "type": "Feature",
      "geometry": {
        "type": "Point",
        "coordinates": [
          12.48564656015192,
          41.883601178225334
        ]
      },
      "properties": {
        "name": "Chiesa di Trinità dei Monti",
        "title": "Fachada renacentista de Trinità dei Monti",
        "category": "monumento",
        "latitude": 41.883601178225334,
        "longitude": 12.48564656015192,
        "city": "Roma",
        "country": "Italia",
        "address": "Piazza della Trinità dei Monti, 3, 00187 Roma RM, Italia",
        "date": "2023-10-14 16:45",
        "id": "REF-0358",
        "groundedFromAnchor": "Chiesa di Trinità dei Monti",
        "computedScore": 84,
        "h3Index": "891e8050133ffff"
      }
    },
    {
      "type": "Feature",
      "geometry": {
        "type": "Point",
        "coordinates": [
          12.492350703561568,
          41.880875372849026
        ]
      },
      "properties": {
        "name": "Colonna dell'Immacolata Concezione",
        "title": "Base y fuste de la Columna de la Inmaculada Concepción",
        "category": "monumento",
        "latitude": 41.880875372849026,
        "longitude": 12.492350703561568,
        "city": "Roma",
        "country": "Italia",
        "address": "Piazza di Mignanelli, 00187 Roma RM, Italia",
        "date": "2023-10-14 09:20",
        "id": "REF-0359",
        "groundedFromAnchor": "Colonna dell'Immacolata Concezione",
        "computedScore": 83,
        "h3Index": "891e8050127ffff"
      }
    },
    {
      "type": "Feature",
      "geometry": {
        "type": "Point",
        "coordinates": [
          12.48325944455393,
          41.88540594620376
        ]
      },
      "properties": {
        "name": "Hotel Hassler Roma",
        "title": "Acceso principal Hotel Hassler junto a Trinità dei Monti",
        "category": "hotel",
        "latitude": 41.88540594620376,
        "longitude": 12.48325944455393,
        "city": "Roma",
        "country": "Italia",
        "address": "Piazza della Trinità dei Monti, 6, 00187 Roma RM, Italia",
        "date": "2023-10-14 18:10",
        "id": "REF-0360",
        "groundedFromAnchor": "Piazza di Spagna",
        "computedScore": 88,
        "h3Index": "891e80501abffff"
      }
    },
    {
      "type": "Feature",
      "geometry": {
        "type": "Point",
        "coordinates": [
          12.492590337780372,
          41.88038611197476
        ]
      },
      "properties": {
        "name": "Fontana della Barcaccia",
        "title": "Baroque Fountain at Piazza di Spagna",
        "category": "monumento",
        "latitude": 41.88038611197476,
        "longitude": 12.492590337780372,
        "city": "Roma",
        "country": "Italia",
        "address": "Piazza di Spagna, 00187 Roma RM, Italia",
        "date": "2023-10-15 11:30",
        "id": "REF-0361",
        "groundedFromAnchor": "Fontana della Barcaccia",
        "computedScore": 85,
        "h3Index": "891e8050127ffff"
      }
    },
    {
      "type": "Feature",
      "geometry": {
        "type": "Point",
        "coordinates": [
          12.484147830683812,
          41.87999017068627
        ]
      },
      "properties": {
        "name": "Scalinata di Trinità dei Monti",
        "title": "Spanish Steps Landmark",
        "category": "monumento",
        "latitude": 41.87999017068627,
        "longitude": 12.484147830683812,
        "city": "Roma",
        "country": "Italia",
        "address": "Piazza di Spagna, 00187 Roma RM, Italia",
        "date": "2023-10-15 12:15",
        "id": "REF-0362",
        "groundedFromAnchor": "Scalinata di Trinità dei Monti",
        "computedScore": 86,
        "h3Index": "891e805013bffff"
      }
    },
    {
      "type": "Feature",
      "geometry": {
        "type": "Point",
        "coordinates": [
          12.482043594212238,
          41.882680447774476
        ]
      },
      "properties": {
        "name": "Chiesa di Trinità dei Monti",
        "title": "Renaissance Church Above Spanish Steps",
        "category": "monumento",
        "latitude": 41.882680447774476,
        "longitude": 12.482043594212238,
        "city": "Roma",
        "country": "Italia",
        "address": "Piazza della Trinità dei Monti 3, 00187 Roma RM, Italia",
        "date": "2023-10-15 14:00",
        "id": "REF-0363",
        "groundedFromAnchor": "Chiesa di Trinità dei Monti",
        "computedScore": 84,
        "h3Index": "891e8050107ffff"
      }
    },
    {
      "type": "Feature",
      "geometry": {
        "type": "Point",
        "coordinates": [
          12.486066936105756,
          41.88902513492843
        ]
      },
      "properties": {
        "name": "Colonna dell'Immacolata Concezione",
        "title": "Marian Column Monument",
        "category": "monumento",
        "latitude": 41.88902513492843,
        "longitude": 12.486066936105756,
        "city": "Roma",
        "country": "Italia",
        "address": "Piazza Mignanelli, 00187 Roma RM, Italia",
        "date": "2023-10-15 15:45",
        "id": "REF-0364",
        "groundedFromAnchor": "Colonna dell'Immacolata Concezione",
        "computedScore": 85,
        "h3Index": "891e80501a3ffff"
      }
    },
    {
      "type": "Feature",
      "geometry": {
        "type": "Point",
        "coordinates": [
          12.483125181991833,
          41.88560727416571
        ]
      },
      "properties": {
        "name": "Hotel Hassler Roma",
        "title": "Luxury Hotel Above Spanish Steps",
        "category": "hotel",
        "latitude": 41.88560727416571,
        "longitude": 12.483125181991833,
        "city": "Roma",
        "country": "Italia",
        "address": "Piazza Trinità dei Monti 6, 00187 Roma RM, Italia",
        "date": "2023-10-15 17:30",
        "id": "REF-0365",
        "groundedFromAnchor": "Piazza di Spagna",
        "computedScore": 92,
        "h3Index": "891e80501abffff"
      }
    },
    {
      "type": "Feature",
      "geometry": {
        "type": "Point",
        "coordinates": [
          12.486334264040947,
          41.88361811796974
        ]
      },
      "properties": {
        "name": "Fontana della Barcaccia",
        "title": "Fuente barroca a los pies de la escalinata",
        "category": "monumento",
        "latitude": 41.88361811796974,
        "longitude": 12.486334264040947,
        "city": "Roma",
        "country": "Italia",
        "address": "Piazza di Spagna, 00187 Roma RM, Italia",
        "date": "2023-10-15 11:30",
        "id": "REF-0366",
        "groundedFromAnchor": "Fontana della Barcaccia",
        "computedScore": 85,
        "h3Index": "891e8050133ffff"
      }
    },
    {
      "type": "Feature",
      "geometry": {
        "type": "Point",
        "coordinates": [
          12.481112705780633,
          41.88891548396465
        ]
      },
      "properties": {
        "name": "Scalinata di Trinità dei Monti",
        "title": "Escalinata monumental de la Piazza di Spagna",
        "category": "monumento",
        "latitude": 41.88891548396465,
        "longitude": 12.481112705780633,
        "city": "Roma",
        "country": "Italia",
        "address": "Piazza di Spagna, 00187 Roma RM, Italia",
        "date": "2023-10-15 14:15",
        "id": "REF-0367",
        "groundedFromAnchor": "Scalinata di Trinità dei Monti",
        "computedScore": 86,
        "h3Index": "891e80501bbffff"
      }
    },
    {
      "type": "Feature",
      "geometry": {
        "type": "Point",
        "coordinates": [
          12.488267610639516,
          41.88659100737273
        ]
      },
      "properties": {
        "name": "Chiesa di Trinità dei Monti",
        "title": "Iglesia renacentista dominando la plaza",
        "category": "monumento",
        "latitude": 41.88659100737273,
        "longitude": 12.488267610639516,
        "city": "Roma",
        "country": "Italia",
        "address": "Piazza Trinità dei Monti, 3, 00187 Roma RM, Italia",
        "date": "2023-10-15 16:45",
        "id": "REF-0368",
        "groundedFromAnchor": "Chiesa di Trinità dei Monti",
        "computedScore": 84,
        "h3Index": "891e80501afffff"
      }
    },
    {
      "type": "Feature",
      "geometry": {
        "type": "Point",
        "coordinates": [
          12.488355088324445,
          41.880336626964635
        ]
      },
      "properties": {
        "name": "Colonna dell'Immacolata Concezione",
        "title": "Monumento a la Inmaculada Concepción",
        "category": "monumento",
        "latitude": 41.880336626964635,
        "longitude": 12.488355088324445,
        "city": "Roma",
        "country": "Italia",
        "address": "Piazza Mignanelli, 00187 Roma RM, Italia",
        "date": "2023-10-15 09:10",
        "id": "REF-0369",
        "groundedFromAnchor": "Colonna dell'Immacolata Concezione",
        "computedScore": 85,
        "h3Index": "891e8050123ffff"
      }
    },
    {
      "type": "Feature",
      "geometry": {
        "type": "Point",
        "coordinates": [
          12.48160903655301,
          41.888009903086456
        ]
      },
      "properties": {
        "name": "Hotel Hassler Roma",
        "title": "Hotel de lujo junto a Trinità dei Monti",
        "category": "hotel",
        "latitude": 41.888009903086456,
        "longitude": 12.48160903655301,
        "city": "Roma",
        "country": "Italia",
        "address": "Piazza Trinità dei Monti, 6, 00187 Roma RM, Italia",
        "date": "2023-10-15 20:00",
        "id": "REF-0370",
        "groundedFromAnchor": "Piazza di Spagna",
        "computedScore": 91,
        "h3Index": "891e80501bbffff"
      }
    },
    {
      "type": "Feature",
      "geometry": {
        "type": "Point",
        "coordinates": [
          12.48126880613892,
          41.88290334326227
        ]
      },
      "properties": {
        "name": "Piazza di Spagna",
        "title": "Emblemática plaza histórica de Roma",
        "category": "monumento",
        "latitude": 41.88290334326227,
        "longitude": 12.48126880613892,
        "city": "Roma",
        "country": "Italia",
        "address": "Piazza di Spagna, 00187 Roma RM, Italia",
        "date": "2023-10-15 11:30",
        "id": "REF-0371",
        "groundedFromAnchor": "Piazza di Spagna",
        "computedScore": 86,
        "h3Index": "891e8050107ffff"
      }
    },
    {
      "type": "Feature",
      "geometry": {
        "type": "Point",
        "coordinates": [
          12.48071763158626,
          41.88803993674679
        ]
      },
      "properties": {
        "name": "Scalinata di Trinità dei Monti",
        "title": "Escalinata monumental de 135 escalones",
        "category": "monumento",
        "latitude": 41.88803993674679,
        "longitude": 12.48071763158626,
        "city": "Roma",
        "country": "Italia",
        "address": "Piazza di Spagna, 00187 Roma RM, Italia",
        "date": "2023-10-15 12:15",
        "id": "REF-0372",
        "groundedFromAnchor": "Scalinata di Trinità dei Monti",
        "computedScore": 86,
        "h3Index": "891e80501bbffff"
      }
    },
    {
      "type": "Feature",
      "geometry": {
        "type": "Point",
        "coordinates": [
          12.481841392206878,
          41.88260383278471
        ]
      },
      "properties": {
        "name": "Fontana della Barcaccia",
        "title": "Fuente monumental con forma de barco",
        "category": "monumento",
        "latitude": 41.88260383278471,
        "longitude": 12.481841392206878,
        "city": "Roma",
        "country": "Italia",
        "address": "Piazza di Spagna, 00187 Roma RM, Italia",
        "date": "2023-10-15 14:00",
        "id": "REF-0373",
        "groundedFromAnchor": "Fontana della Barcaccia",
        "computedScore": 84,
        "h3Index": "891e8050107ffff"
      }
    },
    {
      "type": "Feature",
      "geometry": {
        "type": "Point",
        "coordinates": [
          12.481207500730813,
          41.88850943201776
        ]
      },
      "properties": {
        "name": "Chiesa di Trinità dei Monti",
        "title": "Iglesia renacentista en la cima de la colina",
        "category": "monumento",
        "latitude": 41.88850943201776,
        "longitude": 12.481207500730813,
        "city": "Roma",
        "country": "Italia",
        "address": "Piazza della Trinità dei Monti 3, 00187 Roma RM, Italia",
        "date": "2023-10-15 15:45",
        "id": "REF-0374",
        "groundedFromAnchor": "Chiesa di Trinità dei Monti",
        "computedScore": 83,
        "h3Index": "891e80501bbffff"
      }
    },
    {
      "type": "Feature",
      "geometry": {
        "type": "Point",
        "coordinates": [
          12.492985754360882,
          41.88045581252531
        ]
      },
      "properties": {
        "name": "Colonna dell'Immacolata Concezione",
        "title": "Monumento corintio con estatua mariana",
        "category": "monumento",
        "latitude": 41.88045581252531,
        "longitude": 12.492985754360882,
        "city": "Roma",
        "country": "Italia",
        "address": "Piazza Mignanelli, 00187 Roma RM, Italia",
        "date": "2023-10-15 17:10",
        "id": "REF-0375",
        "groundedFromAnchor": "Colonna dell'Immacolata Concezione",
        "computedScore": 84,
        "h3Index": "891e8050127ffff"
      }
    },
    {
      "type": "Feature",
      "geometry": {
        "type": "Point",
        "coordinates": [
          12.483932011320075,
          41.88009148606309
        ]
      },
      "properties": {
        "name": "Fontana della Barcaccia",
        "title": "Fuente barroca en forma de barco en Piazza di Spagna",
        "category": "monumento",
        "latitude": 41.88009148606309,
        "longitude": 12.483932011320075,
        "city": "Roma",
        "country": "Italia",
        "address": "Piazza di Spagna, 00187 Roma RM, Italia",
        "date": "2023-10-15 11:30",
        "id": "REF-0376",
        "groundedFromAnchor": "Fontana della Barcaccia",
        "computedScore": 85,
        "h3Index": "891e805013bffff"
      }
    },
    {
      "type": "Feature",
      "geometry": {
        "type": "Point",
        "coordinates": [
          12.480976732888589,
          41.888627358838946
        ]
      },
      "properties": {
        "name": "Scalinata di Trinità dei Monti",
        "title": "Escalinata monumental de la Plaza de España",
        "category": "monumento",
        "latitude": 41.888627358838946,
        "longitude": 12.480976732888589,
        "city": "Roma",
        "country": "Italia",
        "address": "Piazza di Spagna, 00187 Roma RM, Italia",
        "date": "2023-10-15 14:15",
        "id": "REF-0377",
        "groundedFromAnchor": "Scalinata di Trinità dei Monti",
        "computedScore": 89,
        "h3Index": "891e80501bbffff"
      }
    },
    {
      "type": "Feature",
      "geometry": {
        "type": "Point",
        "coordinates": [
          12.485665102990003,
          41.883191137972915
        ]
      },
      "properties": {
        "name": "Chiesa di Trinità dei Monti",
        "title": "Iglesia renacentista en la cima de la escalinata",
        "category": "monumento",
        "latitude": 41.883191137972915,
        "longitude": 12.485665102990003,
        "city": "Roma",
        "country": "Italia",
        "address": "Piazza della Trinità dei Monti, 3, 00187 Roma RM, Italia",
        "date": "2023-10-15 16:45",
        "id": "REF-0378",
        "groundedFromAnchor": "Chiesa di Trinità dei Monti",
        "computedScore": 85,
        "h3Index": "891e8050133ffff"
      }
    },
    {
      "type": "Feature",
      "geometry": {
        "type": "Point",
        "coordinates": [
          12.4922471588598,
          41.886336027004404
        ]
      },
      "properties": {
        "name": "Colonna dell'Immacolata Concezione",
        "title": "Monumento a la Inmaculada Concepcion",
        "category": "monumento",
        "latitude": 41.886336027004404,
        "longitude": 12.4922471588598,
        "city": "Roma",
        "country": "Italia",
        "address": "Piazza Mignanelli, 00187 Roma RM, Italia",
        "date": "2023-10-15 09:10",
        "id": "REF-0379",
        "groundedFromAnchor": "Colonna dell'Immacolata Concezione",
        "computedScore": 84,
        "h3Index": "891e8050cdbffff"
      }
    },
    {
      "type": "Feature",
      "geometry": {
        "type": "Point",
        "coordinates": [
          12.486001501295279,
          41.88854927024974
        ]
      },
      "properties": {
        "name": "Piazza di Spagna",
        "title": "Centro de la emblematica Plaza de Espana",
        "category": "actividad",
        "latitude": 41.88854927024974,
        "longitude": 12.486001501295279,
        "city": "Roma",
        "country": "Italia",
        "address": "Piazza di Spagna, 00187 Roma RM, Italia",
        "date": "2023-10-15 12:00",
        "id": "REF-0380",
        "groundedFromAnchor": "Piazza di Spagna",
        "computedScore": 88,
        "h3Index": "891e80501a3ffff"
      }
    },
    {
      "type": "Feature",
      "geometry": {
        "type": "Point",
        "coordinates": [
          12.490183661894207,
          41.88304529360337
        ]
      },
      "properties": {
        "name": "Fontana della Barcaccia",
        "title": "Fuente barroca monumental a los pies de la escalinata",
        "category": "monumento",
        "latitude": 41.88304529360337,
        "longitude": 12.490183661894207,
        "city": "Roma",
        "country": "Italia",
        "address": "Piazza di Spagna, 00187 Roma RM, Italia",
        "date": "2023-10-14 11:30",
        "id": "REF-0381",
        "groundedFromAnchor": "Fontana della Barcaccia",
        "computedScore": 83,
        "h3Index": "891e8050137ffff"
      }
    },
    {
      "type": "Feature",
      "geometry": {
        "type": "Point",
        "coordinates": [
          12.486267773675218,
          41.8836048112164
        ]
      },
      "properties": {
        "name": "Scalinata di Trinità dei Monti",
        "title": "Escalinata monumental de la Piazza di Spagna",
        "category": "monumento",
        "latitude": 41.8836048112164,
        "longitude": 12.486267773675218,
        "city": "Roma",
        "country": "Italia",
        "address": "Piazza di Spagna, 00187 Roma RM, Italia",
        "date": "2023-10-14 12:15",
        "id": "REF-0382",
        "groundedFromAnchor": "Scalinata di Trinità dei Monti",
        "computedScore": 84,
        "h3Index": "891e8050133ffff"
      }
    },
    {
      "type": "Feature",
      "geometry": {
        "type": "Point",
        "coordinates": [
          12.484049716396061,
          41.88594592889239
        ]
      },
      "properties": {
        "name": "Chiesa di Trinità dei Monti",
        "title": "Iglesia renacentista dominando la perspectiva de la plaza",
        "category": "monumento",
        "latitude": 41.88594592889239,
        "longitude": 12.484049716396061,
        "city": "Roma",
        "country": "Italia",
        "address": "Piazza della Trinità dei Monti, 3, 00187 Roma RM, Italia",
        "date": "2023-10-14 14:00",
        "id": "REF-0383",
        "groundedFromAnchor": "Chiesa di Trinità dei Monti",
        "computedScore": 84,
        "h3Index": "891e80501abffff"
      }
    },
    {
      "type": "Feature",
      "geometry": {
        "type": "Point",
        "coordinates": [
          12.4769822518324,
          41.883025753200805
        ]
      },
      "properties": {
        "name": "Colonna dell'Immacolata Concezione",
        "title": "Monumento corintio dedicado a la Inmaculada Concepción",
        "category": "monumento",
        "latitude": 41.883025753200805,
        "longitude": 12.4769822518324,
        "city": "Roma",
        "country": "Italia",
        "address": "Piazza Mignanelli, 00187 Roma RM, Italia",
        "date": "2023-10-14 15:45",
        "id": "REF-0384",
        "groundedFromAnchor": "Colonna dell'Immacolata Concezione",
        "computedScore": 85,
        "h3Index": "891e8050103ffff"
      }
    },
    {
      "type": "Feature",
      "geometry": {
        "type": "Point",
        "coordinates": [
          12.479441685342058,
          41.88543249725681
        ]
      },
      "properties": {
        "name": "Hotel Hassler Roma",
        "title": "Hotel histórico de lujo en la cima de la escalinata",
        "category": "hotel",
        "latitude": 41.88543249725681,
        "longitude": 12.479441685342058,
        "city": "Roma",
        "country": "Italia",
        "address": "Piazza della Trinità dei Monti, 6, 00187 Roma RM, Italia",
        "date": "2023-10-14 17:10",
        "id": "REF-0385",
        "groundedFromAnchor": "Piazza di Spagna",
        "computedScore": 87,
        "h3Index": "891e8050117ffff"
      }
    },
    {
      "type": "Feature",
      "geometry": {
        "type": "Point",
        "coordinates": [
          12.489980736653399,
          41.88328095240158
        ]
      },
      "properties": {
        "name": "Scalinata di Trinità dei Monti",
        "title": "Escalinata histórica de Plaza de España",
        "category": "monumento",
        "latitude": 41.88328095240158,
        "longitude": 12.489980736653399,
        "city": "Roma",
        "country": "Italia",
        "address": "Piazza di Spagna, 00187 Roma RM, Italia",
        "date": "2023-10-14 11:30",
        "id": "REF-0386",
        "groundedFromAnchor": "Scalinata di Trinità dei Monti",
        "computedScore": 87,
        "h3Index": "891e8050137ffff"
      }
    },
    {
      "type": "Feature",
      "geometry": {
        "type": "Point",
        "coordinates": [
          12.483692043747592,
          41.880370074365594
        ]
      },
      "properties": {
        "name": "Fontana della Barcaccia",
        "title": "Fuente monumental barroca",
        "category": "monumento",
        "latitude": 41.880370074365594,
        "longitude": 12.483692043747592,
        "city": "Roma",
        "country": "Italia",
        "address": "Piazza di Spagna, 00187 Roma RM, Italia",
        "date": "2023-10-14 12:15",
        "id": "REF-0387",
        "groundedFromAnchor": "Fontana della Barcaccia",
        "computedScore": 81,
        "h3Index": "891e805013bffff"
      }
    },
    {
      "type": "Feature",
      "geometry": {
        "type": "Point",
        "coordinates": [
          12.487832022439068,
          41.88574915262583
        ]
      },
      "properties": {
        "name": "Chiesa di Trinità dei Monti",
        "title": "Iglesia renacentista en la cima",
        "category": "monumento",
        "latitude": 41.88574915262583,
        "longitude": 12.487832022439068,
        "city": "Roma",
        "country": "Italia",
        "address": "Piazza della Trinità dei Monti 3, 00187 Roma RM, Italia",
        "date": "2023-10-14 14:45",
        "id": "REF-0388",
        "groundedFromAnchor": "Chiesa di Trinità dei Monti",
        "computedScore": 84,
        "h3Index": "891e80501afffff"
      }
    },
    {
      "type": "Feature",
      "geometry": {
        "type": "Point",
        "coordinates": [
          12.485895616820672,
          41.88357424862746
        ]
      },
      "properties": {
        "name": "Hotel Hassler Roma",
        "title": "Hotel histórico de gran lujo",
        "category": "hotel",
        "latitude": 41.88357424862746,
        "longitude": 12.485895616820672,
        "city": "Roma",
        "country": "Italia",
        "address": "Piazza della Trinità dei Monti 6, 00187 Roma RM, Italia",
        "date": "2023-10-14 16:20",
        "id": "REF-0389",
        "groundedFromAnchor": "Piazza di Spagna",
        "computedScore": 89,
        "h3Index": "891e8050133ffff"
      }
    },
    {
      "type": "Feature",
      "geometry": {
        "type": "Point",
        "coordinates": [
          12.492244374631003,
          41.88592247146767
        ]
      },
      "properties": {
        "name": "Colonna dell'Immacolata Concezione",
        "title": "Monumento a la Inmaculada",
        "category": "monumento",
        "latitude": 41.88592247146767,
        "longitude": 12.492244374631003,
        "city": "Roma",
        "country": "Italia",
        "address": "Piazza Mignanelli, 00187 Roma RM, Italia",
        "date": "2023-10-14 17:50",
        "id": "REF-0390",
        "groundedFromAnchor": "Colonna dell'Immacolata Concezione",
        "computedScore": 82,
        "h3Index": "891e8050cdbffff"
      }
    },
    {
      "type": "Feature",
      "geometry": {
        "type": "Point",
        "coordinates": [
          12.48872967918829,
          41.88040987032761
        ]
      },
      "properties": {
        "name": "Termas de Caracalla",
        "title": "Ruinas imperiales de las Termas de Antonino",
        "category": "monumento",
        "latitude": 41.88040987032761,
        "longitude": 12.48872967918829,
        "city": "Roma",
        "country": "Italia",
        "address": "Viale delle Terme di Caracalla, 52, 00153 Roma RM, Italia",
        "date": "2023-10-14 11:30",
        "id": "REF-0391",
        "groundedFromAnchor": "Coliseo",
        "computedScore": 95,
        "h3Index": "891e8050123ffff"
      }
    },
    {
      "type": "Feature",
      "geometry": {
        "type": "Point",
        "coordinates": [
          12.492454711141896,
          41.886211775879794
        ]
      },
      "properties": {
        "name": "Basílica de San Juan y San Pablo en el Celio",
        "title": "Templo basilical antiguo sobre el Clivo di Scauro",
        "category": "monumento",
        "latitude": 41.886211775879794,
        "longitude": 12.492454711141896,
        "city": "Roma",
        "country": "Italia",
        "address": "Piazza di S. Giovanni e Paolo, 13, 00184 Roma RM, Italia",
        "date": "2023-10-14 12:15",
        "id": "REF-0392",
        "groundedFromAnchor": "Coliseo",
        "computedScore": 87,
        "h3Index": "891e8050cdbffff"
      }
    },
    {
      "type": "Feature",
      "geometry": {
        "type": "Point",
        "coordinates": [
          12.483868814051878,
          41.88077187332485
        ]
      },
      "properties": {
        "name": "Jardín de los Naranjos (Giardino degli Aranci)",
        "title": "Mirador panorámico en el Monte Aventino",
        "category": "naturaleza",
        "latitude": 41.88077187332485,
        "longitude": 12.483868814051878,
        "city": "Roma",
        "country": "Italia",
        "address": "Piazza Pietro D'Illiria, 00153 Roma RM, Italia",
        "date": "2023-10-14 14:00",
        "id": "REF-0393",
        "groundedFromAnchor": "Foro Romano",
        "computedScore": 97,
        "h3Index": "891e805013bffff"
      }
    },
    {
      "type": "Feature",
      "geometry": {
        "type": "Point",
        "coordinates": [
          12.490490412319856,
          41.883259861044785
        ]
      },
      "properties": {
        "name": "Iglesia de San Gregorio Magno al Celio",
        "title": "Santuario y fachada barroca frente al Palatino",
        "category": "monumento",
        "latitude": 41.883259861044785,
        "longitude": 12.490490412319856,
        "city": "Roma",
        "country": "Italia",
        "address": "Piazza di San Gregorio, 1, 00184 Roma RM, Italia",
        "date": "2023-10-14 15:30",
        "id": "REF-0394",
        "groundedFromAnchor": "Coliseo",
        "computedScore": 89,
        "h3Index": "891e8050137ffff"
      }
    },
    {
      "type": "Feature",
      "geometry": {
        "type": "Point",
        "coordinates": [
          12.48851099322104,
          41.88039435992543
        ]
      },
      "properties": {
        "name": "Trattoria Oltre Sguardo Caracalla",
        "title": "Restaurante tradicional junto al área arqueológica",
        "category": "restaurante",
        "latitude": 41.88039435992543,
        "longitude": 12.48851099322104,
        "city": "Roma",
        "country": "Italia",
        "address": "Via Valle delle Camene, 2, 00153 Roma RM, Italia",
        "date": "2023-10-14 17:00",
        "id": "REF-0395",
        "groundedFromAnchor": "Coliseo",
        "computedScore": 92,
        "h3Index": "891e8050123ffff"
      }
    },
    {
      "type": "Feature",
      "geometry": {
        "type": "Point",
        "coordinates": [
          12.480768278365398,
          41.88870899011193
        ]
      },
      "properties": {
        "name": "Bocca della Verità (Iglesia de Santa María en Cosmedin)",
        "title": "Marmórea máscara antigua en el pórtico de la basílica",
        "category": "monumento",
        "latitude": 41.88870899011193,
        "longitude": 12.480768278365398,
        "city": "Roma",
        "country": "Italia",
        "address": "Piazza della Bocca della Verità, 18, 00186 Roma RM",
        "date": "2023-10-14 10:30",
        "id": "REF-0396",
        "groundedFromAnchor": "Foro Romano",
        "computedScore": 89,
        "h3Index": "891e80501bbffff"
      }
    },
    {
      "type": "Feature",
      "geometry": {
        "type": "Point",
        "coordinates": [
          12.48394287706323,
          41.88581322980089
        ]
      },
      "properties": {
        "name": "Parque del Circo Máximo",
        "title": "Antiguo estadio de carreras de cuadrigas romanos y parque público",
        "category": "monumento",
        "latitude": 41.88581322980089,
        "longitude": 12.48394287706323,
        "city": "Roma",
        "country": "Italia",
        "address": "Via del Circo Massimo, 00186 Roma RM",
        "date": "2023-10-14 12:15",
        "id": "REF-0397",
        "groundedFromAnchor": "Coliseo",
        "computedScore": 93,
        "h3Index": "891e80501abffff"
      }
    },
    {
      "type": "Feature",
      "geometry": {
        "type": "Point",
        "coordinates": [
          12.491934191289735,
          41.886248743329546
        ]
      },
      "properties": {
        "name": "Parco del Celio y Clivo Scauro",
        "title": "Área arqueológica y parque público en la colina del Celio",
        "category": "naturaleza",
        "latitude": 41.886248743329546,
        "longitude": 12.491934191289735,
        "city": "Roma",
        "country": "Italia",
        "address": "Clivo di Scauro, 00184 Roma RM",
        "date": "2023-10-14 15:45",
        "id": "REF-0398",
        "groundedFromAnchor": "Coliseo",
        "computedScore": 95,
        "h3Index": "891e8050cdbffff"
      }
    },
    {
      "type": "Feature",
      "geometry": {
        "type": "Point",
        "coordinates": [
          12.488193143960553,
          41.88053503036613
        ]
      },
      "properties": {
        "name": "Termas de Caracalla",
        "title": "Suntuoso complejo de baños públicos de la Antigua Roma",
        "category": "monumento",
        "latitude": 41.88053503036613,
        "longitude": 12.488193143960553,
        "city": "Roma",
        "country": "Italia",
        "address": "Viale delle Terme di Caracalla, 52, 00153 Roma RM",
        "date": "2023-10-14 16:30",
        "id": "REF-0399",
        "groundedFromAnchor": "Foro Romano",
        "computedScore": 92,
        "h3Index": "891e8050123ffff"
      }
    },
    {
      "type": "Feature",
      "geometry": {
        "type": "Point",
        "coordinates": [
          12.477633711223094,
          41.88269799665951
        ]
      },
      "properties": {
        "name": "Giardino degli Aranci (Parco Savello)",
        "title": "Mirador panorámico con huerto de naranjos en la Colina del Aventino",
        "category": "naturaleza",
        "latitude": 41.88269799665951,
        "longitude": 12.477633711223094,
        "city": "Roma",
        "country": "Italia",
        "address": "Piazza Pietro D'Illiria, 00153 Roma RM",
        "date": "2023-10-14 17:45",
        "id": "REF-0400",
        "groundedFromAnchor": "Basílica de San Pedro",
        "computedScore": 95,
        "h3Index": "891e8050103ffff"
      }
    },
    {
      "type": "Feature",
      "geometry": {
        "type": "Point",
        "coordinates": [
          12.480851360366621,
          41.888600569285636
        ]
      },
      "properties": {
        "name": "Bocca della Verità",
        "title": "Mascarón de mármol en el pórtico de Santa Maria in Cosmedin",
        "category": "monumento",
        "latitude": 41.888600569285636,
        "longitude": 12.480851360366621,
        "city": "Roma",
        "country": "Italia",
        "address": "Piazza della Bocca della Verità, 18, 00186 Roma RM",
        "date": "2023-10-15 10:45",
        "id": "REF-0401",
        "groundedFromAnchor": "Foro Romano",
        "computedScore": 87,
        "h3Index": "891e80501bbffff"
      }
    },
    {
      "type": "Feature",
      "geometry": {
        "type": "Point",
        "coordinates": [
          12.4769679481765,
          41.88279268845277
        ]
      },
      "properties": {
        "name": "Pirámide de Cestio",
        "title": "Pirámide funeraria de la época romana tardía",
        "category": "monumento",
        "latitude": 41.88279268845277,
        "longitude": 12.4769679481765,
        "city": "Roma",
        "country": "Italia",
        "address": "Via Raffaele Persichetti, 00153 Roma RM",
        "date": "2023-10-15 12:15",
        "id": "REF-0402",
        "groundedFromAnchor": "Coliseo",
        "computedScore": 87,
        "h3Index": "891e8050103ffff"
      }
    },
    {
      "type": "Feature",
      "geometry": {
        "type": "Point",
        "coordinates": [
          12.492927989248093,
          41.881009095793445
        ]
      },
      "properties": {
        "name": "Termas de Caracalla",
        "title": "Complejo termal monumental de la Antigua Roma",
        "category": "monumento",
        "latitude": 41.881009095793445,
        "longitude": 12.492927989248093,
        "city": "Roma",
        "country": "Italia",
        "address": "Viale delle Terme di Caracalla, 52, 00153 Roma RM",
        "date": "2023-10-15 14:30",
        "id": "REF-0403",
        "groundedFromAnchor": "Coliseo",
        "computedScore": 95,
        "h3Index": "891e8050127ffff"
      }
    },
    {
      "type": "Feature",
      "geometry": {
        "type": "Point",
        "coordinates": [
          12.486404474612367,
          41.882866091106585
        ]
      },
      "properties": {
        "name": "Trattoria Antonio alle Terme",
        "title": "Restaurante tradicional cerca del recinto arqueológico de Caracalla",
        "category": "restaurante",
        "latitude": 41.882866091106585,
        "longitude": 12.486404474612367,
        "city": "Roma",
        "country": "Italia",
        "address": "Via delle Terme di Caracalla, 12, 00153 Roma RM",
        "date": "2023-10-15 13:00",
        "id": "REF-0404",
        "groundedFromAnchor": "Coliseo",
        "computedScore": 82,
        "h3Index": "891e8050133ffff"
      }
    },
    {
      "type": "Feature",
      "geometry": {
        "type": "Point",
        "coordinates": [
          12.485721177901995,
          41.883200295588246
        ]
      },
      "properties": {
        "name": "Estación Metro Circo Massimo",
        "title": "Acceso a la red de transporte suburbano Línea B",
        "category": "transporte",
        "latitude": 41.883200295588246,
        "longitude": 12.485721177901995,
        "city": "Roma",
        "country": "Italia",
        "address": "Piazza di Porta Capena, 00153 Roma RM",
        "date": "2023-10-15 16:10",
        "id": "REF-0405",
        "groundedFromAnchor": "Coliseo",
        "computedScore": 86,
        "h3Index": "891e8050133ffff"
      }
    },
    {
      "type": "Feature",
      "geometry": {
        "type": "Point",
        "coordinates": [
          12.485839664744095,
          41.88874835503875
        ]
      },
      "properties": {
        "name": "Arco di Costantino",
        "title": "Arco del Triunfo de Constantino",
        "category": "monumento",
        "latitude": 41.88874835503875,
        "longitude": 12.485839664744095,
        "city": "Roma",
        "country": "Italia",
        "address": "Via di San Gregorio, 00184 Roma RM, Italia",
        "date": "2023-10-14 11:30",
        "id": "REF-0406",
        "groundedFromAnchor": "Coliseo",
        "computedScore": 87,
        "h3Index": "891e80501a3ffff"
      }
    },
    {
      "type": "Feature",
      "geometry": {
        "type": "Point",
        "coordinates": [
          12.490514068817312,
          41.88370734050917
        ]
      },
      "properties": {
        "name": "Circo Massimo",
        "title": "Mirador del Circo Máximo",
        "category": "monumento",
        "latitude": 41.88370734050917,
        "longitude": 12.490514068817312,
        "city": "Roma",
        "country": "Italia",
        "address": "Via del Circo Massimo, 00186 Roma RM, Italia",
        "date": "2023-10-14 12:15",
        "id": "REF-0407",
        "groundedFromAnchor": "Coliseo",
        "computedScore": 92,
        "h3Index": "891e8050137ffff"
      }
    },
    {
      "type": "Feature",
      "geometry": {
        "type": "Point",
        "coordinates": [
          12.492814541738117,
          41.88043878349303
        ]
      },
      "properties": {
        "name": "Terme di Caracalla",
        "title": "Entrada Complejo Termal de Caracalla",
        "category": "monumento",
        "latitude": 41.88043878349303,
        "longitude": 12.492814541738117,
        "city": "Roma",
        "country": "Italia",
        "address": "Viale delle Terme di Caracalla, 52, 00153 Roma RM, Italia",
        "date": "2023-10-14 13:00",
        "id": "REF-0408",
        "groundedFromAnchor": "Foro Romano",
        "computedScore": 93,
        "h3Index": "891e8050127ffff"
      }
    },
    {
      "type": "Feature",
      "geometry": {
        "type": "Point",
        "coordinates": [
          12.492520556938983,
          41.88617993725319
        ]
      },
      "properties": {
        "name": "Parco del Celio",
        "title": "Jardines Públicos del Celio",
        "category": "naturaleza",
        "latitude": 41.88617993725319,
        "longitude": 12.492520556938983,
        "city": "Roma",
        "country": "Italia",
        "address": "Via Claudia, 00184 Roma RM, Italia",
        "date": "2023-10-14 14:20",
        "id": "REF-0409",
        "groundedFromAnchor": "Coliseo",
        "computedScore": 92,
        "h3Index": "891e8050cdbffff"
      }
    },
    {
      "type": "Feature",
      "geometry": {
        "type": "Point",
        "coordinates": [
          12.480777708296158,
          41.888610223081194
        ]
      },
      "properties": {
        "name": "Basilica di Santa Maria in Cosmedin",
        "title": "Iglesia y Bocca della Verità",
        "category": "monumento",
        "latitude": 41.888610223081194,
        "longitude": 12.480777708296158,
        "city": "Roma",
        "country": "Italia",
        "address": "Piazza della Bocca della Verità, 18, 00186 Roma RM, Italia",
        "date": "2023-10-14 15:45",
        "id": "REF-0410",
        "groundedFromAnchor": "Foro Romano",
        "computedScore": 83,
        "h3Index": "891e80501bbffff"
      }
    },
    {
      "type": "Feature",
      "geometry": {
        "type": "Point",
        "coordinates": [
          12.481132788774921,
          41.88256734773271
        ]
      },
      "properties": {
        "name": "Giardino degli Aranci",
        "title": "Mirador del Monte Aventino",
        "category": "naturaleza",
        "latitude": 41.88256734773271,
        "longitude": 12.481132788774921,
        "city": "Roma",
        "country": "Italia",
        "address": "Piazza Pietro D'Illiria, 00153 Roma RM",
        "date": "2023-10-15 11:30",
        "id": "REF-0411",
        "groundedFromAnchor": "Coliseo",
        "computedScore": 96,
        "h3Index": "891e8050107ffff"
      }
    },
    {
      "type": "Feature",
      "geometry": {
        "type": "Point",
        "coordinates": [
          12.484348211820896,
          41.880269159617164
        ]
      },
      "properties": {
        "name": "Trattoria Perilli a Testaccio",
        "title": "Restaurante tradicional romano",
        "category": "restaurante",
        "latitude": 41.880269159617164,
        "longitude": 12.484348211820896,
        "city": "Roma",
        "country": "Italia",
        "address": "Via Marmorata, 39, 00153 Roma RM",
        "date": "2023-10-15 13:15",
        "id": "REF-0412",
        "groundedFromAnchor": "Foro Romano",
        "computedScore": 85,
        "h3Index": "891e805013bffff"
      }
    },
    {
      "type": "Feature",
      "geometry": {
        "type": "Point",
        "coordinates": [
          12.488217955070212,
          41.88637755161215
        ]
      },
      "properties": {
        "name": "Circo Massimo - Extremo Suroeste",
        "title": "Antiguo estadio de carreras romano",
        "category": "monumento",
        "latitude": 41.88637755161215,
        "longitude": 12.488217955070212,
        "city": "Roma",
        "country": "Italia",
        "address": "Via dei Cerchi, 00186 Roma RM",
        "date": "2023-10-15 15:45",
        "id": "REF-0413",
        "groundedFromAnchor": "Coliseo",
        "computedScore": 94,
        "h3Index": "891e80501afffff"
      }
    },
    {
      "type": "Feature",
      "geometry": {
        "type": "Point",
        "coordinates": [
          12.487591523114645,
          41.88619663196363
        ]
      },
      "properties": {
        "name": "Caffe Circo Massimo",
        "title": "Cafeteria junto al Circo Maximo",
        "category": "restaurante",
        "latitude": 41.88619663196363,
        "longitude": 12.487591523114645,
        "city": "Roma",
        "country": "Italia",
        "address": "Via dei Cerchi, 72, 00186 Roma RM",
        "date": "2023-10-15 16:20",
        "id": "REF-0414",
        "groundedFromAnchor": "Coliseo",
        "computedScore": 87,
        "h3Index": "891e80501afffff"
      }
    },
    {
      "type": "Feature",
      "geometry": {
        "type": "Point",
        "coordinates": [
          12.484263035881831,
          41.8806444849411
        ]
      },
      "properties": {
        "name": "Hotel San Anselmo",
        "title": "Hotel boutique en el Aventino",
        "category": "hotel",
        "latitude": 41.8806444849411,
        "longitude": 12.484263035881831,
        "city": "Roma",
        "country": "Italia",
        "address": "Piazza S. Anselmo, 2, 00153 Roma RM",
        "date": "2023-10-15 18:05",
        "id": "REF-0415",
        "groundedFromAnchor": "Foro Romano",
        "computedScore": 95,
        "h3Index": "891e805013bffff"
      }
    },
    {
      "type": "Feature",
      "geometry": {
        "type": "Point",
        "coordinates": [
          12.483379369502135,
          41.88629726454343
        ]
      },
      "properties": {
        "name": "Giardino degli Aranci (Parco Savello)",
        "title": "Jardín de los Naranjos en la colina del Aventino",
        "category": "naturaleza",
        "latitude": 41.88629726454343,
        "longitude": 12.483379369502135,
        "city": "Roma",
        "country": "Italia",
        "address": "Piazza Pietro D'Illiria, 00153 Roma RM, Italia",
        "date": "2023-10-14 16:30",
        "id": "REF-0416",
        "groundedFromAnchor": "Coliseo",
        "computedScore": 216,
        "h3Index": "891e80501abffff"
      }
    },
    {
      "type": "Feature",
      "geometry": {
        "type": "Point",
        "coordinates": [
          12.48788952907847,
          41.88650866210352
        ]
      },
      "properties": {
        "name": "Circo Máximo",
        "title": "Antiguo estadio de carreras de cuadrigas",
        "category": "monumento",
        "latitude": 41.88650866210352,
        "longitude": 12.48788952907847,
        "city": "Roma",
        "country": "Italia",
        "address": "Via del Circo Massimo, 00186 Roma RM, Italia",
        "date": "2023-10-14 17:15",
        "id": "REF-0417",
        "groundedFromAnchor": "Foro Romano",
        "computedScore": 178,
        "h3Index": "891e80501afffff"
      }
    },
    {
      "type": "Feature",
      "geometry": {
        "type": "Point",
        "coordinates": [
          12.492252513392069,
          41.88086495484166
        ]
      },
      "properties": {
        "name": "Termas de Caracalla",
        "title": "Antiguo complejo termal imperial romano",
        "category": "monumento",
        "latitude": 41.88086495484166,
        "longitude": 12.492252513392069,
        "city": "Roma",
        "country": "Italia",
        "address": "Viale delle Terme di Caracalla 52, 00153 Roma RM, Italia",
        "date": "2023-10-15 11:20",
        "id": "REF-0418",
        "groundedFromAnchor": "Coliseo",
        "computedScore": 166,
        "h3Index": "891e8050127ffff"
      }
    },
    {
      "type": "Feature",
      "geometry": {
        "type": "Point",
        "coordinates": [
          12.493173672626616,
          41.88116969426697
        ]
      },
      "properties": {
        "name": "Trattoria da Enzo al 29",
        "title": "Restaurante de cocina tradicional romana",
        "category": "restaurante",
        "latitude": 41.88116969426697,
        "longitude": 12.493173672626616,
        "city": "Roma",
        "country": "Italia",
        "address": "Via dei Vascellari 29, 00153 Roma RM, Italia",
        "date": "2023-10-15 13:45",
        "id": "REF-0419",
        "groundedFromAnchor": "Foro Romano",
        "computedScore": 115,
        "h3Index": "891e8050127ffff"
      }
    },
    {
      "type": "Feature",
      "geometry": {
        "type": "Point",
        "coordinates": [
          12.488813759354631,
          41.88023557602522
        ]
      },
      "properties": {
        "name": "Basilica di San Saba",
        "title": "Iglesia medieval en el Rione San Saba",
        "category": "monumento",
        "latitude": 41.88023557602522,
        "longitude": 12.488813759354631,
        "city": "Roma",
        "country": "Italia",
        "address": "Piazza Gian Lorenzo Bernini 20, 00153 Roma RM, Italia",
        "date": "2023-10-15 15:00",
        "id": "REF-0420",
        "groundedFromAnchor": "Coliseo",
        "computedScore": 149,
        "h3Index": "891e8050123ffff"
      }
    },
    {
      "type": "Feature",
      "geometry": {
        "type": "Point",
        "coordinates": [
          12.481716159758589,
          41.882657467501986
        ]
      },
      "properties": {
        "name": "Giardino degli Aranci - Parco Savello",
        "title": "Mirador del Jardín de los Naranjos",
        "category": "naturaleza",
        "latitude": 41.882657467501986,
        "longitude": 12.481716159758589,
        "city": "Roma",
        "country": "Italia",
        "address": "Piazza Pietro D'Illiria, 00153 Roma RM",
        "date": "2023-10-14 16:45",
        "id": "REF-0421",
        "groundedFromAnchor": "Foro Romano",
        "computedScore": 97,
        "h3Index": "891e8050107ffff"
      }
    },
    {
      "type": "Feature",
      "geometry": {
        "type": "Point",
        "coordinates": [
          12.490672857562819,
          41.88354700741287
        ]
      },
      "properties": {
        "name": "Parco di Villa Celimontana",
        "title": "Entrada a Villa Celimontana en el Celio",
        "category": "naturaleza",
        "latitude": 41.88354700741287,
        "longitude": 12.490672857562819,
        "city": "Roma",
        "country": "Italia",
        "address": "Via della Navicella, 12, 00184 Roma RM",
        "date": "2023-09-21 11:30",
        "id": "REF-0422",
        "groundedFromAnchor": "Coliseo",
        "computedScore": 97,
        "h3Index": "891e8050137ffff"
      }
    },
    {
      "type": "Feature",
      "geometry": {
        "type": "Point",
        "coordinates": [
          12.488108705601062,
          41.88625322803571
        ]
      },
      "properties": {
        "name": "Stadio Domiziano e Palatino - Complesso Archeologico",
        "title": "Estadio de Domiciano en el Monte Palatino",
        "category": "monumento",
        "latitude": 41.88625322803571,
        "longitude": 12.488108705601062,
        "city": "Roma",
        "country": "Italia",
        "address": "Via di San Gregorio, 30, 00186 Roma RM",
        "date": "2023-05-18 14:15",
        "id": "REF-0423",
        "groundedFromAnchor": "Foro Romano",
        "computedScore": 90,
        "h3Index": "891e80501afffff"
      }
    },
    {
      "type": "Feature",
      "geometry": {
        "type": "Point",
        "coordinates": [
          12.482068654979019,
          41.88247555877101
        ]
      },
      "properties": {
        "name": "Basilica di Santa Sabina all'Aventino",
        "title": "Basílica paleocristiana de Santa Sabina",
        "category": "monumento",
        "latitude": 41.88247555877101,
        "longitude": 12.482068654979019,
        "city": "Roma",
        "country": "Italia",
        "address": "Piazza Pietro D'Illiria, 1, 00153 Roma RM",
        "date": "2023-11-02 09:20",
        "id": "REF-0424",
        "groundedFromAnchor": "Panteón de Agripa",
        "computedScore": 89,
        "h3Index": "891e8050107ffff"
      }
    },
    {
      "type": "Feature",
      "geometry": {
        "type": "Point",
        "coordinates": [
          12.485971245531642,
          41.883073616564545
        ]
      },
      "properties": {
        "name": "Circo Massimo - Sector Sur",
        "title": "Explanada del Circo Máximo",
        "category": "actividad",
        "latitude": 41.883073616564545,
        "longitude": 12.485971245531642,
        "city": "Roma",
        "country": "Italia",
        "address": "Via del Circo Massimo, 00186 Roma RM",
        "date": "2023-06-25 19:10",
        "id": "REF-0425",
        "groundedFromAnchor": "Foro Romano",
        "computedScore": 95,
        "h3Index": "891e8050133ffff"
      }
    },
    {
      "type": "Feature",
      "geometry": {
        "type": "Point",
        "coordinates": [
          12.485953231131333,
          41.88319482909516
        ]
      },
      "properties": {
        "name": "Circo Massimo",
        "title": "Antiguo estadio romano para carreras de cuadrigas",
        "category": "monumento",
        "latitude": 41.88319482909516,
        "longitude": 12.485953231131333,
        "city": "Roma",
        "country": "Italia",
        "address": "Via del Circo Massimo, 00186 Roma RM, Italia",
        "date": "2023-10-14 11:30",
        "id": "REF-0426",
        "groundedFromAnchor": "Foro Romano",
        "computedScore": 93,
        "h3Index": "891e8050133ffff"
      }
    },
    {
      "type": "Feature",
      "geometry": {
        "type": "Point",
        "coordinates": [
          12.483736842099693,
          41.88044816900989
        ]
      },
      "properties": {
        "name": "Roseto Comunale di Roma",
        "title": "Jardín botánico de rosas en la colina del Aventino",
        "category": "naturaleza",
        "latitude": 41.88044816900989,
        "longitude": 12.483736842099693,
        "city": "Roma",
        "country": "Italia",
        "address": "Via di Valle Murcia 6, 00153 Roma RM, Italia",
        "date": "2023-10-14 12:15",
        "id": "REF-0427",
        "groundedFromAnchor": "Foro Romano",
        "computedScore": 95,
        "h3Index": "891e805013bffff"
      }
    },
    {
      "type": "Feature",
      "geometry": {
        "type": "Point",
        "coordinates": [
          12.492849062590269,
          41.88111108854352
        ]
      },
      "properties": {
        "name": "Termas de Caracalla",
        "title": "Gran complejo termal imperial de la Roma antigua",
        "category": "monumento",
        "latitude": 41.88111108854352,
        "longitude": 12.492849062590269,
        "city": "Roma",
        "country": "Italia",
        "address": "Viale delle Terme di Caracalla 52, 00153 Roma RM, Italia",
        "date": "2023-10-14 14:00",
        "id": "REF-0428",
        "groundedFromAnchor": "Coliseo",
        "computedScore": 93,
        "h3Index": "891e8050127ffff"
      }
    },
    {
      "type": "Feature",
      "geometry": {
        "type": "Point",
        "coordinates": [
          12.493069539497508,
          41.881067332343726
        ]
      },
      "properties": {
        "name": "Ristorante Caracalla",
        "title": "Restaurante de cocina tradicional romana junto al parque termal",
        "category": "restaurante",
        "latitude": 41.881067332343726,
        "longitude": 12.493069539497508,
        "city": "Roma",
        "country": "Italia",
        "address": "Via Antonina 2, 00153 Roma RM, Italia",
        "date": "2023-10-14 14:45",
        "id": "REF-0429",
        "groundedFromAnchor": "Coliseo",
        "computedScore": 86,
        "h3Index": "891e8050127ffff"
      }
    },
    {
      "type": "Feature",
      "geometry": {
        "type": "Point",
        "coordinates": [
          12.478936451153507,
          41.88538237619375
        ]
      },
      "properties": {
        "name": "Basílica de Santa Maria in Cosmedin",
        "title": "Iglesia paleocristiana albergue de la Bocca della Verità",
        "category": "monumento",
        "latitude": 41.88538237619375,
        "longitude": 12.478936451153507,
        "city": "Roma",
        "country": "Italia",
        "address": "Piazza di Santa Maria in Cosmedin 18, 00186 Roma RM, Italia",
        "date": "2023-10-14 16:10",
        "id": "REF-0430",
        "groundedFromAnchor": "Foro Romano",
        "computedScore": 86,
        "h3Index": "891e8050117ffff"
      }
    },
    {
      "type": "Feature",
      "geometry": {
        "type": "Point",
        "coordinates": [
          12.490694545528127,
          41.88333962775731
        ]
      },
      "properties": {
        "name": "Fontana della Barcaccia",
        "title": "Fuente monumental barroca",
        "category": "monumento",
        "latitude": 41.88333962775731,
        "longitude": 12.490694545528127,
        "city": "Roma",
        "country": "Italia",
        "address": "Piazza di Spagna, 00187 Roma RM, Italia",
        "date": "2023-10-15 14:30",
        "id": "REF-0431",
        "groundedFromAnchor": "Fontana della Barcaccia",
        "computedScore": 86,
        "h3Index": "891e8050137ffff"
      }
    },
    {
      "type": "Feature",
      "geometry": {
        "type": "Point",
        "coordinates": [
          12.490189620225825,
          41.883209482469454
        ]
      },
      "properties": {
        "name": "Scalinata di Trinità dei Monti",
        "title": "Escalinata monumental de 135 peldaños",
        "category": "actividad",
        "latitude": 41.883209482469454,
        "longitude": 12.490189620225825,
        "city": "Roma",
        "country": "Italia",
        "address": "Piazza di Spagna, 00187 Roma RM, Italia",
        "date": "2023-10-15 14:45",
        "id": "REF-0432",
        "groundedFromAnchor": "Scalinata di Trinità dei Monti",
        "computedScore": 87,
        "h3Index": "891e8050137ffff"
      }
    },
    {
      "type": "Feature",
      "geometry": {
        "type": "Point",
        "coordinates": [
          12.481589795230803,
          41.88303001709008
        ]
      },
      "properties": {
        "name": "Keats-Shelley House",
        "title": "Museo conmemorativo de poetas románticos",
        "category": "actividad",
        "latitude": 41.88303001709008,
        "longitude": 12.481589795230803,
        "city": "Roma",
        "country": "Italia",
        "address": "Piazza di Spagna 26, 00187 Roma RM, Italia",
        "date": "2023-10-15 15:00",
        "id": "REF-0433",
        "groundedFromAnchor": "Museo Keats-Shelley",
        "computedScore": 85,
        "h3Index": "891e8050107ffff"
      }
    },
    {
      "type": "Feature",
      "geometry": {
        "type": "Point",
        "coordinates": [
          12.485363176697494,
          41.888506728030606
        ]
      },
      "properties": {
        "name": "Iglesia de Trinità dei Monti",
        "title": "Iglesia católica titular francófona",
        "category": "monumento",
        "latitude": 41.888506728030606,
        "longitude": 12.485363176697494,
        "city": "Roma",
        "country": "Italia",
        "address": "Piazza della Trinità dei Monti 3, 00187 Roma RM, Italia",
        "date": "2023-10-15 15:15",
        "id": "REF-0434",
        "groundedFromAnchor": "Iglesia de Trinità dei Monti",
        "computedScore": 82,
        "h3Index": "891e80501a3ffff"
      }
    },
    {
      "type": "Feature",
      "geometry": {
        "type": "Point",
        "coordinates": [
          12.490560874389967,
          41.88323766249895
        ]
      },
      "properties": {
        "name": "Colonna dell'Immacolata Concezione",
        "title": "Monumento decimonónico dedicado a la Virgen",
        "category": "monumento",
        "latitude": 41.88323766249895,
        "longitude": 12.490560874389967,
        "city": "Roma",
        "country": "Italia",
        "address": "Piazza Mignanelli, 00187 Roma RM, Italia",
        "date": "2023-10-15 15:30",
        "id": "REF-0435",
        "groundedFromAnchor": "Columna de la Inmaculada Concepción",
        "computedScore": 84,
        "h3Index": "891e8050137ffff"
      }
    },
    {
      "type": "Feature",
      "geometry": {
        "type": "Point",
        "coordinates": [
          12.483252595204995,
          41.885554376262206
        ]
      },
      "properties": {
        "name": "Fontana della Barcaccia - Sector Sur",
        "title": "Fuente barroca a los pies de la Escalinata",
        "category": "monumento",
        "latitude": 41.885554376262206,
        "longitude": 12.483252595204995,
        "city": "Roma",
        "country": "Italia",
        "address": "Piazza di Spagna, 00187 Roma RM, Italia",
        "date": "2023-10-15 10:30",
        "id": "REF-0436",
        "groundedFromAnchor": "Fontana della Barcaccia",
        "computedScore": 87,
        "h3Index": "891e80501abffff"
      }
    },
    {
      "type": "Feature",
      "geometry": {
        "type": "Point",
        "coordinates": [
          12.490621004593923,
          41.883920744648904
        ]
      },
      "properties": {
        "name": "Scalinata di Trinità dei Monti",
        "title": "Escalinata monumental de la Plaza de España",
        "category": "monumento",
        "latitude": 41.883920744648904,
        "longitude": 12.490621004593923,
        "city": "Roma",
        "country": "Italia",
        "address": "Piazza di Spagna, 00187 Roma RM, Italia",
        "date": "2023-10-15 11:15",
        "id": "REF-0437",
        "groundedFromAnchor": "Scalinata di Trinità dei Monti",
        "computedScore": 87,
        "h3Index": "891e8050137ffff"
      }
    },
    {
      "type": "Feature",
      "geometry": {
        "type": "Point",
        "coordinates": [
          12.492608210196654,
          41.880424411221504
        ]
      },
      "properties": {
        "name": "Boutique Caffè Greco",
        "title": "Cafetería histórica cerca de Piazza di Spagna",
        "category": "restaurante",
        "latitude": 41.880424411221504,
        "longitude": 12.492608210196654,
        "city": "Roma",
        "country": "Italia",
        "address": "Via dei Condotti 86, 00187 Roma RM, Italia",
        "date": "2023-10-15 13:00",
        "id": "REF-0438",
        "groundedFromAnchor": "Piazza di Spagna",
        "computedScore": 85,
        "h3Index": "891e8050127ffff"
      }
    },
    {
      "type": "Feature",
      "geometry": {
        "type": "Point",
        "coordinates": [
          12.480852135428227,
          41.888685792681564
        ]
      },
      "properties": {
        "name": "Hotel Hassler Roma",
        "title": "Hotel de gran lujo junto a Trinità dei Monti",
        "category": "hotel",
        "latitude": 41.888685792681564,
        "longitude": 12.480852135428227,
        "city": "Roma",
        "country": "Italia",
        "address": "Piazza Trinità dei Monti 6, 00187 Roma RM, Italia",
        "date": "2023-10-15 16:45",
        "id": "REF-0439",
        "groundedFromAnchor": "Iglesia de Trinità dei Monti",
        "computedScore": 87,
        "h3Index": "891e80501bbffff"
      }
    },
    {
      "type": "Feature",
      "geometry": {
        "type": "Point",
        "coordinates": [
          12.486014344115432,
          41.88858167142639
        ]
      },
      "properties": {
        "name": "Columna de la Inmaculada Concepción",
        "title": "Monumento de la plaza Piazza Mignanelli",
        "category": "monumento",
        "latitude": 41.88858167142639,
        "longitude": 12.486014344115432,
        "city": "Roma",
        "country": "Italia",
        "address": "Piazza Mignanelli, 00187 Roma RM, Italia",
        "date": "2023-10-15 18:10",
        "id": "REF-0440",
        "groundedFromAnchor": "Columna de la Inmaculada Concepción",
        "computedScore": 82,
        "h3Index": "891e80501a3ffff"
      }
    },
    {
      "type": "Feature",
      "geometry": {
        "type": "Point",
        "coordinates": [
          12.48351564998315,
          41.879860912268214
        ]
      },
      "properties": {
        "name": "Fontana della Barcaccia",
        "title": "Fuente barroca al pie de la escalinata",
        "category": "monumento",
        "latitude": 41.879860912268214,
        "longitude": 12.48351564998315,
        "city": "Roma",
        "country": "Italia",
        "address": "Piazza di Spagna, 00187 Roma RM, Italia",
        "date": "2024-05-14 10:30",
        "id": "REF-0441",
        "groundedFromAnchor": "Fontana della Barcaccia",
        "computedScore": 84,
        "h3Index": "891e805013bffff"
      }
    },
    {
      "type": "Feature",
      "geometry": {
        "type": "Point",
        "coordinates": [
          12.487826832495674,
          41.886526187550714
        ]
      },
      "properties": {
        "name": "Scalinata di Trinità dei Monti",
        "title": "Escalinata monumental de Plaza de España",
        "category": "monumento",
        "latitude": 41.886526187550714,
        "longitude": 12.487826832495674,
        "city": "Roma",
        "country": "Italia",
        "address": "Piazza di Spagna, 00187 Roma RM, Italia",
        "date": "2024-05-14 11:15",
        "id": "REF-0442",
        "groundedFromAnchor": "Scalinata di Trinità dei Monti",
        "computedScore": 87,
        "h3Index": "891e80501afffff"
      }
    },
    {
      "type": "Feature",
      "geometry": {
        "type": "Point",
        "coordinates": [
          12.478778641898096,
          41.88594392755468
        ]
      },
      "properties": {
        "name": "Museo Keats-Shelley",
        "title": "Casa museo dedicada a los poetas románticos ingleses",
        "category": "actividad",
        "latitude": 41.88594392755468,
        "longitude": 12.478778641898096,
        "city": "Roma",
        "country": "Italia",
        "address": "Piazza di Spagna, 26, 00187 Roma RM, Italia",
        "date": "2024-05-14 12:45",
        "id": "REF-0443",
        "groundedFromAnchor": "Museo Keats-Shelley",
        "computedScore": 83,
        "h3Index": "891e8050117ffff"
      }
    },
    {
      "type": "Feature",
      "geometry": {
        "type": "Point",
        "coordinates": [
          12.492150993345012,
          41.8865716942637
        ]
      },
      "properties": {
        "name": "Iglesia de Trinità dei Monti",
        "title": "Iglesia renacentista dominando la plaza",
        "category": "monumento",
        "latitude": 41.8865716942637,
        "longitude": 12.492150993345012,
        "city": "Roma",
        "country": "Italia",
        "address": "Piazza della Trinità dei Monti, 3, 00187 Roma RM, Italia",
        "date": "2024-05-14 15:20",
        "id": "REF-0444",
        "groundedFromAnchor": "Iglesia de Trinità dei Monti",
        "computedScore": 83,
        "h3Index": "891e8050cdbffff"
      }
    },
    {
      "type": "Feature",
      "geometry": {
        "type": "Point",
        "coordinates": [
          12.490524679630623,
          41.883666901069944
        ]
      },
      "properties": {
        "name": "Columna de la Inmaculada Concepción",
        "title": "Monumento dedicado a la Virgen María",
        "category": "monumento",
        "latitude": 41.883666901069944,
        "longitude": 12.490524679630623,
        "city": "Roma",
        "country": "Italia",
        "address": "Piazza Mignanelli, 00187 Roma RM, Italia",
        "date": "2024-05-14 17:00",
        "id": "REF-0445",
        "groundedFromAnchor": "Columna de la Inmaculada Concepción",
        "computedScore": 83,
        "h3Index": "891e8050137ffff"
      }
    },
    {
      "type": "Feature",
      "geometry": {
        "type": "Point",
        "coordinates": [
          12.49224443375744,
          41.88630637022664
        ]
      },
      "properties": {
        "name": "Piazza di Spagna - Fontana della Barcaccia",
        "title": "Vista frontal de la Fontana della Barcaccia",
        "category": "monumento",
        "latitude": 41.88630637022664,
        "longitude": 12.49224443375744,
        "city": "Roma",
        "country": "Italia",
        "address": "Piazza di Spagna, 00187 Roma RM, Italia",
        "date": "2023-10-15 11:30",
        "id": "REF-0446",
        "groundedFromAnchor": "Fontana della Barcaccia",
        "computedScore": 83,
        "h3Index": "891e8050cdbffff"
      }
    },
    {
      "type": "Feature",
      "geometry": {
        "type": "Point",
        "coordinates": [
          12.483366838209479,
          41.88580973014045
        ]
      },
      "properties": {
        "name": "Scalinata di Trinità dei Monti",
        "title": "Escalinata monumental de la Plaza de España",
        "category": "monumento",
        "latitude": 41.88580973014045,
        "longitude": 12.483366838209479,
        "city": "Roma",
        "country": "Italia",
        "address": "Piazza di Spagna, 00187 Roma RM, Italia",
        "date": "2023-10-15 14:15",
        "id": "REF-0447",
        "groundedFromAnchor": "Scalinata di Trinità dei Monti",
        "computedScore": 89,
        "h3Index": "891e80501abffff"
      }
    },
    {
      "type": "Feature",
      "geometry": {
        "type": "Point",
        "coordinates": [
          12.479111864872458,
          41.88556278442161
        ]
      },
      "properties": {
        "name": "Museo Keats-Shelley House",
        "title": "Fachada del Museo Keats-Shelley",
        "category": "actividad",
        "latitude": 41.88556278442161,
        "longitude": 12.479111864872458,
        "city": "Roma",
        "country": "Italia",
        "address": "Piazza di Spagna 26, 00187 Roma RM, Italia",
        "date": "2023-10-15 16:45",
        "id": "REF-0448",
        "groundedFromAnchor": "Museo Keats-Shelley",
        "computedScore": 83,
        "h3Index": "891e8050117ffff"
      }
    },
    {
      "type": "Feature",
      "geometry": {
        "type": "Point",
        "coordinates": [
          12.479171112960325,
          41.88562807844887
        ]
      },
      "properties": {
        "name": "Iglesia de Trinità dei Monti",
        "title": "Fachada principal y campanarios de Trinità dei Monti",
        "category": "monumento",
        "latitude": 41.88562807844887,
        "longitude": 12.479171112960325,
        "city": "Roma",
        "country": "Italia",
        "address": "Piazza della Trinità dei Monti 3, 00187 Roma RM, Italia",
        "date": "2023-10-16 09:10",
        "id": "REF-0449",
        "groundedFromAnchor": "Iglesia de Trinità dei Monti",
        "computedScore": 86,
        "h3Index": "891e8050117ffff"
      }
    },
    {
      "type": "Feature",
      "geometry": {
        "type": "Point",
        "coordinates": [
          12.480749653224509,
          41.88854454587665
        ]
      },
      "properties": {
        "name": "Columna de la Inmaculada Concepción",
        "title": "Monumento a la Colonna dell'Immacolata",
        "category": "monumento",
        "latitude": 41.88854454587665,
        "longitude": 12.480749653224509,
        "city": "Roma",
        "country": "Italia",
        "address": "Piazza Mignanelli, 00187 Roma RM, Italia",
        "date": "2023-10-16 12:00",
        "id": "REF-0450",
        "groundedFromAnchor": "Columna de la Inmaculada Concepción",
        "computedScore": 86,
        "h3Index": "891e80501bbffff"
      }
    },
    {
      "type": "Feature",
      "geometry": {
        "type": "Point",
        "coordinates": [
          12.488836906238799,
          41.88043310793522
        ]
      },
      "properties": {
        "name": "Scalinata di Trinità dei Monti",
        "title": "Escalinata de la Plaza de España",
        "category": "monumento",
        "latitude": 41.88043310793522,
        "longitude": 12.488836906238799,
        "city": "Roma",
        "country": "Italia",
        "address": "Piazza di Spagna, 00187 Roma RM, Italia",
        "date": "2023-10-15 11:30",
        "id": "REF-0451",
        "groundedFromAnchor": "Scalinata di Trinità dei Monti",
        "computedScore": 87,
        "h3Index": "891e8050123ffff"
      }
    },
    {
      "type": "Feature",
      "geometry": {
        "type": "Point",
        "coordinates": [
          12.483291316312933,
          41.8857002262356
        ]
      },
      "properties": {
        "name": "Fontana della Barcaccia",
        "title": "Fuente Barcaccia",
        "category": "monumento",
        "latitude": 41.8857002262356,
        "longitude": 12.483291316312933,
        "city": "Roma",
        "country": "Italia",
        "address": "Piazza di Spagna, 00187 Roma RM, Italia",
        "date": "2023-10-15 12:15",
        "id": "REF-0452",
        "groundedFromAnchor": "Fontana della Barcaccia",
        "computedScore": 82,
        "h3Index": "891e80501abffff"
      }
    },
    {
      "type": "Feature",
      "geometry": {
        "type": "Point",
        "coordinates": [
          12.481466413717111,
          41.887988349484225
        ]
      },
      "properties": {
        "name": "Keats-Shelley Memorial House",
        "title": "Museo Keats-Shelley",
        "category": "monumento",
        "latitude": 41.887988349484225,
        "longitude": 12.481466413717111,
        "city": "Roma",
        "country": "Italia",
        "address": "Piazza di Spagna 26, 00187 Roma RM, Italia",
        "date": "2023-10-15 14:00",
        "id": "REF-0453",
        "groundedFromAnchor": "Museo Keats-Shelley",
        "computedScore": 86,
        "h3Index": "891e80501bbffff"
      }
    },
    {
      "type": "Feature",
      "geometry": {
        "type": "Point",
        "coordinates": [
          12.492648453497917,
          41.880755512469364
        ]
      },
      "properties": {
        "name": "Chiesa della Trinità dei Monti",
        "title": "Iglesia de Trinità dei Monti",
        "category": "monumento",
        "latitude": 41.880755512469364,
        "longitude": 12.492648453497917,
        "city": "Roma",
        "country": "Italia",
        "address": "Piazza della Trinità dei Monti 3, 00187 Roma RM, Italia",
        "date": "2023-10-15 15:45",
        "id": "REF-0454",
        "groundedFromAnchor": "Iglesia de Trinità dei Monti",
        "computedScore": 85,
        "h3Index": "891e8050127ffff"
      }
    },
    {
      "type": "Feature",
      "geometry": {
        "type": "Point",
        "coordinates": [
          12.481618815013025,
          41.8829625650879
        ]
      },
      "properties": {
        "name": "Colonna dell'Immacolata Concezione",
        "title": "Columna de la Inmaculada Concepción",
        "category": "monumento",
        "latitude": 41.8829625650879,
        "longitude": 12.481618815013025,
        "city": "Roma",
        "country": "Italia",
        "address": "Piazza Mignanelli, 00187 Roma RM, Italia",
        "date": "2023-10-15 17:10",
        "id": "REF-0455",
        "groundedFromAnchor": "Columna de la Inmaculada Concepción",
        "computedScore": 84,
        "h3Index": "891e8050107ffff"
      }
    },
    {
      "type": "Feature",
      "geometry": {
        "type": "Point",
        "coordinates": [
          12.48613401703157,
          41.882899550025854
        ]
      },
      "properties": {
        "name": "Fontana della Barcaccia",
        "title": "Fuente barroca monumental de Bernini",
        "category": "monumento",
        "latitude": 41.882899550025854,
        "longitude": 12.48613401703157,
        "city": "Roma",
        "country": "Italia",
        "address": "Piazza di Spagna, 00187 Roma RM, Italia",
        "date": "2023-10-14 11:30",
        "id": "REF-0456",
        "groundedFromAnchor": "Fontana della Barcaccia",
        "computedScore": 84,
        "h3Index": "891e8050133ffff"
      }
    },
    {
      "type": "Feature",
      "geometry": {
        "type": "Point",
        "coordinates": [
          12.488247390698756,
          41.880507385475994
        ]
      },
      "properties": {
        "name": "Scalinata di Trinità dei Monti",
        "title": "Escalinata de la Plaza de España",
        "category": "monumento",
        "latitude": 41.880507385475994,
        "longitude": 12.488247390698756,
        "city": "Roma",
        "country": "Italia",
        "address": "Piazza di Spagna, 00187 Roma RM, Italia",
        "date": "2023-10-14 12:15",
        "id": "REF-0457",
        "groundedFromAnchor": "Scalinata di Trinità dei Monti",
        "computedScore": 85,
        "h3Index": "891e8050123ffff"
      }
    },
    {
      "type": "Feature",
      "geometry": {
        "type": "Point",
        "coordinates": [
          12.481555255332024,
          41.88256336800901
        ]
      },
      "properties": {
        "name": "Museo Keats-Shelley",
        "title": "Casa museo memorial de los poetas románticos",
        "category": "actividad",
        "latitude": 41.88256336800901,
        "longitude": 12.481555255332024,
        "city": "Roma",
        "country": "Italia",
        "address": "Piazza di Spagna 26, 00187 Roma RM, Italia",
        "date": "2023-10-14 14:00",
        "id": "REF-0458",
        "groundedFromAnchor": "Museo Keats-Shelley",
        "computedScore": 83,
        "h3Index": "891e8050107ffff"
      }
    },
    {
      "type": "Feature",
      "geometry": {
        "type": "Point",
        "coordinates": [
          12.486158880098934,
          41.88280907254558
        ]
      },
      "properties": {
        "name": "Iglesia de Trinità dei Monti",
        "title": "Iglesia renacentista dominando la colina",
        "category": "monumento",
        "latitude": 41.88280907254558,
        "longitude": 12.486158880098934,
        "city": "Roma",
        "country": "Italia",
        "address": "Piazza della Trinità dei Monti 3, 00187 Roma RM, Italia",
        "date": "2023-10-14 16:20",
        "id": "REF-0459",
        "groundedFromAnchor": "Iglesia de Trinità dei Monti",
        "computedScore": 84,
        "h3Index": "891e8050133ffff"
      }
    },
    {
      "type": "Feature",
      "geometry": {
        "type": "Point",
        "coordinates": [
          12.490511367069084,
          41.88383257069969
        ]
      },
      "properties": {
        "name": "Columna de la Inmaculada Concepción",
        "title": "Monumento conmemorativo de mármol y bronce",
        "category": "monumento",
        "latitude": 41.88383257069969,
        "longitude": 12.490511367069084,
        "city": "Roma",
        "country": "Italia",
        "address": "Piazza Mignanelli, 00187 Roma RM, Italia",
        "date": "2023-10-14 17:45",
        "id": "REF-0460",
        "groundedFromAnchor": "Columna de la Inmaculada Concepción",
        "computedScore": 81,
        "h3Index": "891e8050137ffff"
      }
    },
    {
      "type": "Feature",
      "geometry": {
        "type": "Point",
        "coordinates": [
          12.483251235102205,
          41.88599785770026
        ]
      },
      "properties": {
        "name": "Fontana della Barcaccia",
        "title": "Fuente barroca monumental a los pies de la Escalinata",
        "category": "monumento",
        "latitude": 41.88599785770026,
        "longitude": 12.483251235102205,
        "city": "Roma",
        "country": "Italia",
        "address": "Piazza di Spagna, 00187 Roma RM, Italia",
        "date": "2023-10-15 11:30",
        "id": "REF-0461",
        "groundedFromAnchor": "Fontana della Barcaccia",
        "computedScore": 84,
        "h3Index": "891e80501abffff"
      }
    },
    {
      "type": "Feature",
      "geometry": {
        "type": "Point",
        "coordinates": [
          12.481449753124227,
          41.888239463007736
        ]
      },
      "properties": {
        "name": "Antico Caffè Greco",
        "title": "Café histórico cerca de Piazza di Spagna",
        "category": "restaurante",
        "latitude": 41.888239463007736,
        "longitude": 12.481449753124227,
        "city": "Roma",
        "country": "Italia",
        "address": "Via dei Condotti, 86, 00187 Roma RM, Italia",
        "date": "2023-10-15 13:15",
        "id": "REF-0462",
        "groundedFromAnchor": "Piazza di Spagna",
        "computedScore": 87,
        "h3Index": "891e80501bbffff"
      }
    },
    {
      "type": "Feature",
      "geometry": {
        "type": "Point",
        "coordinates": [
          12.477485752534612,
          41.88288118026092
        ]
      },
      "properties": {
        "name": "Hotel Hassler Roma",
        "title": "Hotel de lujo en la cima de la Escalinata",
        "category": "hotel",
        "latitude": 41.88288118026092,
        "longitude": 12.477485752534612,
        "city": "Roma",
        "country": "Italia",
        "address": "Piazza Trinità dei Monti, 6, 00187 Roma RM, Italia",
        "date": "2023-10-15 16:45",
        "id": "REF-0463",
        "groundedFromAnchor": "Scalinata di Trinità dei Monti",
        "computedScore": 91,
        "h3Index": "891e8050103ffff"
      }
    },
    {
      "type": "Feature",
      "geometry": {
        "type": "Point",
        "coordinates": [
          12.485904322259982,
          41.8827516830448
        ]
      },
      "properties": {
        "name": "Keats-Shelley Memorial House",
        "title": "Casa museo de los poetas románticos",
        "category": "actividad",
        "latitude": 41.8827516830448,
        "longitude": 12.485904322259982,
        "city": "Roma",
        "country": "Italia",
        "address": "Piazza di Spagna, 26, 00187 Roma RM, Italia",
        "date": "2023-10-15 10:00",
        "id": "REF-0464",
        "groundedFromAnchor": "Museo Keats-Shelley",
        "computedScore": 85,
        "h3Index": "891e8050133ffff"
      }
    },
    {
      "type": "Feature",
      "geometry": {
        "type": "Point",
        "coordinates": [
          12.487941285092663,
          41.88030356551098
        ]
      },
      "properties": {
        "name": "Columna de la Inmaculada Concepción",
        "title": "Monumento religioso en Piazza Mignanelli",
        "category": "monumento",
        "latitude": 41.88030356551098,
        "longitude": 12.487941285092663,
        "city": "Roma",
        "country": "Italia",
        "address": "Piazza Mignanelli, 00187 Roma RM, Italia",
        "date": "2023-10-15 14:20",
        "id": "REF-0465",
        "groundedFromAnchor": "Columna de la Inmaculada Concepción",
        "computedScore": 85,
        "h3Index": "891e8050123ffff"
      }
    },
    {
      "type": "Feature",
      "geometry": {
        "type": "Point",
        "coordinates": [
          12.488365072893878,
          41.88577247979154
        ]
      },
      "properties": {
        "name": "Fontana della Barcaccia",
        "title": "Fuente barroca a los pies de la escalinata",
        "category": "monumento",
        "latitude": 41.88577247979154,
        "longitude": 12.488365072893878,
        "city": "Roma",
        "country": "Italia",
        "address": "Piazza di Spagna, 00187 Roma RM, Italia",
        "date": "2023-10-15 11:30",
        "id": "REF-0466",
        "groundedFromAnchor": "Fontana della Barcaccia",
        "computedScore": 82,
        "h3Index": "891e80501afffff"
      }
    },
    {
      "type": "Feature",
      "geometry": {
        "type": "Point",
        "coordinates": [
          12.490736094440928,
          41.883466411229314
        ]
      },
      "properties": {
        "name": "Scalinata di Trinità dei Monti",
        "title": "Escalinata monumental de 135 peldaños",
        "category": "monumento",
        "latitude": 41.883466411229314,
        "longitude": 12.490736094440928,
        "city": "Roma",
        "country": "Italia",
        "address": "Piazza di Spagna, 00187 Roma RM, Italia",
        "date": "2023-10-15 12:15",
        "id": "REF-0467",
        "groundedFromAnchor": "Scalinata di Trinità dei Monti",
        "computedScore": 86,
        "h3Index": "891e8050137ffff"
      }
    },
    {
      "type": "Feature",
      "geometry": {
        "type": "Point",
        "coordinates": [
          12.478886714322678,
          41.8860098233689
        ]
      },
      "properties": {
        "name": "Museo Keats-Shelley",
        "title": "Casa museo dedicada a los poetas románticos",
        "category": "actividad",
        "latitude": 41.8860098233689,
        "longitude": 12.478886714322678,
        "city": "Roma",
        "country": "Italia",
        "address": "Piazza di Spagna 26, 00187 Roma RM, Italia",
        "date": "2023-10-15 14:00",
        "id": "REF-0468",
        "groundedFromAnchor": "Museo Keats-Shelley",
        "computedScore": 83,
        "h3Index": "891e8050117ffff"
      }
    },
    {
      "type": "Feature",
      "geometry": {
        "type": "Point",
        "coordinates": [
          12.479183355877181,
          41.885171870424145
        ]
      },
      "properties": {
        "name": "Iglesia de Trinità dei Monti",
        "title": "Templo católico renacentista que domina la plaza",
        "category": "monumento",
        "latitude": 41.885171870424145,
        "longitude": 12.479183355877181,
        "city": "Roma",
        "country": "Italia",
        "address": "Piazza della Trinità dei Monti 3, 00187 Roma RM, Italia",
        "date": "2023-10-15 15:45",
        "id": "REF-0469",
        "groundedFromAnchor": "Iglesia de Trinità dei Monti",
        "computedScore": 82,
        "h3Index": "891e8050117ffff"
      }
    },
    {
      "type": "Feature",
      "geometry": {
        "type": "Point",
        "coordinates": [
          12.483207935417854,
          41.88605463066287
        ]
      },
      "properties": {
        "name": "Columna de la Inmaculada Concepción",
        "title": "Monumento corintio dedicado a la Virgen María",
        "category": "monumento",
        "latitude": 41.88605463066287,
        "longitude": 12.483207935417854,
        "city": "Roma",
        "country": "Italia",
        "address": "Piazza Mignanelli, 00187 Roma RM, Italia",
        "date": "2023-10-15 17:10",
        "id": "REF-0470",
        "groundedFromAnchor": "Columna de la Inmaculada Concepción",
        "computedScore": 82,
        "h3Index": "891e80501abffff"
      }
    },
    {
      "type": "Feature",
      "geometry": {
        "type": "Point",
        "coordinates": [
          12.481843367004199,
          41.88257057237596
        ]
      },
      "properties": {
        "name": "Foro Romano - Arco de Tito",
        "title": "Arco triunfal antiguo en el Foro Romano",
        "category": "monumento",
        "latitude": 41.88257057237596,
        "longitude": 12.481843367004199,
        "city": "Roma",
        "country": "Italia",
        "address": "Via Sagra, 00186 Roma RM, Italia",
        "date": "2023-10-14 11:30",
        "id": "REF-0471",
        "groundedFromAnchor": "Foro Romano",
        "computedScore": 90,
        "h3Index": "891e8050107ffff"
      }
    },
    {
      "type": "Feature",
      "geometry": {
        "type": "Point",
        "coordinates": [
          12.488248155257512,
          41.880155090794084
        ]
      },
      "properties": {
        "name": "Coliseo Romano",
        "title": "Anfiteatro Flavio exterior sur",
        "category": "monumento",
        "latitude": 41.880155090794084,
        "longitude": 12.488248155257512,
        "city": "Roma",
        "country": "Italia",
        "address": "Piazza del Colosseo, 1, 00184 Roma RM, Italia",
        "date": "2023-10-14 12:15",
        "id": "REF-0472",
        "groundedFromAnchor": "Coliseo Romano",
        "computedScore": 85,
        "h3Index": "891e8050123ffff"
      }
    },
    {
      "type": "Feature",
      "geometry": {
        "type": "Point",
        "coordinates": [
          12.477236793036298,
          41.88274915071735
        ]
      },
      "properties": {
        "name": "Templo de Portuno - Foro Boario",
        "title": "Templo grecorromano junto al Tíber",
        "category": "monumento",
        "latitude": 41.88274915071735,
        "longitude": 12.477236793036298,
        "city": "Roma",
        "country": "Italia",
        "address": "Piazza Bocca della Verità, 00186 Roma RM, Italia",
        "date": "2023-10-14 14:00",
        "id": "REF-0473",
        "groundedFromAnchor": "Foro Romano",
        "computedScore": 89,
        "h3Index": "891e8050103ffff"
      }
    },
    {
      "type": "Feature",
      "geometry": {
        "type": "Point",
        "coordinates": [
          12.485794974831936,
          41.88298038122223
        ]
      },
      "properties": {
        "name": "Arco de Constantino",
        "title": "Arco de triunfo junto al Coliseo",
        "category": "monumento",
        "latitude": 41.88298038122223,
        "longitude": 12.485794974831936,
        "city": "Roma",
        "country": "Italia",
        "address": "Via di San Gregorio, 00184 Roma RM, Italia",
        "date": "2023-10-14 15:20",
        "id": "REF-0474",
        "groundedFromAnchor": "Coliseo Romano",
        "computedScore": 88,
        "h3Index": "891e8050133ffff"
      }
    },
    {
      "type": "Feature",
      "geometry": {
        "type": "Point",
        "coordinates": [
          12.48792655389297,
          41.88043275529396
        ]
      },
      "properties": {
        "name": "Ludus Magnus",
        "title": "Antiguo complejo de entrenamiento de gladiadores",
        "category": "monumento",
        "latitude": 41.88043275529396,
        "longitude": 12.48792655389297,
        "city": "Roma",
        "country": "Italia",
        "address": "Piazza del Colosseo / Via di S. Giovanni in Laterano, 00184 Roma RM, Italia",
        "date": "2023-10-14 16:45",
        "id": "REF-0475",
        "groundedFromAnchor": "Coliseo Romano",
        "computedScore": 87,
        "h3Index": "891e8050123ffff"
      }
    },
    {
      "type": "Feature",
      "geometry": {
        "type": "Point",
        "coordinates": [
          12.485348613603941,
          41.88839244800379
        ]
      },
      "properties": {
        "name": "Arco de Constantino",
        "title": "Monumento triunfal romano adyacente al Coliseo",
        "category": "monumento",
        "latitude": 41.88839244800379,
        "longitude": 12.485348613603941,
        "city": "Roma",
        "country": "Italia",
        "address": "Via di San Gregorio, 00184 Roma RM, Italia",
        "date": "2023-10-14 10:30",
        "id": "REF-0476",
        "groundedFromAnchor": "Coliseo Romano",
        "computedScore": 87,
        "h3Index": "891e80501a3ffff"
      }
    },
    {
      "type": "Feature",
      "geometry": {
        "type": "Point",
        "coordinates": [
          12.486395089363269,
          41.88337588393353
        ]
      },
      "properties": {
        "name": "Circo Máximo",
        "title": "Antiguo estadio de carreras del Imperio Romano",
        "category": "monumento",
        "latitude": 41.88337588393353,
        "longitude": 12.486395089363269,
        "city": "Roma",
        "country": "Italia",
        "address": "Via del Circo Massimo, 00186 Roma RM, Italia",
        "date": "2023-10-14 12:15",
        "id": "REF-0477",
        "groundedFromAnchor": "Foro Romano",
        "computedScore": 93,
        "h3Index": "891e8050133ffff"
      }
    },
    {
      "type": "Feature",
      "geometry": {
        "type": "Point",
        "coordinates": [
          12.49254460429053,
          41.886583856414966
        ]
      },
      "properties": {
        "name": "Ludus Magnus",
        "title": "Ruinas de la principal escuela de gladiadores",
        "category": "monumento",
        "latitude": 41.886583856414966,
        "longitude": 12.49254460429053,
        "city": "Roma",
        "country": "Italia",
        "address": "Piazza del Colosseo, 00184 Roma RM, Italia",
        "date": "2023-10-14 15:45",
        "id": "REF-0478",
        "groundedFromAnchor": "Coliseo Romano",
        "computedScore": 84,
        "h3Index": "891e8050cdbffff"
      }
    },
    {
      "type": "Feature",
      "geometry": {
        "type": "Point",
        "coordinates": [
          12.481975092621386,
          41.88263519056474
        ]
      },
      "properties": {
        "name": "Roseto Comunale di Roma",
        "title": "Rosaleda municipal en la falda del Aventino",
        "category": "naturaleza",
        "latitude": 41.88263519056474,
        "longitude": 12.481975092621386,
        "city": "Roma",
        "country": "Italia",
        "address": "Via di Valle Murcia, 6, 00153 Roma RM, Italia",
        "date": "2023-10-14 17:10",
        "id": "REF-0479",
        "groundedFromAnchor": "Foro Romano",
        "computedScore": 97,
        "h3Index": "891e8050107ffff"
      }
    },
    {
      "type": "Feature",
      "geometry": {
        "type": "Point",
        "coordinates": [
          12.481462148549026,
          41.88292195856508
        ]
      },
      "properties": {
        "name": "Clivo Publicio",
        "title": "Calzada histórica ascendente hacia la colina del Aventino",
        "category": "monumento",
        "latitude": 41.88292195856508,
        "longitude": 12.481462148549026,
        "city": "Roma",
        "country": "Italia",
        "address": "Clivo Publicio, 00153 Roma RM, Italia",
        "date": "2023-10-14 18:00",
        "id": "REF-0480",
        "groundedFromAnchor": "Foro Romano",
        "computedScore": 87,
        "h3Index": "891e8050107ffff"
      }
    },
    {
      "type": "Feature",
      "geometry": {
        "type": "Point",
        "coordinates": [
          12.488684278626245,
          41.88019887505002
        ]
      },
      "properties": {
        "name": "Arco de Constantino - Coliseo Romano",
        "title": "Arco del triunfo frente al Anfiteatro Flavio",
        "category": "monumento",
        "latitude": 41.88019887505002,
        "longitude": 12.488684278626245,
        "city": "Roma",
        "country": "Italia",
        "address": "Via di San Gregorio, 00184 Roma RM, Italia",
        "date": "2023-10-15 14:30",
        "id": "REF-0481",
        "groundedFromAnchor": "Coliseo Romano",
        "computedScore": 89,
        "h3Index": "891e8050123ffff"
      }
    },
    {
      "type": "Feature",
      "geometry": {
        "type": "Point",
        "coordinates": [
          12.485159591029385,
          41.88903961033307
        ]
      },
      "properties": {
        "name": "Foro Romano - Via dei Fori Imperiali",
        "title": "Vista arqueológica del Foro Imperial desde Clivo Argentario",
        "category": "monumento",
        "latitude": 41.88903961033307,
        "longitude": 12.485159591029385,
        "city": "Roma",
        "country": "Italia",
        "address": "Via dei Fori Imperiali, 00186 Roma RM, Italia",
        "date": "2023-10-15 11:15",
        "id": "REF-0482",
        "groundedFromAnchor": "Foro Romano",
        "computedScore": 90,
        "h3Index": "891e80501a3ffff"
      }
    },
    {
      "type": "Feature",
      "geometry": {
        "type": "Point",
        "coordinates": [
          12.488545788757344,
          41.88052952038523
        ]
      },
      "properties": {
        "name": "Hostaria al Colosseo",
        "title": "Restaurante italiano frente al anfiteatro",
        "category": "restaurante",
        "latitude": 41.88052952038523,
        "longitude": 12.488545788757344,
        "city": "Roma",
        "country": "Italia",
        "address": "Via di S. Giovanni in Laterano 28, 00184 Roma RM, Italia",
        "date": "2023-10-15 13:00",
        "id": "REF-0483",
        "groundedFromAnchor": "Coliseo Romano",
        "computedScore": 84,
        "h3Index": "891e8050123ffff"
      }
    },
    {
      "type": "Feature",
      "geometry": {
        "type": "Point",
        "coordinates": [
          12.47954813369874,
          41.885158009825524
        ]
      },
      "properties": {
        "name": "Bocca della Verità - Iglesia de Santa Maria in Cosmedin",
        "title": "Mascara de marmol antigua en el pórtico",
        "category": "monumento",
        "latitude": 41.885158009825524,
        "longitude": 12.47954813369874,
        "city": "Roma",
        "country": "Italia",
        "address": "Piazza della Bocca della Verità 18, 00186 Roma RM, Italia",
        "date": "2023-10-15 16:45",
        "id": "REF-0484",
        "groundedFromAnchor": "Foro Romano",
        "computedScore": 88,
        "h3Index": "891e8050117ffff"
      }
    },
    {
      "type": "Feature",
      "geometry": {
        "type": "Point",
        "coordinates": [
          12.492143159618049,
          41.88659436667086
        ]
      },
      "properties": {
        "name": "Parco del Colle Oppio y Domus Aurea",
        "title": "Jardín público sobre las ruinas del Palacio de Nerón",
        "category": "naturaleza",
        "latitude": 41.88659436667086,
        "longitude": 12.492143159618049,
        "city": "Roma",
        "country": "Italia",
        "address": "Viale Domus Aurea, 00184 Roma RM, Italia",
        "date": "2023-10-15 09:20",
        "id": "REF-0485",
        "groundedFromAnchor": "Coliseo Romano",
        "computedScore": 96,
        "h3Index": "891e8050cdbffff"
      }
    },
    {
      "type": "Feature",
      "geometry": {
        "type": "Point",
        "coordinates": [
          12.477201969572096,
          41.882621930777105
        ]
      },
      "properties": {
        "name": "Trattoria Da Enzo al 29",
        "title": "Auténtica Trattoria Romana en Trastevere",
        "category": "restaurante",
        "latitude": 41.882621930777105,
        "longitude": 12.477201969572096,
        "city": "Roma",
        "country": "Italia",
        "address": "Via dei Vascellari, 29, 00153 Roma RM, Italia",
        "date": "2023-10-14 13:15",
        "id": "REF-0486",
        "groundedFromAnchor": "Piazza Navona",
        "computedScore": 86,
        "h3Index": "891e8050103ffff"
      }
    },
    {
      "type": "Feature",
      "geometry": {
        "type": "Point",
        "coordinates": [
          12.484183371280144,
          41.880490424045405
        ]
      },
      "properties": {
        "name": "Giardino degli Aranci",
        "title": "Mirador del Parque Savello en el Aventino",
        "category": "naturaleza",
        "latitude": 41.880490424045405,
        "longitude": 12.484183371280144,
        "city": "Roma",
        "country": "Italia",
        "address": "Piazza Pietro D'Illiria, 00153 Roma RM, Italia",
        "date": "2023-10-14 16:45",
        "id": "REF-0487",
        "groundedFromAnchor": "Foro Romano",
        "computedScore": 93,
        "h3Index": "891e805013bffff"
      }
    },
    {
      "type": "Feature",
      "geometry": {
        "type": "Point",
        "coordinates": [
          12.492041588081607,
          41.885944760794175
        ]
      },
      "properties": {
        "name": "Anfiteatro Flavio - Coliseo Romano",
        "title": "Vista panorámica exterior del Coliseo",
        "category": "monumento",
        "latitude": 41.885944760794175,
        "longitude": 12.492041588081607,
        "city": "Roma",
        "country": "Italia",
        "address": "Piazza del Colosseo, 1, 00184 Roma RM, Italia",
        "date": "2023-10-15 10:30",
        "id": "REF-0488",
        "groundedFromAnchor": "Coliseo Romano",
        "computedScore": 88,
        "h3Index": "891e8050cdbffff"
      }
    },
    {
      "type": "Feature",
      "geometry": {
        "type": "Point",
        "coordinates": [
          12.483187307128182,
          41.88625935686579
        ]
      },
      "properties": {
        "name": "Foro Romano - Arco de Tito",
        "title": "Arco del triunfo romano en la Via Sacra",
        "category": "monumento",
        "latitude": 41.88625935686579,
        "longitude": 12.483187307128182,
        "city": "Roma",
        "country": "Italia",
        "address": "Via Sacra, 00186 Roma RM, Italia",
        "date": "2023-10-15 11:50",
        "id": "REF-0489",
        "groundedFromAnchor": "Foro Romano",
        "computedScore": 91,
        "h3Index": "891e80501abffff"
      }
    },
    {
      "type": "Feature",
      "geometry": {
        "type": "Point",
        "coordinates": [
          12.490834920021832,
          41.88357039512561
        ]
      },
      "properties": {
        "name": "Circo Máximo",
        "title": "Valle Arqueológico del Circo Máximo",
        "category": "actividad",
        "latitude": 41.88357039512561,
        "longitude": 12.490834920021832,
        "city": "Roma",
        "country": "Italia",
        "address": "Via del Circo Massimo, 00186 Roma RM, Italia",
        "date": "2023-10-15 14:10",
        "id": "REF-0490",
        "groundedFromAnchor": "Foro Romano",
        "computedScore": 92,
        "h3Index": "891e8050137ffff"
      }
    },
    {
      "type": "Feature",
      "geometry": {
        "type": "Point",
        "coordinates": [
          12.48846159665202,
          41.8860857836309
        ]
      },
      "properties": {
        "name": "Foro Romano - Via Sacra",
        "title": "Entrada Arqueológica del Foro Romano",
        "category": "monumento",
        "latitude": 41.8860857836309,
        "longitude": 12.48846159665202,
        "city": "Roma",
        "country": "Italia",
        "address": "Via della Salara Vecchia, 5/6, 00186 Roma RM, Italia",
        "date": "2023-10-14 10:30",
        "id": "REF-0491",
        "groundedFromAnchor": "Foro Romano",
        "computedScore": 87,
        "h3Index": "891e80501afffff"
      }
    },
    {
      "type": "Feature",
      "geometry": {
        "type": "Point",
        "coordinates": [
          12.479497501422557,
          41.885816732416295
        ]
      },
      "properties": {
        "name": "Giardino degli Aranci - Clivo dei Publicii",
        "title": "Mirador del Jardín de los Naranjos",
        "category": "naturaleza",
        "latitude": 41.885816732416295,
        "longitude": 12.479497501422557,
        "city": "Roma",
        "country": "Italia",
        "address": "Piazza Pietro D'Illiria, 00153 Roma RM, Italia",
        "date": "2023-10-14 12:15",
        "id": "REF-0492",
        "groundedFromAnchor": "Foro Romano",
        "computedScore": 93,
        "h3Index": "891e8050117ffff"
      }
    },
    {
      "type": "Feature",
      "geometry": {
        "type": "Point",
        "coordinates": [
          12.49261658911439,
          41.88089380627208
        ]
      },
      "properties": {
        "name": "Termas de Caracalla - Acceso Principal",
        "title": "Acceso Sur a las Termas de Caracalla",
        "category": "monumento",
        "latitude": 41.88089380627208,
        "longitude": 12.49261658911439,
        "city": "Roma",
        "country": "Italia",
        "address": "Viale delle Terme di Caracalla, 52, 00153 Roma RM, Italia",
        "date": "2023-10-14 15:45",
        "id": "REF-0493",
        "groundedFromAnchor": "Coliseo Romano",
        "computedScore": 92,
        "h3Index": "891e8050127ffff"
      }
    },
    {
      "type": "Feature",
      "geometry": {
        "type": "Point",
        "coordinates": [
          12.488567033495814,
          41.881012938110594
        ]
      },
      "properties": {
        "name": "Circo Máximo - Vía dei Cerchi",
        "title": "Extremo del Circo Máximo frente al Palatino",
        "category": "monumento",
        "latitude": 41.881012938110594,
        "longitude": 12.488567033495814,
        "city": "Roma",
        "country": "Italia",
        "address": "Via dei Cerchi, 00186 Roma RM, Italia",
        "date": "2023-10-14 16:30",
        "id": "REF-0494",
        "groundedFromAnchor": "Foro Romano",
        "computedScore": 91,
        "h3Index": "891e8050123ffff"
      }
    },
    {
      "type": "Feature",
      "geometry": {
        "type": "Point",
        "coordinates": [
          12.49247160431515,
          41.88132341790516
        ]
      },
      "properties": {
        "name": "Ristorante Oasi delle Terme",
        "title": "Restaurante de cocina romana cerca del Circo Máximo",
        "category": "restaurante",
        "latitude": 41.88132341790516,
        "longitude": 12.49247160431515,
        "city": "Roma",
        "country": "Italia",
        "address": "Viale delle Terme di Caracalla 2, 00153 Roma RM, Italia",
        "date": "2023-10-14 20:15",
        "id": "REF-0495",
        "groundedFromAnchor": "Coliseo Romano",
        "computedScore": 84,
        "h3Index": "891e8050127ffff"
      }
    },
    {
      "type": "Feature",
      "geometry": {
        "type": "Point",
        "coordinates": [
          12.48616901924806,
          41.88277262536415
        ]
      },
      "properties": {
        "name": "Circo Massimo",
        "title": "Antiguo estadio romano para carreras de cuadrigas",
        "category": "monumento",
        "latitude": 41.88277262536415,
        "longitude": 12.48616901924806,
        "city": "Roma",
        "country": "Italia",
        "address": "Via del Circo Massimo, 00186 Roma RM, Italia",
        "date": "2023-10-15 10:30",
        "id": "REF-0496",
        "groundedFromAnchor": "Foro Romano",
        "computedScore": 93,
        "h3Index": "891e8050133ffff"
      }
    },
    {
      "type": "Feature",
      "geometry": {
        "type": "Point",
        "coordinates": [
          12.4902195021562,
          41.8834189743573
        ]
      },
      "properties": {
        "name": "Coliseo Romano",
        "title": "Anfiteatro Flavio e hito arquitectónico",
        "category": "monumento",
        "latitude": 41.8834189743573,
        "longitude": 12.4902195021562,
        "city": "Roma",
        "country": "Italia",
        "address": "Piazza del Colosseo, 1, 00184 Roma RM, Italia",
        "date": "2023-10-15 12:15",
        "id": "REF-0497",
        "groundedFromAnchor": "Coliseo Romano",
        "computedScore": 86,
        "h3Index": "891e8050137ffff"
      }
    },
    {
      "type": "Feature",
      "geometry": {
        "type": "Point",
        "coordinates": [
          12.487913741815886,
          41.886062547793045
        ]
      },
      "properties": {
        "name": "Foro Romano",
        "title": "Centro monumental de la antigua Roma",
        "category": "monumento",
        "latitude": 41.886062547793045,
        "longitude": 12.487913741815886,
        "city": "Roma",
        "country": "Italia",
        "address": "Via della Salara Vecchia, 5/6, 00186 Roma RM, Italia",
        "date": "2023-10-15 14:20",
        "id": "REF-0498",
        "groundedFromAnchor": "Foro Romano",
        "computedScore": 87,
        "h3Index": "891e80501afffff"
      }
    },
    {
      "type": "Feature",
      "geometry": {
        "type": "Point",
        "coordinates": [
          12.489965790837323,
          41.88393041224255
        ]
      },
      "properties": {
        "name": "Arco de Constantino",
        "title": "Arco del triunfo monumental de tres ojos",
        "category": "monumento",
        "latitude": 41.88393041224255,
        "longitude": 12.489965790837323,
        "city": "Roma",
        "country": "Italia",
        "address": "Via di San Gregorio, 00184 Roma RM, Italia",
        "date": "2023-10-15 16:05",
        "id": "REF-0499",
        "groundedFromAnchor": "Coliseo Romano",
        "computedScore": 88,
        "h3Index": "891e8050137ffff"
      }
    },
    {
      "type": "Feature",
      "geometry": {
        "type": "Point",
        "coordinates": [
          12.481031503551836,
          41.88804444251205
        ]
      },
      "properties": {
        "name": "Boca de la Verdad",
        "title": "Máscara antigua de mármol en Santa Maria in Cosmedin",
        "category": "monumento",
        "latitude": 41.88804444251205,
        "longitude": 12.481031503551836,
        "city": "Roma",
        "country": "Italia",
        "address": "Piazza della Bocca della Verità, 18, 00186 Roma RM, Italia",
        "date": "2023-10-15 17:10",
        "id": "REF-0500",
        "groundedFromAnchor": "Piazza Navona",
        "computedScore": 85,
        "h3Index": "891e80501bbffff"
      }
    },
    {
      "type": "Feature",
      "geometry": {
        "type": "Point",
        "coordinates": [
          12.488766273052352,
          41.88079664278114
        ]
      },
      "properties": {
        "name": "Coliseo Romano",
        "title": "Anfiteatro Flavio",
        "category": "monumento",
        "latitude": 41.88079664278114,
        "longitude": 12.488766273052352,
        "city": "Roma",
        "country": "Italia",
        "address": "Piazza del Colosseo, 1, 00184 Roma RM",
        "date": "2023-10-15 11:30",
        "id": "REF-0501",
        "groundedFromAnchor": "Coliseo Romano",
        "computedScore": 128,
        "h3Index": "891e8050123ffff"
      }
    },
    {
      "type": "Feature",
      "geometry": {
        "type": "Point",
        "coordinates": [
          12.485294009159599,
          41.88865698187398
        ]
      },
      "properties": {
        "name": "Foro Romano",
        "title": "Ruinas del Foro Romano",
        "category": "monumento",
        "latitude": 41.88865698187398,
        "longitude": 12.485294009159599,
        "city": "Roma",
        "country": "Italia",
        "address": "Via dei Fori Imperiali, 00186 Roma RM",
        "date": "2023-10-15 12:15",
        "id": "REF-0502",
        "groundedFromAnchor": "Foro Romano",
        "computedScore": 142,
        "h3Index": "891e80501a3ffff"
      }
    },
    {
      "type": "Feature",
      "geometry": {
        "type": "Point",
        "coordinates": [
          12.485520570763772,
          41.88864007776245
        ]
      },
      "properties": {
        "name": "Museos Capitolinos",
        "title": "Museos Capitolinos y Plaza del Campidoglio",
        "category": "monumento",
        "latitude": 41.88864007776245,
        "longitude": 12.485520570763772,
        "city": "Roma",
        "country": "Italia",
        "address": "Piazza del Campidoglio, 1, 00186 Roma RM",
        "date": "2023-10-15 14:00",
        "id": "REF-0503",
        "groundedFromAnchor": "Foro Romano",
        "computedScore": 99,
        "h3Index": "891e80501a3ffff"
      }
    },
    {
      "type": "Feature",
      "geometry": {
        "type": "Point",
        "coordinates": [
          12.490135822911773,
          41.883927595818164
        ]
      },
      "properties": {
        "name": "Arco de Tito",
        "title": "Arco Triunfal en la Via Sacra",
        "category": "monumento",
        "latitude": 41.883927595818164,
        "longitude": 12.490135822911773,
        "city": "Roma",
        "country": "Italia",
        "address": "Via Sacra, 00186 Roma RM",
        "date": "2023-10-15 15:30",
        "id": "REF-0504",
        "groundedFromAnchor": "Coliseo Romano",
        "computedScore": 113,
        "h3Index": "891e8050137ffff"
      }
    },
    {
      "type": "Feature",
      "geometry": {
        "type": "Point",
        "coordinates": [
          12.483912961622726,
          41.88584571853371
        ]
      },
      "properties": {
        "name": "Iglesia de Santa Maria in Cosmedin",
        "title": "Basílica y Boca de la Verdad",
        "category": "monumento",
        "latitude": 41.88584571853371,
        "longitude": 12.483912961622726,
        "city": "Roma",
        "country": "Italia",
        "address": "Piazza della Bocca della Verità, 18, 00186 Roma RM",
        "date": "2023-10-15 16:45",
        "id": "REF-0505",
        "groundedFromAnchor": "Foro Romano",
        "computedScore": 114,
        "h3Index": "891e80501abffff"
      }
    },
    {
      "type": "Feature",
      "geometry": {
        "type": "Point",
        "coordinates": [
          12.483885395817437,
          41.88010169206323
        ]
      },
      "properties": {
        "name": "Circo Máximo",
        "title": "Antiguo estadio de carreras de cuadrigas de la Antigua Roma",
        "category": "monumento",
        "latitude": 41.88010169206323,
        "longitude": 12.483885395817437,
        "city": "Roma",
        "country": "Italia",
        "address": "Via del Circo Massimo, 00186 Roma RM",
        "date": "2023-10-14 10:30",
        "id": "REF-0506",
        "groundedFromAnchor": "Foro Romano",
        "computedScore": 94,
        "h3Index": "891e805013bffff"
      }
    },
    {
      "type": "Feature",
      "geometry": {
        "type": "Point",
        "coordinates": [
          12.483889873353348,
          41.88614804018732
        ]
      },
      "properties": {
        "name": "Foro Romano - Arco de Tito",
        "title": "Arco de triunfo románico en la Via Sacra",
        "category": "monumento",
        "latitude": 41.88614804018732,
        "longitude": 12.483889873353348,
        "city": "Roma",
        "country": "Italia",
        "address": "Via Sacra, 00186 Roma RM",
        "date": "2023-10-14 12:15",
        "id": "REF-0507",
        "groundedFromAnchor": "Foro Romano",
        "computedScore": 89,
        "h3Index": "891e80501abffff"
      }
    },
    {
      "type": "Feature",
      "geometry": {
        "type": "Point",
        "coordinates": [
          12.49003261471452,
          41.883533477129845
        ]
      },
      "properties": {
        "name": "Coliseo Romano",
        "title": "Anfiteatro Flavio en Piazza del Colosseo",
        "category": "monumento",
        "latitude": 41.883533477129845,
        "longitude": 12.49003261471452,
        "city": "Roma",
        "country": "Italia",
        "address": "Piazza del Colosseo, 1, 00184 Roma RM",
        "date": "2023-10-14 14:45",
        "id": "REF-0508",
        "groundedFromAnchor": "Coliseo Romano",
        "computedScore": 87,
        "h3Index": "891e8050137ffff"
      }
    },
    {
      "type": "Feature",
      "geometry": {
        "type": "Point",
        "coordinates": [
          12.481491550639808,
          41.88273502374559
        ]
      },
      "properties": {
        "name": "Iglesia de Santa Maria in Cosmedin - Bocca della Verità",
        "title": "Pórtico histórico de la Bocca della Verità",
        "category": "monumento",
        "latitude": 41.88273502374559,
        "longitude": 12.481491550639808,
        "city": "Roma",
        "country": "Italia",
        "address": "Piazza della Bocca della Verità, 18, 00186 Roma RM",
        "date": "2023-10-14 16:20",
        "id": "REF-0509",
        "groundedFromAnchor": "Panteón de Agripa",
        "computedScore": 84,
        "h3Index": "891e8050107ffff"
      }
    },
    {
      "type": "Feature",
      "geometry": {
        "type": "Point",
        "coordinates": [
          12.488207803222547,
          41.880310266143404
        ]
      },
      "properties": {
        "name": "Trattoria Luzzi",
        "title": "Restaurante de cocina romana tradicional cerca del Celio",
        "category": "restaurante",
        "latitude": 41.880310266143404,
        "longitude": 12.488207803222547,
        "city": "Roma",
        "country": "Italia",
        "address": "Via di San Giovanni in Laterano, 88, 00184 Roma RM",
        "date": "2023-10-14 20:00",
        "id": "REF-0510",
        "groundedFromAnchor": "Coliseo Romano",
        "computedScore": 82,
        "h3Index": "891e8050123ffff"
      }
    },
    {
      "type": "Feature",
      "geometry": {
        "type": "Point",
        "coordinates": [
          12.48146960568629,
          41.88249770410439
        ]
      },
      "properties": {
        "name": "Fontana di Trevi - Flank Sudoeste",
        "title": "Vista Monumental desde Plaza Trevi",
        "category": "monumento",
        "latitude": 41.88249770410439,
        "longitude": 12.48146960568629,
        "city": "Roma",
        "country": "Italia",
        "address": "Piazza di Trevi, 00187 Roma RM, Italia",
        "date": "2023-10-14 11:30",
        "id": "REF-0511",
        "groundedFromAnchor": "Fontana di Trevi",
        "computedScore": 82,
        "h3Index": "891e8050107ffff"
      }
    },
    {
      "type": "Feature",
      "geometry": {
        "type": "Point",
        "coordinates": [
          12.488116260125585,
          41.88596208432515
        ]
      },
      "properties": {
        "name": "Hotel Relais Trevi Boutique",
        "title": "Alojamiento Histórico Vicolo del Gallinaccio",
        "category": "hotel",
        "latitude": 41.88596208432515,
        "longitude": 12.488116260125585,
        "city": "Roma",
        "country": "Italia",
        "address": "Vicolo del Gallinaccio 8, 00187 Roma RM, Italia",
        "date": "2023-10-14 14:15",
        "id": "REF-0512",
        "groundedFromAnchor": "Fontana di Trevi",
        "computedScore": 85,
        "h3Index": "891e80501afffff"
      }
    },
    {
      "type": "Feature",
      "geometry": {
        "type": "Point",
        "coordinates": [
          12.479425398578758,
          41.885891138915106
        ]
      },
      "properties": {
        "name": "Trattoria Piccolo Arancio",
        "title": "Restaurante de Cocina Romana Tradicional",
        "category": "restaurante",
        "latitude": 41.885891138915106,
        "longitude": 12.479425398578758,
        "city": "Roma",
        "country": "Italia",
        "address": "Vicolo Scanderbeg 112, 00187 Roma RM, Italia",
        "date": "2023-10-14 20:00",
        "id": "REF-0513",
        "groundedFromAnchor": "Fontana di Trevi",
        "computedScore": 84,
        "h3Index": "891e8050117ffff"
      }
    },
    {
      "type": "Feature",
      "geometry": {
        "type": "Point",
        "coordinates": [
          12.490200718794343,
          41.88308177283986
        ]
      },
      "properties": {
        "name": "Parada de Autobús Tritone / Fontana di Trevi",
        "title": "Punto de Conexión de Transporte Urbano",
        "category": "transporte",
        "latitude": 41.88308177283986,
        "longitude": 12.490200718794343,
        "city": "Roma",
        "country": "Italia",
        "address": "Via del Tritone 152, 00187 Roma RM, Italia",
        "date": "2023-10-15 08:45",
        "id": "REF-0514",
        "groundedFromAnchor": "Fontana di Trevi",
        "computedScore": 88,
        "h3Index": "891e8050137ffff"
      }
    },
    {
      "type": "Feature",
      "geometry": {
        "type": "Point",
        "coordinates": [
          12.483537608617214,
          41.88607361724354
        ]
      },
      "properties": {
        "name": "Giardino Quirinale - Mirador Oeste",
        "title": "Zona Verde de Observación Urbano-Histórica",
        "category": "naturaleza",
        "latitude": 41.88607361724354,
        "longitude": 12.483537608617214,
        "city": "Roma",
        "country": "Italia",
        "address": "Via XXIV Maggio, 00187 Roma RM, Italia",
        "date": "2023-10-15 16:20",
        "id": "REF-0515",
        "groundedFromAnchor": "Fontana di Trevi",
        "computedScore": 93,
        "h3Index": "891e80501abffff"
      }
    },
    {
      "type": "Feature",
      "geometry": {
        "type": "Point",
        "coordinates": [
          12.4814973701219,
          41.88256954228421
        ]
      },
      "properties": {
        "name": "Roseto Comunale di Roma",
        "title": "Jardín Histórico de Rosas de Roma",
        "category": "naturaleza",
        "latitude": 41.88256954228421,
        "longitude": 12.4814973701219,
        "city": "Roma",
        "country": "Italia",
        "address": "Via di Valle Murcia, 6, 00153 Roma RM, Italia",
        "date": "2023-10-14 11:30",
        "id": "REF-0516",
        "groundedFromAnchor": "Fontana di Trevi",
        "computedScore": 97,
        "h3Index": "891e8050107ffff"
      }
    },
    {
      "type": "Feature",
      "geometry": {
        "type": "Point",
        "coordinates": [
          12.478844396438369,
          41.885540399164135
        ]
      },
      "properties": {
        "name": "Basilica di Santa Maria in Cosmedin",
        "title": "Templo Romano y Bocca della Verità",
        "category": "monumento",
        "latitude": 41.885540399164135,
        "longitude": 12.478844396438369,
        "city": "Roma",
        "country": "Italia",
        "address": "Piazza della Bocca della Verità, 18, 00186 Roma RM, Italia",
        "date": "2023-10-14 12:15",
        "id": "REF-0517",
        "groundedFromAnchor": "Fontana di Trevi",
        "computedScore": 90,
        "h3Index": "891e8050117ffff"
      }
    },
    {
      "type": "Feature",
      "geometry": {
        "type": "Point",
        "coordinates": [
          12.48375081137283,
          41.87983524754178
        ]
      },
      "properties": {
        "name": "Circo Massimo - Area Archeologica",
        "title": "Antiguo Estadio Romano de Carreras de Cuadrigas",
        "category": "monumento",
        "latitude": 41.87983524754178,
        "longitude": 12.48375081137283,
        "city": "Roma",
        "country": "Italia",
        "address": "Via del Circo Massimo, 00186 Roma RM, Italia",
        "date": "2023-10-14 14:00",
        "id": "REF-0518",
        "groundedFromAnchor": "Fontana di Trevi",
        "computedScore": 93,
        "h3Index": "891e805013bffff"
      }
    },
    {
      "type": "Feature",
      "geometry": {
        "type": "Point",
        "coordinates": [
          12.481770942080708,
          41.88272796827432
        ]
      },
      "properties": {
        "name": "Giardino degli Aranci (Parco Savello)",
        "title": "Mirador Panorámico del Aventino",
        "category": "actividad",
        "latitude": 41.88272796827432,
        "longitude": 12.481770942080708,
        "city": "Roma",
        "country": "Italia",
        "address": "Piazza Pietro D'Illiria, 00153 Roma RM, Italia",
        "date": "2023-10-14 15:45",
        "id": "REF-0519",
        "groundedFromAnchor": "Fontana di Trevi",
        "computedScore": 97,
        "h3Index": "891e8050107ffff"
      }
    },
    {
      "type": "Feature",
      "geometry": {
        "type": "Point",
        "coordinates": [
          12.47688871373489,
          41.88249890001845
        ]
      },
      "properties": {
        "name": "Basilica di Santa Sabina all'Aventino",
        "title": "Basílica Paleocristiana Histórica",
        "category": "monumento",
        "latitude": 41.88249890001845,
        "longitude": 12.47688871373489,
        "city": "Roma",
        "country": "Italia",
        "address": "Piazza Pietro D'Illiria, 1, 00153 Roma RM, Italia",
        "date": "2023-10-14 16:30",
        "id": "REF-0520",
        "groundedFromAnchor": "Fontana di Trevi",
        "computedScore": 92,
        "h3Index": "891e8050103ffff"
      }
    },
    {
      "type": "Feature",
      "geometry": {
        "type": "Point",
        "coordinates": [
          12.48577248536527,
          41.88854124112376
        ]
      },
      "properties": {
        "name": "Circo Massimo - Sector Norte",
        "title": "Vista panorámica del Circo Máximo",
        "category": "monumento",
        "latitude": 41.88854124112376,
        "longitude": 12.48577248536527,
        "city": "Roma",
        "country": "Italia",
        "address": "Via del Circo Massimo, 00186 Roma RM",
        "date": "2023-10-14 11:30",
        "id": "REF-0521",
        "groundedFromAnchor": "1.37 km al sur-suroeste de la Fontana di Trevi",
        "computedScore": 93,
        "h3Index": "891e80501a3ffff"
      }
    },
    {
      "type": "Feature",
      "geometry": {
        "type": "Point",
        "coordinates": [
          12.485555962248375,
          41.88884700182812
        ]
      },
      "properties": {
        "name": "Belvedere del Palatino",
        "title": "Mirador Histórico del Monte Palatino",
        "category": "monumento",
        "latitude": 41.88884700182812,
        "longitude": 12.485555962248375,
        "city": "Roma",
        "country": "Italia",
        "address": "Via di San Teodoro, 00186 Roma RM",
        "date": "2023-10-14 11:45",
        "id": "REF-0522",
        "groundedFromAnchor": "1.34 km al sur-suroeste de la Fontana di Trevi",
        "computedScore": 95,
        "h3Index": "891e80501a3ffff"
      }
    },
    {
      "type": "Feature",
      "geometry": {
        "type": "Point",
        "coordinates": [
          12.482031423992055,
          41.88319029582759
        ]
      },
      "properties": {
        "name": "Terme di Caracalla - Acceso Norte",
        "title": "Entrada Histórica a las Termas de Caracalla",
        "category": "monumento",
        "latitude": 41.88319029582759,
        "longitude": 12.482031423992055,
        "city": "Roma",
        "country": "Italia",
        "address": "Viale delle Terme di Caracalla 52, 00153 Roma RM",
        "date": "2023-10-14 14:15",
        "id": "REF-0523",
        "groundedFromAnchor": "1.97 km al sur de la Fontana di Trevi",
        "computedScore": 91,
        "h3Index": "891e8050107ffff"
      }
    },
    {
      "type": "Feature",
      "geometry": {
        "type": "Point",
        "coordinates": [
          12.493115747710949,
          41.88133371850905
        ]
      },
      "properties": {
        "name": "Trattoria da Enzo al Celio",
        "title": "Restaurante de cocina tradicional romana",
        "category": "restaurante",
        "latitude": 41.88133371850905,
        "longitude": 12.493115747710949,
        "city": "Roma",
        "country": "Italia",
        "address": "Via Claudia 12, 00184 Roma RM",
        "date": "2023-10-14 13:00",
        "id": "REF-0524",
        "groundedFromAnchor": "2.32 km al sur-sureste de la Fontana di Trevi",
        "computedScore": 85,
        "h3Index": "891e8050127ffff"
      }
    },
    {
      "type": "Feature",
      "geometry": {
        "type": "Point",
        "coordinates": [
          12.490332252839362,
          41.883966164608715
        ]
      },
      "properties": {
        "name": "Parco del Celio - Villa Celimontana",
        "title": "Jardines Históricos y Parque Celio",
        "category": "naturaleza",
        "latitude": 41.883966164608715,
        "longitude": 12.490332252839362,
        "city": "Roma",
        "country": "Italia",
        "address": "Piazza di Porta Capena, 00184 Roma RM",
        "date": "2023-10-14 15:30",
        "id": "REF-0525",
        "groundedFromAnchor": "1.98 km al sur-sureste de la Fontana di Trevi",
        "computedScore": 95,
        "h3Index": "891e8050137ffff"
      }
    },
    {
      "type": "Feature",
      "geometry": {
        "type": "Point",
        "coordinates": [
          12.492530789049146,
          41.88638145398185
        ]
      },
      "properties": {
        "name": "Anfiteatro Flavio - Coliseo",
        "title": "Vista exterior del Coliseo de Roma",
        "category": "monumento",
        "latitude": 41.88638145398185,
        "longitude": 12.492530789049146,
        "city": "Roma",
        "country": "Italia",
        "address": "Piazza del Colosseo, 1, 00184 Roma RM, Italia",
        "date": "2023-10-14 11:30",
        "id": "REF-0526",
        "groundedFromAnchor": "Fontana di Trevi",
        "computedScore": 86,
        "h3Index": "891e8050cdbffff"
      }
    },
    {
      "type": "Feature",
      "geometry": {
        "type": "Point",
        "coordinates": [
          12.49297002880161,
          41.88061227842437
        ]
      },
      "properties": {
        "name": "Termas de Caracalla",
        "title": "Ruinas imperiales de las Termas de Caracalla",
        "category": "monumento",
        "latitude": 41.88061227842437,
        "longitude": 12.49297002880161,
        "city": "Roma",
        "country": "Italia",
        "address": "Viale delle Terme di Caracalla, 52, 00153 Roma RM, Italia",
        "date": "2023-10-14 12:15",
        "id": "REF-0527",
        "groundedFromAnchor": "Fontana di Trevi",
        "computedScore": 90,
        "h3Index": "891e8050127ffff"
      }
    },
    {
      "type": "Feature",
      "geometry": {
        "type": "Point",
        "coordinates": [
          12.490237703701792,
          41.88349678606713
        ]
      },
      "properties": {
        "name": "Monte Palatino - Yacimiento Arqueológico",
        "title": "Cresta del Monte Palatino",
        "category": "monumento",
        "latitude": 41.88349678606713,
        "longitude": 12.490237703701792,
        "city": "Roma",
        "country": "Italia",
        "address": "Via dei Fori Imperiali, 00186 Roma RM, Italia",
        "date": "2023-10-14 14:00",
        "id": "REF-0528",
        "groundedFromAnchor": "Fontana di Trevi",
        "computedScore": 91,
        "h3Index": "891e8050137ffff"
      }
    },
    {
      "type": "Feature",
      "geometry": {
        "type": "Point",
        "coordinates": [
          12.492199580350084,
          41.88685100868897
        ]
      },
      "properties": {
        "name": "Arco de Constantino",
        "title": "Arco del triunfo de Constantino",
        "category": "monumento",
        "latitude": 41.88685100868897,
        "longitude": 12.492199580350084,
        "city": "Roma",
        "country": "Italia",
        "address": "Via di San Gregorio, 00184 Roma RM, Italia",
        "date": "2023-10-14 15:30",
        "id": "REF-0529",
        "groundedFromAnchor": "Fontana di Trevi",
        "computedScore": 86,
        "h3Index": "891e8050cdbffff"
      }
    },
    {
      "type": "Feature",
      "geometry": {
        "type": "Point",
        "coordinates": [
          12.487860900700568,
          41.885665817428766
        ]
      },
      "properties": {
        "name": "Arco de Tito en el Foro Romano",
        "title": "Monumento conmemorativo Arco de Tito",
        "category": "monumento",
        "latitude": 41.885665817428766,
        "longitude": 12.487860900700568,
        "city": "Roma",
        "country": "Italia",
        "address": "Via Sacra, 00186 Roma RM, Italia",
        "date": "2023-10-14 16:45",
        "id": "REF-0530",
        "groundedFromAnchor": "Fontana di Trevi",
        "computedScore": 90,
        "h3Index": "891e80501afffff"
      }
    },
    {
      "type": "Feature",
      "geometry": {
        "type": "Point",
        "coordinates": [
          12.481115339005353,
          41.88265338086208
        ]
      },
      "properties": {
        "name": "Roseto Comunale di Roma",
        "title": "Jardín de rosas en la colina del Aventino",
        "category": "naturaleza",
        "latitude": 41.88265338086208,
        "longitude": 12.481115339005353,
        "city": "Roma",
        "country": "Italia",
        "address": "Via di Valle Murcia, 6, 00153 Roma RM",
        "date": "2023-10-14 11:30",
        "id": "REF-0531",
        "groundedFromAnchor": "Fontana di Trevi (2.1 km North)",
        "computedScore": 95,
        "h3Index": "891e8050107ffff"
      }
    },
    {
      "type": "Feature",
      "geometry": {
        "type": "Point",
        "coordinates": [
          12.48644469165737,
          41.88306914970185
        ]
      },
      "properties": {
        "name": "Terme di Caracalla",
        "title": "Antiguas termas imperiales romanas",
        "category": "monumento",
        "latitude": 41.88306914970185,
        "longitude": 12.48644469165737,
        "city": "Roma",
        "country": "Italia",
        "address": "Viale delle Terme di Caracalla, 52, 00153 Roma RM",
        "date": "2023-10-14 12:15",
        "id": "REF-0532",
        "groundedFromAnchor": "Fontana di Trevi (2.0 km North)",
        "computedScore": 92,
        "h3Index": "891e8050133ffff"
      }
    },
    {
      "type": "Feature",
      "geometry": {
        "type": "Point",
        "coordinates": [
          12.493020911689412,
          41.88078868663975
        ]
      },
      "properties": {
        "name": "Trattoria La Salvia al Celio",
        "title": "Restaurante tradicional cerca de la Villa Celimontana",
        "category": "restaurante",
        "latitude": 41.88078868663975,
        "longitude": 12.493020911689412,
        "city": "Roma",
        "country": "Italia",
        "address": "Via Claudia, 24, 00184 Roma RM",
        "date": "2023-10-14 13:45",
        "id": "REF-0533",
        "groundedFromAnchor": "Fontana di Trevi (2.3 km North-West)",
        "computedScore": 85,
        "h3Index": "891e8050127ffff"
      }
    },
    {
      "type": "Feature",
      "geometry": {
        "type": "Point",
        "coordinates": [
          12.487482399305959,
          41.886425730096576
        ]
      },
      "properties": {
        "name": "Arco di Costantino",
        "title": "Arco triunfal romano monumental",
        "category": "monumento",
        "latitude": 41.886425730096576,
        "longitude": 12.487482399305959,
        "city": "Roma",
        "country": "Italia",
        "address": "Via di San Gregorio, 00184 Roma RM",
        "date": "2023-10-14 15:10",
        "id": "REF-0534",
        "groundedFromAnchor": "Fontana di Trevi (1.6 km North)",
        "computedScore": 88,
        "h3Index": "891e80501afffff"
      }
    },
    {
      "type": "Feature",
      "geometry": {
        "type": "Point",
        "coordinates": [
          12.479318845707791,
          41.88562773501162
        ]
      },
      "properties": {
        "name": "Bocca della Verità",
        "title": "Escultura de mármol en el pórtico de Santa Maria in Cosmedin",
        "category": "monumento",
        "latitude": 41.88562773501162,
        "longitude": 12.479318845707791,
        "city": "Roma",
        "country": "Italia",
        "address": "Piazza della Bocca della Verità, 18, 00186 Roma RM",
        "date": "2023-10-14 16:30",
        "id": "REF-0535",
        "groundedFromAnchor": "Fontana di Trevi (1.7 km North-East)",
        "computedScore": 84,
        "h3Index": "891e8050117ffff"
      }
    },
    {
      "type": "Feature",
      "geometry": {
        "type": "Point",
        "coordinates": [
          12.48349995554949,
          41.88580728773986
        ]
      },
      "properties": {
        "name": "Circo Massimo Nord-Est",
        "title": "Mirador Norte del Circo Máximo",
        "category": "monumento",
        "latitude": 41.88580728773986,
        "longitude": 12.48349995554949,
        "city": "Roma",
        "country": "Italia",
        "address": "Via del Circo Massimo, 00186 Roma RM, Italia",
        "date": "2023-10-15 11:30",
        "id": "REF-0536",
        "groundedFromAnchor": "Fontana di Trevi (41.900932, 12.483313)",
        "computedScore": 89,
        "h3Index": "891e80501abffff"
      }
    },
    {
      "type": "Feature",
      "geometry": {
        "type": "Point",
        "coordinates": [
          12.478766522069337,
          41.88513470180746
        ]
      },
      "properties": {
        "name": "Foro Boario - Tempio di Portuno",
        "title": "Entorno Monumental del Foro Boario",
        "category": "monumento",
        "latitude": 41.88513470180746,
        "longitude": 12.478766522069337,
        "city": "Roma",
        "country": "Italia",
        "address": "Piazza Bocca della Verità, 00186 Roma RM, Italia",
        "date": "2023-10-15 12:15",
        "id": "REF-0537",
        "groundedFromAnchor": "Fontana di Trevi (41.900932, 12.483313)",
        "computedScore": 88,
        "h3Index": "891e8050117ffff"
      }
    },
    {
      "type": "Feature",
      "geometry": {
        "type": "Point",
        "coordinates": [
          12.485725155357583,
          41.88310824879296
        ]
      },
      "properties": {
        "name": "Ristorante Valle de Caracalla",
        "title": "Restaurante Tradicional Cerca de las Termas",
        "category": "restaurante",
        "latitude": 41.88310824879296,
        "longitude": 12.485725155357583,
        "city": "Roma",
        "country": "Italia",
        "address": "Viale delle Terme di Caracalla 12, 00153 Roma RM, Italia",
        "date": "2023-10-15 13:45",
        "id": "REF-0538",
        "groundedFromAnchor": "Fontana di Trevi (41.900932, 12.483313)",
        "computedScore": 90,
        "h3Index": "891e8050133ffff"
      }
    },
    {
      "type": "Feature",
      "geometry": {
        "type": "Point",
        "coordinates": [
          12.490599839304092,
          41.88306887338706
        ]
      },
      "properties": {
        "name": "Acceso Parco di Villa Celimontana",
        "title": "Entrada Historica a la Villa Celimontana",
        "category": "naturaleza",
        "latitude": 41.88306887338706,
        "longitude": 12.490599839304092,
        "city": "Roma",
        "country": "Italia",
        "address": "Via della Navicella 12, 00184 Roma RM, Italia",
        "date": "2023-10-15 15:10",
        "id": "REF-0539",
        "groundedFromAnchor": "Fontana di Trevi (41.900932, 12.483313)",
        "computedScore": 95,
        "h3Index": "891e8050137ffff"
      }
    },
    {
      "type": "Feature",
      "geometry": {
        "type": "Point",
        "coordinates": [
          12.489892142907486,
          41.8837820224113
        ]
      },
      "properties": {
        "name": "Clivo di Scauro - Basilica dei Santi Giovanni e Paolo",
        "title": "Paso Arqueologico de Clivo di Scauro",
        "category": "monumento",
        "latitude": 41.8837820224113,
        "longitude": 12.489892142907486,
        "city": "Roma",
        "country": "Italia",
        "address": "Clivo di Scauro, 00184 Roma RM, Italia",
        "date": "2023-10-15 16:20",
        "id": "REF-0540",
        "groundedFromAnchor": "Fontana di Trevi (41.900932, 12.483313)",
        "computedScore": 86,
        "h3Index": "891e8050137ffff"
      }
    },
    {
      "type": "Feature",
      "geometry": {
        "type": "Point",
        "coordinates": [
          12.488158823624936,
          41.88087971286009
        ]
      },
      "properties": {
        "name": "Ristorante Il Chianti Ripa Grande",
        "title": "Trattoria tradicional cerca de la Fontana",
        "category": "restaurante",
        "latitude": 41.88087971286009,
        "longitude": 12.488158823624936,
        "city": "Roma",
        "country": "Italia",
        "address": "Via del Lavatore, 81-82, 00187 Roma RM",
        "date": "2023-10-14 11:30",
        "id": "REF-0541",
        "groundedFromAnchor": "Fontana di Trevi",
        "computedScore": 86,
        "h3Index": "891e8050123ffff"
      }
    },
    {
      "type": "Feature",
      "geometry": {
        "type": "Point",
        "coordinates": [
          12.483277225387555,
          41.88563731646716
        ]
      },
      "properties": {
        "name": "Hotel Relais Fontana di Trevi",
        "title": "Hotel boutique frente a la plaza",
        "category": "hotel",
        "latitude": 41.88563731646716,
        "longitude": 12.483277225387555,
        "city": "Roma",
        "country": "Italia",
        "address": "Via del Lavatore, 44, 00187 Roma RM",
        "date": "2023-10-14 14:15",
        "id": "REF-0542",
        "groundedFromAnchor": "Fontana di Trevi",
        "computedScore": 82,
        "h3Index": "891e80501abffff"
      }
    },
    {
      "type": "Feature",
      "geometry": {
        "type": "Point",
        "coordinates": [
          12.48564850242047,
          41.88893632387141
        ]
      },
      "properties": {
        "name": "Vicetia Trevi Fountain Gelateria",
        "title": "Heladeria artesanal cercana",
        "category": "restaurante",
        "latitude": 41.88893632387141,
        "longitude": 12.48564850242047,
        "city": "Roma",
        "country": "Italia",
        "address": "Piazza di Trevi, 90, 00187 Roma RM",
        "date": "2023-10-14 16:45",
        "id": "REF-0543",
        "groundedFromAnchor": "Fontana di Trevi",
        "computedScore": 84,
        "h3Index": "891e80501a3ffff"
      }
    },
    {
      "type": "Feature",
      "geometry": {
        "type": "Point",
        "coordinates": [
          12.492428404322702,
          41.88104831272749
        ]
      },
      "properties": {
        "name": "Vicus Caprarius - La Citta dell Acqua",
        "title": "Zona arqueologica subterranea",
        "category": "actividad",
        "latitude": 41.88104831272749,
        "longitude": 12.492428404322702,
        "city": "Roma",
        "country": "Italia",
        "address": "Vicolo del Puttarello, 25, 00187 Roma RM",
        "date": "2023-10-14 18:00",
        "id": "REF-0544",
        "groundedFromAnchor": "Fontana di Trevi",
        "computedScore": 85,
        "h3Index": "891e8050127ffff"
      }
    },
    {
      "type": "Feature",
      "geometry": {
        "type": "Point",
        "coordinates": [
          12.479606027662024,
          41.88540591144037
        ]
      },
      "properties": {
        "name": "Piazza di Trevi Taxi Stand",
        "title": "Parada de taxis y transporte urbano",
        "category": "transporte",
        "latitude": 41.88540591144037,
        "longitude": 12.479606027662024,
        "city": "Roma",
        "country": "Italia",
        "address": "Piazza di San Marcello, 00187 Roma RM",
        "date": "2023-10-14 20:30",
        "id": "REF-0545",
        "groundedFromAnchor": "Fontana di Trevi",
        "computedScore": 86,
        "h3Index": "891e8050117ffff"
      }
    },
    {
      "type": "Feature",
      "geometry": {
        "type": "Point",
        "coordinates": [
          12.488024010536009,
          41.88637863189932
        ]
      },
      "properties": {
        "name": "Trattoria de gli Umbri",
        "title": "Restaurante tradicional junto al Circo Máximo",
        "category": "restaurante",
        "latitude": 41.88637863189932,
        "longitude": 12.488024010536009,
        "city": "Roma",
        "country": "Italia",
        "address": "Via dei Cerchi 75, 00186 Roma RM, Italia",
        "date": "2023-10-15 13:45",
        "id": "REF-0546",
        "groundedFromAnchor": "Fontana di Trevi (a 1.6 km al sur)",
        "computedScore": 87,
        "h3Index": "891e80501afffff"
      }
    },
    {
      "type": "Feature",
      "geometry": {
        "type": "Point",
        "coordinates": [
          12.48341633165547,
          41.886200025882566
        ]
      },
      "properties": {
        "name": "Basilica di Santa Maria in Cosmedin",
        "title": "Basílica medieval con la Bocca della Verità",
        "category": "monumento",
        "latitude": 41.886200025882566,
        "longitude": 12.48341633165547,
        "city": "Roma",
        "country": "Italia",
        "address": "Piazza della Bocca della Verità 18, 00186 Roma RM, Italia",
        "date": "2023-10-15 11:20",
        "id": "REF-0547",
        "groundedFromAnchor": "Fontana di Trevi (a 1.64 km al suroeste)",
        "computedScore": 86,
        "h3Index": "891e80501abffff"
      }
    },
    {
      "type": "Feature",
      "geometry": {
        "type": "Point",
        "coordinates": [
          12.49271305213217,
          41.88083615328213
        ]
      },
      "properties": {
        "name": "Acceso Norte Terme di Caracalla",
        "title": "Complejo termal del Imperio Romano",
        "category": "monumento",
        "latitude": 41.88083615328213,
        "longitude": 12.49271305213217,
        "city": "Roma",
        "country": "Italia",
        "address": "Viale delle Terme di Caracalla 52, 00153 Roma RM, Italia",
        "date": "2023-10-15 16:10",
        "id": "REF-0548",
        "groundedFromAnchor": "Fontana di Trevi (a 2.36 km al sur-sureste)",
        "computedScore": 90,
        "h3Index": "891e8050127ffff"
      }
    },
    {
      "type": "Feature",
      "geometry": {
        "type": "Point",
        "coordinates": [
          12.490670827370689,
          41.88325482875237
        ]
      },
      "properties": {
        "name": "Monastero San Gregorio Magno al Celio",
        "title": "Conjunto monástico histórico en la colina del Celio",
        "category": "monumento",
        "latitude": 41.88325482875237,
        "longitude": 12.490670827370689,
        "city": "Roma",
        "country": "Italia",
        "address": "Piazza di San Gregorio 1, 00184 Roma RM, Italia",
        "date": "2023-10-15 09:30",
        "id": "REF-0549",
        "groundedFromAnchor": "Fontana di Trevi (a 2.03 km al sur)",
        "computedScore": 86,
        "h3Index": "891e8050137ffff"
      }
    },
    {
      "type": "Feature",
      "geometry": {
        "type": "Point",
        "coordinates": [
          12.483680454869972,
          41.88542882766771
        ]
      },
      "properties": {
        "name": "Hotel Villa San Pio",
        "title": "Hotel boutique de estilo residencial en la colina del Aventino",
        "category": "hotel",
        "latitude": 41.88542882766771,
        "longitude": 12.483680454869972,
        "city": "Roma",
        "country": "Italia",
        "address": "Via di Santa Melania 2, 00153 Roma RM, Italia",
        "date": "2023-10-15 18:00",
        "id": "REF-0550",
        "groundedFromAnchor": "Fontana di Trevi (a 1.73 km al sur-suroeste)",
        "computedScore": 94,
        "h3Index": "891e80501abffff"
      }
    },
    {
      "type": "Feature",
      "geometry": {
        "type": "Point",
        "coordinates": [
          12.484318617569198,
          41.879908541657294
        ]
      },
      "properties": {
        "name": "Giardino degli Aranci",
        "title": "Mirador del Giardino degli Aranci en el Aventino",
        "category": "naturaleza",
        "latitude": 41.879908541657294,
        "longitude": 12.484318617569198,
        "city": "Roma",
        "country": "Italia",
        "address": "Piazza Pietro D'Illiria, 00153 Roma RM, Italia",
        "date": "2023-10-15 16:45",
        "id": "REF-0551",
        "groundedFromAnchor": "Coliseo - Sector Aventino",
        "computedScore": 95,
        "h3Index": "891e805013bffff"
      }
    },
    {
      "type": "Feature",
      "geometry": {
        "type": "Point",
        "coordinates": [
          12.490540797583675,
          41.88317383175825
        ]
      },
      "properties": {
        "name": "Termas de Caracalla",
        "title": "Restos arqueologicos de las Termas de Caracalla",
        "category": "monumento",
        "latitude": 41.88317383175825,
        "longitude": 12.490540797583675,
        "city": "Roma",
        "country": "Italia",
        "address": "Viale delle Terme di Caracalla, 52, 00153 Roma RM, Italia",
        "date": "2023-10-15 11:30",
        "id": "REF-0552",
        "groundedFromAnchor": "Coliseo - Sector Caracalla",
        "computedScore": 92,
        "h3Index": "891e8050137ffff"
      }
    },
    {
      "type": "Feature",
      "geometry": {
        "type": "Point",
        "coordinates": [
          12.481260905096182,
          41.888488363058975
        ]
      },
      "properties": {
        "name": "Boca de la Verdad",
        "title": "Portico de la Basilica de Santa Maria in Cosmedin",
        "category": "monumento",
        "latitude": 41.888488363058975,
        "longitude": 12.481260905096182,
        "city": "Roma",
        "country": "Italia",
        "address": "Piazza della Bocca della Verita, 18, 00186 Roma RM, Italia",
        "date": "2023-10-15 14:15",
        "id": "REF-0553",
        "groundedFromAnchor": "Coliseo - Sector Foro Boario",
        "computedScore": 82,
        "h3Index": "891e80501bbffff"
      }
    },
    {
      "type": "Feature",
      "geometry": {
        "type": "Point",
        "coordinates": [
          12.483609706237948,
          41.88579798277966
        ]
      },
      "properties": {
        "name": "Circo Maximo",
        "title": "Extension del Circo Maximo hacia el Palatino",
        "category": "monumento",
        "latitude": 41.88579798277966,
        "longitude": 12.483609706237948,
        "city": "Roma",
        "country": "Italia",
        "address": "Via del Circo Massimo, 00186 Roma RM, Italia",
        "date": "2023-10-15 09:10",
        "id": "REF-0554",
        "groundedFromAnchor": "Coliseo - Sector Circo Maximo",
        "computedScore": 94,
        "h3Index": "891e80501abffff"
      }
    },
    {
      "type": "Feature",
      "geometry": {
        "type": "Point",
        "coordinates": [
          12.492488833760033,
          41.886026848080895
        ]
      },
      "properties": {
        "name": "Clivo di Scauro",
        "title": "Calle historica Clivo di Scauro junto a la Basilica di San Giovanni e Paolo",
        "category": "monumento",
        "latitude": 41.886026848080895,
        "longitude": 12.492488833760033,
        "city": "Roma",
        "country": "Italia",
        "address": "Clivo di Scauro, 00184 Roma RM, Italia",
        "date": "2023-10-15 17:30",
        "id": "REF-0555",
        "groundedFromAnchor": "Coliseo - Sector Celio",
        "computedScore": 86,
        "h3Index": "891e8050cdbffff"
      }
    },
    {
      "type": "Feature",
      "geometry": {
        "type": "Point",
        "coordinates": [
          12.477192064242768,
          41.88234544661489
        ]
      },
      "properties": {
        "name": "Porta Portese",
        "title": "Puerta monumental de la Muralla Janiculense",
        "category": "monumento",
        "latitude": 41.88234544661489,
        "longitude": 12.477192064242768,
        "city": "Roma",
        "country": "Italia",
        "address": "Via Portuense, 00153 Roma RM",
        "date": "2023-10-14 11:30",
        "id": "REF-0556",
        "groundedFromAnchor": "Located approximately 1.8km southwest of the Colosseum across the Tiber river corridor.",
        "computedScore": 86,
        "h3Index": "891e8050103ffff"
      }
    },
    {
      "type": "Feature",
      "geometry": {
        "type": "Point",
        "coordinates": [
          12.477225665832695,
          41.88231679630605
        ]
      },
      "properties": {
        "name": "Trattoria Porta Portese",
        "title": "Restaurante tradicional de cocina romana",
        "category": "restaurante",
        "latitude": 41.88231679630605,
        "longitude": 12.477225665832695,
        "city": "Roma",
        "country": "Italia",
        "address": "Via Portuense, 12, 00153 Roma RM",
        "date": "2023-10-14 13:15",
        "id": "REF-0557",
        "groundedFromAnchor": "Adjacent to Porta Portese monument, 1.8km southwest from Colosseum.",
        "computedScore": 85,
        "h3Index": "891e8050103ffff"
      }
    },
    {
      "type": "Feature",
      "geometry": {
        "type": "Point",
        "coordinates": [
          12.490809113642797,
          41.88380906608572
        ]
      },
      "properties": {
        "name": "Giardino degli Aranci",
        "title": "Parque del Aventino con vistas panorámicas",
        "category": "naturaleza",
        "latitude": 41.88380906608572,
        "longitude": 12.490809113642797,
        "city": "Roma",
        "country": "Italia",
        "address": "Piazza Pietro D'Illiria, 00153 Roma RM",
        "date": "2023-10-15 16:45",
        "id": "REF-0558",
        "groundedFromAnchor": "Located on the Aventine Hill, approximately 950 meters southwest of the Colosseum.",
        "computedScore": 96,
        "h3Index": "891e8050137ffff"
      }
    },
    {
      "type": "Feature",
      "geometry": {
        "type": "Point",
        "coordinates": [
          12.490344818632202,
          41.88301044064876
        ]
      },
      "properties": {
        "name": "Basílica de Santa Sabina",
        "title": "Basilica Paleocristiana del siglo V",
        "category": "monumento",
        "latitude": 41.88301044064876,
        "longitude": 12.490344818632202,
        "city": "Roma",
        "country": "Italia",
        "address": "Piazza Pietro D'Illiria, 1, 00153 Roma RM",
        "date": "2023-10-15 17:10",
        "id": "REF-0559",
        "groundedFromAnchor": "Positioned on the Aventine ridge, roughly 1.0km southwest of the Colosseum.",
        "computedScore": 90,
        "h3Index": "891e8050137ffff"
      }
    },
    {
      "type": "Feature",
      "geometry": {
        "type": "Point",
        "coordinates": [
          12.4882151825835,
          41.88020019918172
        ]
      },
      "properties": {
        "name": "Piazza dei Cavalieri di Malta",
        "title": "Plaza neoclásica con la famosa Cerradura del Aventino",
        "category": "monumento",
        "latitude": 41.88020019918172,
        "longitude": 12.4882151825835,
        "city": "Roma",
        "country": "Italia",
        "address": "Piazza dei Cavalieri di Malta, 00153 Roma RM",
        "date": "2023-10-16 09:15",
        "id": "REF-0560",
        "groundedFromAnchor": "Located 1.3km southwest of the Colosseum at the southern tip of the Aventine Hill.",
        "computedScore": 89,
        "h3Index": "891e8050123ffff"
      }
    },
    {
      "type": "Feature",
      "geometry": {
        "type": "Point",
        "coordinates": [
          12.477680118612753,
          41.88252352001589
        ]
      },
      "properties": {
        "name": "Basílica de Santa María en Trastevere",
        "title": "Histórica basílica románica en el corazón de Trastevere",
        "category": "monumento",
        "latitude": 41.88252352001589,
        "longitude": 12.477680118612753,
        "city": "Roma",
        "country": "Italia",
        "address": "Piazza di Santa Maria in Trastevere, 00153 Roma RM, Italia",
        "date": "2023-10-14 11:30",
        "id": "REF-0561",
        "groundedFromAnchor": "Trastevere Central Anchor",
        "computedScore": 87,
        "h3Index": "891e8050103ffff"
      }
    },
    {
      "type": "Feature",
      "geometry": {
        "type": "Point",
        "coordinates": [
          12.49243066641913,
          41.88075026683634
        ]
      },
      "properties": {
        "name": "Monasterio de San Gregorio Magno al Celio",
        "title": "Antiguo complejo monástico en la colina del Celio",
        "category": "monumento",
        "latitude": 41.88075026683634,
        "longitude": 12.49243066641913,
        "city": "Roma",
        "country": "Italia",
        "address": "Piazza di San Gregorio, 1, 00184 Roma RM, Italia",
        "date": "2023-10-14 12:45",
        "id": "REF-0562",
        "groundedFromAnchor": "Celio Hill Anchor",
        "computedScore": 90,
        "h3Index": "891e8050127ffff"
      }
    },
    {
      "type": "Feature",
      "geometry": {
        "type": "Point",
        "coordinates": [
          12.490085448204738,
          41.88360328331891
        ]
      },
      "properties": {
        "name": "Arco de Constantino",
        "title": "Arco del triunfo romano triunfal junto al Coliseo",
        "category": "monumento",
        "latitude": 41.88360328331891,
        "longitude": 12.490085448204738,
        "city": "Roma",
        "country": "Italia",
        "address": "Via di San Gregorio, 00184 Roma RM, Italia",
        "date": "2023-10-14 14:15",
        "id": "REF-0563",
        "groundedFromAnchor": "Colosseum East Anchor",
        "computedScore": 88,
        "h3Index": "891e8050137ffff"
      }
    },
    {
      "type": "Feature",
      "geometry": {
        "type": "Point",
        "coordinates": [
          12.487976612388625,
          41.886152839412645
        ]
      },
      "properties": {
        "name": "Foro Romano - Curia Julia",
        "title": "Antigua sede del Senado Romano en la Vía Sacra",
        "category": "monumento",
        "latitude": 41.886152839412645,
        "longitude": 12.487976612388625,
        "city": "Roma",
        "country": "Italia",
        "address": "Largo della Salara Vecchia, 5/6, 00186 Roma RM, Italia",
        "date": "2023-10-14 15:30",
        "id": "REF-0564",
        "groundedFromAnchor": "Roman Forum Anchor",
        "computedScore": 87,
        "h3Index": "891e80501afffff"
      }
    },
    {
      "type": "Feature",
      "geometry": {
        "type": "Point",
        "coordinates": [
          12.49189026748023,
          41.88661451583948
        ]
      },
      "properties": {
        "name": "Parque del Colle Oppio y Domus Aurea",
        "title": "Entorno ajardinado y vestigios del palacio de Nerón",
        "category": "naturaleza",
        "latitude": 41.88661451583948,
        "longitude": 12.49189026748023,
        "city": "Roma",
        "country": "Italia",
        "address": "Via della Domus Aurea, 1, 00184 Roma RM, Italia",
        "date": "2023-10-14 16:45",
        "id": "REF-0565",
        "groundedFromAnchor": "Colle Oppio Anchor",
        "computedScore": 92,
        "h3Index": "891e8050cdbffff"
      }
    },
    {
      "type": "Feature",
      "geometry": {
        "type": "Point",
        "coordinates": [
          12.492277242650994,
          41.88084196025261
        ]
      },
      "properties": {
        "name": "Terme di Caracalla",
        "title": "Ruinas de las Antiguas Termas de Caracalla",
        "category": "monumento",
        "latitude": 41.88084196025261,
        "longitude": 12.492277242650994,
        "city": "Roma",
        "country": "Italia",
        "address": "Viale delle Terme di Caracalla, 52, 00153 Roma RM, Italia",
        "date": "2023-10-14 11:30",
        "id": "REF-0566",
        "groundedFromAnchor": "Terme di Caracalla",
        "computedScore": 92,
        "h3Index": "891e8050127ffff"
      }
    },
    {
      "type": "Feature",
      "geometry": {
        "type": "Point",
        "coordinates": [
          12.477268288368478,
          41.88266163537011
        ]
      },
      "properties": {
        "name": "Porta Portese",
        "title": "Puerta Histórica de Porta Portese",
        "category": "monumento",
        "latitude": 41.88266163537011,
        "longitude": 12.477268288368478,
        "city": "Roma",
        "country": "Italia",
        "address": "Piazza di Porta Portese, 00153 Roma RM, Italia",
        "date": "2023-10-15 09:15",
        "id": "REF-0567",
        "groundedFromAnchor": "Porta Portese",
        "computedScore": 85,
        "h3Index": "891e8050103ffff"
      }
    },
    {
      "type": "Feature",
      "geometry": {
        "type": "Point",
        "coordinates": [
          12.47768035829901,
          41.88269981218527
        ]
      },
      "properties": {
        "name": "Ponte Sublicio",
        "title": "Puente Sublicio sobre el Río Tíber",
        "category": "monumento",
        "latitude": 41.88269981218527,
        "longitude": 12.47768035829901,
        "city": "Roma",
        "country": "Italia",
        "address": "Piazza dell Emporio / Ponte Sublicio, 00153 Roma RM, Italia",
        "date": "2023-10-15 16:45",
        "id": "REF-0568",
        "groundedFromAnchor": "Ponte Sublicio",
        "computedScore": 87,
        "h3Index": "891e8050103ffff"
      }
    },
    {
      "type": "Feature",
      "geometry": {
        "type": "Point",
        "coordinates": [
          12.490661813868916,
          41.88392080805212
        ]
      },
      "properties": {
        "name": "Roseto Comunale di Roma",
        "title": "Rosaleda Municipal en la Colina del Aventino",
        "category": "naturaleza",
        "latitude": 41.88392080805212,
        "longitude": 12.490661813868916,
        "city": "Roma",
        "country": "Italia",
        "address": "Via di Valle Murcia, 6, 00153 Roma RM, Italia",
        "date": "2023-05-20 14:10",
        "id": "REF-0569",
        "groundedFromAnchor": "Roseto Comunale",
        "computedScore": 97,
        "h3Index": "891e8050137ffff"
      }
    },
    {
      "type": "Feature",
      "geometry": {
        "type": "Point",
        "coordinates": [
          12.491878576016616,
          41.88626107656489
        ]
      },
      "properties": {
        "name": "Circo Massimo",
        "title": "Extremo Sur del Circo Máximo",
        "category": "monumento",
        "latitude": 41.88626107656489,
        "longitude": 12.491878576016616,
        "city": "Roma",
        "country": "Italia",
        "address": "Via del Circo Massimo, 00186 Roma RM, Italia",
        "date": "2023-09-01 18:20",
        "id": "REF-0570",
        "groundedFromAnchor": "Circo Massimo",
        "computedScore": 95,
        "h3Index": "891e8050cdbffff"
      }
    },
    {
      "type": "Feature",
      "geometry": {
        "type": "Point",
        "coordinates": [
          12.483638910838952,
          41.88596851763963
        ]
      },
      "properties": {
        "name": "Circo Máximo",
        "title": "Antiguo estadio de carreras de cuadrigas de la Roma Antigua",
        "category": "monumento",
        "latitude": 41.88596851763963,
        "longitude": 12.483638910838952,
        "city": "Roma",
        "country": "Italia",
        "address": "Via del Circo Massimo, 00186 Roma RM, Italia",
        "date": "2023-10-14 11:30",
        "id": "REF-0571",
        "groundedFromAnchor": "Coliseo",
        "computedScore": 97,
        "h3Index": "891e80501abffff"
      }
    },
    {
      "type": "Feature",
      "geometry": {
        "type": "Point",
        "coordinates": [
          12.48079307514165,
          41.88821748078224
        ]
      },
      "properties": {
        "name": "Boca de la Verdad (Bocca della Verità)",
        "title": "Famosa máscara de mármol antiguo en la Basílica de Santa Maria in Cosmedin",
        "category": "monumento",
        "latitude": 41.88821748078224,
        "longitude": 12.48079307514165,
        "city": "Roma",
        "country": "Italia",
        "address": "Piazza della Bocca della Verità, 18, 00186 Roma RM, Italia",
        "date": "2023-10-14 12:15",
        "id": "REF-0572",
        "groundedFromAnchor": "Coliseo",
        "computedScore": 88,
        "h3Index": "891e80501bbffff"
      }
    },
    {
      "type": "Feature",
      "geometry": {
        "type": "Point",
        "coordinates": [
          12.485744837798512,
          41.88304916799966
        ]
      },
      "properties": {
        "name": "Jardín de los Naranjos (Giardino degli Aranci)",
        "title": "Mirador panorámico de la colina del Aventino",
        "category": "naturaleza",
        "latitude": 41.88304916799966,
        "longitude": 12.485744837798512,
        "city": "Roma",
        "country": "Italia",
        "address": "Piazza Pietro D'Illiria, 00153 Roma RM, Italia",
        "date": "2023-10-14 16:45",
        "id": "REF-0573",
        "groundedFromAnchor": "Coliseo",
        "computedScore": 99,
        "h3Index": "891e8050133ffff"
      }
    },
    {
      "type": "Feature",
      "geometry": {
        "type": "Point",
        "coordinates": [
          12.492718469183622,
          41.881198604740916
        ]
      },
      "properties": {
        "name": "Termas de Caracalla",
        "title": "Antiguo complejo de baños públicos imperiales",
        "category": "monumento",
        "latitude": 41.881198604740916,
        "longitude": 12.492718469183622,
        "city": "Roma",
        "country": "Italia",
        "address": "Viale delle Terme di Caracalla, 52, 00153 Roma RM, Italia",
        "date": "2023-10-15 10:00",
        "id": "REF-0574",
        "groundedFromAnchor": "Coliseo",
        "computedScore": 94,
        "h3Index": "891e8050127ffff"
      }
    },
    {
      "type": "Feature",
      "geometry": {
        "type": "Point",
        "coordinates": [
          12.49301793417849,
          41.881167286595755
        ]
      },
      "properties": {
        "name": "Ristorante L'Archeologia",
        "title": "Restaurante histórico cerca de la Vía Apia y Termas de Caracalla",
        "category": "restaurante",
        "latitude": 41.881167286595755,
        "longitude": 12.49301793417849,
        "city": "Roma",
        "country": "Italia",
        "address": "Via Appia Antica, 139, 00179 Roma RM, Italia",
        "date": "2023-10-15 20:30",
        "id": "REF-0575",
        "groundedFromAnchor": "Coliseo",
        "computedScore": 98,
        "h3Index": "891e8050127ffff"
      }
    },
    {
      "type": "Feature",
      "geometry": {
        "type": "Point",
        "coordinates": [
          12.492083829772515,
          41.88641157014222
        ]
      },
      "properties": {
        "name": "Terme di Caracalla",
        "title": "Complejo termal de la antigua Roma",
        "category": "monumento",
        "latitude": 41.88641157014222,
        "longitude": 12.492083829772515,
        "city": "Roma",
        "country": "Italia",
        "address": "Viale delle Terme di Caracalla, 52, 00153 Roma RM, Italia",
        "date": "2023-10-14 11:30",
        "id": "REF-0576",
        "groundedFromAnchor": "Terme di Caracalla",
        "computedScore": 95,
        "h3Index": "891e8050cdbffff"
      }
    },
    {
      "type": "Feature",
      "geometry": {
        "type": "Point",
        "coordinates": [
          12.48794274120709,
          41.88658820757909
        ]
      },
      "properties": {
        "name": "Circo Massimo",
        "title": "Antiguo estadio romano para carreras de carros",
        "category": "monumento",
        "latitude": 41.88658820757909,
        "longitude": 12.48794274120709,
        "city": "Roma",
        "country": "Italia",
        "address": "Via del Circo Massimo, 00186 Roma RM, Italia",
        "date": "2023-10-14 14:15",
        "id": "REF-0577",
        "groundedFromAnchor": "Circo Massimo",
        "computedScore": 94,
        "h3Index": "891e80501afffff"
      }
    },
    {
      "type": "Feature",
      "geometry": {
        "type": "Point",
        "coordinates": [
          12.488499114573774,
          41.88089083373573
        ]
      },
      "properties": {
        "name": "Basilica di San Saba",
        "title": "Histórica basílica menor en el monte Aventino Menor",
        "category": "monumento",
        "latitude": 41.88089083373573,
        "longitude": 12.488499114573774,
        "city": "Roma",
        "country": "Italia",
        "address": "Piazza Gian Lorenzo Bernini, 20, 00153 Roma RM, Italia",
        "date": "2023-10-14 16:45",
        "id": "REF-0578",
        "groundedFromAnchor": "Basilica di San Saba",
        "computedScore": 93,
        "h3Index": "891e8050123ffff"
      }
    },
    {
      "type": "Feature",
      "geometry": {
        "type": "Point",
        "coordinates": [
          12.492679541360193,
          41.886589927954795
        ]
      },
      "properties": {
        "name": "Chiesa di San Cesareo in Palatio",
        "title": "Antigua iglesia de San Cesareo de Appia",
        "category": "monumento",
        "latitude": 41.886589927954795,
        "longitude": 12.492679541360193,
        "city": "Roma",
        "country": "Italia",
        "address": "Via di Porta San Sebastiano, 4, 00179 Roma RM, Italia",
        "date": "2023-10-15 09:20",
        "id": "REF-0579",
        "groundedFromAnchor": "Chiesa di San Cesareo in Palatio",
        "computedScore": 88,
        "h3Index": "891e8050cdbffff"
      }
    },
    {
      "type": "Feature",
      "geometry": {
        "type": "Point",
        "coordinates": [
          12.492815857617837,
          41.88636359959408
        ]
      },
      "properties": {
        "name": "Ristorante Ostras! Roma",
        "title": "Restaurante y marisquería cerca de Caracalla",
        "category": "restaurante",
        "latitude": 41.88636359959408,
        "longitude": 12.492815857617837,
        "city": "Roma",
        "country": "Italia",
        "address": "Via di Porta San Sebastiano, 2, 00179 Roma RM, Italia",
        "date": "2023-10-15 13:00",
        "id": "REF-0580",
        "groundedFromAnchor": "Terme di Caracalla Area",
        "computedScore": 87,
        "h3Index": "891e8050cdbffff"
      }
    },
    {
      "type": "Feature",
      "geometry": {
        "type": "Point",
        "coordinates": [
          12.483565469470637,
          41.880118302572924
        ]
      },
      "properties": {
        "name": "Basilica di Santa Sabina all'Aventino",
        "title": "Paleochristian Basilica on Aventine Hill",
        "category": "monumento",
        "latitude": 41.880118302572924,
        "longitude": 12.483565469470637,
        "city": "Roma",
        "country": "Italia",
        "address": "Piazza Pietro d'Illiria, 1, 00153 Roma RM, Italia",
        "date": "2023-10-15 11:30",
        "id": "REF-0581",
        "groundedFromAnchor": "Aventine Hill Historic Core",
        "computedScore": 95,
        "h3Index": "891e805013bffff"
      }
    },
    {
      "type": "Feature",
      "geometry": {
        "type": "Point",
        "coordinates": [
          12.492968200598499,
          41.88053761171742
        ]
      },
      "properties": {
        "name": "Ludus Magnus",
        "title": "Ancient Roman Gladiator Barracks Complex",
        "category": "monumento",
        "latitude": 41.88053761171742,
        "longitude": 12.492968200598499,
        "city": "Roma",
        "country": "Italia",
        "address": "Piazza del Colosseo, 00184 Roma RM, Italia",
        "date": "2023-10-15 14:15",
        "id": "REF-0582",
        "groundedFromAnchor": "Colosseum Archaeological Park",
        "computedScore": 88,
        "h3Index": "891e8050127ffff"
      }
    },
    {
      "type": "Feature",
      "geometry": {
        "type": "Point",
        "coordinates": [
          12.48552888330741,
          41.889105758444614
        ]
      },
      "properties": {
        "name": "Fontana di Trevi",
        "title": "Iconic Baroque Fountain in Trevi District",
        "category": "monumento",
        "latitude": 41.889105758444614,
        "longitude": 12.48552888330741,
        "city": "Roma",
        "country": "Italia",
        "address": "Piazza di Trevi, 00187 Roma RM, Italia",
        "date": "2023-10-15 16:45",
        "id": "REF-0583",
        "groundedFromAnchor": "Trevi District Center",
        "computedScore": 81,
        "h3Index": "891e80501a3ffff"
      }
    },
    {
      "type": "Feature",
      "geometry": {
        "type": "Point",
        "coordinates": [
          12.477246717475003,
          41.88262341553848
        ]
      },
      "properties": {
        "name": "Piazza di Santa Maria in Trastevere",
        "title": "Historic Square in Trastevere Neighborhood",
        "category": "monumento",
        "latitude": 41.88262341553848,
        "longitude": 12.477246717475003,
        "city": "Roma",
        "country": "Italia",
        "address": "Piazza di Santa Maria in Trastevere, 00153 Roma RM, Italia",
        "date": "2023-10-15 18:20",
        "id": "REF-0584",
        "groundedFromAnchor": "Trastevere Historic Quarter",
        "computedScore": 83,
        "h3Index": "891e8050103ffff"
      }
    },
    {
      "type": "Feature",
      "geometry": {
        "type": "Point",
        "coordinates": [
          12.48563348940887,
          41.88347912796285
        ]
      },
      "properties": {
        "name": "Arco di Tito",
        "title": "1st-century AD Triumphal Arch on the Via Sacra",
        "category": "monumento",
        "latitude": 41.88347912796285,
        "longitude": 12.48563348940887,
        "city": "Roma",
        "country": "Italia",
        "address": "Via Sacra, 00186 Roma RM, Italia",
        "date": "2023-10-15 09:15",
        "id": "REF-0585",
        "groundedFromAnchor": "Forum Romanum - Palatine Area",
        "computedScore": 90,
        "h3Index": "891e8050133ffff"
      }
    },
    {
      "type": "Feature",
      "geometry": {
        "type": "Point",
        "coordinates": [
          12.482031628076614,
          41.883188157655105
        ]
      },
      "properties": {
        "name": "Giardino degli Aranci",
        "title": "Mirador panorámico en la colina del Aventino",
        "category": "naturaleza",
        "latitude": 41.883188157655105,
        "longitude": 12.482031628076614,
        "city": "Roma",
        "country": "Italia",
        "address": "Piazza Pietro D'Illiria, 00153 Roma RM, Italia",
        "date": "2023-10-14 16:45",
        "id": "REF-0586",
        "groundedFromAnchor": "Coliseo",
        "computedScore": 95,
        "h3Index": "891e8050107ffff"
      }
    },
    {
      "type": "Feature",
      "geometry": {
        "type": "Point",
        "coordinates": [
          12.487937697287295,
          41.88622107250292
        ]
      },
      "properties": {
        "name": "Circo Máximo",
        "title": "Antiguo estadio de carreras de cuadrigas",
        "category": "monumento",
        "latitude": 41.88622107250292,
        "longitude": 12.487937697287295,
        "city": "Roma",
        "country": "Italia",
        "address": "Via del Circo Massimo, 00186 Roma RM, Italia",
        "date": "2023-10-14 12:15",
        "id": "REF-0587",
        "groundedFromAnchor": "Coliseo",
        "computedScore": 93,
        "h3Index": "891e80501afffff"
      }
    },
    {
      "type": "Feature",
      "geometry": {
        "type": "Point",
        "coordinates": [
          12.476773069642977,
          41.88274435750534
        ]
      },
      "properties": {
        "name": "Ponte Sublicio",
        "title": "Puente sobre el río Tíber con vista hacia Testaccio",
        "category": "monumento",
        "latitude": 41.88274435750534,
        "longitude": 12.476773069642977,
        "city": "Roma",
        "country": "Italia",
        "address": "Piazza dell'Emporio, 00153 Roma RM, Italia",
        "date": "2023-10-14 09:30",
        "id": "REF-0588",
        "groundedFromAnchor": "Coliseo",
        "computedScore": 86,
        "h3Index": "891e8050103ffff"
      }
    },
    {
      "type": "Feature",
      "geometry": {
        "type": "Point",
        "coordinates": [
          12.488407422033015,
          41.880196002343894
        ]
      },
      "properties": {
        "name": "Termas de Caracalla",
        "title": "Recinto monumental de baños de la Roma Antigua",
        "category": "monumento",
        "latitude": 41.880196002343894,
        "longitude": 12.488407422033015,
        "city": "Roma",
        "country": "Italia",
        "address": "Viale delle Terme di Caracalla, 52, 00153 Roma RM, Italia",
        "date": "2023-10-14 11:00",
        "id": "REF-0589",
        "groundedFromAnchor": "Coliseo",
        "computedScore": 94,
        "h3Index": "891e8050123ffff"
      }
    },
    {
      "type": "Feature",
      "geometry": {
        "type": "Point",
        "coordinates": [
          12.477686013042916,
          41.88223275805385
        ]
      },
      "properties": {
        "name": "Piazza dell'Emporio",
        "title": "Plaza urbana de acceso al barrio de Testaccio",
        "category": "actividad",
        "latitude": 41.88223275805385,
        "longitude": 12.477686013042916,
        "city": "Roma",
        "country": "Italia",
        "address": "Piazza dell'Emporio, 00153 Roma RM, Italia",
        "date": "2023-10-14 18:10",
        "id": "REF-0590",
        "groundedFromAnchor": "Coliseo",
        "computedScore": 87,
        "h3Index": "891e8050103ffff"
      }
    },
    {
      "type": "Feature",
      "geometry": {
        "type": "Point",
        "coordinates": [
          12.492062038806305,
          41.88597446803577
        ]
      },
      "properties": {
        "name": "Chiesa di San Gregorio Magno al Celio",
        "title": "Fachada Histórica de San Gregorio",
        "category": "monumento",
        "latitude": 41.88597446803577,
        "longitude": 12.492062038806305,
        "city": "Roma",
        "country": "Italia",
        "address": "Piazza di San Gregorio 1, 00184 Roma",
        "date": "2023-10-14 11:30",
        "id": "REF-0591",
        "computedScore": 88,
        "h3Index": "891e8050cdbffff"
      }
    },
    {
      "type": "Feature",
      "geometry": {
        "type": "Point",
        "coordinates": [
          12.488039125714655,
          41.880865444183364
        ]
      },
      "properties": {
        "name": "Ristorante L'Archeologia San Saba",
        "title": "Terraza Tradicional San Saba",
        "category": "restaurante",
        "latitude": 41.880865444183364,
        "longitude": 12.488039125714655,
        "city": "Roma",
        "country": "Italia",
        "address": "Viale Guido Baccelli 12, 00153 Roma",
        "date": "2023-10-14 13:15",
        "id": "REF-0592",
        "computedScore": 91,
        "h3Index": "891e8050123ffff"
      }
    },
    {
      "type": "Feature",
      "geometry": {
        "type": "Point",
        "coordinates": [
          12.489966308305757,
          41.883199400913824
        ]
      },
      "properties": {
        "name": "Sede FAO - Piazza di Porta Capena",
        "title": "Piazza di Porta Capena",
        "category": "actividad",
        "latitude": 41.883199400913824,
        "longitude": 12.489966308305757,
        "city": "Roma",
        "country": "Italia",
        "address": "Viale delle Terme di Caracalla 1, 00153 Roma",
        "date": "2023-10-14 15:45",
        "id": "REF-0593",
        "computedScore": 88,
        "h3Index": "891e8050137ffff"
      }
    },
    {
      "type": "Feature",
      "geometry": {
        "type": "Point",
        "coordinates": [
          12.492371938107302,
          41.88652753605971
        ]
      },
      "properties": {
        "name": "Jardines de Villa Celimontana",
        "title": "Acceso Histórico Parque Celimontana",
        "category": "naturaleza",
        "latitude": 41.88652753605971,
        "longitude": 12.492371938107302,
        "city": "Roma",
        "country": "Italia",
        "address": "Via della Navicella 12, 00184 Roma",
        "date": "2023-10-14 16:50",
        "id": "REF-0594",
        "computedScore": 93,
        "h3Index": "891e8050cdbffff"
      }
    },
    {
      "type": "Feature",
      "geometry": {
        "type": "Point",
        "coordinates": [
          12.489960188518804,
          41.88303975293808
        ]
      },
      "properties": {
        "name": "Hotel Capena Rome View",
        "title": "Boutique Hotel Porta Capena",
        "category": "hotel",
        "latitude": 41.88303975293808,
        "longitude": 12.489960188518804,
        "city": "Roma",
        "country": "Italia",
        "address": "Piazza di Porta Capena 4, 00153 Roma",
        "date": "2023-10-14 18:10",
        "id": "REF-0595",
        "computedScore": 85,
        "h3Index": "891e8050137ffff"
      }
    },
    {
      "type": "Feature",
      "geometry": {
        "type": "Point",
        "coordinates": [
          12.483985075261199,
          41.88551330379317
        ]
      },
      "properties": {
        "name": "Giardino degli Aranci",
        "title": "Vistas panorámicas desde la Colina del Aventino",
        "category": "naturaleza",
        "latitude": 41.88551330379317,
        "longitude": 12.483985075261199,
        "city": "Roma",
        "country": "Italia",
        "address": "Piazza Pietro D'Illiria, 00153 Roma RM",
        "date": "2023-10-15 10:15",
        "id": "REF-0596",
        "groundedFromAnchor": "Colle Aventino",
        "computedScore": 97,
        "h3Index": "891e80501abffff"
      }
    },
    {
      "type": "Feature",
      "geometry": {
        "type": "Point",
        "coordinates": [
          12.483274351866044,
          41.88628770140632
        ]
      },
      "properties": {
        "name": "Basílica de Santa Sabina",
        "title": "Iglesia paleocristiana del siglo V",
        "category": "monumento",
        "latitude": 41.88628770140632,
        "longitude": 12.483274351866044,
        "city": "Roma",
        "country": "Italia",
        "address": "Piazza Pietro D'Illiria 1, 00153 Roma RM",
        "date": "2023-10-15 11:30",
        "id": "REF-0597",
        "groundedFromAnchor": "Aventino Norte",
        "computedScore": 88,
        "h3Index": "891e80501abffff"
      }
    },
    {
      "type": "Feature",
      "geometry": {
        "type": "Point",
        "coordinates": [
          12.492323559318587,
          41.881224959186454
        ]
      },
      "properties": {
        "name": "Termas de Caracalla",
        "title": "Complejo termal monumental de la Antigua Roma",
        "category": "monumento",
        "latitude": 41.881224959186454,
        "longitude": 12.492323559318587,
        "city": "Roma",
        "country": "Italia",
        "address": "Viale delle Terme di Caracalla 52, 00153 Roma RM",
        "date": "2023-10-15 14:00",
        "id": "REF-0598",
        "groundedFromAnchor": "Via Appia Antica inicio",
        "computedScore": 94,
        "h3Index": "891e8050127ffff"
      }
    },
    {
      "type": "Feature",
      "geometry": {
        "type": "Point",
        "coordinates": [
          12.488215978543723,
          41.886195234397206
        ]
      },
      "properties": {
        "name": "Circo Máximo",
        "title": "Antiguo estadio para carreras de cuadrigas",
        "category": "monumento",
        "latitude": 41.886195234397206,
        "longitude": 12.488215978543723,
        "city": "Roma",
        "country": "Italia",
        "address": "Via del Circo Massimo, 00186 Roma RM",
        "date": "2023-10-15 16:20",
        "id": "REF-0599",
        "groundedFromAnchor": "Valle del Palatino",
        "computedScore": 93,
        "h3Index": "891e80501afffff"
      }
    },
    {
      "type": "Feature",
      "geometry": {
        "type": "Point",
        "coordinates": [
          12.485490988703265,
          41.88871957324666
        ]
      },
      "properties": {
        "name": "Boca de la Verdad",
        "title": "Mascara de mármol célebre de la Antigüedad",
        "category": "monumento",
        "latitude": 41.88871957324666,
        "longitude": 12.485490988703265,
        "city": "Roma",
        "country": "Italia",
        "address": "Piazza della Bocca della Verità 18, 00186 Roma RM",
        "date": "2023-10-15 17:45",
        "id": "REF-0600",
        "groundedFromAnchor": "Foro Boario",
        "computedScore": 86,
        "h3Index": "891e80501a3ffff"
      }
    },
    {
      "type": "Feature",
      "geometry": {
        "type": "Point",
        "coordinates": [
          12.488035529504463,
          41.88009760071991
        ]
      },
      "properties": {
        "name": "Roseto Comunale di Roma",
        "title": "Jardín público de rosas en el Aventino",
        "category": "naturaleza",
        "latitude": 41.88009760071991,
        "longitude": 12.488035529504463,
        "city": "Roma",
        "country": "Italia",
        "address": "Via di Valle Murcia, 6, 00153 Roma RM",
        "date": "2023-10-15 10:15",
        "id": "REF-0601",
        "groundedFromAnchor": "Basílica de Santa María la Mayor",
        "computedScore": 98,
        "h3Index": "891e8050123ffff"
      }
    },
    {
      "type": "Feature",
      "geometry": {
        "type": "Point",
        "coordinates": [
          12.48992980385308,
          41.88398821038292
        ]
      },
      "properties": {
        "name": "Arco di Costantino",
        "title": "Arco del triunfo romano del siglo IV",
        "category": "monumento",
        "latitude": 41.88398821038292,
        "longitude": 12.48992980385308,
        "city": "Roma",
        "country": "Italia",
        "address": "Via di San Gregorio, 00184 Roma RM",
        "date": "2023-10-15 11:30",
        "id": "REF-0602",
        "groundedFromAnchor": "Basílica de Santa María la Mayor",
        "computedScore": 87,
        "h3Index": "891e8050137ffff"
      }
    },
    {
      "type": "Feature",
      "geometry": {
        "type": "Point",
        "coordinates": [
          12.481692674961703,
          41.888116913935185
        ]
      },
      "properties": {
        "name": "Trattoria La Bocca della Verità",
        "title": "Restaurante de cocina tradicional romana",
        "category": "restaurante",
        "latitude": 41.888116913935185,
        "longitude": 12.481692674961703,
        "city": "Roma",
        "country": "Italia",
        "address": "Via della Greca, 2, 00186 Roma RM",
        "date": "2023-10-15 13:00",
        "id": "REF-0603",
        "groundedFromAnchor": "Basílica de Santa María la Mayor",
        "computedScore": 87,
        "h3Index": "891e80501bbffff"
      }
    },
    {
      "type": "Feature",
      "geometry": {
        "type": "Point",
        "coordinates": [
          12.48584043336853,
          41.88922635666395
        ]
      },
      "properties": {
        "name": "Tempio di Saturno",
        "title": "Ruinas del templo en el Foro Romano",
        "category": "monumento",
        "latitude": 41.88922635666395,
        "longitude": 12.48584043336853,
        "city": "Roma",
        "country": "Italia",
        "address": "Piazza del Campidoglio, 00186 Roma RM",
        "date": "2023-10-15 15:20",
        "id": "REF-0604",
        "groundedFromAnchor": "Basílica de Santa María la Mayor",
        "computedScore": 90,
        "h3Index": "891e80501a3ffff"
      }
    },
    {
      "type": "Feature",
      "geometry": {
        "type": "Point",
        "coordinates": [
          12.484311367903778,
          41.880120379258685
        ]
      },
      "properties": {
        "name": "Giardino degli Aranci",
        "title": "Parque del Aventino con vistas panorámicas",
        "category": "naturaleza",
        "latitude": 41.880120379258685,
        "longitude": 12.484311367903778,
        "city": "Roma",
        "country": "Italia",
        "address": "Piazza Pietro D'Illiria, 00153 Roma RM",
        "date": "2023-10-15 17:10",
        "id": "REF-0605",
        "groundedFromAnchor": "Basílica de Santa María la Mayor",
        "computedScore": 97,
        "h3Index": "891e805013bffff"
      }
    },
    {
      "type": "Feature",
      "geometry": {
        "type": "Point",
        "coordinates": [
          12.48323174194923,
          41.88558024405203
        ]
      },
      "properties": {
        "name": "Basilica di Santa Sabina",
        "title": "Antica Basilica Paleocristiana",
        "category": "monumento",
        "latitude": 41.88558024405203,
        "longitude": 12.48323174194923,
        "city": "Roma",
        "country": "Italia",
        "address": "Piazza Pietro d'Illiria, 1, 00153 Roma RM",
        "date": "2023-10-14 10:30",
        "id": "REF-0606",
        "computedScore": 209,
        "h3Index": "891e80501abffff"
      }
    },
    {
      "type": "Feature",
      "geometry": {
        "type": "Point",
        "coordinates": [
          12.48586304243266,
          41.88879081835477
        ]
      },
      "properties": {
        "name": "Belvedere Romolo e Remo",
        "title": "Mirador del Circo Maximo",
        "category": "monumento",
        "latitude": 41.88879081835477,
        "longitude": 12.48586304243266,
        "city": "Roma",
        "country": "Italia",
        "address": "Via del Circo Massimo, 00186 Roma RM",
        "date": "2023-10-14 11:45",
        "id": "REF-0607",
        "computedScore": 186,
        "h3Index": "891e80501a3ffff"
      }
    },
    {
      "type": "Feature",
      "geometry": {
        "type": "Point",
        "coordinates": [
          12.486446501851406,
          41.8830111293467
        ]
      },
      "properties": {
        "name": "Osteria da Benito",
        "title": "Taberna Tradicional Romana",
        "category": "restaurante",
        "latitude": 41.8830111293467,
        "longitude": 12.486446501851406,
        "city": "Roma",
        "country": "Italia",
        "address": "Via di San Saba, 24, 00153 Roma RM",
        "date": "2023-10-14 13:15",
        "id": "REF-0608",
        "computedScore": 144,
        "h3Index": "891e8050133ffff"
      }
    },
    {
      "type": "Feature",
      "geometry": {
        "type": "Point",
        "coordinates": [
          12.48867212806131,
          41.88062360805078
        ]
      },
      "properties": {
        "name": "Parco di Porta Capena",
        "title": "Zona Verde de San Saba",
        "category": "naturaleza",
        "latitude": 41.88062360805078,
        "longitude": 12.48867212806131,
        "city": "Roma",
        "country": "Italia",
        "address": "Viale Giotto, 00153 Roma RM",
        "date": "2023-10-14 16:00",
        "id": "REF-0609",
        "computedScore": 222,
        "h3Index": "891e8050123ffff"
      }
    },
    {
      "type": "Feature",
      "geometry": {
        "type": "Point",
        "coordinates": [
          12.476841053474454,
          41.88256714753878
        ]
      },
      "properties": {
        "name": "Mercato di Porta Portese",
        "title": "Mercadillo Historico de Trastevere",
        "category": "actividad",
        "latitude": 41.88256714753878,
        "longitude": 12.476841053474454,
        "city": "Roma",
        "country": "Italia",
        "address": "Via Portuense, 00153 Roma RM",
        "date": "2023-10-15 09:15",
        "id": "REF-0610",
        "computedScore": 111,
        "h3Index": "891e8050103ffff"
      }
    },
    {
      "type": "Feature",
      "geometry": {
        "type": "Point",
        "coordinates": [
          12.489966299058516,
          41.88301034605191
        ]
      },
      "properties": {
        "name": "Circo Massimo",
        "title": "Mirador del Valle del Circo Massimo",
        "category": "monumento",
        "latitude": 41.88301034605191,
        "longitude": 12.489966299058516,
        "city": "Roma",
        "country": "Italia",
        "address": "Via del Circo Massimo, 00186 Roma RM, Italia",
        "date": "2023-10-14 11:30",
        "id": "REF-0611",
        "groundedFromAnchor": "Circo Massimo",
        "computedScore": 92,
        "h3Index": "891e8050137ffff"
      }
    },
    {
      "type": "Feature",
      "geometry": {
        "type": "Point",
        "coordinates": [
          12.492806417678784,
          41.8810867110776
        ]
      },
      "properties": {
        "name": "Terme di Caracalla",
        "title": "Yacimiento Arqueológico Termas de Caracalla",
        "category": "monumento",
        "latitude": 41.8810867110776,
        "longitude": 12.492806417678784,
        "city": "Roma",
        "country": "Italia",
        "address": "Viale delle Terme di Caracalla, 52, 00153 Roma RM, Italia",
        "date": "2023-10-14 12:15",
        "id": "REF-0612",
        "groundedFromAnchor": "Terme di Caracalla",
        "computedScore": 90,
        "h3Index": "891e8050127ffff"
      }
    },
    {
      "type": "Feature",
      "geometry": {
        "type": "Point",
        "coordinates": [
          12.487478722266074,
          41.88617080453454
        ]
      },
      "properties": {
        "name": "Basilica di San Gregorio Magno al Celio",
        "title": "Fachada Barroca de San Gregorio Magno",
        "category": "monumento",
        "latitude": 41.88617080453454,
        "longitude": 12.487478722266074,
        "city": "Roma",
        "country": "Italia",
        "address": "Piazza di San Gregorio, 1, 00184 Roma RM, Italia",
        "date": "2023-10-14 14:00",
        "id": "REF-0613",
        "groundedFromAnchor": "San Gregorio Magno al Celio",
        "computedScore": 85,
        "h3Index": "891e80501afffff"
      }
    },
    {
      "type": "Feature",
      "geometry": {
        "type": "Point",
        "coordinates": [
          12.480812795105312,
          41.88820860339186
        ]
      },
      "properties": {
        "name": "Basilica di Santa Maria in Cosmedin",
        "title": "Pórtico de la Bocca della Verità",
        "category": "monumento",
        "latitude": 41.88820860339186,
        "longitude": 12.480812795105312,
        "city": "Roma",
        "country": "Italia",
        "address": "Piazza della Bocca della Verità, 18, 00186 Roma RM, Italia",
        "date": "2023-10-14 15:20",
        "id": "REF-0614",
        "groundedFromAnchor": "Bocca della Verita",
        "computedScore": 86,
        "h3Index": "891e80501bbffff"
      }
    },
    {
      "type": "Feature",
      "geometry": {
        "type": "Point",
        "coordinates": [
          12.481245064353233,
          41.88280400901716
        ]
      },
      "properties": {
        "name": "Giardino degli Aranci",
        "title": "Terraza Panorámica del Monte Aventino",
        "category": "naturaleza",
        "latitude": 41.88280400901716,
        "longitude": 12.481245064353233,
        "city": "Roma",
        "country": "Italia",
        "address": "Piazza Pietro D'Illiria, 00153 Roma RM, Italia",
        "date": "2023-10-14 16:45",
        "id": "REF-0615",
        "groundedFromAnchor": "Giardino degli Aranci",
        "computedScore": 97,
        "h3Index": "891e8050107ffff"
      }
    },
    {
      "type": "Feature",
      "geometry": {
        "type": "Point",
        "coordinates": [
          12.479682653975285,
          41.88572835502192
        ]
      },
      "properties": {
        "name": "Basilica di Santa Maria in Trastevere",
        "title": "Fachada principal y mosaicos bizantinos",
        "category": "monumento",
        "latitude": 41.88572835502192,
        "longitude": 12.479682653975285,
        "city": "Roma",
        "country": "Italia",
        "address": "Piazza di Santa Maria in Trastevere, 00153 Roma RM",
        "date": "2023-10-12 14:15",
        "id": "REF-0616",
        "computedScore": 86,
        "h3Index": "891e8050117ffff"
      }
    },
    {
      "type": "Feature",
      "geometry": {
        "type": "Point",
        "coordinates": [
          12.483878998594497,
          41.88014345849959
        ]
      },
      "properties": {
        "name": "Giardino degli Aranci",
        "title": "Mirador del Parco Savello en el Aventino",
        "category": "naturaleza",
        "latitude": 41.88014345849959,
        "longitude": 12.483878998594497,
        "city": "Roma",
        "country": "Italia",
        "address": "Piazza Pietro d'Illiria, 00153 Roma RM",
        "date": "2023-10-12 15:30",
        "id": "REF-0617",
        "computedScore": 97,
        "h3Index": "891e805013bffff"
      }
    },
    {
      "type": "Feature",
      "geometry": {
        "type": "Point",
        "coordinates": [
          12.490181246347554,
          41.88348142138384
        ]
      },
      "properties": {
        "name": "Terme di Caracalla",
        "title": "Restos arqueológicos del complejo termal",
        "category": "monumento",
        "latitude": 41.88348142138384,
        "longitude": 12.490181246347554,
        "city": "Roma",
        "country": "Italia",
        "address": "Viale delle Terme di Caracalla, 52, 00153 Roma RM",
        "date": "2023-10-12 16:45",
        "id": "REF-0618",
        "computedScore": 91,
        "h3Index": "891e8050137ffff"
      }
    },
    {
      "type": "Feature",
      "geometry": {
        "type": "Point",
        "coordinates": [
          12.481440410754535,
          41.888527768256125
        ]
      },
      "properties": {
        "name": "Tempio di Portuno",
        "title": "Templo romano en la Piazza Bocca della Verità",
        "category": "monumento",
        "latitude": 41.888527768256125,
        "longitude": 12.481440410754535,
        "city": "Roma",
        "country": "Italia",
        "address": "Piazza della Bocca della Verità, 16, 00186 Roma RM",
        "date": "2023-10-12 11:20",
        "id": "REF-0619",
        "computedScore": 85,
        "h3Index": "891e80501bbffff"
      }
    },
    {
      "type": "Feature",
      "geometry": {
        "type": "Point",
        "coordinates": [
          12.48383255610984,
          41.8805251512948
        ]
      },
      "properties": {
        "name": "Basilica di Santa Sabina",
        "title": "Atrio y portal paleocristiano de Santa Sabina",
        "category": "monumento",
        "latitude": 41.8805251512948,
        "longitude": 12.48383255610984,
        "city": "Roma",
        "country": "Italia",
        "address": "Piazza Pietro d'Illiria, 1, 00153 Roma RM",
        "date": "2023-10-12 13:00",
        "id": "REF-0620",
        "computedScore": 87,
        "h3Index": "891e805013bffff"
      }
    },
    {
      "type": "Feature",
      "geometry": {
        "type": "Point",
        "coordinates": [
          12.48393037499385,
          41.88555059383214
        ]
      },
      "properties": {
        "name": "Bocca della Verità",
        "title": "Máscara de mármol antigua",
        "category": "monumento",
        "latitude": 41.88555059383214,
        "longitude": 12.48393037499385,
        "city": "Roma",
        "country": "Italia",
        "address": "Piazza della Bocca della Verità, 18, 00186 Roma RM",
        "date": "2023-10-12 10:30",
        "id": "REF-0621",
        "computedScore": 89,
        "h3Index": "891e80501abffff"
      }
    },
    {
      "type": "Feature",
      "geometry": {
        "type": "Point",
        "coordinates": [
          12.485626184260937,
          41.88364911832351
        ]
      },
      "properties": {
        "name": "Giardino degli Aranci",
        "title": "Mirador del Monte Aventino",
        "category": "naturaleza",
        "latitude": 41.88364911832351,
        "longitude": 12.485626184260937,
        "city": "Roma",
        "country": "Italia",
        "address": "Piazza Pietro D'Illiria, 00153 Roma RM",
        "date": "2023-10-12 11:45",
        "id": "REF-0622",
        "computedScore": 97,
        "h3Index": "891e8050133ffff"
      }
    },
    {
      "type": "Feature",
      "geometry": {
        "type": "Point",
        "coordinates": [
          12.485848285236788,
          41.888473813769664
        ]
      },
      "properties": {
        "name": "Teatro di Marcello",
        "title": "Antiguo teatro romano",
        "category": "monumento",
        "latitude": 41.888473813769664,
        "longitude": 12.485848285236788,
        "city": "Roma",
        "country": "Italia",
        "address": "Via del Teatro di Marcello, 00186 Roma RM",
        "date": "2023-10-12 14:15",
        "id": "REF-0623",
        "computedScore": 86,
        "h3Index": "891e80501a3ffff"
      }
    },
    {
      "type": "Feature",
      "geometry": {
        "type": "Point",
        "coordinates": [
          12.481125274774397,
          41.88295334070764
        ]
      },
      "properties": {
        "name": "Trattoria Da Enzo al 29",
        "title": "Trattoria tradicional romana",
        "category": "restaurante",
        "latitude": 41.88295334070764,
        "longitude": 12.481125274774397,
        "city": "Roma",
        "country": "Italia",
        "address": "Via dei Vascellari, 29, 00153 Roma RM",
        "date": "2023-10-12 13:00",
        "id": "REF-0624",
        "computedScore": 84,
        "h3Index": "891e8050107ffff"
      }
    },
    {
      "type": "Feature",
      "geometry": {
        "type": "Point",
        "coordinates": [
          12.49308823495984,
          41.88072962615303
        ]
      },
      "properties": {
        "name": "Circo Massimo",
        "title": "Antiguo estadio de carreras de cuadrigas",
        "category": "monumento",
        "latitude": 41.88072962615303,
        "longitude": 12.49308823495984,
        "city": "Roma",
        "country": "Italia",
        "address": "Via del Circo Massimo, 00186 Roma RM",
        "date": "2023-10-12 16:20",
        "id": "REF-0625",
        "computedScore": 94,
        "h3Index": "891e8050127ffff"
      }
    },
    {
      "type": "Feature",
      "geometry": {
        "type": "Point",
        "coordinates": [
          12.488013802251897,
          41.88071711486571
        ]
      },
      "properties": {
        "name": "Roseto Comunale di Roma",
        "title": "Jardín público de rosas en la colina del Aventino",
        "category": "naturaleza",
        "latitude": 41.88071711486571,
        "longitude": 12.488013802251897,
        "city": "Roma",
        "country": "Italia",
        "address": "Via di Valle Murcia, 6, 00153 Roma RM, Italia",
        "date": "2023-10-15 11:30",
        "id": "REF-0626",
        "groundedFromAnchor": "Basílica de Santa María la Mayor Anchor Radius",
        "computedScore": 96,
        "h3Index": "891e8050123ffff"
      }
    },
    {
      "type": "Feature",
      "geometry": {
        "type": "Point",
        "coordinates": [
          12.481469361805186,
          41.88832579104151
        ]
      },
      "properties": {
        "name": "Basilica di Santa Maria in Ara Coeli",
        "title": "Basílica histórica en la cumbre del Campidoglio",
        "category": "monumento",
        "latitude": 41.88832579104151,
        "longitude": 12.481469361805186,
        "city": "Roma",
        "country": "Italia",
        "address": "Scala dell'Aracoeli, 12, 00186 Roma RM, Italia",
        "date": "2023-10-15 13:15",
        "id": "REF-0627",
        "groundedFromAnchor": "Basílica de Santa María la Mayor Anchor Radius",
        "computedScore": 83,
        "h3Index": "891e80501bbffff"
      }
    },
    {
      "type": "Feature",
      "geometry": {
        "type": "Point",
        "coordinates": [
          12.478886788579516,
          41.88523441994644
        ]
      },
      "properties": {
        "name": "Trattoria Da Enzo al 29",
        "title": "Restaurante tradicional en el corazón de Trastevere",
        "category": "restaurante",
        "latitude": 41.88523441994644,
        "longitude": 12.478886788579516,
        "city": "Roma",
        "country": "Italia",
        "address": "Via dei Vascellari, 29, 00153 Roma RM, Italia",
        "date": "2023-10-15 14:30",
        "id": "REF-0628",
        "groundedFromAnchor": "Basílica de Santa María la Mayor Anchor Radius",
        "computedScore": 86,
        "h3Index": "891e8050117ffff"
      }
    },
    {
      "type": "Feature",
      "geometry": {
        "type": "Point",
        "coordinates": [
          12.490161635718643,
          41.8832508852156
        ]
      },
      "properties": {
        "name": "Basilica dei Santi Giovanni e Paolo al Celio",
        "title": "Iglesia paleocristiana en la colina del Celio",
        "category": "monumento",
        "latitude": 41.8832508852156,
        "longitude": 12.490161635718643,
        "city": "Roma",
        "country": "Italia",
        "address": "Piazza dei Santi Giovanni e Paolo, 13, 00184 Roma RM, Italia",
        "date": "2023-10-15 16:10",
        "id": "REF-0629",
        "groundedFromAnchor": "Basílica de Santa María la Mayor Anchor Radius",
        "computedScore": 86,
        "h3Index": "891e8050137ffff"
      }
    },
    {
      "type": "Feature",
      "geometry": {
        "type": "Point",
        "coordinates": [
          12.486093545321488,
          41.88368355102886
        ]
      },
      "properties": {
        "name": "Arco di Costantino",
        "title": "Arco del triunfo romano monumental junto al Coliseo",
        "category": "monumento",
        "latitude": 41.88368355102886,
        "longitude": 12.486093545321488,
        "city": "Roma",
        "country": "Italia",
        "address": "Via di San Gregorio, 00184 Roma RM, Italia",
        "date": "2023-10-15 17:00",
        "id": "REF-0630",
        "groundedFromAnchor": "Basílica de Santa María la Mayor Anchor Radius",
        "computedScore": 82,
        "h3Index": "891e8050133ffff"
      }
    },
    {
      "type": "Feature",
      "geometry": {
        "type": "Point",
        "coordinates": [
          12.489979414123116,
          41.88372941139664
        ]
      },
      "properties": {
        "name": "Circo Massimo",
        "title": "Antiguo recinto de carreras de la Antigua Roma",
        "category": "monumento",
        "latitude": 41.88372941139664,
        "longitude": 12.489979414123116,
        "city": "Roma",
        "country": "Italia",
        "address": "Via del Circo Massimo, 00186 Roma RM",
        "date": "2023-10-14 11:30",
        "id": "REF-0631",
        "groundedFromAnchor": "Coliseo",
        "computedScore": 95,
        "h3Index": "891e8050137ffff"
      }
    },
    {
      "type": "Feature",
      "geometry": {
        "type": "Point",
        "coordinates": [
          12.492242356955186,
          41.88131022564174
        ]
      },
      "properties": {
        "name": "Terme di Caracalla",
        "title": "Complejo termal de la antigua Roma",
        "category": "monumento",
        "latitude": 41.88131022564174,
        "longitude": 12.492242356955186,
        "city": "Roma",
        "country": "Italia",
        "address": "Viale delle Terme di Caracalla 52, 00153 Roma RM",
        "date": "2023-10-14 14:15",
        "id": "REF-0632",
        "groundedFromAnchor": "Coliseo",
        "computedScore": 95,
        "h3Index": "891e8050127ffff"
      }
    },
    {
      "type": "Feature",
      "geometry": {
        "type": "Point",
        "coordinates": [
          12.488215858677805,
          41.88631783397028
        ]
      },
      "properties": {
        "name": "Roseto Comunale di Roma",
        "title": "Jardín público con vistas al Palatino",
        "category": "naturaleza",
        "latitude": 41.88631783397028,
        "longitude": 12.488215858677805,
        "city": "Roma",
        "country": "Italia",
        "address": "Via di Valle Murcia 6, 00153 Roma RM",
        "date": "2023-10-14 16:00",
        "id": "REF-0633",
        "groundedFromAnchor": "Foro Romano",
        "computedScore": 96,
        "h3Index": "891e80501afffff"
      }
    },
    {
      "type": "Feature",
      "geometry": {
        "type": "Point",
        "coordinates": [
          12.483220216589435,
          41.88590387597749
        ]
      },
      "properties": {
        "name": "Giardino degli Aranci",
        "title": "Parque Savello en la colina del Aventino",
        "category": "naturaleza",
        "latitude": 41.88590387597749,
        "longitude": 12.483220216589435,
        "city": "Roma",
        "country": "Italia",
        "address": "Piazza Pietro D'Illiria, 00153 Roma RM",
        "date": "2023-10-14 17:30",
        "id": "REF-0634",
        "groundedFromAnchor": "Foro Romano",
        "computedScore": 94,
        "h3Index": "891e80501abffff"
      }
    },
    {
      "type": "Feature",
      "geometry": {
        "type": "Point",
        "coordinates": [
          12.483954768595666,
          41.880698246910775
        ]
      },
      "properties": {
        "name": "Piazza dei Cavalieri di Malta",
        "title": "Plaza con la famosa cerradura con vista a San Pedro",
        "category": "monumento",
        "latitude": 41.880698246910775,
        "longitude": 12.483954768595666,
        "city": "Roma",
        "country": "Italia",
        "address": "Piazza dei Cavalieri di Malta 3, 00153 Roma RM",
        "date": "2023-10-14 18:15",
        "id": "REF-0635",
        "groundedFromAnchor": "Basílica de San Pedro",
        "computedScore": 92,
        "h3Index": "891e805013bffff"
      }
    },
    {
      "type": "Feature",
      "geometry": {
        "type": "Point",
        "coordinates": [
          12.490417519835368,
          41.88356541299431
        ]
      },
      "properties": {
        "name": "Termas de Caracalla",
        "title": "Complejo termal romano de la antigüedad",
        "category": "monumento",
        "latitude": 41.88356541299431,
        "longitude": 12.490417519835368,
        "city": "Roma",
        "country": "Italia",
        "address": "Viale delle Terme di Caracalla, 52, 00153 Roma RM",
        "date": "2023-10-14 11:30",
        "id": "REF-0636",
        "groundedFromAnchor": "Coliseo",
        "computedScore": 92,
        "h3Index": "891e8050137ffff"
      }
    },
    {
      "type": "Feature",
      "geometry": {
        "type": "Point",
        "coordinates": [
          12.485165944252962,
          41.88870046679231
        ]
      },
      "properties": {
        "name": "Roseto Comunale di Roma",
        "title": "Jardín público de rosas en la colina del Aventino",
        "category": "naturaleza",
        "latitude": 41.88870046679231,
        "longitude": 12.485165944252962,
        "city": "Roma",
        "country": "Italia",
        "address": "Via di Valle Murcia, 6, 00153 Roma RM",
        "date": "2023-05-20 16:15",
        "id": "REF-0637",
        "groundedFromAnchor": "Foro Romano",
        "computedScore": 98,
        "h3Index": "891e80501a3ffff"
      }
    },
    {
      "type": "Feature",
      "geometry": {
        "type": "Point",
        "coordinates": [
          12.492530908058235,
          41.88646578120608
        ]
      },
      "properties": {
        "name": "Trattoria da Enzo al 29",
        "title": "Restaurante tradicional en la zona de Celio / Aventino",
        "category": "restaurante",
        "latitude": 41.88646578120608,
        "longitude": 12.492530908058235,
        "city": "Roma",
        "country": "Italia",
        "address": "Via dei Vascellari, 29, 00153 Roma RM",
        "date": "2023-09-18 20:45",
        "id": "REF-0638",
        "groundedFromAnchor": "Coliseo",
        "computedScore": 85,
        "h3Index": "891e8050cdbffff"
      }
    },
    {
      "type": "Feature",
      "geometry": {
        "type": "Point",
        "coordinates": [
          12.485686451586812,
          41.88904707933873
        ]
      },
      "properties": {
        "name": "Giardino degli Aranci - Parco Savello",
        "title": "Mirador panorámico en el Aventino",
        "category": "actividad",
        "latitude": 41.88904707933873,
        "longitude": 12.485686451586812,
        "city": "Roma",
        "country": "Italia",
        "address": "Piazza Pietro D'Illiria, 00153 Roma RM",
        "date": "2023-07-11 19:10",
        "id": "REF-0639",
        "groundedFromAnchor": "Foro Romano",
        "computedScore": 96,
        "h3Index": "891e80501a3ffff"
      }
    },
    {
      "type": "Feature",
      "geometry": {
        "type": "Point",
        "coordinates": [
          12.484025427611199,
          41.880710141759984
        ]
      },
      "properties": {
        "name": "Aventino Orange Garden Suite",
        "title": "Boutique Hotel de lujo en zona residencial exclusiva",
        "category": "hotel",
        "latitude": 41.880710141759984,
        "longitude": 12.484025427611199,
        "city": "Roma",
        "country": "Italia",
        "address": "Via di Santa Sabina, 30, 00153 Roma RM",
        "date": "2023-11-05 08:20",
        "id": "REF-0640",
        "groundedFromAnchor": "Fontana di Trevi",
        "computedScore": 92,
        "h3Index": "891e805013bffff"
      }
    },
    {
      "type": "Feature",
      "geometry": {
        "type": "Point",
        "coordinates": [
          12.490233784224781,
          41.883141471662356
        ]
      },
      "properties": {
        "name": "Roseto Comunale di Roma",
        "title": "Jardín Botánico de Rosas del Aventino",
        "category": "naturaleza",
        "latitude": 41.883141471662356,
        "longitude": 12.490233784224781,
        "city": "Roma",
        "country": "Italia",
        "address": "Via di Valle Murcia, 6, 00153 Roma RM, Italia",
        "date": "2023-05-18 10:30",
        "id": "REF-0641",
        "groundedFromAnchor": "Coliseo",
        "computedScore": 98,
        "h3Index": "891e8050137ffff"
      }
    },
    {
      "type": "Feature",
      "geometry": {
        "type": "Point",
        "coordinates": [
          12.48873733198436,
          41.88070749183235
        ]
      },
      "properties": {
        "name": "Ristorante Apuleius",
        "title": "Restaurante Histórico en el Aventino",
        "category": "restaurante",
        "latitude": 41.88070749183235,
        "longitude": 12.48873733198436,
        "city": "Roma",
        "country": "Italia",
        "address": "Via del Tempio di Diana, 15, 00153 Roma RM, Italia",
        "date": "2023-09-22 20:15",
        "id": "REF-0642",
        "groundedFromAnchor": "Coliseo",
        "computedScore": 88,
        "h3Index": "891e8050123ffff"
      }
    },
    {
      "type": "Feature",
      "geometry": {
        "type": "Point",
        "coordinates": [
          12.481486319233525,
          41.88859547228011
        ]
      },
      "properties": {
        "name": "Tempio di Ercole Vincitore",
        "title": "Templo Monóptero del Foro Boario",
        "category": "monumento",
        "latitude": 41.88859547228011,
        "longitude": 12.481486319233525,
        "city": "Roma",
        "country": "Italia",
        "address": "Piazza della Bocca della Verità, 00186 Roma RM, Italia",
        "date": "2023-06-10 14:00",
        "id": "REF-0643",
        "groundedFromAnchor": "Foro Romano",
        "computedScore": 89,
        "h3Index": "891e80501bbffff"
      }
    },
    {
      "type": "Feature",
      "geometry": {
        "type": "Point",
        "coordinates": [
          12.477170652791532,
          41.88215237377659
        ]
      },
      "properties": {
        "name": "Fermata Tram Emporio",
        "title": "Estación de Tranvía y Transporte Público en Testaccio",
        "category": "transporte",
        "latitude": 41.88215237377659,
        "longitude": 12.477170652791532,
        "city": "Roma",
        "country": "Italia",
        "address": "Piazzale Emporio, 00153 Roma RM, Italia",
        "date": "2023-10-05 08:45",
        "id": "REF-0644",
        "groundedFromAnchor": "Panteón de Agripa",
        "computedScore": 85,
        "h3Index": "891e8050103ffff"
      }
    },
    {
      "type": "Feature",
      "geometry": {
        "type": "Point",
        "coordinates": [
          12.485517348293515,
          41.88912654761448
        ]
      },
      "properties": {
        "name": "Arco di Tito",
        "title": "Arco Triumfal en la Vía Sacra del Palatino",
        "category": "monumento",
        "latitude": 41.88912654761448,
        "longitude": 12.485517348293515,
        "city": "Roma",
        "country": "Italia",
        "address": "Via Sacra, 00186 Roma RM, Italia",
        "date": "2023-11-12 16:10",
        "id": "REF-0645",
        "groundedFromAnchor": "Foro Romano",
        "computedScore": 89,
        "h3Index": "891e80501a3ffff"
      }
    },
    {
      "type": "Feature",
      "geometry": {
        "type": "Point",
        "coordinates": [
          12.487931225621011,
          41.886470638713696
        ]
      },
      "properties": {
        "name": "Roseto Comunale di Roma",
        "title": "Jardín público de rosas en la colina del Aventino",
        "category": "naturaleza",
        "latitude": 41.886470638713696,
        "longitude": 12.487931225621011,
        "city": "Roma",
        "country": "Italia",
        "address": "Via di Valle Murcia, 6, 00153 Roma RM, Italia",
        "date": "2023-10-14 16:35",
        "id": "REF-0646",
        "groundedFromAnchor": "Coliseo",
        "computedScore": 96,
        "h3Index": "891e80501afffff"
      }
    },
    {
      "type": "Feature",
      "geometry": {
        "type": "Point",
        "coordinates": [
          12.483911624509865,
          41.88623080958472
        ]
      },
      "properties": {
        "name": "Giardino degli Aranci - Parco Savello",
        "title": "Mirador del Parque Savello en el Aventino",
        "category": "naturaleza",
        "latitude": 41.88623080958472,
        "longitude": 12.483911624509865,
        "city": "Roma",
        "country": "Italia",
        "address": "Piazza Pietro D'Illiria, 00153 Roma RM, Italia",
        "date": "2023-10-14 16:50",
        "id": "REF-0647",
        "groundedFromAnchor": "Foro Romano",
        "computedScore": 98,
        "h3Index": "891e80501abffff"
      }
    },
    {
      "type": "Feature",
      "geometry": {
        "type": "Point",
        "coordinates": [
          12.486033171037516,
          41.88287248884967
        ]
      },
      "properties": {
        "name": "Termas de Caracalla",
        "title": "Antiguo complejo termal de la Roma Imperial",
        "category": "monumento",
        "latitude": 41.88287248884967,
        "longitude": 12.486033171037516,
        "city": "Roma",
        "country": "Italia",
        "address": "Viale delle Terme di Caracalla, 52, 00153 Roma RM, Italia",
        "date": "2023-10-14 17:15",
        "id": "REF-0648",
        "groundedFromAnchor": "Coliseo",
        "computedScore": 91,
        "h3Index": "891e8050133ffff"
      }
    },
    {
      "type": "Feature",
      "geometry": {
        "type": "Point",
        "coordinates": [
          12.491918793499526,
          41.886387928907524
        ]
      },
      "properties": {
        "name": "Basilica dei Santi Giovanni e Paolo",
        "title": "Basílica paleocristiana en la colina del Celio",
        "category": "monumento",
        "latitude": 41.886387928907524,
        "longitude": 12.491918793499526,
        "city": "Roma",
        "country": "Italia",
        "address": "Clivo di Scauro, 00184 Roma RM, Italia",
        "date": "2023-10-14 17:30",
        "id": "REF-0649",
        "groundedFromAnchor": "Coliseo",
        "computedScore": 85,
        "h3Index": "891e8050cdbffff"
      }
    },
    {
      "type": "Feature",
      "geometry": {
        "type": "Point",
        "coordinates": [
          12.487511191854647,
          41.88585983473979
        ]
      },
      "properties": {
        "name": "Mirador Belvedere Romolo e Remo",
        "title": "Vistas panorámicas sobre el Circo Máximo",
        "category": "actividad",
        "latitude": 41.88585983473979,
        "longitude": 12.487511191854647,
        "city": "Roma",
        "country": "Italia",
        "address": "Via del Circo Massimo, 00153 Roma RM, Italia",
        "date": "2023-10-14 17:45",
        "id": "REF-0650",
        "groundedFromAnchor": "Coliseo",
        "computedScore": 93,
        "h3Index": "891e80501afffff"
      }
    },
    {
      "type": "Feature",
      "geometry": {
        "type": "Point",
        "coordinates": [
          12.4927329083747,
          41.88653210194392
        ]
      },
      "properties": {
        "name": "Chiesa di San Gregorio Magno al Celio",
        "title": "Iglesia barroca en la ladera del Celio",
        "category": "monumento",
        "latitude": 41.88653210194392,
        "longitude": 12.4927329083747,
        "city": "Roma",
        "country": "Italia",
        "address": "Piazza di San Gregorio, 1, 00184 Roma RM",
        "date": "2023-10-14 11:30",
        "id": "REF-0651",
        "groundedFromAnchor": "Coliseo",
        "computedScore": 95,
        "h3Index": "891e8050cdbffff"
      }
    },
    {
      "type": "Feature",
      "geometry": {
        "type": "Point",
        "coordinates": [
          12.481051526808352,
          41.888535891062695
        ]
      },
      "properties": {
        "name": "Roseto Comunale di Roma",
        "title": "Jardín público de rosas en el Circo Massimo",
        "category": "naturaleza",
        "latitude": 41.888535891062695,
        "longitude": 12.481051526808352,
        "city": "Roma",
        "country": "Italia",
        "address": "Via dei Cerchi, 6, 00186 Roma RM",
        "date": "2023-10-14 14:15",
        "id": "REF-0652",
        "groundedFromAnchor": "Foro Romano",
        "computedScore": 97,
        "h3Index": "891e80501bbffff"
      }
    },
    {
      "type": "Feature",
      "geometry": {
        "type": "Point",
        "coordinates": [
          12.477252294128583,
          41.88281864965827
        ]
      },
      "properties": {
        "name": "Giardino degli Aranci - Parco Savello",
        "title": "Mirador en el monte Aventino",
        "category": "naturaleza",
        "latitude": 41.88281864965827,
        "longitude": 12.477252294128583,
        "city": "Roma",
        "country": "Italia",
        "address": "Piazza Pietro D'Illiria, 00153 Roma RM",
        "date": "2023-10-14 16:45",
        "id": "REF-0653",
        "groundedFromAnchor": "Foro Romano",
        "computedScore": 95,
        "h3Index": "891e8050103ffff"
      }
    },
    {
      "type": "Feature",
      "geometry": {
        "type": "Point",
        "coordinates": [
          12.477041308988152,
          41.882308768323576
        ]
      },
      "properties": {
        "name": "Basilica di Santa Sabina all'Aventino",
        "title": "Basílica paleocristiana del siglo V",
        "category": "monumento",
        "latitude": 41.882308768323576,
        "longitude": 12.477041308988152,
        "city": "Roma",
        "country": "Italia",
        "address": "Piazza Pietro D'Illiria, 1, 00153 Roma RM",
        "date": "2023-10-14 17:10",
        "id": "REF-0654",
        "groundedFromAnchor": "Foro Romano",
        "computedScore": 92,
        "h3Index": "891e8050103ffff"
      }
    },
    {
      "type": "Feature",
      "geometry": {
        "type": "Point",
        "coordinates": [
          12.487715847887678,
          41.885868068725415
        ]
      },
      "properties": {
        "name": "Terme di Caracalla",
        "title": "Restos arqueológicos de las termas imperiales",
        "category": "monumento",
        "latitude": 41.885868068725415,
        "longitude": 12.487715847887678,
        "city": "Roma",
        "country": "Italia",
        "address": "Viale delle Terme di Caracalla, 52, 00153 Roma RM",
        "date": "2023-10-14 10:00",
        "id": "REF-0655",
        "groundedFromAnchor": "Coliseo",
        "computedScore": 95,
        "h3Index": "891e80501afffff"
      }
    },
    {
      "type": "Feature",
      "geometry": {
        "type": "Point",
        "coordinates": [
          12.488471020596801,
          41.881061052548404
        ]
      },
      "properties": {
        "name": "Terme di Caracalla",
        "title": "Ruinas Arqueológicas de las Termas de Caracalla",
        "category": "monumento",
        "latitude": 41.881061052548404,
        "longitude": 12.488471020596801,
        "city": "Roma",
        "country": "Italia",
        "address": "Viale delle Terme di Caracalla 52, 00153 Roma",
        "date": "2023-10-15 10:30",
        "id": "REF-0656",
        "groundedFromAnchor": "Coliseo",
        "computedScore": 93,
        "h3Index": "891e8050123ffff"
      }
    },
    {
      "type": "Feature",
      "geometry": {
        "type": "Point",
        "coordinates": [
          12.479236853128208,
          41.88546814943697
        ]
      },
      "properties": {
        "name": "Basilica di Santa Sabina",
        "title": "Iglesia Paleocristiana en la Colina del Aventino",
        "category": "monumento",
        "latitude": 41.88546814943697,
        "longitude": 12.479236853128208,
        "city": "Roma",
        "country": "Italia",
        "address": "Piazza Pietro d'Illiria 1, 00153 Roma",
        "date": "2023-10-15 12:15",
        "id": "REF-0657",
        "groundedFromAnchor": "Foro Romano",
        "computedScore": 93,
        "h3Index": "891e8050117ffff"
      }
    },
    {
      "type": "Feature",
      "geometry": {
        "type": "Point",
        "coordinates": [
          12.479219734320885,
          41.88586310536922
        ]
      },
      "properties": {
        "name": "Giardino degli Aranci",
        "title": "Mirador del Parque Savello en el Aventino",
        "category": "naturaleza",
        "latitude": 41.88586310536922,
        "longitude": 12.479219734320885,
        "city": "Roma",
        "country": "Italia",
        "address": "Piazza Pietro d'Illiria, 00153 Roma",
        "date": "2023-10-15 14:00",
        "id": "REF-0658",
        "groundedFromAnchor": "Foro Romano",
        "computedScore": 98,
        "h3Index": "891e8050117ffff"
      }
    },
    {
      "type": "Feature",
      "geometry": {
        "type": "Point",
        "coordinates": [
          12.484366892200336,
          41.880069466350754
        ]
      },
      "properties": {
        "name": "Trattoria da Enzo al 29",
        "title": "Restaurante Tradicional Romand en Trastevere",
        "category": "restaurante",
        "latitude": 41.880069466350754,
        "longitude": 12.484366892200336,
        "city": "Roma",
        "country": "Italia",
        "address": "Via dei Vascellari 29, 00153 Roma",
        "date": "2023-10-15 19:30",
        "id": "REF-0659",
        "groundedFromAnchor": "Foro Romano",
        "computedScore": 82,
        "h3Index": "891e805013bffff"
      }
    },
    {
      "type": "Feature",
      "geometry": {
        "type": "Point",
        "coordinates": [
          12.490618413625034,
          41.88342181168367
        ]
      },
      "properties": {
        "name": "Villa Celimontana",
        "title": "Jardines Públicos e Históricos de Celio",
        "category": "naturaleza",
        "latitude": 41.88342181168367,
        "longitude": 12.490618413625034,
        "city": "Roma",
        "country": "Italia",
        "address": "Piazza di SS. Giovanni e Paolo, 00184 Roma",
        "date": "2023-10-15 16:45",
        "id": "REF-0660",
        "groundedFromAnchor": "Coliseo",
        "computedScore": 95,
        "h3Index": "891e8050137ffff"
      }
    },
    {
      "type": "Feature",
      "geometry": {
        "type": "Point",
        "coordinates": [
          12.480841933911947,
          41.88849144904384
        ]
      },
      "properties": {
        "name": "Roseto Comunale di Roma",
        "title": "Rosal histórico en la colina del Aventino",
        "category": "naturaleza",
        "latitude": 41.88849144904384,
        "longitude": 12.480841933911947,
        "city": "Roma",
        "country": "Italia",
        "address": "Clivo dei Publicii, 3, 00153 Roma RM",
        "date": "2023-10-15 11:30",
        "id": "REF-0661",
        "groundedFromAnchor": "Coliseo",
        "computedScore": 95,
        "h3Index": "891e80501bbffff"
      }
    },
    {
      "type": "Feature",
      "geometry": {
        "type": "Point",
        "coordinates": [
          12.485502948895588,
          41.88340706382898
        ]
      },
      "properties": {
        "name": "Termas de Caracalla",
        "title": "Antiguo complejo termal de la Roma Imperial",
        "category": "monumento",
        "latitude": 41.88340706382898,
        "longitude": 12.485502948895588,
        "city": "Roma",
        "country": "Italia",
        "address": "Viale delle Terme di Caracalla, 52, 00153 Roma RM",
        "date": "2023-10-15 12:45",
        "id": "REF-0662",
        "groundedFromAnchor": "Foro Romano",
        "computedScore": 94,
        "h3Index": "891e8050133ffff"
      }
    },
    {
      "type": "Feature",
      "geometry": {
        "type": "Point",
        "coordinates": [
          12.492053066038126,
          41.88669010439668
        ]
      },
      "properties": {
        "name": "Jardines de Villa Celimontana",
        "title": "Parque histórico público en el monte Celio",
        "category": "naturaleza",
        "latitude": 41.88669010439668,
        "longitude": 12.492053066038126,
        "city": "Roma",
        "country": "Italia",
        "address": "Via della Navicella, 12, 00184 Roma RM",
        "date": "2023-10-15 14:15",
        "id": "REF-0663",
        "groundedFromAnchor": "Coliseo",
        "computedScore": 95,
        "h3Index": "891e8050cdbffff"
      }
    },
    {
      "type": "Feature",
      "geometry": {
        "type": "Point",
        "coordinates": [
          12.487586049318823,
          41.88565413194048
        ]
      },
      "properties": {
        "name": "Trattoria da Enzo al Baccelli",
        "title": "Restaurante de cocina tradicional romana",
        "category": "restaurante",
        "latitude": 41.88565413194048,
        "longitude": 12.487586049318823,
        "city": "Roma",
        "country": "Italia",
        "address": "Viale Guido Baccelli, 14, 00153 Roma RM",
        "date": "2023-10-15 15:00",
        "id": "REF-0664",
        "groundedFromAnchor": "Foro Romano",
        "computedScore": 84,
        "h3Index": "891e80501afffff"
      }
    },
    {
      "type": "Feature",
      "geometry": {
        "type": "Point",
        "coordinates": [
          12.480964451051678,
          41.88868174779805
        ]
      },
      "properties": {
        "name": "Giardino degli Aranci (Parco Savello)",
        "title": "Mirador panorámico con jardín de naranjos",
        "category": "actividad",
        "latitude": 41.88868174779805,
        "longitude": 12.480964451051678,
        "city": "Roma",
        "country": "Italia",
        "address": "Piazza Pietro D'Illiria, 2, 00153 Roma RM",
        "date": "2023-10-15 16:30",
        "id": "REF-0665",
        "groundedFromAnchor": "Basílica de San Pedro",
        "computedScore": 97,
        "h3Index": "891e80501bbffff"
      }
    },
    {
      "type": "Feature",
      "geometry": {
        "type": "Point",
        "coordinates": [
          12.488145279774026,
          41.88082651402468
        ]
      },
      "properties": {
        "name": "Terme di Caracalla",
        "title": "Complejo termal monumental de la antigua Roma",
        "category": "monumento",
        "latitude": 41.88082651402468,
        "longitude": 12.488145279774026,
        "city": "Roma",
        "country": "Italia",
        "address": "Viale delle Terme di Caracalla, 52, 00153 Roma RM",
        "date": "2023-10-15 11:30",
        "id": "REF-0666",
        "groundedFromAnchor": "Coliseo",
        "computedScore": 96,
        "h3Index": "891e8050123ffff"
      }
    },
    {
      "type": "Feature",
      "geometry": {
        "type": "Point",
        "coordinates": [
          12.483935650828242,
          41.880000106275325
        ]
      },
      "properties": {
        "name": "Boutique Hotel Villa San Anselmo",
        "title": "Hotel con jardín en la colina del Aventino",
        "category": "hotel",
        "latitude": 41.880000106275325,
        "longitude": 12.483935650828242,
        "city": "Roma",
        "country": "Italia",
        "address": "Piazza Albania, 12, 00153 Roma RM",
        "date": "2023-10-15 12:15",
        "id": "REF-0667",
        "groundedFromAnchor": "Foro Romano",
        "computedScore": 91,
        "h3Index": "891e805013bffff"
      }
    },
    {
      "type": "Feature",
      "geometry": {
        "type": "Point",
        "coordinates": [
          12.477400808945617,
          41.88241769102345
        ]
      },
      "properties": {
        "name": "Felice a Testaccio",
        "title": "Restaurante tradicional de gastronomía romana",
        "category": "restaurante",
        "latitude": 41.88241769102345,
        "longitude": 12.477400808945617,
        "city": "Roma",
        "country": "Italia",
        "address": "Via Mastro Giorgio, 29, 00153 Roma RM",
        "date": "2023-10-15 13:45",
        "id": "REF-0668",
        "groundedFromAnchor": "Panteón de Agripa",
        "computedScore": 87,
        "h3Index": "891e8050103ffff"
      }
    },
    {
      "type": "Feature",
      "geometry": {
        "type": "Point",
        "coordinates": [
          12.476749266648694,
          41.88251378044807
        ]
      },
      "properties": {
        "name": "Parada de Autobús Lungotevere Testaccio",
        "title": "Parada de transporte público junto al río Tíber",
        "category": "transporte",
        "latitude": 41.88251378044807,
        "longitude": 12.476749266648694,
        "city": "Roma",
        "country": "Italia",
        "address": "Lungotevere Testaccio, 18, 00153 Roma RM",
        "date": "2023-10-15 14:20",
        "id": "REF-0669",
        "groundedFromAnchor": "Castillo Sant'Angelo",
        "computedScore": 90,
        "h3Index": "891e8050103ffff"
      }
    },
    {
      "type": "Feature",
      "geometry": {
        "type": "Point",
        "coordinates": [
          12.492248413448147,
          41.88670777524447
        ]
      },
      "properties": {
        "name": "Roseto Comunale di Roma",
        "title": "Jardín botánico público de rosas en el Aventino",
        "category": "naturaleza",
        "latitude": 41.88670777524447,
        "longitude": 12.492248413448147,
        "city": "Roma",
        "country": "Italia",
        "address": "Via Clivo dei Publicii, 3, 00153 Roma RM",
        "date": "2023-10-15 16:00",
        "id": "REF-0670",
        "groundedFromAnchor": "Coliseo",
        "computedScore": 97,
        "h3Index": "891e8050cdbffff"
      }
    }
  ]
}