{
  "type": "FeatureCollection",
  "features": [
    {
      "type": "Feature",
      "geometry": {
        "type": "Point",
        "coordinates": [
          12.492528875235404,
          41.89055122261966
        ]
      },
      "properties": {
        "id": "REF-0001",
        "coordinates": {
          "lat": 41.89055122261966,
          "lng": 12.492528875235404,
          "corner": "NorthEast"
        },
        "timestamp": "2023-05-14T08:22:10Z",
        "lighting": {
          "sunPosition": "Low East",
          "shadowDirection": "West",
          "shadowLength": "Long",
          "description": "Early morning sunlight casting long shadows through the travertine arches"
        },
        "microPhysiognomy": {
          "aerialCables": "None visible",
          "shutterStyle": "N/A",
          "treeType": "Pinus pinea",
          "graffiti": "None visible",
          "terrain": "Sampietrini cobblestones",
          "urbanElements": {
            "furniture": "Metal crowd control barriers",
            "vegetationScore": 1.5,
            "architectureStyle": "Ancient Roman Flavian Architecture"
          },
          "temporalWindow": "Morning"
        },
        "ocr": {
          "detectedText": [
            "ENTRANCE",
            "TICKETS"
          ],
          "confidence": 0.95,
          "rapidFuzzScore": 92
        },
        "exif": {
          "fStop": "f/8.0",
          "iso": 200,
          "shutterSpeed": "1/500",
          "focalLength": "24mm",
          "make": "Canon",
          "model": "EOS 5D Mark IV",
          "lensModel": "EF 24-70mm f/2.8L II USM",
          "dateTimeOriginal": "2023-05-14T10:22:10+02:00"
        },
        "category": "Historical Landmark",
        "groundedFromAnchor": "Coliseo",
        "locationContext": "Coliseo",
        "validation": {
          "distanceFromCenter": 45.29533021319536,
          "isOutlier": false,
          "computedScore": 104,
          "issues": [],
          "h3Index": "891e8052a6bffff"
        },
        "h3Index": "891e8052a6bffff",
        "geocodingScore": 104,
        "isAnchor": true
      }
    },
    {
      "type": "Feature",
      "geometry": {
        "type": "Point",
        "coordinates": [
          12.492072936422346,
          41.89016378462073
        ]
      },
      "properties": {
        "id": "REF-0002",
        "coordinates": {
          "lat": 41.89016378462073,
          "lng": 12.492072936422346,
          "corner": "Central Arena"
        },
        "timestamp": "2023-08-20T13:15:00Z",
        "lighting": {
          "sunPosition": "Zenith",
          "shadowDirection": "Directly below",
          "shadowLength": "Minimal",
          "description": "Harsh midday summer sun over the exposed arena floor"
        },
        "microPhysiognomy": {
          "aerialCables": "Minimal sensor wiring",
          "shutterStyle": "Iron grating",
          "treeType": "Sparse weed growth on ruins",
          "graffiti": "Scratches on modern safety glass",
          "terrain": "Wooden platform and exposed hypogeum ruins",
          "urbanElements": {
            "furniture": "Wooden walkways",
            "vegetationScore": 0.5,
            "architectureStyle": "Subterranean Roman masonry"
          },
          "temporalWindow": "Midday"
        },
        "ocr": {
          "detectedText": [
            "VIETATO SCENDERE",
            "DO NOT CROSS"
          ],
          "confidence": 0.98,
          "rapidFuzzScore": 98.5
        },
        "exif": {
          "fStop": "f/11",
          "iso": 100,
          "shutterSpeed": "1/1000",
          "focalLength": "16mm",
          "make": "Sony",
          "model": "ILCE-7M3",
          "lensModel": "FE 16-35mm F4 ZA OSS",
          "dateTimeOriginal": "2023-08-20T15:15:00+02:00"
        },
        "category": "Historical Landmark",
        "groundedFromAnchor": "Coliseo",
        "locationContext": "Coliseo",
        "validation": {
          "distanceFromCenter": 13.979931718351017,
          "isOutlier": false,
          "computedScore": 92,
          "issues": [],
          "h3Index": "891e8052a6bffff"
        },
        "h3Index": "891e8052a6bffff",
        "geocodingScore": 92,
        "isAnchor": true
      }
    },
    {
      "type": "Feature",
      "geometry": {
        "type": "Point",
        "coordinates": [
          12.492568565800225,
          41.89019747926156
        ]
      },
      "properties": {
        "id": "REF-0003",
        "coordinates": {
          "lat": 41.89019747926156,
          "lng": 12.492568565800225,
          "corner": "East Gate"
        },
        "timestamp": "2023-09-10T17:45:00Z",
        "lighting": {
          "sunPosition": "Low West",
          "shadowDirection": "East",
          "shadowLength": "Very Long",
          "description": "Golden hour warm light accentuating the texture of the tuff and brickwork"
        },
        "microPhysiognomy": {
          "aerialCables": "Modern illumination wiring along arch intrados",
          "shutterStyle": "N/A",
          "treeType": "None",
          "graffiti": "Faded historical carvings",
          "terrain": "Uneven ancient stone slabs",
          "urbanElements": {
            "furniture": "LED ground spotlights",
            "vegetationScore": 0,
            "architectureStyle": "Classical Arch"
          },
          "temporalWindow": "Golden Hour"
        },
        "ocr": {
          "detectedText": [
            "ROMA PASS",
            "SCAN HERE"
          ],
          "confidence": 0.89,
          "rapidFuzzScore": 90.1
        },
        "exif": {
          "fStop": "f/4.0",
          "iso": 400,
          "shutterSpeed": "1/200",
          "focalLength": "35mm",
          "make": "Fujifilm",
          "model": "X-T4",
          "lensModel": "XF 23mm f/1.4 R",
          "dateTimeOriginal": "2023-09-10T19:45:00+02:00"
        },
        "category": "Historical Landmark",
        "groundedFromAnchor": "Coliseo",
        "locationContext": "Coliseo",
        "validation": {
          "distanceFromCenter": 28.059806379463364,
          "isOutlier": false,
          "computedScore": 81,
          "issues": [
            "Entorno botánico genérico"
          ],
          "h3Index": "891e8050cd3ffff"
        },
        "h3Index": "891e8050cd3ffff",
        "geocodingScore": 81,
        "isAnchor": false
      }
    },
    {
      "type": "Feature",
      "geometry": {
        "type": "Point",
        "coordinates": [
          12.492560756249029,
          41.89053088790466
        ]
      },
      "properties": {
        "id": "REF-0004",
        "coordinates": {
          "lat": 41.89053088790466,
          "lng": 12.492560756249029,
          "corner": "NE Pathway"
        },
        "timestamp": "2023-10-05T09:30:00Z",
        "lighting": {
          "sunPosition": "Mid East",
          "shadowDirection": "NorthWest",
          "shadowLength": "Medium",
          "description": "Clear morning light creating high contrast between inner rings"
        },
        "microPhysiognomy": {
          "aerialCables": "Suspended security cameras",
          "shutterStyle": "N/A",
          "treeType": "Cypress nearby",
          "graffiti": "Tourist markings on modern railing",
          "terrain": "Gravel and stone dust",
          "urbanElements": {
            "furniture": "Information plaque",
            "vegetationScore": 2,
            "architectureStyle": "Restored Roman arches"
          },
          "temporalWindow": "Morning"
        },
        "ocr": {
          "detectedText": [
            "ANFITEATRO FLAVIO",
            "HISTORY"
          ],
          "confidence": 0.99,
          "rapidFuzzScore": 100
        },
        "exif": {
          "fStop": "f/1.8",
          "iso": 50,
          "shutterSpeed": "1/2500",
          "focalLength": "6.8mm",
          "make": "Apple",
          "model": "iPhone 14 Pro",
          "lensModel": "Main Camera 24mm f/1.78",
          "dateTimeOriginal": "2023-10-05T11:30:00+02:00"
        },
        "category": "Historical Landmark",
        "groundedFromAnchor": "Coliseo",
        "locationContext": "Coliseo",
        "validation": {
          "distanceFromCenter": 44.97483900267481,
          "isOutlier": false,
          "computedScore": 115,
          "issues": [],
          "h3Index": "891e8052a6bffff"
        },
        "h3Index": "891e8052a6bffff",
        "geocodingScore": 115,
        "isAnchor": true
      }
    },
    {
      "type": "Feature",
      "geometry": {
        "type": "Point",
        "coordinates": [
          12.492430849617714,
          41.890224724609595
        ]
      },
      "properties": {
        "id": "REF-0005",
        "coordinates": {
          "lat": 41.890224724609595,
          "lng": 12.492430849617714,
          "corner": "Internal Corridor"
        },
        "timestamp": "2023-11-22T14:20:00Z",
        "lighting": {
          "sunPosition": "High SouthWest",
          "shadowDirection": "NorthEast",
          "shadowLength": "Medium",
          "description": "Soft overcast light filtering through external arcade windows"
        },
        "microPhysiognomy": {
          "aerialCables": "Conduit for emergency lights",
          "shutterStyle": "Metal mesh gate",
          "treeType": "None",
          "graffiti": "None visible",
          "terrain": "Modern resin walkway over ancient brick",
          "urbanElements": {
            "furniture": "Fire extinguisher box",
            "vegetationScore": 0.1,
            "architectureStyle": "Roman vaulted ceiling"
          },
          "temporalWindow": "Afternoon"
        },
        "ocr": {
          "detectedText": [
            "USCITA DI SICUREZZA",
            "EMERGENCY EXIT"
          ],
          "confidence": 0.96,
          "rapidFuzzScore": 94.8
        },
        "exif": {
          "fStop": "f/2.8",
          "iso": 800,
          "shutterSpeed": "1/60",
          "focalLength": "50mm",
          "make": "Nikon",
          "model": "Z6 II",
          "lensModel": "NIKKOR Z 50mm f/1.8 S",
          "dateTimeOriginal": "2023-11-22T15:20:00+01:00"
        },
        "category": "Historical Landmark",
        "groundedFromAnchor": "Coliseo",
        "locationContext": "Coliseo",
        "validation": {
          "distanceFromCenter": 16.706024224084516,
          "isOutlier": false,
          "computedScore": 84,
          "issues": [
            "Entorno botánico genérico"
          ],
          "h3Index": "891e8050cd3ffff"
        },
        "h3Index": "891e8050cd3ffff",
        "geocodingScore": 84,
        "isAnchor": false
      }
    },
    {
      "type": "Feature",
      "geometry": {
        "type": "Point",
        "coordinates": [
          12.49193984135124,
          41.88981673473495
        ]
      },
      "properties": {
        "id": "REF-0006",
        "coordinates": {
          "lat": 41.88981673473495,
          "lng": 12.49193984135124,
          "corner": "SouthWest Archway"
        },
        "timestamp": "2023-12-01T16:00:00Z",
        "lighting": {
          "sunPosition": "Low SouthWest",
          "shadowDirection": "NorthEast",
          "shadowLength": "Long",
          "description": "Late afternoon winter sun piercing through the lower arcades"
        },
        "microPhysiognomy": {
          "aerialCables": "None visible",
          "shutterStyle": "N/A",
          "treeType": "Olive tree in distance",
          "graffiti": "Mild vandal scratchings on lower pillars",
          "terrain": "Original travertine blocks",
          "urbanElements": {
            "furniture": "Rope stanchion",
            "vegetationScore": 1,
            "architectureStyle": "Doric order engaged columns"
          },
          "temporalWindow": "Late Afternoon"
        },
        "ocr": {
          "detectedText": [
            "AREA SOTTOPOSTA A VIDEOSORVEGLIANZA"
          ],
          "confidence": 0.85,
          "rapidFuzzScore": 88.5
        },
        "exif": {
          "fStop": "f/5.6",
          "iso": 1600,
          "shutterSpeed": "1/125",
          "focalLength": "70mm",
          "make": "Sony",
          "model": "ILCE-7RM4",
          "lensModel": "FE 24-70mm F2.8 GM",
          "dateTimeOriginal": "2023-12-01T17:00:00+01:00"
        },
        "category": "Historical Landmark",
        "groundedFromAnchor": "Coliseo",
        "locationContext": "Coliseo",
        "validation": {
          "distanceFromCenter": 49.89103617439996,
          "isOutlier": false,
          "computedScore": 95,
          "issues": [],
          "h3Index": "891e80501a7ffff"
        },
        "h3Index": "891e80501a7ffff",
        "geocodingScore": 95,
        "isAnchor": true
      }
    },
    {
      "type": "Feature",
      "geometry": {
        "type": "Point",
        "coordinates": [
          12.49214257860486,
          41.89046055144305
        ]
      },
      "properties": {
        "id": "REF-0007",
        "coordinates": {
          "lat": 41.89046055144305,
          "lng": 12.49214257860486,
          "corner": "North Inner Ring"
        },
        "timestamp": "2024-01-15T11:10:00Z",
        "lighting": {
          "sunPosition": "South",
          "shadowDirection": "North",
          "shadowLength": "Medium",
          "description": "Crisp winter midday light emphasizing the structural decay of the upper tiers"
        },
        "microPhysiognomy": {
          "aerialCables": "Bird deterrent wires",
          "shutterStyle": "N/A",
          "treeType": "Moss and lichen on stone",
          "graffiti": "None visible",
          "terrain": "Restored brick staircase",
          "urbanElements": {
            "furniture": "Handrail for tourists",
            "vegetationScore": 3,
            "architectureStyle": "Ionic and Corinthian tiers"
          },
          "temporalWindow": "Midday"
        },
        "ocr": {
          "detectedText": [
            "ATTENZIONE GRADINI"
          ],
          "confidence": 0.93,
          "rapidFuzzScore": 91.2
        },
        "exif": {
          "fStop": "f/7.1",
          "iso": 125,
          "shutterSpeed": "1/400",
          "focalLength": "105mm",
          "make": "Canon",
          "model": "EOS R5",
          "lensModel": "RF 24-105mm F4 L IS USM",
          "dateTimeOriginal": "2024-01-15T12:10:00+01:00"
        },
        "category": "Historical Landmark",
        "groundedFromAnchor": "Coliseo",
        "locationContext": "Coliseo",
        "validation": {
          "distanceFromCenter": 28.784509412558428,
          "isOutlier": false,
          "computedScore": 126,
          "issues": [],
          "h3Index": "891e8052a6bffff"
        },
        "h3Index": "891e8052a6bffff",
        "geocodingScore": 126,
        "isAnchor": true
      }
    },
    {
      "type": "Feature",
      "geometry": {
        "type": "Point",
        "coordinates": [
          12.492044198675922,
          41.89011057920613
        ]
      },
      "properties": {
        "id": "REF-0008",
        "coordinates": {
          "lat": 41.89011057920613,
          "lng": 12.492044198675922,
          "corner": "Arena Floor Center"
        },
        "timestamp": "2024-02-28T10:00:00Z",
        "lighting": {
          "sunPosition": "SouthEast",
          "shadowDirection": "NorthWest",
          "shadowLength": "Medium",
          "description": "Bright overcast diffuse lighting, eliminating harsh shadows in the hypogeum"
        },
        "microPhysiognomy": {
          "aerialCables": "None",
          "shutterStyle": "N/A",
          "treeType": "Weeds in hypogeum",
          "graffiti": "None visible",
          "terrain": "Modern arena floor stage",
          "urbanElements": {
            "furniture": "Interpretive panels",
            "vegetationScore": 0.8,
            "architectureStyle": "Flavian amphitheatre core"
          },
          "temporalWindow": "Morning"
        },
        "ocr": {
          "detectedText": [
            "HYPOGEUM",
            "GLADIATORIAL COMBAT"
          ],
          "confidence": 0.97,
          "rapidFuzzScore": 99
        },
        "exif": {
          "fStop": "f/1.7",
          "iso": 32,
          "shutterSpeed": "1/1200",
          "focalLength": "6.4mm",
          "make": "Samsung",
          "model": "SM-S918B",
          "lensModel": "Galaxy S23 Ultra Main",
          "dateTimeOriginal": "2024-02-28T11:00:00+01:00"
        },
        "category": "Historical Landmark",
        "groundedFromAnchor": "Coliseo",
        "locationContext": "Coliseo",
        "validation": {
          "distanceFromCenter": 18.94091852898618,
          "isOutlier": false,
          "computedScore": 97,
          "issues": [],
          "h3Index": "891e80501a7ffff"
        },
        "h3Index": "891e80501a7ffff",
        "geocodingScore": 97,
        "isAnchor": true
      }
    },
    {
      "type": "Feature",
      "geometry": {
        "type": "Point",
        "coordinates": [
          12.49194072421372,
          41.89016443485827
        ]
      },
      "properties": {
        "id": "REF-0009",
        "coordinates": {
          "lat": 41.89016443485827,
          "lng": 12.49194072421372,
          "corner": "West Exit"
        },
        "timestamp": "2024-03-12T15:30:00Z",
        "lighting": {
          "sunPosition": "West",
          "shadowDirection": "East",
          "shadowLength": "Long",
          "description": "Afternoon sun reflecting intensely off the western travertine facade"
        },
        "microPhysiognomy": {
          "aerialCables": "Powerline for ticketing turnstiles",
          "shutterStyle": "Sliding glass doors at exit shop",
          "treeType": "Pine trees flanking the via",
          "graffiti": "Stickers on metal poles",
          "terrain": "Asphalt meeting cobblestone",
          "urbanElements": {
            "furniture": "Turnstiles and exit gates",
            "vegetationScore": 2.2,
            "architectureStyle": "Modern functional meeting ancient ruin"
          },
          "temporalWindow": "Afternoon"
        },
        "ocr": {
          "detectedText": [
            "USCITA",
            "BOOKSHOP",
            "EXIT"
          ],
          "confidence": 0.99,
          "rapidFuzzScore": 97.5
        },
        "exif": {
          "fStop": "f/8.0",
          "iso": 100,
          "shutterSpeed": "1/320",
          "focalLength": "28mm",
          "make": "Leica",
          "model": "Q2",
          "lensModel": "Summilux 28mm f/1.7 ASPH",
          "dateTimeOriginal": "2024-03-12T16:30:00+01:00"
        },
        "category": "Historical Landmark",
        "groundedFromAnchor": "Coliseo",
        "locationContext": "Coliseo",
        "validation": {
          "distanceFromCenter": 24.475362024982687,
          "isOutlier": false,
          "computedScore": 117,
          "issues": [],
          "h3Index": "891e80501a7ffff"
        },
        "h3Index": "891e80501a7ffff",
        "geocodingScore": 117,
        "isAnchor": true
      }
    },
    {
      "type": "Feature",
      "geometry": {
        "type": "Point",
        "coordinates": [
          12.492347582176727,
          41.89025329138738
        ]
      },
      "properties": {
        "id": "REF-0010",
        "coordinates": {
          "lat": 41.89025329138738,
          "lng": 12.492347582176727,
          "corner": "East Arcade"
        },
        "timestamp": "2024-04-05T08:45:00Z",
        "lighting": {
          "sunPosition": "Low East",
          "shadowDirection": "West",
          "shadowLength": "Long",
          "description": "Morning beams illuminating the dust particles in the ancient corridors"
        },
        "microPhysiognomy": {
          "aerialCables": "Sensor mesh network cables",
          "shutterStyle": "Iron bar grilles",
          "treeType": "None visible",
          "graffiti": "19th-century traveler engravings",
          "terrain": "Compacted earth and stone fragments",
          "urbanElements": {
            "furniture": "Structural support scaffolding",
            "vegetationScore": 0.3,
            "architectureStyle": "Brick-faced concrete vaults"
          },
          "temporalWindow": "Morning"
        },
        "ocr": {
          "detectedText": [
            "PERCORSO BREVE",
            "SHORT ROUTE"
          ],
          "confidence": 0.91,
          "rapidFuzzScore": 89.4
        },
        "exif": {
          "fStop": "f/2.2",
          "iso": 640,
          "shutterSpeed": "1/100",
          "focalLength": "24mm",
          "make": "Sony",
          "model": "ZV-E10",
          "lensModel": "E 24mm F1.8 ZA",
          "dateTimeOriginal": "2024-04-05T10:45:00+02:00"
        },
        "category": "Historical Landmark",
        "groundedFromAnchor": "Coliseo",
        "locationContext": "Coliseo",
        "validation": {
          "distanceFromCenter": 10.858369845594785,
          "isOutlier": false,
          "computedScore": 85,
          "issues": [],
          "h3Index": "891e8052a6bffff"
        },
        "h3Index": "891e8052a6bffff",
        "geocodingScore": 85,
        "isAnchor": true
      }
    },
    {
      "type": "Feature",
      "geometry": {
        "type": "Point",
        "coordinates": [
          12.491986499157495,
          41.88996081600601
        ]
      },
      "properties": {
        "id": "REF-0011",
        "coordinates": {
          "lat": 41.88996081600601,
          "lng": 12.491986499157495,
          "corner": "South-West"
        },
        "timestamp": "2023-10-15T08:30:00Z",
        "lighting": {
          "sunPosition": "Low East",
          "shadowDirection": "West",
          "shadowLength": "Long",
          "description": "Early morning sunlight casting warm tones on the ancient travertine stone with deep shadows emphasizing the structural arches."
        },
        "microPhysiognomy": {
          "aerialCables": "None visible",
          "shutterStyle": "Not applicable",
          "treeType": "Pinus pinea (Stone Pine) in distance",
          "graffiti": "None",
          "terrain": "Sampietrini cobblestones and weathered stone slabs",
          "urbanElements": {
            "furniture": "Metal crowd control barriers and wooden directional signs",
            "vegetationScore": 1.5,
            "architectureStyle": "Roman Antiquity (Flavian)"
          },
          "temporalWindow": "Morning peak tourist hours"
        },
        "ocr": {
          "detectedText": [
            "BIGLIETTERIA",
            "ENTRANCE",
            "COLOSSEO"
          ],
          "confidence": 0.95,
          "rapidFuzzScore": 98.2
        },
        "exif": {
          "fStop": "f/8.0",
          "iso": 100,
          "shutterSpeed": "1/250s",
          "focalLength": "24mm",
          "make": "Canon",
          "model": "EOS 5D Mark IV",
          "lensModel": "EF24-70mm f/2.8L II USM",
          "dateTimeOriginal": "2023-10-15T08:30:00Z"
        },
        "category": "Historical Site",
        "groundedFromAnchor": "Coliseo",
        "locationContext": "Coliseo",
        "validation": {
          "distanceFromCenter": 34.263734226298006,
          "isOutlier": false,
          "computedScore": 107,
          "issues": [],
          "h3Index": "891e80501a7ffff"
        },
        "h3Index": "891e80501a7ffff",
        "geocodingScore": 107,
        "isAnchor": true
      }
    },
    {
      "type": "Feature",
      "geometry": {
        "type": "Point",
        "coordinates": [
          12.491952293101203,
          41.89015709766353
        ]
      },
      "properties": {
        "id": "REF-0012",
        "coordinates": {
          "lat": 41.89015709766353,
          "lng": 12.491952293101203,
          "corner": "West"
        },
        "timestamp": "2023-10-15T12:15:00Z",
        "lighting": {
          "sunPosition": "Zenith",
          "shadowDirection": "Directly underneath",
          "shadowLength": "Short",
          "description": "Harsh midday sunlight causing high contrast and washed-out highlights on the arena's outer walls."
        },
        "microPhysiognomy": {
          "aerialCables": "Underground routing",
          "shutterStyle": "None",
          "treeType": "Sparse low bushes",
          "graffiti": "Faint scratching on lower brickwork",
          "terrain": "Compacted dirt and gravel mix",
          "urbanElements": {
            "furniture": "Informational bronze plaques",
            "vegetationScore": 0.5,
            "architectureStyle": "Classical Roman"
          },
          "temporalWindow": "Midday high traffic"
        },
        "ocr": {
          "detectedText": [
            "ROMA CAPITALE",
            "AREA ARCHEOLOGICA",
            "NO ENTRY"
          ],
          "confidence": 0.88,
          "rapidFuzzScore": 92.5
        },
        "exif": {
          "fStop": "f/1.8",
          "iso": 50,
          "shutterSpeed": "1/2000s",
          "focalLength": "26mm",
          "make": "Apple",
          "model": "iPhone 13 Pro",
          "lensModel": "Main Camera 26mm f1.5",
          "dateTimeOriginal": "2023-10-15T12:15:00Z"
        },
        "category": "Archaeological Path",
        "groundedFromAnchor": "Coliseo",
        "locationContext": "Coliseo",
        "validation": {
          "distanceFromCenter": 23.72829633179963,
          "isOutlier": false,
          "computedScore": 90,
          "issues": [],
          "h3Index": "891e80501a7ffff"
        },
        "h3Index": "891e80501a7ffff",
        "geocodingScore": 90,
        "isAnchor": true
      }
    },
    {
      "type": "Feature",
      "geometry": {
        "type": "Point",
        "coordinates": [
          12.492516945475929,
          41.89029710770245
        ]
      },
      "properties": {
        "id": "REF-0013",
        "coordinates": {
          "lat": 41.89029710770245,
          "lng": 12.492516945475929,
          "corner": "North-East"
        },
        "timestamp": "2023-10-15T16:45:00Z",
        "lighting": {
          "sunPosition": "Mid-West",
          "shadowDirection": "East",
          "shadowLength": "Medium-Long",
          "description": "Golden hour approaching, bringing out the red hues in the exposed brick core of the amphitheater."
        },
        "microPhysiognomy": {
          "aerialCables": "None",
          "shutterStyle": "None",
          "treeType": "Mediterranean Cypress",
          "graffiti": "Cleaned stone surface",
          "terrain": "Uneven ancient block paving",
          "urbanElements": {
            "furniture": "Resting stone benches",
            "vegetationScore": 2,
            "architectureStyle": "Roman Antiquity"
          },
          "temporalWindow": "Late afternoon closing hours"
        },
        "ocr": {
          "detectedText": [
            "ANFITEATRO FLAVIO",
            "I SEC. D.C."
          ],
          "confidence": 0.97,
          "rapidFuzzScore": 100
        },
        "exif": {
          "fStop": "f/5.6",
          "iso": 200,
          "shutterSpeed": "1/500s",
          "focalLength": "50mm",
          "make": "Sony",
          "model": "ILCE-7M3",
          "lensModel": "FE 50mm F1.8",
          "dateTimeOriginal": "2023-10-15T16:45:00Z"
        },
        "category": "Cultural Heritage",
        "groundedFromAnchor": "Coliseo",
        "locationContext": "Coliseo",
        "validation": {
          "distanceFromCenter": 25.65128348250506,
          "isOutlier": false,
          "computedScore": 115,
          "issues": [],
          "h3Index": "891e8050cd3ffff"
        },
        "h3Index": "891e8050cd3ffff",
        "geocodingScore": 115,
        "isAnchor": true
      }
    },
    {
      "type": "Feature",
      "geometry": {
        "type": "Point",
        "coordinates": [
          12.492056202512831,
          41.890417333024
        ]
      },
      "properties": {
        "id": "REF-0014",
        "coordinates": {
          "lat": 41.890417333024,
          "lng": 12.492056202512831,
          "corner": "North-West"
        },
        "timestamp": "2023-10-15T19:30:00Z",
        "lighting": {
          "sunPosition": "Below horizon",
          "shadowDirection": "Multiple artificial",
          "shadowLength": "Variable",
          "description": "Twilight with strong artificial floodlights illuminating the lower arches, creating dramatic upward shadows."
        },
        "microPhysiognomy": {
          "aerialCables": "Tram wires visible in the urban background",
          "shutterStyle": "None",
          "treeType": "None",
          "graffiti": "Modern tagging on nearby utility box",
          "terrain": "Modern asphalt meeting ancient boundaries",
          "urbanElements": {
            "furniture": "Modern streetlamps and subway entrance",
            "vegetationScore": 0,
            "architectureStyle": "Urban Interface with Antiquity"
          },
          "temporalWindow": "Evening public viewing"
        },
        "ocr": {
          "detectedText": [
            "METRO B",
            "STAZIONE COLOSSEO",
            "USCITA"
          ],
          "confidence": 0.92,
          "rapidFuzzScore": 95
        },
        "exif": {
          "fStop": "f/2.8",
          "iso": 3200,
          "shutterSpeed": "1/60s",
          "focalLength": "35mm",
          "make": "Nikon",
          "model": "Z6 II",
          "lensModel": "NIKKOR Z 35mm f/1.8 S",
          "dateTimeOriginal": "2023-10-15T19:30:00Z"
        },
        "category": "Urban Periphery",
        "groundedFromAnchor": "Coliseo",
        "locationContext": "Coliseo",
        "validation": {
          "distanceFromCenter": 27.174805597716524,
          "isOutlier": false,
          "computedScore": 83,
          "issues": [
            "Entorno botánico genérico"
          ],
          "h3Index": "891e8052a6bffff"
        },
        "h3Index": "891e8052a6bffff",
        "geocodingScore": 83,
        "isAnchor": false
      }
    },
    {
      "type": "Feature",
      "geometry": {
        "type": "Point",
        "coordinates": [
          12.492562654029054,
          41.89036448969139
        ]
      },
      "properties": {
        "id": "REF-0015",
        "coordinates": {
          "lat": 41.89036448969139,
          "lng": 12.492562654029054,
          "corner": "East"
        },
        "timestamp": "2023-10-16T09:15:00Z",
        "lighting": {
          "sunPosition": "Mid-East",
          "shadowDirection": "West",
          "shadowLength": "Medium",
          "description": "Clear morning light hitting the scaffolding and restoration netting on the eastern facade."
        },
        "microPhysiognomy": {
          "aerialCables": "Temporary power cables for construction",
          "shutterStyle": "None",
          "treeType": "Weeds growing from high crevices",
          "graffiti": "None",
          "terrain": "Travertine blocks covered by wooden planks",
          "urbanElements": {
            "furniture": "Steel scaffolding and safety nets",
            "vegetationScore": 1,
            "architectureStyle": "Restoration on Antiquity"
          },
          "temporalWindow": "Active working hours"
        },
        "ocr": {
          "detectedText": [
            "LAVORI IN CORSO",
            "MINISTERO DELLA CULTURA",
            "PERICOLO"
          ],
          "confidence": 0.85,
          "rapidFuzzScore": 89.4
        },
        "exif": {
          "fStop": "f/4.0",
          "iso": 400,
          "shutterSpeed": "1/125s",
          "focalLength": "16mm",
          "make": "DJI",
          "model": "Mavic 3",
          "lensModel": "Hasselblad L2D-20c",
          "dateTimeOriginal": "2023-10-16T09:15:00Z"
        },
        "category": "Restoration Site",
        "groundedFromAnchor": "Coliseo",
        "locationContext": "Coliseo",
        "validation": {
          "distanceFromCenter": 32.454939917685444,
          "isOutlier": false,
          "computedScore": 96,
          "issues": [],
          "h3Index": "891e8052a6bffff"
        },
        "h3Index": "891e8052a6bffff",
        "geocodingScore": 96,
        "isAnchor": true
      }
    },
    {
      "type": "Feature",
      "geometry": {
        "type": "Point",
        "coordinates": [
          12.4691,
          41.8892
        ]
      },
      "properties": {
        "id": "REF-0016",
        "coordinates": {
          "lat": 41.8892,
          "lng": 12.4691,
          "corner": "NW"
        },
        "timestamp": "2023-10-15T09:45:12Z",
        "lighting": {
          "sunPosition": "ESE",
          "shadowDirection": "WNW",
          "shadowLength": "medium",
          "description": "Soft morning light illuminating travertine facades"
        },
        "microPhysiognomy": {
          "aerialCables": "moderate-messy",
          "shutterStyle": "traditional-wooden-green",
          "treeType": "mediterranean-cypress",
          "graffiti": "low-stencil",
          "terrain": "sanpietrini-cobblestone",
          "urbanElements": {
            "furniture": "cast-iron-bollards",
            "vegetationScore": 0.4,
            "architectureStyle": "renaissance-revival"
          },
          "temporalWindow": "morning"
        },
        "ocr": {
          "detectedText": [
            "VIA DELLA LUNGARETTA",
            "TRATTORIA DA ENZO",
            "APERTO"
          ],
          "confidence": 0.98,
          "rapidFuzzScore": 95
        },
        "exif": {
          "fStop": "f/1.8",
          "iso": 100,
          "shutterSpeed": "1/1000s",
          "focalLength": "26mm",
          "make": "Apple",
          "model": "iPhone 14 Pro",
          "lensModel": "Main Camera",
          "dateTimeOriginal": "2023:10:15 09:45:12"
        },
        "category": "historic-residential",
        "groundedFromAnchor": "Trastevere",
        "locationContext": "Roma",
        "validation": {
          "distanceFromCenter": 1329.9747539757977,
          "isOutlier": true,
          "computedScore": 89,
          "issues": [
            "Anomalía Geográfica (Desvío de 1330m)"
          ],
          "h3Index": "891e805019bffff"
        },
        "h3Index": "891e805019bffff",
        "geocodingScore": 89,
        "isAnchor": true
      }
    },
    {
      "type": "Feature",
      "geometry": {
        "type": "Point",
        "coordinates": [
          12.4922,
          41.8902
        ]
      },
      "properties": {
        "id": "REF-0017",
        "coordinates": {
          "lat": 41.8902,
          "lng": 12.4922,
          "corner": "SE"
        },
        "timestamp": "2023-10-15T12:00:00Z",
        "lighting": {
          "sunPosition": "Zenith",
          "shadowDirection": "Vertical",
          "shadowLength": "short",
          "description": "Harsh midday sun with minimal shadows on Colosseum walls"
        },
        "microPhysiognomy": {
          "aerialCables": "none",
          "shutterStyle": "none",
          "treeType": "stone-pine",
          "graffiti": "none",
          "terrain": "excavated-earth-and-stone",
          "urbanElements": {
            "furniture": "tourist-barriers",
            "vegetationScore": 0.2,
            "architectureStyle": "flavian-amphitheatre"
          },
          "temporalWindow": "midday"
        },
        "ocr": {
          "detectedText": [
            "COLOSSEO",
            "ENTRATA",
            "PARCO ARCHEOLOGICO"
          ],
          "confidence": 0.99,
          "rapidFuzzScore": 100
        },
        "exif": {
          "fStop": "f/8.0",
          "iso": 64,
          "shutterSpeed": "1/500s",
          "focalLength": "14mm",
          "make": "Sony",
          "model": "ILCE-7RM4",
          "lensModel": "FE 12-24mm G Master",
          "dateTimeOriginal": "2023:10:15 12:00:00"
        },
        "category": "historic-monument",
        "groundedFromAnchor": "Colosseum",
        "locationContext": "Roma",
        "validation": {
          "distanceFromCenter": 1016.064032002035,
          "isOutlier": true,
          "computedScore": 88,
          "issues": [
            "Anomalía Geográfica (Desvío de 1016m)"
          ],
          "h3Index": "891e8052a6bffff"
        },
        "h3Index": "891e8052a6bffff",
        "geocodingScore": 88,
        "isAnchor": true
      }
    },
    {
      "type": "Feature",
      "geometry": {
        "type": "Point",
        "coordinates": [
          12.4833,
          41.9009
        ]
      },
      "properties": {
        "id": "REF-0018",
        "coordinates": {
          "lat": 41.9009,
          "lng": 12.4833,
          "corner": "NE"
        },
        "timestamp": "2023-10-15T15:30:45Z",
        "lighting": {
          "sunPosition": "SW",
          "shadowDirection": "NE",
          "shadowLength": "long",
          "description": "Golden afternoon light reflecting off marble surfaces"
        },
        "microPhysiognomy": {
          "aerialCables": "underground",
          "shutterStyle": "commercial-metal-rolling",
          "treeType": "none",
          "graffiti": "none",
          "terrain": "smooth-marble-paving",
          "urbanElements": {
            "furniture": "ornate-street-lamps",
            "vegetationScore": 0.1,
            "architectureStyle": "baroque"
          },
          "temporalWindow": "afternoon"
        },
        "ocr": {
          "detectedText": [
            "FONTANA DI TREVI",
            "GELATERIA",
            "VIETATO TUFFARSI"
          ],
          "confidence": 0.97,
          "rapidFuzzScore": 92
        },
        "exif": {
          "fStop": "f/2.8",
          "iso": 200,
          "shutterSpeed": "1/250s",
          "focalLength": "35mm",
          "make": "Canon",
          "model": "EOS R6",
          "lensModel": "RF 35mm f1.8",
          "dateTimeOriginal": "2023:10:15 15:30:45"
        },
        "category": "tourist-hub",
        "groundedFromAnchor": "Trevi Fountain",
        "locationContext": "Roma",
        "validation": {
          "distanceFromCenter": 570.9464615583564,
          "isOutlier": true,
          "computedScore": 83,
          "issues": [
            "Entorno botánico genérico",
            "Anomalía Geográfica (Desvío de 571m)"
          ],
          "h3Index": "891e8052a57ffff"
        },
        "h3Index": "891e8052a57ffff",
        "geocodingScore": 83,
        "isAnchor": false
      }
    },
    {
      "type": "Feature",
      "geometry": {
        "type": "Point",
        "coordinates": [
          12.4645,
          41.9062
        ]
      },
      "properties": {
        "id": "REF-0019",
        "coordinates": {
          "lat": 41.9062,
          "lng": 12.4645,
          "corner": "SW"
        },
        "timestamp": "2023-10-15T17:15:20Z",
        "lighting": {
          "sunPosition": "W",
          "shadowDirection": "E",
          "shadowLength": "very-long",
          "description": "Deep sunset shadows across wide boulevards"
        },
        "microPhysiognomy": {
          "aerialCables": "minimal",
          "shutterStyle": "modern-shutter-boxes",
          "treeType": "london-plane",
          "graffiti": "moderate-tagging",
          "terrain": "asphalt-pavement",
          "urbanElements": {
            "furniture": "bus-stop-shelter-atac",
            "vegetationScore": 0.6,
            "architectureStyle": "umbertine"
          },
          "temporalWindow": "golden-hour"
        },
        "ocr": {
          "detectedText": [
            "VIA COLA DI RIENZO",
            "BANCA NAZIONALE",
            "COFFEE SHOP"
          ],
          "confidence": 0.95,
          "rapidFuzzScore": 88
        },
        "exif": {
          "fStop": "f/4.0",
          "iso": 400,
          "shutterSpeed": "1/60s",
          "focalLength": "50mm",
          "make": "Nikon",
          "model": "Z7II",
          "lensModel": "Nikkor Z 50mm f/1.8 S",
          "dateTimeOriginal": "2023:10:15 17:15:20"
        },
        "category": "commercial-district",
        "groundedFromAnchor": "Prati",
        "locationContext": "Roma",
        "validation": {
          "distanceFromCenter": 1885.894382112575,
          "isOutlier": true,
          "computedScore": 89,
          "issues": [
            "Anomalía Geográfica (Desvío de 1886m)"
          ],
          "h3Index": "891e80505bbffff"
        },
        "h3Index": "891e80505bbffff",
        "geocodingScore": 89,
        "isAnchor": true
      }
    },
    {
      "type": "Feature",
      "geometry": {
        "type": "Point",
        "coordinates": [
          12.4862,
          41.8948
        ]
      },
      "properties": {
        "id": "REF-0020",
        "coordinates": {
          "lat": 41.8948,
          "lng": 12.4862,
          "corner": "E"
        },
        "timestamp": "2023-10-15T10:10:10Z",
        "lighting": {
          "sunPosition": "SE",
          "shadowDirection": "NW",
          "shadowLength": "medium",
          "description": "Direct morning light on narrow uphill alley"
        },
        "microPhysiognomy": {
          "aerialCables": "dense-overhead",
          "shutterStyle": "wood-louvered",
          "treeType": "potted-oleander",
          "graffiti": "high-artistic-murals",
          "terrain": "steep-cobblestone",
          "urbanElements": {
            "furniture": "parked-vespas",
            "vegetationScore": 0.3,
            "architectureStyle": "medieval-base-with-renaissance-additions"
          },
          "temporalWindow": "morning"
        },
        "ocr": {
          "detectedText": [
            "VIA PANISPERNA",
            "RISTORANTE AI TRE SCALINI"
          ],
          "confidence": 0.99,
          "rapidFuzzScore": 98
        },
        "exif": {
          "fStop": "f/2.0",
          "iso": 100,
          "shutterSpeed": "1/800s",
          "focalLength": "28mm",
          "make": "Ricoh",
          "model": "GR III",
          "lensModel": "Fixed 18.3mm",
          "dateTimeOriginal": "2023:10:15 10:10:10"
        },
        "category": "bohemian-residential",
        "groundedFromAnchor": "Monti",
        "locationContext": "Roma",
        "validation": {
          "distanceFromCenter": 325.81009138903437,
          "isOutlier": true,
          "computedScore": 89,
          "issues": [
            "Anomalía Geográfica (Desvío de 326m)"
          ],
          "h3Index": "891e8052a4fffff"
        },
        "h3Index": "891e8052a4fffff",
        "geocodingScore": 89,
        "isAnchor": true
      }
    },
    {
      "type": "Feature",
      "geometry": {
        "type": "Point",
        "coordinates": [
          12.4764,
          41.8761
        ]
      },
      "properties": {
        "id": "REF-0021",
        "coordinates": {
          "lat": 41.8761,
          "lng": 12.4764,
          "corner": "N"
        },
        "timestamp": "2023-10-15T13:45:00Z",
        "lighting": {
          "sunPosition": "SSW",
          "shadowDirection": "NNE",
          "shadowLength": "short",
          "description": "High sun exposing industrial textures"
        },
        "microPhysiognomy": {
          "aerialCables": "utility-poles",
          "shutterStyle": "industrial-metal",
          "treeType": "none",
          "graffiti": "very-high-street-art",
          "terrain": "asphalt-and-brick",
          "urbanElements": {
            "furniture": "metal-refuse-bins",
            "vegetationScore": 0.1,
            "architectureStyle": "industrial-20th-century"
          },
          "temporalWindow": "afternoon"
        },
        "ocr": {
          "detectedText": [
            "TESTACCIO",
            "MERCATO CENTRALE",
            "STREET FOOD"
          ],
          "confidence": 0.96,
          "rapidFuzzScore": 90
        },
        "exif": {
          "fStop": "f/5.6",
          "iso": 125,
          "shutterSpeed": "1/320s",
          "focalLength": "24mm",
          "make": "Fujifilm",
          "model": "X-T4",
          "lensModel": "XF 16-55mm f2.8",
          "dateTimeOriginal": "2023:10:15 13:45:00"
        },
        "category": "post-industrial",
        "groundedFromAnchor": "Testaccio",
        "locationContext": "Roma",
        "validation": {
          "distanceFromCenter": 2247.990181719009,
          "isOutlier": true,
          "computedScore": 83,
          "issues": [
            "Entorno botánico genérico",
            "Anomalía Geográfica (Desvío de 2248m)"
          ],
          "h3Index": "891e8050173ffff"
        },
        "h3Index": "891e8050173ffff",
        "geocodingScore": 83,
        "isAnchor": false
      }
    },
    {
      "type": "Feature",
      "geometry": {
        "type": "Point",
        "coordinates": [
          12.4731,
          41.8992
        ]
      },
      "properties": {
        "id": "REF-0022",
        "coordinates": {
          "lat": 41.8992,
          "lng": 12.4731,
          "corner": "S"
        },
        "timestamp": "2023-10-15T11:20:00Z",
        "lighting": {
          "sunPosition": "S",
          "shadowDirection": "N",
          "shadowLength": "short",
          "description": "Bright glare on fountain water and stone statues"
        },
        "microPhysiognomy": {
          "aerialCables": "none",
          "shutterStyle": "wooden-arch-shutters",
          "treeType": "none",
          "graffiti": "none",
          "terrain": "granite-slabs",
          "urbanElements": {
            "furniture": "stone-benches",
            "vegetationScore": 0.05,
            "architectureStyle": "high-baroque"
          },
          "temporalWindow": "midday"
        },
        "ocr": {
          "detectedText": [
            "PIAZZA NAVONA",
            "AMBASCIATA DEL BRASILE"
          ],
          "confidence": 0.98,
          "rapidFuzzScore": 96
        },
        "exif": {
          "fStop": "f/11",
          "iso": 100,
          "shutterSpeed": "1/125s",
          "focalLength": "16mm",
          "make": "Leica",
          "model": "Q2",
          "lensModel": "Summilux 28mm f1.7 ASPH",
          "dateTimeOriginal": "2023:10:15 11:20:00"
        },
        "category": "tourist-historic",
        "groundedFromAnchor": "Piazza Navona",
        "locationContext": "Roma",
        "validation": {
          "distanceFromCenter": 865.0025108807387,
          "isOutlier": true,
          "computedScore": 84,
          "issues": [
            "Entorno botánico genérico",
            "Anomalía Geográfica (Desvío de 865m)"
          ],
          "h3Index": "891e8050523ffff"
        },
        "h3Index": "891e8050523ffff",
        "geocodingScore": 84,
        "isAnchor": false
      }
    },
    {
      "type": "Feature",
      "geometry": {
        "type": "Point",
        "coordinates": [
          12.4533,
          41.9022
        ]
      },
      "properties": {
        "id": "REF-0023",
        "coordinates": {
          "lat": 41.9022,
          "lng": 12.4533,
          "corner": "W"
        },
        "timestamp": "2023-10-15T08:30:00Z",
        "lighting": {
          "sunPosition": "E",
          "shadowDirection": "W",
          "shadowLength": "long",
          "description": "Early light casting long shadows across the square"
        },
        "microPhysiognomy": {
          "aerialCables": "none",
          "shutterStyle": "clerestory-vatican-style",
          "treeType": "none",
          "graffiti": "none",
          "terrain": "basalt-blocks",
          "urbanElements": {
            "furniture": "wooden-pilgrim-barriers",
            "vegetationScore": 0,
            "architectureStyle": "st-peters-basilica-classic"
          },
          "temporalWindow": "early-morning"
        },
        "ocr": {
          "detectedText": [
            "PIAZZA SAN PIETRO",
            "POSTE VATICANE"
          ],
          "confidence": 0.99,
          "rapidFuzzScore": 100
        },
        "exif": {
          "fStop": "f/4.0",
          "iso": 200,
          "shutterSpeed": "1/400s",
          "focalLength": "24mm",
          "make": "Panasonic",
          "model": "LUMIX S5",
          "lensModel": "S 20-60mm",
          "dateTimeOriginal": "2023:10:15 08:30:00"
        },
        "category": "religious-sovereign",
        "groundedFromAnchor": "Vatican City",
        "locationContext": "Roma",
        "validation": {
          "distanceFromCenter": 2519.337132758311,
          "isOutlier": true,
          "computedScore": 85,
          "issues": [
            "Entorno botánico genérico",
            "Anomalía Geográfica (Desvío de 2519m)"
          ],
          "h3Index": "891e80505c7ffff"
        },
        "h3Index": "891e80505c7ffff",
        "geocodingScore": 85,
        "isAnchor": true
      }
    },
    {
      "type": "Feature",
      "geometry": {
        "type": "Point",
        "coordinates": [
          12.4848,
          41.8845
        ]
      },
      "properties": {
        "id": "REF-0024",
        "coordinates": {
          "lat": 41.8845,
          "lng": 12.4848,
          "corner": "C"
        },
        "timestamp": "2023-10-15T14:15:00Z",
        "lighting": {
          "sunPosition": "SW",
          "shadowDirection": "NE",
          "shadowLength": "medium",
          "description": "Sunlight highlighting ruins against the grass"
        },
        "microPhysiognomy": {
          "aerialCables": "none",
          "shutterStyle": "none",
          "treeType": "pine-and-cypress",
          "graffiti": "none",
          "terrain": "grass-and-ancient-brick",
          "urbanElements": {
            "furniture": "information-plaques",
            "vegetationScore": 0.8,
            "architectureStyle": "ancient-roman-imperial"
          },
          "temporalWindow": "afternoon"
        },
        "ocr": {
          "detectedText": [
            "PALATINO",
            "DOMUS FLAVIA"
          ],
          "confidence": 0.94,
          "rapidFuzzScore": 85
        },
        "exif": {
          "fStop": "f/5.6",
          "iso": 100,
          "shutterSpeed": "1/200s",
          "focalLength": "35mm",
          "make": "Sony",
          "model": "Alpha 7C",
          "lensModel": "FE 35mm f1.8",
          "dateTimeOriginal": "2023:10:15 14:15:00"
        },
        "category": "archaeological-park",
        "groundedFromAnchor": "Palatine Hill",
        "locationContext": "Roma",
        "validation": {
          "distanceFromCenter": 1270.8444882138522,
          "isOutlier": true,
          "computedScore": 91,
          "issues": [
            "Anomalía Geográfica (Desvío de 1271m)"
          ],
          "h3Index": "891e8050133ffff"
        },
        "h3Index": "891e8050133ffff",
        "geocodingScore": 91,
        "isAnchor": true
      }
    },
    {
      "type": "Feature",
      "geometry": {
        "type": "Point",
        "coordinates": [
          12.4848,
          41.9125
        ]
      },
      "properties": {
        "id": "REF-0025",
        "coordinates": {
          "lat": 41.9125,
          "lng": 12.4848,
          "corner": "NW"
        },
        "timestamp": "2023-10-15T10:50:00Z",
        "lighting": {
          "sunPosition": "SE",
          "shadowDirection": "NW",
          "shadowLength": "medium",
          "description": "Dappled sunlight through dense canopy"
        },
        "microPhysiognomy": {
          "aerialCables": "none",
          "shutterStyle": "none",
          "treeType": "centennial-pines",
          "graffiti": "none",
          "terrain": "gravel-path",
          "urbanElements": {
            "furniture": "marble-busts-on-pedestals",
            "vegetationScore": 0.95,
            "architectureStyle": "villa-gardens"
          },
          "temporalWindow": "morning"
        },
        "ocr": {
          "detectedText": [
            "VILLA BORGHESE",
            "GALLERIA BORGHESE",
            "TEMPIO DI ESCULAPIO"
          ],
          "confidence": 0.98,
          "rapidFuzzScore": 94
        },
        "exif": {
          "fStop": "f/2.8",
          "iso": 160,
          "shutterSpeed": "1/500s",
          "focalLength": "85mm",
          "make": "Canon",
          "model": "EOS R5",
          "lensModel": "RF 85mm f1.2L",
          "dateTimeOriginal": "2023:10:15 10:50:00"
        },
        "category": "park-recreational",
        "groundedFromAnchor": "Villa Borghese",
        "locationContext": "Roma",
        "validation": {
          "distanceFromCenter": 1866.6852319502354,
          "isOutlier": true,
          "computedScore": 97,
          "issues": [
            "Anomalía Geográfica (Desvío de 1867m)"
          ],
          "h3Index": "891e8052a9bffff"
        },
        "h3Index": "891e8052a9bffff",
        "geocodingScore": 97,
        "isAnchor": true
      }
    },
    {
      "type": "Feature",
      "geometry": {
        "type": "Point",
        "coordinates": [
          12.4764,
          41.9092
        ]
      },
      "properties": {
        "id": "REF-0026",
        "coordinates": {
          "lat": 41.9092,
          "lng": 12.4764,
          "corner": "E"
        },
        "timestamp": "2023-10-15T12:45:00Z",
        "lighting": {
          "sunPosition": "S",
          "shadowDirection": "N",
          "shadowLength": "short",
          "description": "High noon lighting on steep marble stairs"
        },
        "microPhysiognomy": {
          "aerialCables": "none",
          "shutterStyle": "none",
          "treeType": "potted-azaleas",
          "graffiti": "none",
          "terrain": "travertine-steps",
          "urbanElements": {
            "furniture": "flower-vendors-stands",
            "vegetationScore": 0.3,
            "architectureStyle": "late-baroque-spanish"
          },
          "temporalWindow": "midday"
        },
        "ocr": {
          "detectedText": [
            "PIAZZA DI SPAGNA",
            "KEATS-SHELLEY HOUSE"
          ],
          "confidence": 0.97,
          "rapidFuzzScore": 91
        },
        "exif": {
          "fStop": "f/8.0",
          "iso": 100,
          "shutterSpeed": "1/400s",
          "focalLength": "24mm",
          "make": "Nikon",
          "model": "D850",
          "lensModel": "24-70mm f/2.8G",
          "dateTimeOriginal": "2023:10:15 12:45:00"
        },
        "category": "tourist-historic",
        "groundedFromAnchor": "Spanish Steps",
        "locationContext": "Roma",
        "validation": {
          "distanceFromCenter": 1573.2125815768122,
          "isOutlier": true,
          "computedScore": 86,
          "issues": [
            "Anomalía Geográfica (Desvío de 1573m)"
          ],
          "h3Index": "891e8052e6bffff"
        },
        "h3Index": "891e8052e6bffff",
        "geocodingScore": 86,
        "isAnchor": true
      }
    },
    {
      "type": "Feature",
      "geometry": {
        "type": "Point",
        "coordinates": [
          12.4768,
          41.8986
        ]
      },
      "properties": {
        "id": "REF-0027",
        "coordinates": {
          "lat": 41.8986,
          "lng": 12.4768,
          "corner": "W"
        },
        "timestamp": "2023-10-15T13:10:00Z",
        "lighting": {
          "sunPosition": "S",
          "shadowDirection": "N",
          "shadowLength": "short",
          "description": "Shaft of light through the oculus inside the structure"
        },
        "microPhysiognomy": {
          "aerialCables": "none",
          "shutterStyle": "none",
          "treeType": "none",
          "graffiti": "none",
          "terrain": "marble-polychrome-floor",
          "urbanElements": {
            "furniture": "altar-railings",
            "vegetationScore": 0,
            "architectureStyle": "ancient-roman-dome"
          },
          "temporalWindow": "midday"
        },
        "ocr": {
          "detectedText": [
            "M.AGRIPPA.L.F.COS.TERTIUM.FECIT"
          ],
          "confidence": 0.99,
          "rapidFuzzScore": 100
        },
        "exif": {
          "fStop": "f/1.4",
          "iso": 800,
          "shutterSpeed": "1/125s",
          "focalLength": "20mm",
          "make": "Sigma",
          "model": "fp L",
          "lensModel": "20mm f1.4 DG DN",
          "dateTimeOriginal": "2023:10:15 13:10:00"
        },
        "category": "historic-landmark",
        "groundedFromAnchor": "Pantheon",
        "locationContext": "Roma",
        "validation": {
          "distanceFromCenter": 565.249082169325,
          "isOutlier": true,
          "computedScore": 85,
          "issues": [
            "Entorno botánico genérico",
            "Anomalía Geográfica (Desvío de 565m)"
          ],
          "h3Index": "891e8050527ffff"
        },
        "h3Index": "891e8050527ffff",
        "geocodingScore": 85,
        "isAnchor": true
      }
    },
    {
      "type": "Feature",
      "geometry": {
        "type": "Point",
        "coordinates": [
          12.4711,
          41.8859
        ]
      },
      "properties": {
        "id": "REF-0028",
        "coordinates": {
          "lat": 41.8859,
          "lng": 12.4711,
          "corner": "SW"
        },
        "timestamp": "2023-10-15T18:00:00Z",
        "lighting": {
          "sunPosition": "WNW",
          "shadowDirection": "ESE",
          "shadowLength": "extreme",
          "description": "Last rays of sun hitting the fountain of the Acqua Paola"
        },
        "microPhysiognomy": {
          "aerialCables": "minimal",
          "shutterStyle": "wood-brown-shutters",
          "treeType": "oak-and-pine",
          "graffiti": "low",
          "terrain": "asphalt-overlook",
          "urbanElements": {
            "furniture": "stone-lookout-wall",
            "vegetationScore": 0.7,
            "architectureStyle": "baroque-monumental"
          },
          "temporalWindow": "sunset"
        },
        "ocr": {
          "detectedText": [
            "GIANICOLO",
            "FONTANONE"
          ],
          "confidence": 0.95,
          "rapidFuzzScore": 89
        },
        "exif": {
          "fStop": "f/4.0",
          "iso": 400,
          "shutterSpeed": "1/100s",
          "focalLength": "105mm",
          "make": "Sony",
          "model": "ILCE-7M3",
          "lensModel": "FE 24-105mm F4 G OSS",
          "dateTimeOriginal": "2023:10:15 18:00:00"
        },
        "category": "panoramic-viewpoint",
        "groundedFromAnchor": "Gianicolo",
        "locationContext": "Roma",
        "validation": {
          "distanceFromCenter": 1449.925690492249,
          "isOutlier": true,
          "computedScore": 91,
          "issues": [
            "Anomalía Geográfica (Desvío de 1450m)"
          ],
          "h3Index": "891e80501c7ffff"
        },
        "h3Index": "891e80501c7ffff",
        "geocodingScore": 91,
        "isAnchor": true
      }
    },
    {
      "type": "Feature",
      "geometry": {
        "type": "Point",
        "coordinates": [
          12.4828,
          41.8967
        ]
      },
      "properties": {
        "id": "REF-0029",
        "coordinates": {
          "lat": 41.8967,
          "lng": 12.4828,
          "corner": "N"
        },
        "timestamp": "2023-10-15T11:00:00Z",
        "lighting": {
          "sunPosition": "SE",
          "shadowDirection": "NW",
          "shadowLength": "medium",
          "description": "Bright sun emphasizing white marble of the monument"
        },
        "microPhysiognomy": {
          "aerialCables": "none",
          "shutterStyle": "none",
          "treeType": "clipped-box-hedges",
          "graffiti": "none",
          "terrain": "marble-paving",
          "urbanElements": {
            "furniture": "honor-guard-stations",
            "vegetationScore": 0.2,
            "architectureStyle": "neo-classical-monumental"
          },
          "temporalWindow": "morning"
        },
        "ocr": {
          "detectedText": [
            "ALTARE DELLA PATRIA",
            "VITTORIO EMANUELE II"
          ],
          "confidence": 0.99,
          "rapidFuzzScore": 98
        },
        "exif": {
          "fStop": "f/11",
          "iso": 100,
          "shutterSpeed": "1/250s",
          "focalLength": "35mm",
          "make": "Hasselblad",
          "model": "X1D II 50C",
          "lensModel": "XCD 3,5/35mm",
          "dateTimeOriginal": "2023:10:15 11:00:00"
        },
        "category": "government-historic",
        "groundedFromAnchor": "Piazza Venezia",
        "locationContext": "Roma",
        "validation": {
          "distanceFromCenter": 103.10988854150688,
          "isOutlier": false,
          "computedScore": 87,
          "issues": [],
          "h3Index": "891e8052a43ffff"
        },
        "h3Index": "891e8052a43ffff",
        "geocodingScore": 87,
        "isAnchor": true
      }
    },
    {
      "type": "Feature",
      "geometry": {
        "type": "Point",
        "coordinates": [
          12.5005,
          41.9015
        ]
      },
      "properties": {
        "id": "REF-0030",
        "coordinates": {
          "lat": 41.9015,
          "lng": 12.5005,
          "corner": "SE"
        },
        "timestamp": "2023-10-15T07:15:00Z",
        "lighting": {
          "sunPosition": "E",
          "shadowDirection": "W",
          "shadowLength": "long",
          "description": "Cold blue early morning light near the station"
        },
        "microPhysiognomy": {
          "aerialCables": "tram-power-lines",
          "shutterStyle": "commercial-glass-fronts",
          "treeType": "sparse-ornamental-palms",
          "graffiti": "very-high",
          "terrain": "dirty-asphalt",
          "urbanElements": {
            "furniture": "tram-tracks-and-signs",
            "vegetationScore": 0.15,
            "architectureStyle": "rationalist-20th-century"
          },
          "temporalWindow": "dawn"
        },
        "ocr": {
          "detectedText": [
            "ROMA TERMINI",
            "BINARIO 1",
            "TRENITALIA"
          ],
          "confidence": 0.98,
          "rapidFuzzScore": 93
        },
        "exif": {
          "fStop": "f/2.8",
          "iso": 640,
          "shutterSpeed": "1/200s",
          "focalLength": "28mm",
          "make": "iPhone",
          "model": "iPhone 15 Pro",
          "lensModel": "Main Camera",
          "dateTimeOriginal": "2023:10:15 07:15:00"
        },
        "category": "transport-hub",
        "groundedFromAnchor": "Termini Station",
        "locationContext": "Roma",
        "validation": {
          "distanceFromCenter": 1618.9976884600126,
          "isOutlier": true,
          "computedScore": 84,
          "issues": [
            "Entorno botánico genérico",
            "Anomalía Geográfica (Desvío de 1619m)"
          ],
          "h3Index": "891e8052a23ffff"
        },
        "h3Index": "891e8052a23ffff",
        "geocodingScore": 84,
        "isAnchor": false
      }
    },
    {
      "type": "Feature",
      "geometry": {
        "type": "Point",
        "coordinates": [
          12.49261856523351,
          41.89007369754076
        ]
      },
      "properties": {
        "id": "REF-0031",
        "coordinates": {
          "lat": 41.89007369754076,
          "lng": 12.49261856523351,
          "corner": "NE"
        },
        "timestamp": "2023-10-15T08:30:00Z",
        "lighting": {
          "sunPosition": "Low East",
          "shadowDirection": "West",
          "shadowLength": "Long",
          "description": "Crisp morning light illuminating the eastern travertine facade with a warm golden hue."
        },
        "microPhysiognomy": {
          "aerialCables": "None visible, underground routing",
          "shutterStyle": "None (Ancient Roman arches)",
          "treeType": "Pinus pinea (Stone Pine) in the distance",
          "graffiti": "None on ancient structures, minor scratches on modern metal barriers",
          "terrain": "Sampietrini cobblestones and worn travertine slabs",
          "urbanElements": {
            "furniture": "Modern black metal crowd control barriers and subtle LED up-lighting fixtures",
            "vegetationScore": 2,
            "architectureStyle": "Flavian classical antiquity (Roman amphitheater)"
          },
          "temporalWindow": "Early morning"
        },
        "ocr": {
          "detectedText": [
            "BIGLIETTERIA",
            "TICKETS",
            "ENTRANCE"
          ],
          "confidence": 0.95,
          "rapidFuzzScore": 92
        },
        "exif": {
          "fStop": "f/8.0",
          "iso": 100,
          "shutterSpeed": "1/250s",
          "focalLength": "24mm",
          "make": "Canon",
          "model": "EOS 5D Mark IV",
          "lensModel": "EF 24-70mm f/2.8L II USM",
          "dateTimeOriginal": "2023-10-15T08:30:00Z"
        },
        "category": "Tourism/Monument",
        "groundedFromAnchor": "Coliseo (Lat 41.89021, Lng 12.492231)",
        "locationContext": "Coliseo",
        "validation": {
          "distanceFromCenter": 35.55607722970499,
          "isOutlier": false,
          "computedScore": 112,
          "issues": [],
          "h3Index": "891e8050cd3ffff"
        },
        "h3Index": "891e8050cd3ffff",
        "geocodingScore": 112,
        "isAnchor": true
      }
    },
    {
      "type": "Feature",
      "geometry": {
        "type": "Point",
        "coordinates": [
          12.492298131617835,
          41.89023380758298
        ]
      },
      "properties": {
        "id": "REF-0032",
        "coordinates": {
          "lat": 41.89023380758298,
          "lng": 12.492298131617835,
          "corner": "Center-East"
        },
        "timestamp": "2023-10-15T12:00:00Z",
        "lighting": {
          "sunPosition": "Zenith",
          "shadowDirection": "Directly underneath",
          "shadowLength": "Very short",
          "description": "Harsh midday sunlight causing high contrast between the exterior walls and interior dark arcades."
        },
        "microPhysiognomy": {
          "aerialCables": "Absent",
          "shutterStyle": "Open stone archways",
          "treeType": "None",
          "graffiti": "Historical etchings on inner brickwork",
          "terrain": "Gravel and compacted earth",
          "urbanElements": {
            "furniture": "Informational plaques on metal stands",
            "vegetationScore": 0,
            "architectureStyle": "Classical antiquity"
          },
          "temporalWindow": "Midday"
        },
        "ocr": {
          "detectedText": [
            "DO NOT CLIMB",
            "PERICOLO",
            "DANGER"
          ],
          "confidence": 0.98,
          "rapidFuzzScore": 95
        },
        "exif": {
          "fStop": "f/11.0",
          "iso": 100,
          "shutterSpeed": "1/500s",
          "focalLength": "35mm",
          "make": "Nikon",
          "model": "D850",
          "lensModel": "AF-S NIKKOR 35mm f/1.4G",
          "dateTimeOriginal": "2023-10-15T12:00:00Z"
        },
        "category": "Historical Site",
        "groundedFromAnchor": "Coliseo (Lat 41.89021, Lng 12.492231)",
        "locationContext": "Coliseo",
        "validation": {
          "distanceFromCenter": 6.23010127310201,
          "isOutlier": false,
          "computedScore": 83,
          "issues": [
            "Entorno botánico genérico"
          ],
          "h3Index": "891e8052a6bffff"
        },
        "h3Index": "891e8052a6bffff",
        "geocodingScore": 83,
        "isAnchor": false
      }
    },
    {
      "type": "Feature",
      "geometry": {
        "type": "Point",
        "coordinates": [
          12.492512075327626,
          41.89013476288105
        ]
      },
      "properties": {
        "id": "REF-0033",
        "coordinates": {
          "lat": 41.89013476288105,
          "lng": 12.492512075327626,
          "corner": "NE"
        },
        "timestamp": "2023-10-15T16:45:00Z",
        "lighting": {
          "sunPosition": "Low West",
          "shadowDirection": "East",
          "shadowLength": "Long",
          "description": "Golden hour lighting casting deep, dramatic shadows through the amphitheater arches."
        },
        "microPhysiognomy": {
          "aerialCables": "None",
          "shutterStyle": "None",
          "treeType": "Sparse Mediterranean shrubs growing from ruins",
          "graffiti": "None",
          "terrain": "Uneven ancient paving stones",
          "urbanElements": {
            "furniture": "Restoration scaffolding in the background",
            "vegetationScore": 3,
            "architectureStyle": "Roman Brick and Concrete"
          },
          "temporalWindow": "Late afternoon"
        },
        "ocr": {
          "detectedText": [
            "ANFITEATRO FLAVIO",
            "RESTAURO"
          ],
          "confidence": 0.88,
          "rapidFuzzScore": 85
        },
        "exif": {
          "fStop": "f/5.6",
          "iso": 200,
          "shutterSpeed": "1/125s",
          "focalLength": "50mm",
          "make": "Sony",
          "model": "a7R IV",
          "lensModel": "FE 50mm f/1.2 GM",
          "dateTimeOriginal": "2023-10-15T16:45:00Z"
        },
        "category": "Monument",
        "groundedFromAnchor": "Coliseo (Lat 41.89021, Lng 12.492231)",
        "locationContext": "Coliseo",
        "validation": {
          "distanceFromCenter": 24.802701171230193,
          "isOutlier": false,
          "computedScore": 124,
          "issues": [],
          "h3Index": "891e8050cd3ffff"
        },
        "h3Index": "891e8050cd3ffff",
        "geocodingScore": 124,
        "isAnchor": true
      }
    },
    {
      "type": "Feature",
      "geometry": {
        "type": "Point",
        "coordinates": [
          12.492398814867187,
          41.88990120958636
        ]
      },
      "properties": {
        "id": "REF-0034",
        "coordinates": {
          "lat": 41.88990120958636,
          "lng": 12.492398814867187,
          "corner": "SE"
        },
        "timestamp": "2023-10-16T10:15:00Z",
        "lighting": {
          "sunPosition": "Mid-morning South-East",
          "shadowDirection": "North-West",
          "shadowLength": "Medium",
          "description": "Overcast, diffused light softening the textures of the ancient stone."
        },
        "microPhysiognomy": {
          "aerialCables": "Minimal power line to security camera",
          "shutterStyle": "Modern green metal gates (open)",
          "treeType": "None",
          "graffiti": "Faded marker tag on an exit sign post",
          "terrain": "Modern concrete walkway meeting ancient stone",
          "urbanElements": {
            "furniture": "Security turnstiles and exit barriers",
            "vegetationScore": 1,
            "architectureStyle": "Hybrid Modern Security and Ancient Roman"
          },
          "temporalWindow": "Morning"
        },
        "ocr": {
          "detectedText": [
            "USCITA",
            "EXIT ONLY"
          ],
          "confidence": 0.99,
          "rapidFuzzScore": 100
        },
        "exif": {
          "fStop": "f/4.0",
          "iso": 400,
          "shutterSpeed": "1/60s",
          "focalLength": "28mm",
          "make": "Fujifilm",
          "model": "X-T4",
          "lensModel": "XF 16-55mm f/2.8 R LM WR",
          "dateTimeOriginal": "2023-10-16T10:15:00Z"
        },
        "category": "Infrastructure/Exit",
        "groundedFromAnchor": "Coliseo (Lat 41.89021, Lng 12.492231)",
        "locationContext": "Coliseo",
        "validation": {
          "distanceFromCenter": 37.07055650199189,
          "isOutlier": false,
          "computedScore": 100,
          "issues": [],
          "h3Index": "891e8050cd3ffff"
        },
        "h3Index": "891e8050cd3ffff",
        "geocodingScore": 100,
        "isAnchor": true
      }
    },
    {
      "type": "Feature",
      "geometry": {
        "type": "Point",
        "coordinates": [
          12.492342028029482,
          41.89035162638436
        ]
      },
      "properties": {
        "id": "REF-0035",
        "coordinates": {
          "lat": 41.89035162638436,
          "lng": 12.492342028029482,
          "corner": "North"
        },
        "timestamp": "2023-10-16T18:30:00Z",
        "lighting": {
          "sunPosition": "Below horizon (West)",
          "shadowDirection": "East",
          "shadowLength": "Infinite",
          "description": "Twilight. Artificial amber floodlights beginning to illuminate the outer wall."
        },
        "microPhysiognomy": {
          "aerialCables": "None",
          "shutterStyle": "None",
          "treeType": "None",
          "graffiti": "None",
          "terrain": "Smooth tourist walkway",
          "urbanElements": {
            "furniture": "Ground-level floodlights housed in metal grates",
            "vegetationScore": 0,
            "architectureStyle": "Classical Flavian"
          },
          "temporalWindow": "Dusk"
        },
        "ocr": {
          "detectedText": [
            "SOTTOTERRANEO",
            "UNDERGROUND TOUR"
          ],
          "confidence": 0.91,
          "rapidFuzzScore": 88
        },
        "exif": {
          "fStop": "f/2.8",
          "iso": 800,
          "shutterSpeed": "1/30s",
          "focalLength": "16mm",
          "make": "Sony",
          "model": "a7 III",
          "lensModel": "FE 16-35mm f/2.8 GM",
          "dateTimeOriginal": "2023-10-16T18:30:00Z"
        },
        "category": "Monument Night View",
        "groundedFromAnchor": "Coliseo (Lat 41.89021, Lng 12.492231)",
        "locationContext": "Coliseo",
        "validation": {
          "distanceFromCenter": 18.275588944563943,
          "isOutlier": false,
          "computedScore": 80,
          "issues": [
            "Entorno botánico genérico"
          ],
          "h3Index": "891e8052a6bffff"
        },
        "h3Index": "891e8052a6bffff",
        "geocodingScore": 80,
        "isAnchor": false
      }
    },
    {
      "type": "Feature",
      "geometry": {
        "type": "Point",
        "coordinates": [
          12.49245249655847,
          41.890359599956255
        ]
      },
      "properties": {
        "id": "REF-0036",
        "coordinates": {
          "lat": 41.890359599956255,
          "lng": 12.49245249655847,
          "corner": "NE"
        },
        "timestamp": "2023-10-17T06:45:00Z",
        "lighting": {
          "sunPosition": "Just rising East",
          "shadowDirection": "West",
          "shadowLength": "Extremely long",
          "description": "Soft dawn light, slight morning mist dispersing."
        },
        "microPhysiognomy": {
          "aerialCables": "None",
          "shutterStyle": "None",
          "treeType": "Cypress trees visible in background",
          "graffiti": "None",
          "terrain": "Damp cobblestone",
          "urbanElements": {
            "furniture": "Stone benches and waste bins",
            "vegetationScore": 4,
            "architectureStyle": "Classical"
          },
          "temporalWindow": "Dawn"
        },
        "ocr": {
          "detectedText": [
            "VIA SACRA",
            "FORUM ROMANUM"
          ],
          "confidence": 0.85,
          "rapidFuzzScore": 82
        },
        "exif": {
          "fStop": "f/8.0",
          "iso": 100,
          "shutterSpeed": "1/100s",
          "focalLength": "24mm",
          "make": "Panasonic",
          "model": "Lumix S1R",
          "lensModel": "Lumix S 24-105mm f/4",
          "dateTimeOriginal": "2023-10-17T06:45:00Z"
        },
        "category": "Scenic Landscape",
        "groundedFromAnchor": "Coliseo (Lat 41.89021, Lng 12.492231)",
        "locationContext": "Coliseo",
        "validation": {
          "distanceFromCenter": 24.81767384838173,
          "isOutlier": false,
          "computedScore": 138,
          "issues": [],
          "h3Index": "891e8052a6bffff"
        },
        "h3Index": "891e8052a6bffff",
        "geocodingScore": 138,
        "isAnchor": true
      }
    },
    {
      "type": "Feature",
      "geometry": {
        "type": "Point",
        "coordinates": [
          12.492493154729136,
          41.89009130713154
        ]
      },
      "properties": {
        "id": "REF-0037",
        "coordinates": {
          "lat": 41.89009130713154,
          "lng": 12.492493154729136,
          "corner": "East"
        },
        "timestamp": "2023-10-17T11:20:00Z",
        "lighting": {
          "sunPosition": "High South-East",
          "shadowDirection": "North-West",
          "shadowLength": "Short",
          "description": "Bright daylight with sharp shadows cutting across the metal detectors."
        },
        "microPhysiognomy": {
          "aerialCables": "Wiring conduits along temporary structures",
          "shutterStyle": "Temporary white canvas tents",
          "treeType": "None",
          "graffiti": "None",
          "terrain": "Metal ramping over cobblestone",
          "urbanElements": {
            "furniture": "X-Ray machines, metal detectors, canvas security tent",
            "vegetationScore": 0,
            "architectureStyle": "Utilitarian/Modern Security"
          },
          "temporalWindow": "Morning"
        },
        "ocr": {
          "detectedText": [
            "SECURITY CHECK",
            "CONTROLLO DI SICUREZZA",
            "PREPARE BAGS"
          ],
          "confidence": 0.97,
          "rapidFuzzScore": 96
        },
        "exif": {
          "fStop": "f/8.0",
          "iso": 100,
          "shutterSpeed": "1/400s",
          "focalLength": "35mm",
          "make": "Canon",
          "model": "EOS R5",
          "lensModel": "RF 35mm F1.8 MACRO IS STM",
          "dateTimeOriginal": "2023-10-17T11:20:00Z"
        },
        "category": "Security Checkpoint",
        "groundedFromAnchor": "Coliseo (Lat 41.89021, Lng 12.492231)",
        "locationContext": "Coliseo",
        "validation": {
          "distanceFromCenter": 25.469352010290855,
          "isOutlier": false,
          "computedScore": 83,
          "issues": [
            "Entorno botánico genérico"
          ],
          "h3Index": "891e8050cd3ffff"
        },
        "h3Index": "891e8050cd3ffff",
        "geocodingScore": 83,
        "isAnchor": false
      }
    },
    {
      "type": "Feature",
      "geometry": {
        "type": "Point",
        "coordinates": [
          12.491883648472372,
          41.89023638105905
        ]
      },
      "properties": {
        "id": "REF-0038",
        "coordinates": {
          "lat": 41.89023638105905,
          "lng": 12.491883648472372,
          "corner": "West"
        },
        "timestamp": "2023-10-17T22:00:00Z",
        "lighting": {
          "sunPosition": "Night",
          "shadowDirection": "Upwards/Radiating",
          "shadowLength": "Distorted",
          "description": "Pitch black sky, strong golden artificial uplighting accentuating the travertine pitting."
        },
        "microPhysiognomy": {
          "aerialCables": "None",
          "shutterStyle": "None",
          "treeType": "None",
          "graffiti": "None",
          "terrain": "Asphalt road edge next to monument base",
          "urbanElements": {
            "furniture": "Heavy stone bollards preventing vehicle access",
            "vegetationScore": 0,
            "architectureStyle": "Classical Flavian"
          },
          "temporalWindow": "Nighttime"
        },
        "ocr": {
          "detectedText": [
            "PARCO ARCHEOLOGICO DEL COLOSSEO"
          ],
          "confidence": 0.94,
          "rapidFuzzScore": 90
        },
        "exif": {
          "fStop": "f/1.8",
          "iso": 3200,
          "shutterSpeed": "1/15s",
          "focalLength": "50mm",
          "make": "Nikon",
          "model": "Z7 II",
          "lensModel": "NIKKOR Z 50mm f/1.8 S",
          "dateTimeOriginal": "2023-10-17T22:00:00Z"
        },
        "category": "Monument Night View",
        "groundedFromAnchor": "Coliseo (Lat 41.89021, Lng 12.492231)",
        "locationContext": "Coliseo",
        "validation": {
          "distanceFromCenter": 28.819392887089148,
          "isOutlier": false,
          "computedScore": 81,
          "issues": [
            "Entorno botánico genérico"
          ],
          "h3Index": "891e8052a6bffff"
        },
        "h3Index": "891e8052a6bffff",
        "geocodingScore": 81,
        "isAnchor": false
      }
    },
    {
      "type": "Feature",
      "geometry": {
        "type": "Point",
        "coordinates": [
          12.492424136694774,
          41.889874091457244
        ]
      },
      "properties": {
        "id": "REF-0039",
        "coordinates": {
          "lat": 41.889874091457244,
          "lng": 12.492424136694774,
          "corner": "SE"
        },
        "timestamp": "2023-10-18T09:30:00Z",
        "lighting": {
          "sunPosition": "Mid-morning East",
          "shadowDirection": "West",
          "shadowLength": "Medium",
          "description": "Partly cloudy, light shifting between bright and diffused."
        },
        "microPhysiognomy": {
          "aerialCables": "None",
          "shutterStyle": "Roll-up metal shutters on mobile kiosk",
          "treeType": "None",
          "graffiti": "Stickers attached to the back of a traffic sign",
          "terrain": "Paved asphalt transitioning to Roman cobblestone",
          "urbanElements": {
            "furniture": "Mobile audio guide rental kiosk and tourist map stand",
            "vegetationScore": 0,
            "architectureStyle": "Commercial/Temporary"
          },
          "temporalWindow": "Morning"
        },
        "ocr": {
          "detectedText": [
            "AUDIO GUIDE",
            "INFO POINT",
            "MAPS"
          ],
          "confidence": 0.96,
          "rapidFuzzScore": 93
        },
        "exif": {
          "fStop": "f/5.6",
          "iso": 200,
          "shutterSpeed": "1/200s",
          "focalLength": "28mm",
          "make": "Leica",
          "model": "Q2",
          "lensModel": "Summilux 28mm f/1.7 ASPH.",
          "dateTimeOriginal": "2023-10-18T09:30:00Z"
        },
        "category": "Tourism Services",
        "groundedFromAnchor": "Coliseo (Lat 41.89021, Lng 12.492231)",
        "locationContext": "Coliseo",
        "validation": {
          "distanceFromCenter": 40.66159712246607,
          "isOutlier": false,
          "computedScore": 82,
          "issues": [
            "Entorno botánico genérico"
          ],
          "h3Index": "891e8050cd3ffff"
        },
        "h3Index": "891e8050cd3ffff",
        "geocodingScore": 82,
        "isAnchor": false
      }
    },
    {
      "type": "Feature",
      "geometry": {
        "type": "Point",
        "coordinates": [
          12.492081933761703,
          41.88982808837738
        ]
      },
      "properties": {
        "id": "REF-0040",
        "coordinates": {
          "lat": 41.88982808837738,
          "lng": 12.492081933761703,
          "corner": "South"
        },
        "timestamp": "2023-10-18T14:15:00Z",
        "lighting": {
          "sunPosition": "High South-West",
          "shadowDirection": "North-East",
          "shadowLength": "Short",
          "description": "Intense afternoon sun casting distinct shadows from the vendor umbrellas."
        },
        "microPhysiognomy": {
          "aerialCables": "None",
          "shutterStyle": "Fabric market umbrellas",
          "treeType": "Potted decorative oleander nearby",
          "graffiti": "None",
          "terrain": "Worn asphalt",
          "urbanElements": {
            "furniture": "Souvenir carts, ice cream stand, wheeled coolers",
            "vegetationScore": 1,
            "architectureStyle": "Street Vending"
          },
          "temporalWindow": "Afternoon"
        },
        "ocr": {
          "detectedText": [
            "WATER",
            "GELATO",
            "COLD DRINKS",
            "SOUVENIRS"
          ],
          "confidence": 0.92,
          "rapidFuzzScore": 89
        },
        "exif": {
          "fStop": "f/11.0",
          "iso": 100,
          "shutterSpeed": "1/250s",
          "focalLength": "70mm",
          "make": "Sony",
          "model": "a9 II",
          "lensModel": "FE 70-200mm f/2.8 GM OSS",
          "dateTimeOriginal": "2023-10-18T14:15:00Z"
        },
        "category": "Street Commerce",
        "groundedFromAnchor": "Coliseo (Lat 41.89021, Lng 12.492231)",
        "locationContext": "Coliseo",
        "validation": {
          "distanceFromCenter": 44.19994244101967,
          "isOutlier": false,
          "computedScore": 96,
          "issues": [],
          "h3Index": "891e80501a7ffff"
        },
        "h3Index": "891e80501a7ffff",
        "geocodingScore": 96,
        "isAnchor": true
      }
    },
    {
      "type": "Feature",
      "geometry": {
        "type": "Point",
        "coordinates": [
          12.492153014555823,
          41.89033760346965
        ]
      },
      "properties": {
        "id": "REF-0041",
        "coordinates": {
          "lat": 41.89033760346965,
          "lng": 12.492153014555823,
          "corner": "NW"
        },
        "timestamp": "2023-05-14T08:30:00Z",
        "lighting": {
          "sunPosition": "East",
          "shadowDirection": "West",
          "shadowLength": "Long",
          "description": "Golden hour lighting hitting the ancient travertine stone of the outer facade."
        },
        "microPhysiognomy": {
          "aerialCables": "None",
          "shutterStyle": "N/A",
          "treeType": "Stone Pine (Pinus pinea)",
          "graffiti": "Minimal to none",
          "terrain": "Cobblestone (Sanpietrini)",
          "urbanElements": {
            "furniture": "Wrought iron fences, informational plaques",
            "vegetationScore": 3,
            "architectureStyle": "Roman Antiquity"
          },
          "temporalWindow": "Morning"
        },
        "ocr": {
          "detectedText": [
            "ANFITEATRO FLAVIO",
            "INGRESSO"
          ],
          "confidence": 0.95,
          "rapidFuzzScore": 98
        },
        "exif": {
          "fStop": "f/8.0",
          "iso": 100,
          "shutterSpeed": "1/250s",
          "focalLength": "24mm",
          "make": "Sony",
          "model": "ILCE-7M3",
          "lensModel": "FE 24-70mm F2.8 GM",
          "dateTimeOriginal": "2023-05-14T08:30:00Z"
        },
        "category": "monument_exterior",
        "groundedFromAnchor": "Coliseo",
        "locationContext": "Coliseo",
        "validation": {
          "distanceFromCenter": 15.554206127871229,
          "isOutlier": false,
          "computedScore": 129,
          "issues": [],
          "h3Index": "891e8052a6bffff"
        },
        "h3Index": "891e8052a6bffff",
        "geocodingScore": 129,
        "isAnchor": true
      }
    },
    {
      "type": "Feature",
      "geometry": {
        "type": "Point",
        "coordinates": [
          12.492564880282924,
          41.89018679888213
        ]
      },
      "properties": {
        "id": "REF-0042",
        "coordinates": {
          "lat": 41.89018679888213,
          "lng": 12.492564880282924,
          "corner": "NE"
        },
        "timestamp": "2023-06-10T12:15:00Z",
        "lighting": {
          "sunPosition": "Zenith",
          "shadowDirection": "Directly below",
          "shadowLength": "Short",
          "description": "Harsh midday sunlight creating deep contrast in the structural arches."
        },
        "microPhysiognomy": {
          "aerialCables": "Sparse",
          "shutterStyle": "None",
          "treeType": "Cypress",
          "graffiti": "None",
          "terrain": "Gravel and ancient paving stones",
          "urbanElements": {
            "furniture": "Metal barriers, turnstiles",
            "vegetationScore": 2,
            "architectureStyle": "Roman Antiquity"
          },
          "temporalWindow": "Midday"
        },
        "ocr": {
          "detectedText": [
            "TICKET OFFICE",
            "BIGLIETTERIA"
          ],
          "confidence": 0.99,
          "rapidFuzzScore": 100
        },
        "exif": {
          "fStop": "f/5.6",
          "iso": 100,
          "shutterSpeed": "1/500s",
          "focalLength": "35mm",
          "make": "Canon",
          "model": "EOS R5",
          "lensModel": "RF35mm F1.8 MACRO IS STM",
          "dateTimeOriginal": "2023-06-10T12:15:00Z"
        },
        "category": "tourist_entrance",
        "groundedFromAnchor": "Coliseo",
        "locationContext": "Coliseo",
        "validation": {
          "distanceFromCenter": 27.839965332403573,
          "isOutlier": false,
          "computedScore": 115,
          "issues": [],
          "h3Index": "891e8050cd3ffff"
        },
        "h3Index": "891e8050cd3ffff",
        "geocodingScore": 115,
        "isAnchor": true
      }
    },
    {
      "type": "Feature",
      "geometry": {
        "type": "Point",
        "coordinates": [
          12.49235508840157,
          41.88985558514481
        ]
      },
      "properties": {
        "id": "REF-0043",
        "coordinates": {
          "lat": 41.88985558514481,
          "lng": 12.49235508840157,
          "corner": "SE"
        },
        "timestamp": "2023-09-21T16:45:00Z",
        "lighting": {
          "sunPosition": "South-West",
          "shadowDirection": "North-East",
          "shadowLength": "Medium",
          "description": "Late afternoon light casting warm tones on the inner arena walls."
        },
        "microPhysiognomy": {
          "aerialCables": "None",
          "shutterStyle": "None",
          "treeType": "None",
          "graffiti": "Historical etchings",
          "terrain": "Wooden platform (arena floor reconstruction)",
          "urbanElements": {
            "furniture": "Modern wooden benches, safety rails",
            "vegetationScore": 1,
            "architectureStyle": "Roman Antiquity / Modern Reconstruction"
          },
          "temporalWindow": "Afternoon"
        },
        "ocr": {
          "detectedText": [
            "DO NOT LEAN",
            "PERICOLO"
          ],
          "confidence": 0.88,
          "rapidFuzzScore": 92
        },
        "exif": {
          "fStop": "f/11.0",
          "iso": 200,
          "shutterSpeed": "1/125s",
          "focalLength": "14mm",
          "make": "Nikon",
          "model": "Z7 II",
          "lensModel": "NIKKOR Z 14-30mm f/4 S",
          "dateTimeOriginal": "2023-09-21T16:45:00Z"
        },
        "category": "arena_interior",
        "groundedFromAnchor": "Coliseo",
        "locationContext": "Coliseo",
        "validation": {
          "distanceFromCenter": 40.74669600272859,
          "isOutlier": false,
          "computedScore": 97,
          "issues": [],
          "h3Index": "891e8050cd3ffff"
        },
        "h3Index": "891e8050cd3ffff",
        "geocodingScore": 97,
        "isAnchor": true
      }
    },
    {
      "type": "Feature",
      "geometry": {
        "type": "Point",
        "coordinates": [
          12.49233063723675,
          41.89017658735743
        ]
      },
      "properties": {
        "id": "REF-0044",
        "coordinates": {
          "lat": 41.89017658735743,
          "lng": 12.49233063723675,
          "corner": "Center"
        },
        "timestamp": "2023-04-05T18:20:00Z",
        "lighting": {
          "sunPosition": "West",
          "shadowDirection": "East",
          "shadowLength": "Long",
          "description": "Sunset light filtering through the western arches into the hypogeum."
        },
        "microPhysiognomy": {
          "aerialCables": "None",
          "shutterStyle": "None",
          "treeType": "Olive tree (potted)",
          "graffiti": "None",
          "terrain": "Exposed hypogeum brickwork",
          "urbanElements": {
            "furniture": "Glass viewing panels, metal walkways",
            "vegetationScore": 1,
            "architectureStyle": "Roman Antiquity"
          },
          "temporalWindow": "Evening"
        },
        "ocr": {
          "detectedText": [
            "HYPOGEUM",
            "SOTTERRANEI"
          ],
          "confidence": 0.91,
          "rapidFuzzScore": 95
        },
        "exif": {
          "fStop": "f/4.0",
          "iso": 400,
          "shutterSpeed": "1/60s",
          "focalLength": "23mm",
          "make": "Fujifilm",
          "model": "X-T4",
          "lensModel": "XF23mmF2 R WR",
          "dateTimeOriginal": "2023-04-05T18:20:00Z"
        },
        "category": "archaeological_site",
        "groundedFromAnchor": "Coliseo",
        "locationContext": "Coliseo",
        "validation": {
          "distanceFromCenter": 9.121343297908918,
          "isOutlier": false,
          "computedScore": 98,
          "issues": [],
          "h3Index": "891e8050cd3ffff"
        },
        "h3Index": "891e8050cd3ffff",
        "geocodingScore": 98,
        "isAnchor": true
      }
    },
    {
      "type": "Feature",
      "geometry": {
        "type": "Point",
        "coordinates": [
          12.492140535547497,
          41.89050452131106
        ]
      },
      "properties": {
        "id": "REF-0045",
        "coordinates": {
          "lat": 41.89050452131106,
          "lng": 12.492140535547497,
          "corner": "N"
        },
        "timestamp": "2023-07-15T13:30:00Z",
        "lighting": {
          "sunPosition": "South",
          "shadowDirection": "North",
          "shadowLength": "Short",
          "description": "Bright natural lighting highlighting the outer facade and the surrounding square."
        },
        "microPhysiognomy": {
          "aerialCables": "Tram wires in distance",
          "shutterStyle": "None",
          "treeType": "Stone Pine",
          "graffiti": "Faded modern tags on nearby utility box",
          "terrain": "Asphalt meeting cobblestone",
          "urbanElements": {
            "furniture": "Street lamps (cast iron), traffic signs",
            "vegetationScore": 4,
            "architectureStyle": "Roman Antiquity with 19th Century urban additions"
          },
          "temporalWindow": "Afternoon"
        },
        "ocr": {
          "detectedText": [
            "PIAZZA DEL COLOSSEO",
            "TAXI"
          ],
          "confidence": 0.97,
          "rapidFuzzScore": 99
        },
        "exif": {
          "fStop": "f/5.6",
          "iso": 100,
          "shutterSpeed": "1/1000s",
          "focalLength": "28mm",
          "make": "Leica",
          "model": "Q2",
          "lensModel": "Summilux 28mm f/1.7 ASPH.",
          "dateTimeOriginal": "2023-07-15T13:30:00Z"
        },
        "category": "street_view",
        "groundedFromAnchor": "Coliseo",
        "locationContext": "Coliseo",
        "validation": {
          "distanceFromCenter": 33.576134975206124,
          "isOutlier": false,
          "computedScore": 145,
          "issues": [],
          "h3Index": "891e8052a6bffff"
        },
        "h3Index": "891e8052a6bffff",
        "geocodingScore": 145,
        "isAnchor": true
      }
    },
    {
      "type": "Feature",
      "geometry": {
        "type": "Point",
        "coordinates": [
          12.491956598822451,
          41.89059855557668
        ]
      },
      "properties": {
        "id": "REF-0046",
        "coordinates": {
          "lat": 41.89059855557668,
          "lng": 12.491956598822451,
          "corner": "NW"
        },
        "timestamp": "2023-10-12T10:00:00Z",
        "lighting": {
          "sunPosition": "Overcast",
          "shadowDirection": "Diffuse",
          "shadowLength": "None",
          "description": "Soft, even lighting due to heavy cloud cover, enhancing texture details of the ruins."
        },
        "microPhysiognomy": {
          "aerialCables": "Electric lines for nearby vendors",
          "shutterStyle": "None",
          "treeType": "None",
          "graffiti": "None",
          "terrain": "Wet cobblestone",
          "urbanElements": {
            "furniture": "Souvenir kiosk, trash bins",
            "vegetationScore": 0,
            "architectureStyle": "Contemporary commercial"
          },
          "temporalWindow": "Morning"
        },
        "ocr": {
          "detectedText": [
            "GUIDED TOURS",
            "SKIP THE LINE",
            "WATER"
          ],
          "confidence": 0.94,
          "rapidFuzzScore": 90
        },
        "exif": {
          "fStop": "f/2.8",
          "iso": 800,
          "shutterSpeed": "1/200s",
          "focalLength": "50mm",
          "make": "Panasonic",
          "model": "DC-S5",
          "lensModel": "LUMIX S 50mm F1.8",
          "dateTimeOriginal": "2023-10-12T10:00:00Z"
        },
        "category": "commercial_periphery",
        "groundedFromAnchor": "Coliseo",
        "locationContext": "Coliseo",
        "validation": {
          "distanceFromCenter": 48.7736949893124,
          "isOutlier": false,
          "computedScore": 81,
          "issues": [
            "Entorno botánico genérico"
          ],
          "h3Index": "891e8052a6bffff"
        },
        "h3Index": "891e8052a6bffff",
        "geocodingScore": 81,
        "isAnchor": false
      }
    },
    {
      "type": "Feature",
      "geometry": {
        "type": "Point",
        "coordinates": [
          12.492260303950365,
          41.89027845827459
        ]
      },
      "properties": {
        "id": "REF-0047",
        "coordinates": {
          "lat": 41.89027845827459,
          "lng": 12.492260303950365,
          "corner": "Center"
        },
        "timestamp": "2023-03-25T09:15:00Z",
        "lighting": {
          "sunPosition": "East",
          "shadowDirection": "West",
          "shadowLength": "Medium",
          "description": "Morning light illuminating the cross erected in the arena."
        },
        "microPhysiognomy": {
          "aerialCables": "None",
          "shutterStyle": "None",
          "treeType": "None",
          "graffiti": "None",
          "terrain": "Travertine steps",
          "urbanElements": {
            "furniture": "Wooden cross, bronze plaque",
            "vegetationScore": 0,
            "architectureStyle": "Roman Antiquity / Christian Memorial"
          },
          "temporalWindow": "Morning"
        },
        "ocr": {
          "detectedText": [
            "PIVS IX PONT MAX",
            "RESTAURAVIT"
          ],
          "confidence": 0.85,
          "rapidFuzzScore": 88
        },
        "exif": {
          "fStop": "f/1.8",
          "iso": 100,
          "shutterSpeed": "1/1600s",
          "focalLength": "85mm",
          "make": "Canon",
          "model": "EOS 5D Mark IV",
          "lensModel": "EF85mm f/1.8 USM",
          "dateTimeOriginal": "2023-03-25T09:15:00Z"
        },
        "category": "monument_interior",
        "groundedFromAnchor": "Coliseo",
        "locationContext": "Coliseo",
        "validation": {
          "distanceFromCenter": 8.014867527415772,
          "isOutlier": false,
          "computedScore": 80,
          "issues": [
            "Entorno botánico genérico"
          ],
          "h3Index": "891e8052a6bffff"
        },
        "h3Index": "891e8052a6bffff",
        "geocodingScore": 80,
        "isAnchor": false
      }
    },
    {
      "type": "Feature",
      "geometry": {
        "type": "Point",
        "coordinates": [
          12.492017955235843,
          41.88984099283244
        ]
      },
      "properties": {
        "id": "REF-0048",
        "coordinates": {
          "lat": 41.88984099283244,
          "lng": 12.492017955235843,
          "corner": "SW"
        },
        "timestamp": "2023-08-20T22:00:00Z",
        "lighting": {
          "sunPosition": "Night",
          "shadowDirection": "Multiple",
          "shadowLength": "Variable",
          "description": "Artificial floodlights illuminating the Colosseum arches from below."
        },
        "microPhysiognomy": {
          "aerialCables": "None",
          "shutterStyle": "None",
          "treeType": "None",
          "graffiti": "None",
          "terrain": "Dirt and stone",
          "urbanElements": {
            "furniture": "Ground-level halogen floodlights",
            "vegetationScore": 2,
            "architectureStyle": "Roman Antiquity"
          },
          "temporalWindow": "Night"
        },
        "ocr": {
          "detectedText": [
            "USCITA",
            "EXIT"
          ],
          "confidence": 0.98,
          "rapidFuzzScore": 100
        },
        "exif": {
          "fStop": "f/1.4",
          "iso": 3200,
          "shutterSpeed": "1/30s",
          "focalLength": "35mm",
          "make": "Sony",
          "model": "ILCE-7SM3",
          "lensModel": "FE 35mm F1.4 GM",
          "dateTimeOriginal": "2023-08-20T22:00:00Z"
        },
        "category": "night_photography",
        "groundedFromAnchor": "Coliseo",
        "locationContext": "Coliseo",
        "validation": {
          "distanceFromCenter": 44.62832295153546,
          "isOutlier": false,
          "computedScore": 115,
          "issues": [],
          "h3Index": "891e80501a7ffff"
        },
        "h3Index": "891e80501a7ffff",
        "geocodingScore": 115,
        "isAnchor": true
      }
    },
    {
      "type": "Feature",
      "geometry": {
        "type": "Point",
        "coordinates": [
          12.492016139605838,
          41.890394327297294
        ]
      },
      "properties": {
        "id": "REF-0049",
        "coordinates": {
          "lat": 41.890394327297294,
          "lng": 12.492016139605838,
          "corner": "W"
        },
        "timestamp": "2023-05-28T11:45:00Z",
        "lighting": {
          "sunPosition": "South-East",
          "shadowDirection": "North-West",
          "shadowLength": "Short",
          "description": "Mid-morning sun casting distinct shadows of the structural supports."
        },
        "microPhysiognomy": {
          "aerialCables": "None",
          "shutterStyle": "None",
          "treeType": "Sparse weeds on ruins",
          "graffiti": "None",
          "terrain": "Original Roman concrete (Opus caementicium)",
          "urbanElements": {
            "furniture": "Steel reinforcement ties (modern)",
            "vegetationScore": 2,
            "architectureStyle": "Roman Antiquity"
          },
          "temporalWindow": "Morning"
        },
        "ocr": {
          "detectedText": [
            "AREA ARCHEOLOGICA",
            "NON SUPERARE"
          ],
          "confidence": 0.93,
          "rapidFuzzScore": 96
        },
        "exif": {
          "fStop": "f/8.0",
          "iso": 200,
          "shutterSpeed": "1/400s",
          "focalLength": "12mm",
          "make": "Olympus",
          "model": "OM-D E-M1 Mark III",
          "lensModel": "M.Zuiko Digital ED 12-40mm F2.8 PRO",
          "dateTimeOriginal": "2023-05-28T11:45:00Z"
        },
        "category": "ruins",
        "groundedFromAnchor": "Coliseo",
        "locationContext": "Coliseo",
        "validation": {
          "distanceFromCenter": 27.08278530965948,
          "isOutlier": false,
          "computedScore": 113,
          "issues": [],
          "h3Index": "891e8052a6bffff"
        },
        "h3Index": "891e8052a6bffff",
        "geocodingScore": 113,
        "isAnchor": true
      }
    },
    {
      "type": "Feature",
      "geometry": {
        "type": "Point",
        "coordinates": [
          12.492166691124654,
          41.88995145037721
        ]
      },
      "properties": {
        "id": "REF-0050",
        "coordinates": {
          "lat": 41.88995145037721,
          "lng": 12.492166691124654,
          "corner": "S"
        },
        "timestamp": "2023-09-05T17:30:00Z",
        "lighting": {
          "sunPosition": "West",
          "shadowDirection": "East",
          "shadowLength": "Long",
          "description": "Golden hour light emphasizing the texture of the brick restorations."
        },
        "microPhysiognomy": {
          "aerialCables": "None",
          "shutterStyle": "None",
          "treeType": "Cypress trees in the background",
          "graffiti": "None",
          "terrain": "Paving blocks",
          "urbanElements": {
            "furniture": "Information board, audio guide station",
            "vegetationScore": 3,
            "architectureStyle": "Roman Antiquity with 19th Century Stern restoration"
          },
          "temporalWindow": "Late Afternoon"
        },
        "ocr": {
          "detectedText": [
            "RESTAURO STERN",
            "1807",
            "AUDIO GUIDE"
          ],
          "confidence": 0.89,
          "rapidFuzzScore": 94
        },
        "exif": {
          "fStop": "f/5.6",
          "iso": 100,
          "shutterSpeed": "1/200s",
          "focalLength": "31mm",
          "make": "Pentax",
          "model": "K-1 Mark II",
          "lensModel": "FA 31mm F1.8 Limited",
          "dateTimeOriginal": "2023-09-05T17:30:00Z"
        },
        "category": "historical_restoration",
        "groundedFromAnchor": "Coliseo",
        "locationContext": "Coliseo",
        "validation": {
          "distanceFromCenter": 29.22312586318186,
          "isOutlier": false,
          "computedScore": 128,
          "issues": [],
          "h3Index": "891e8050cd3ffff"
        },
        "h3Index": "891e8050cd3ffff",
        "geocodingScore": 128,
        "isAnchor": true
      }
    },
    {
      "type": "Feature",
      "geometry": {
        "type": "Point",
        "coordinates": [
          12.492233847522163,
          41.89019491358586
        ]
      },
      "properties": {
        "id": "REF-0051",
        "coordinates": {
          "lat": 41.89019491358586,
          "lng": 12.492233847522163,
          "corner": "North-West Gate"
        },
        "timestamp": "2023-09-12T08:30:00Z",
        "lighting": {
          "sunPosition": "Low in the East",
          "shadowDirection": "West",
          "shadowLength": "Long",
          "description": "Soft morning golden hour light casting long distinct shadows from the Roman arches across the cobblestones."
        },
        "microPhysiognomy": {
          "aerialCables": "None visible, underground routing",
          "shutterStyle": "Iron grated security gates at ground level",
          "treeType": "Pinus pinea (Stone Pine)",
          "graffiti": "None on monument, minor tags on temporary fencing",
          "terrain": "Sampietrini cobblestones intermixed with ancient travertine blocks",
          "urbanElements": {
            "furniture": "Steel crowd control barriers and modern glass turnstiles",
            "vegetationScore": 2,
            "architectureStyle": "Ancient Roman / Flavian architecture"
          },
          "temporalWindow": "Contemporary tourist adaptation phase"
        },
        "ocr": {
          "detectedText": [
            "INGRESSO",
            "ENTRANCE",
            "TICKETS"
          ],
          "confidence": 0.98,
          "rapidFuzzScore": 95
        },
        "exif": {
          "fStop": "f/1.5",
          "iso": 50,
          "shutterSpeed": "1/1200s",
          "focalLength": "24mm",
          "make": "Apple",
          "model": "iPhone 14 Pro",
          "lensModel": "Main Camera 24mm f/1.5",
          "dateTimeOriginal": "2023-09-12T08:30:00Z"
        },
        "category": "Historical Monument",
        "groundedFromAnchor": "Coliseo",
        "locationContext": "Coliseo",
        "validation": {
          "distanceFromCenter": 1.7074975843973554,
          "isOutlier": false,
          "computedScore": 113,
          "issues": [],
          "h3Index": "891e8052a6bffff"
        },
        "h3Index": "891e8052a6bffff",
        "geocodingScore": 113,
        "isAnchor": true
      }
    },
    {
      "type": "Feature",
      "geometry": {
        "type": "Point",
        "coordinates": [
          12.492228777982717,
          41.89025093816884
        ]
      },
      "properties": {
        "id": "REF-0052",
        "coordinates": {
          "lat": 41.89025093816884,
          "lng": 12.492228777982717,
          "corner": "Northern Perimeter"
        },
        "timestamp": "2023-10-05T12:15:00Z",
        "lighting": {
          "sunPosition": "Zenith",
          "shadowDirection": "Directly underneath",
          "shadowLength": "Minimal",
          "description": "Harsh midday sunlight creating high contrast and deep shadows within the amphitheater arches."
        },
        "microPhysiognomy": {
          "aerialCables": "None",
          "shutterStyle": "Absent",
          "treeType": "Sparse Mediterranean cypress in the distance",
          "graffiti": "Absent",
          "terrain": "Compacted gravel and uneven stone paving",
          "urbanElements": {
            "furniture": "Informational bronze plaques and modern LED uplights",
            "vegetationScore": 1,
            "architectureStyle": "Classical Antiquity"
          },
          "temporalWindow": "Contemporary tourist adaptation phase"
        },
        "ocr": {
          "detectedText": [
            "PIAZZA DEL COLOSSEO",
            "ROMA CAPITALE"
          ],
          "confidence": 0.96,
          "rapidFuzzScore": 92
        },
        "exif": {
          "fStop": "f/8.0",
          "iso": 100,
          "shutterSpeed": "1/500s",
          "focalLength": "35mm",
          "make": "Canon",
          "model": "EOS R5",
          "lensModel": "RF 35mm F1.8 MACRO IS STM",
          "dateTimeOriginal": "2023-10-05T12:15:00Z"
        },
        "category": "Historical Monument",
        "groundedFromAnchor": "Coliseo",
        "locationContext": "Coliseo",
        "validation": {
          "distanceFromCenter": 4.553240431652379,
          "isOutlier": false,
          "computedScore": 97,
          "issues": [],
          "h3Index": "891e8052a6bffff"
        },
        "h3Index": "891e8052a6bffff",
        "geocodingScore": 97,
        "isAnchor": true
      }
    },
    {
      "type": "Feature",
      "geometry": {
        "type": "Point",
        "coordinates": [
          12.491983605757667,
          41.88991744020668
        ]
      },
      "properties": {
        "id": "REF-0053",
        "coordinates": {
          "lat": 41.88991744020668,
          "lng": 12.491983605757667,
          "corner": "South-West Pathway"
        },
        "timestamp": "2023-11-20T15:45:00Z",
        "lighting": {
          "sunPosition": "Low in the South-West",
          "shadowDirection": "North-East",
          "shadowLength": "Elongated",
          "description": "Warm late afternoon sunlight illuminating the outer travertine facade with a golden hue."
        },
        "microPhysiognomy": {
          "aerialCables": "Temporary power lines for restoration works",
          "shutterStyle": "Temporary construction scaffolding",
          "treeType": "Olea europaea (Olive tree) nearby",
          "graffiti": "Faint historical etchings on lower stones",
          "terrain": "Modern asphalt transitioning to historical paving",
          "urbanElements": {
            "furniture": "Restoration scaffolding and mesh fencing",
            "vegetationScore": 3,
            "architectureStyle": "Ancient Roman ruins with modern supports"
          },
          "temporalWindow": "Active restoration period"
        },
        "ocr": {
          "detectedText": [
            "LAVORI IN CORSO",
            "CAUTION",
            "RESTAURO"
          ],
          "confidence": 0.89,
          "rapidFuzzScore": 88
        },
        "exif": {
          "fStop": "f/4.0",
          "iso": 200,
          "shutterSpeed": "1/250s",
          "focalLength": "50mm",
          "make": "Sony",
          "model": "ILCE-7M4",
          "lensModel": "FE 50mm F1.8",
          "dateTimeOriginal": "2023-11-20T15:45:00Z"
        },
        "category": "Construction / Restoration",
        "groundedFromAnchor": "Coliseo",
        "locationContext": "Coliseo",
        "validation": {
          "distanceFromCenter": 38.39609083016781,
          "isOutlier": false,
          "computedScore": 125,
          "issues": [],
          "h3Index": "891e80501a7ffff"
        },
        "h3Index": "891e80501a7ffff",
        "geocodingScore": 125,
        "isAnchor": true
      }
    },
    {
      "type": "Feature",
      "geometry": {
        "type": "Point",
        "coordinates": [
          12.49202420771411,
          41.89008239812501
        ]
      },
      "properties": {
        "id": "REF-0054",
        "coordinates": {
          "lat": 41.89008239812501,
          "lng": 12.49202420771411,
          "corner": "Western Archway"
        },
        "timestamp": "2024-01-10T10:00:00Z",
        "lighting": {
          "sunPosition": "Obscured by clouds",
          "shadowDirection": "Omnidirectional",
          "shadowLength": "None",
          "description": "Overcast, diffuse lighting providing even illumination with zero harsh shadows, emphasizing stone textures."
        },
        "microPhysiognomy": {
          "aerialCables": "None",
          "shutterStyle": "Metal portcullis-style modern gates",
          "treeType": "Deciduous trees without leaves",
          "graffiti": "None visible",
          "terrain": "Worn basalt blocks",
          "urbanElements": {
            "furniture": "Metal bollards protecting the ruins",
            "vegetationScore": 1,
            "architectureStyle": "Flavian Amphitheatre"
          },
          "temporalWindow": "Winter low-season tourism"
        },
        "ocr": {
          "detectedText": [
            "USCITA",
            "EXIT ONLY",
            "VIETATO L'ACCESSO"
          ],
          "confidence": 0.99,
          "rapidFuzzScore": 100
        },
        "exif": {
          "fStop": "f/5.6",
          "iso": 400,
          "shutterSpeed": "1/160s",
          "focalLength": "28mm",
          "make": "Nikon",
          "model": "Z6 II",
          "lensModel": "NIKKOR Z 28mm f/2.8",
          "dateTimeOriginal": "2024-01-10T10:00:00Z"
        },
        "category": "Tourism infrastructure",
        "groundedFromAnchor": "Coliseo",
        "locationContext": "Coliseo",
        "validation": {
          "distanceFromCenter": 22.169832206063642,
          "isOutlier": false,
          "computedScore": 100,
          "issues": [],
          "h3Index": "891e80501a7ffff"
        },
        "h3Index": "891e80501a7ffff",
        "geocodingScore": 100,
        "isAnchor": true
      }
    },
    {
      "type": "Feature",
      "geometry": {
        "type": "Point",
        "coordinates": [
          12.492293331813041,
          41.88984012273037
        ]
      },
      "properties": {
        "id": "REF-0055",
        "coordinates": {
          "lat": 41.88984012273037,
          "lng": 12.492293331813041,
          "corner": "Southern Plaza"
        },
        "timestamp": "2023-06-21T20:15:00Z",
        "lighting": {
          "sunPosition": "Setting in the North-West",
          "shadowDirection": "South-East",
          "shadowLength": "Extremely long",
          "description": "Dramatic sunset lighting silhouetting the fractured walls of the southern facade."
        },
        "microPhysiognomy": {
          "aerialCables": "None",
          "shutterStyle": "Absent",
          "treeType": "Pinus pinea",
          "graffiti": "None",
          "terrain": "Large pedestrian plaza with mixed brick and stone",
          "urbanElements": {
            "furniture": "Stone benches and automated ticketing kiosks",
            "vegetationScore": 4,
            "architectureStyle": "Classical Antiquity"
          },
          "temporalWindow": "Summer evening twilight"
        },
        "ocr": {
          "detectedText": [
            "BIGLIETTERIA",
            "AUDIO GUIDE",
            "ROMA PASS"
          ],
          "confidence": 0.94,
          "rapidFuzzScore": 90
        },
        "exif": {
          "fStop": "f/1.6",
          "iso": 800,
          "shutterSpeed": "1/60s",
          "focalLength": "26mm",
          "make": "Apple",
          "model": "iPhone 13 Pro",
          "lensModel": "Main Camera 26mm f/1.5",
          "dateTimeOriginal": "2023-06-21T20:15:00Z"
        },
        "category": "Historical Monument",
        "groundedFromAnchor": "Coliseo",
        "locationContext": "Coliseo",
        "validation": {
          "distanceFromCenter": 41.46123730647537,
          "isOutlier": false,
          "computedScore": 141,
          "issues": [],
          "h3Index": "891e8050cd3ffff"
        },
        "h3Index": "891e8050cd3ffff",
        "geocodingScore": 141,
        "isAnchor": true
      }
    },
    {
      "type": "Feature",
      "geometry": {
        "type": "Point",
        "coordinates": [
          12.492416217120851,
          41.890015245788994
        ]
      },
      "properties": {
        "id": "REF-0056",
        "coordinates": {
          "lat": 41.890015245788994,
          "lng": 12.492416217120851,
          "corner": "South-East Metro Entrance"
        },
        "timestamp": "2023-12-05T22:30:00Z",
        "lighting": {
          "sunPosition": "Below horizon",
          "shadowDirection": "Radial from artificial lights",
          "shadowLength": "Variable",
          "description": "Night scene illuminated by powerful warm-toned LED floodlights directed at the monument."
        },
        "microPhysiognomy": {
          "aerialCables": "Tram overhead lines visible in the distance",
          "shutterStyle": "Rolling metal security shutters on nearby kiosks",
          "treeType": "Platanus x hispanica (London Plane)",
          "graffiti": "Spray paint on electrical utility boxes",
          "terrain": "Modern paving tiles",
          "urbanElements": {
            "furniture": "Street lamps, trash receptacles, metro signage",
            "vegetationScore": 2,
            "architectureStyle": "Modern functional contrasting with ancient ruins"
          },
          "temporalWindow": "Nighttime urban environment"
        },
        "ocr": {
          "detectedText": [
            "METRO B",
            "COLOSSEO",
            "FERMATA"
          ],
          "confidence": 0.92,
          "rapidFuzzScore": 97
        },
        "exif": {
          "fStop": "f/1.8",
          "iso": 1600,
          "shutterSpeed": "1/30s",
          "focalLength": "24mm",
          "make": "Google",
          "model": "Pixel 7 Pro",
          "lensModel": "Main Wide",
          "dateTimeOriginal": "2023-12-05T22:30:00Z"
        },
        "category": "Urban Transit Hub",
        "groundedFromAnchor": "Coliseo",
        "locationContext": "Coliseo",
        "validation": {
          "distanceFromCenter": 26.581424938446965,
          "isOutlier": false,
          "computedScore": 114,
          "issues": [],
          "h3Index": "891e8050cd3ffff"
        },
        "h3Index": "891e8050cd3ffff",
        "geocodingScore": 114,
        "isAnchor": true
      }
    },
    {
      "type": "Feature",
      "geometry": {
        "type": "Point",
        "coordinates": [
          12.4921773840456,
          41.89016918855286
        ]
      },
      "properties": {
        "id": "REF-0057",
        "coordinates": {
          "lat": 41.89016918855286,
          "lng": 12.4921773840456,
          "corner": "Inner Walkway"
        },
        "timestamp": "2024-03-18T09:45:00Z",
        "lighting": {
          "sunPosition": "Mid-morning East",
          "shadowDirection": "West",
          "shadowLength": "Medium",
          "description": "Bright, crisp morning light filtering through the external arches into the inner corridor."
        },
        "microPhysiognomy": {
          "aerialCables": "None",
          "shutterStyle": "Internal wrought iron barriers",
          "treeType": "None inside",
          "graffiti": "Historical graffiti carved by 19th-century tourists",
          "terrain": "Elevated wooden walkways over hypogeum",
          "urbanElements": {
            "furniture": "Glass railings and steel structural supports",
            "vegetationScore": 0,
            "architectureStyle": "Ancient Roman Hypogeum"
          },
          "temporalWindow": "Modern musealization of ancient ruins"
        },
        "ocr": {
          "detectedText": [
            "ARENA",
            "HYPOGEUM",
            "DO NOT TOUCH"
          ],
          "confidence": 0.97,
          "rapidFuzzScore": 96
        },
        "exif": {
          "fStop": "f/2.8",
          "iso": 400,
          "shutterSpeed": "1/500s",
          "focalLength": "16mm",
          "make": "Fujifilm",
          "model": "X-T4",
          "lensModel": "XF10-24mmF4 R OIS",
          "dateTimeOriginal": "2024-03-18T09:45:00Z"
        },
        "category": "Museum Interior",
        "groundedFromAnchor": "Coliseo",
        "locationContext": "Coliseo",
        "validation": {
          "distanceFromCenter": 6.289898639392593,
          "isOutlier": false,
          "computedScore": 83,
          "issues": [
            "Entorno botánico genérico"
          ],
          "h3Index": "891e8052a6bffff"
        },
        "h3Index": "891e8052a6bffff",
        "geocodingScore": 83,
        "isAnchor": false
      }
    },
    {
      "type": "Feature",
      "geometry": {
        "type": "Point",
        "coordinates": [
          12.492173528347955,
          41.89052918123346
        ]
      },
      "properties": {
        "id": "REF-0058",
        "coordinates": {
          "lat": 41.89052918123346,
          "lng": 12.492173528347955,
          "corner": "Northern Outlook"
        },
        "timestamp": "2023-08-10T13:00:00Z",
        "lighting": {
          "sunPosition": "High noon",
          "shadowDirection": "Directly south, very short",
          "shadowLength": "Minimal",
          "description": "Intense summer sunlight bleaching the pale travertine stones and creating stark contrast."
        },
        "microPhysiognomy": {
          "aerialCables": "None",
          "shutterStyle": "Canvas awnings on nearby vendor stands",
          "treeType": "Shrubs growing from ancient mortar",
          "graffiti": "None",
          "terrain": "Dusty gravel pathway",
          "urbanElements": {
            "furniture": "Mobile souvenir stalls and water fountains (nasoni)",
            "vegetationScore": 2,
            "architectureStyle": "Ancient Roman exterior"
          },
          "temporalWindow": "Peak tourist season"
        },
        "ocr": {
          "detectedText": [
            "SOUVENIRS",
            "ACQUA POTABILE",
            "COLOSSEUM"
          ],
          "confidence": 0.9,
          "rapidFuzzScore": 85
        },
        "exif": {
          "fStop": "f/1.7",
          "iso": 50,
          "shutterSpeed": "1/2500s",
          "focalLength": "23mm",
          "make": "Samsung",
          "model": "Galaxy S23 Ultra",
          "lensModel": "Wide Camera",
          "dateTimeOriginal": "2023-08-10T13:00:00Z"
        },
        "category": "Tourism Commerce",
        "groundedFromAnchor": "Coliseo",
        "locationContext": "Coliseo",
        "validation": {
          "distanceFromCenter": 35.797846062293054,
          "isOutlier": false,
          "computedScore": 109,
          "issues": [],
          "h3Index": "891e8052a6bffff"
        },
        "h3Index": "891e8052a6bffff",
        "geocodingScore": 109,
        "isAnchor": true
      }
    },
    {
      "type": "Feature",
      "geometry": {
        "type": "Point",
        "coordinates": [
          12.492023497940197,
          41.89028490871264
        ]
      },
      "properties": {
        "id": "REF-0059",
        "coordinates": {
          "lat": 41.89028490871264,
          "lng": 12.492023497940197,
          "corner": "North-West Colonnade"
        },
        "timestamp": "2023-05-02T17:30:00Z",
        "lighting": {
          "sunPosition": "Mid-height West",
          "shadowDirection": "East",
          "shadowLength": "Medium-Long",
          "description": "Warm afternoon light catching the texture of the brick and tufa substructures."
        },
        "microPhysiognomy": {
          "aerialCables": "None",
          "shutterStyle": "Absent",
          "treeType": "Weeds and wildflowers in stone crevices",
          "graffiti": "Faint chalk markings from archaeologists",
          "terrain": "Uneven brick paving",
          "urbanElements": {
            "furniture": "Directional totems and security cameras",
            "vegetationScore": 1,
            "architectureStyle": "Roman brickwork (Opus latericium)"
          },
          "temporalWindow": "Archaeological maintenance"
        },
        "ocr": {
          "detectedText": [
            "PERCORSO BREVE",
            "SHORT ROUTE",
            "TOILETS"
          ],
          "confidence": 0.95,
          "rapidFuzzScore": 99
        },
        "exif": {
          "fStop": "f/5.6",
          "iso": 200,
          "shutterSpeed": "1/400s",
          "focalLength": "35mm",
          "make": "Canon",
          "model": "EOS 5D Mark IV",
          "lensModel": "EF35mm f/1.4L II USM",
          "dateTimeOriginal": "2023-05-02T17:30:00Z"
        },
        "category": "Historical Monument",
        "groundedFromAnchor": "Coliseo",
        "locationContext": "Coliseo",
        "validation": {
          "distanceFromCenter": 19.01491610547709,
          "isOutlier": false,
          "computedScore": 100,
          "issues": [],
          "h3Index": "891e8052a6bffff"
        },
        "h3Index": "891e8052a6bffff",
        "geocodingScore": 100,
        "isAnchor": true
      }
    },
    {
      "type": "Feature",
      "geometry": {
        "type": "Point",
        "coordinates": [
          12.492033150484618,
          41.89014099425029
        ]
      },
      "properties": {
        "id": "REF-0060",
        "coordinates": {
          "lat": 41.89014099425029,
          "lng": 12.492033150484618,
          "corner": "Western Plaza Edge"
        },
        "timestamp": "2024-02-14T06:45:00Z",
        "lighting": {
          "sunPosition": "Pre-dawn",
          "shadowDirection": "None",
          "shadowLength": "None",
          "description": "Cool blue hour lighting mixed with the warm yellow glow of streetlights and monument uplighting."
        },
        "microPhysiognomy": {
          "aerialCables": "Distant utility lines crossing Via dei Fori Imperiali",
          "shutterStyle": "None",
          "treeType": "Pinus pinea silhouettes",
          "graffiti": "None visible in low light",
          "terrain": "Dew-covered sampietrini",
          "urbanElements": {
            "furniture": "Police vehicles and temporary barricades",
            "vegetationScore": 3,
            "architectureStyle": "Classical Antiquity"
          },
          "temporalWindow": "Early morning before public opening"
        },
        "ocr": {
          "detectedText": [
            "POLIZIA",
            "ROMA CAPITALE",
            "ZONA RIMOZIONE"
          ],
          "confidence": 0.88,
          "rapidFuzzScore": 89
        },
        "exif": {
          "fStop": "f/2.8",
          "iso": 3200,
          "shutterSpeed": "1/15s",
          "focalLength": "20mm",
          "make": "Panasonic",
          "model": "DC-GH5",
          "lensModel": "LUMIX G 20mm/F1.7 II",
          "dateTimeOriginal": "2024-02-14T06:45:00Z"
        },
        "category": "Security / Law Enforcement",
        "groundedFromAnchor": "Coliseo",
        "locationContext": "Coliseo",
        "validation": {
          "distanceFromCenter": 18.0107423548407,
          "isOutlier": false,
          "computedScore": 126,
          "issues": [],
          "h3Index": "891e8052a6bffff"
        },
        "h3Index": "891e8052a6bffff",
        "geocodingScore": 126,
        "isAnchor": true
      }
    },
    {
      "type": "Feature",
      "geometry": {
        "type": "Point",
        "coordinates": [
          12.492168683177109,
          41.88989769278678
        ]
      },
      "properties": {
        "id": "REF-0061",
        "coordinates": {
          "lat": 41.88989769278678,
          "lng": 12.492168683177109,
          "corner": "Southwest Piazza"
        },
        "timestamp": "2023-10-15T09:30:00Z",
        "lighting": {
          "sunPosition": "Low in the East",
          "shadowDirection": "West",
          "shadowLength": "Long",
          "description": "Morning sunlight highlighting the travertine stone texture of the outer ring."
        },
        "microPhysiognomy": {
          "aerialCables": "None visible, strict historical preservation zone",
          "shutterStyle": "N/A for monument, surrounding buildings feature dark green wooden persiane",
          "treeType": "Pinus pinea (Stone pines) in the distance",
          "graffiti": "Completely absent on monument, highly maintained",
          "terrain": "Large historic sampietrini (cobblestones) and modern stone paving",
          "urbanElements": {
            "furniture": "Cast iron bollards and standard green waste bins",
            "vegetationScore": 2.5,
            "architectureStyle": "Flavian Roman Antiquity (Travertine, Tuff, Brick-faced concrete)"
          },
          "temporalWindow": "Present day, highly preserved"
        },
        "ocr": {
          "detectedText": [
            "BIGLIETTERIA",
            "TICKETS",
            "INGRESSO",
            "ENTRANCE"
          ],
          "confidence": 0.98,
          "rapidFuzzScore": 95.5
        },
        "exif": {
          "fStop": "f/8.0",
          "iso": 100,
          "shutterSpeed": "1/250s",
          "focalLength": "24mm",
          "make": "Sony",
          "model": "ILCE-7M3",
          "lensModel": "FE 24-70mm F2.8 GM",
          "dateTimeOriginal": "2023-10-15T09:30:00Z"
        },
        "category": "Monument Entrance",
        "groundedFromAnchor": "Coliseo",
        "locationContext": "Coliseo",
        "validation": {
          "distanceFromCenter": 35.095934914997315,
          "isOutlier": false,
          "computedScore": 121,
          "issues": [],
          "h3Index": "891e8050cd3ffff"
        },
        "h3Index": "891e8050cd3ffff",
        "geocodingScore": 121,
        "isAnchor": true
      }
    },
    {
      "type": "Feature",
      "geometry": {
        "type": "Point",
        "coordinates": [
          12.491955401234394,
          41.890472687735226
        ]
      },
      "properties": {
        "id": "REF-0062",
        "coordinates": {
          "lat": 41.890472687735226,
          "lng": 12.491955401234394,
          "corner": "Northwest Via dei Fori Imperiali"
        },
        "timestamp": "2023-05-22T14:45:00Z",
        "lighting": {
          "sunPosition": "High in the South-West",
          "shadowDirection": "North-East",
          "shadowLength": "Short",
          "description": "Bright midday sun creating stark contrast in the archways."
        },
        "microPhysiognomy": {
          "aerialCables": "Occasional tram wires visible towards Via Nicola Salvi",
          "shutterStyle": "Classic Roman shutters on nearby palazzos",
          "treeType": "Mediterranean cypress and sparse shrubs",
          "graffiti": "Minor tagging on a temporary construction barrier",
          "terrain": "Asphalt merging into pedestrian stone walkways",
          "urbanElements": {
            "furniture": "Temporary metal crowd-control barriers and a street lamp",
            "vegetationScore": 3,
            "architectureStyle": "Roman Antiquity juxtaposed with 1930s urban planning"
          },
          "temporalWindow": "Present day, peak tourist season"
        },
        "ocr": {
          "detectedText": [
            "VIA DEI FORI IMPERIALI",
            "POLIZIA DI STATO",
            "ZONA PEDONALE"
          ],
          "confidence": 0.92,
          "rapidFuzzScore": 88.2
        },
        "exif": {
          "fStop": "f/11.0",
          "iso": 200,
          "shutterSpeed": "1/500s",
          "focalLength": "35mm",
          "make": "Canon",
          "model": "EOS R5",
          "lensModel": "RF35mm F1.8 MACRO IS STM",
          "dateTimeOriginal": "2023-05-22T14:45:00Z"
        },
        "category": "Street View",
        "groundedFromAnchor": "Coliseo",
        "locationContext": "Coliseo",
        "validation": {
          "distanceFromCenter": 37.01163543303624,
          "isOutlier": false,
          "computedScore": 125,
          "issues": [],
          "h3Index": "891e8052a6bffff"
        },
        "h3Index": "891e8052a6bffff",
        "geocodingScore": 125,
        "isAnchor": true
      }
    },
    {
      "type": "Feature",
      "geometry": {
        "type": "Point",
        "coordinates": [
          12.492540319218195,
          41.89023413773857
        ]
      },
      "properties": {
        "id": "REF-0063",
        "coordinates": {
          "lat": 41.89023413773857,
          "lng": 12.492540319218195,
          "corner": "East Outer Ring"
        },
        "timestamp": "2023-09-10T17:15:00Z",
        "lighting": {
          "sunPosition": "Descending in the West",
          "shadowDirection": "East",
          "shadowLength": "Medium-Long",
          "description": "Golden hour lighting casting warm amber hues on the ancient brickwork."
        },
        "microPhysiognomy": {
          "aerialCables": "None",
          "shutterStyle": "None",
          "treeType": "Stone pines framing the background",
          "graffiti": "None",
          "terrain": "Compacted earth and gravel path with stone borders",
          "urbanElements": {
            "furniture": "Informational bronze plaques on stone pedestals",
            "vegetationScore": 1.5,
            "architectureStyle": "Roman Antiquity (exposed brick and mortar core)"
          },
          "temporalWindow": "Present day, late afternoon"
        },
        "ocr": {
          "detectedText": [
            "ARCO DI COSTANTINO",
            "ROMA CAPITALE",
            "SCAVI ARCHEOLOGICI"
          ],
          "confidence": 0.85,
          "rapidFuzzScore": 82
        },
        "exif": {
          "fStop": "f/2.8",
          "iso": 400,
          "shutterSpeed": "1/125s",
          "focalLength": "50mm",
          "make": "Nikon",
          "model": "Z6 II",
          "lensModel": "NIKKOR Z 50mm f/1.8 S",
          "dateTimeOriginal": "2023-09-10T17:15:00Z"
        },
        "category": "Archaeological Site",
        "groundedFromAnchor": "Coliseo",
        "locationContext": "Coliseo",
        "validation": {
          "distanceFromCenter": 25.826930971561882,
          "isOutlier": false,
          "computedScore": 100,
          "issues": [],
          "h3Index": "891e8050cd3ffff"
        },
        "h3Index": "891e8050cd3ffff",
        "geocodingScore": 100,
        "isAnchor": true
      }
    },
    {
      "type": "Feature",
      "geometry": {
        "type": "Point",
        "coordinates": [
          12.492323012413832,
          41.890468116955795
        ]
      },
      "properties": {
        "id": "REF-0064",
        "coordinates": {
          "lat": 41.890468116955795,
          "lng": 12.492323012413832,
          "corner": "Northeast Facing Oppian Hill"
        },
        "timestamp": "2023-06-05T12:00:00Z",
        "lighting": {
          "sunPosition": "Directly Overhead",
          "shadowDirection": "Directly Below",
          "shadowLength": "Minimal",
          "description": "Harsh noon lighting flattening textures but revealing deep interior shadows."
        },
        "microPhysiognomy": {
          "aerialCables": "None visible",
          "shutterStyle": "None",
          "treeType": "Dense Mediterranean vegetation visible on Oppian Hill",
          "graffiti": "None",
          "terrain": "Uneven ancient stone blocks and modern restoration concrete",
          "urbanElements": {
            "furniture": "Modern minimalist handrails for tourist safety",
            "vegetationScore": 4.5,
            "architectureStyle": "Roman Amphitheater Architecture"
          },
          "temporalWindow": "Present day"
        },
        "ocr": {
          "detectedText": [
            "USCITA",
            "EXIT ONLY",
            "NO ENTRY"
          ],
          "confidence": 0.99,
          "rapidFuzzScore": 98.1
        },
        "exif": {
          "fStop": "f/1.8",
          "iso": 50,
          "shutterSpeed": "1/2000s",
          "focalLength": "24mm",
          "make": "Apple",
          "model": "iPhone 14 Pro",
          "lensModel": "Main Camera 24mm f/1.78",
          "dateTimeOriginal": "2023-06-05T12:00:00Z"
        },
        "category": "Tourism",
        "groundedFromAnchor": "Coliseo",
        "locationContext": "Coliseo",
        "validation": {
          "distanceFromCenter": 29.71602718365555,
          "isOutlier": false,
          "computedScore": 152,
          "issues": [],
          "h3Index": "891e8052a6bffff"
        },
        "h3Index": "891e8052a6bffff",
        "geocodingScore": 152,
        "isAnchor": true
      }
    },
    {
      "type": "Feature",
      "geometry": {
        "type": "Point",
        "coordinates": [
          12.492267911085786,
          41.89000579659869
        ]
      },
      "properties": {
        "id": "REF-0065",
        "coordinates": {
          "lat": 41.89000579659869,
          "lng": 12.492267911085786,
          "corner": "Southern Interior Corridor"
        },
        "timestamp": "2023-11-20T10:45:00Z",
        "lighting": {
          "sunPosition": "Low South",
          "shadowDirection": "North",
          "shadowLength": "Long",
          "description": "Diffused light filtering through the massive archways of the ambulatory."
        },
        "microPhysiognomy": {
          "aerialCables": "Concealed modern lighting conduits",
          "shutterStyle": "None",
          "treeType": "None inside the corridor",
          "graffiti": "Historical etchings from 18th-century travelers",
          "terrain": "Modern wooden boardwalk over exposed subterranean levels",
          "urbanElements": {
            "furniture": "Subtle LED up-lighting fixtures embedded in the ground",
            "vegetationScore": 0,
            "architectureStyle": "Vaulted Roman Corridors"
          },
          "temporalWindow": "Present day, overcast autumn"
        },
        "ocr": {
          "detectedText": [
            "L'ARENA",
            "SOSTRUZIONI",
            "DO NOT CLIMB"
          ],
          "confidence": 0.94,
          "rapidFuzzScore": 89.5
        },
        "exif": {
          "fStop": "f/4.0",
          "iso": 800,
          "shutterSpeed": "1/60s",
          "focalLength": "16mm",
          "make": "Fujifilm",
          "model": "X-T4",
          "lensModel": "XF10-24mmF4 R OIS WR",
          "dateTimeOriginal": "2023-11-20T10:45:00Z"
        },
        "category": "Interior Monument",
        "groundedFromAnchor": "Coliseo",
        "locationContext": "Coliseo",
        "validation": {
          "distanceFromCenter": 22.922211008145855,
          "isOutlier": false,
          "computedScore": 81,
          "issues": [
            "Entorno botánico genérico"
          ],
          "h3Index": "891e8050cd3ffff"
        },
        "h3Index": "891e8050cd3ffff",
        "geocodingScore": 81,
        "isAnchor": false
      }
    },
    {
      "type": "Feature",
      "geometry": {
        "type": "Point",
        "coordinates": [
          12.492109948883522,
          41.88995884111595
        ]
      },
      "properties": {
        "id": "REF-0066",
        "coordinates": {
          "lat": 41.88995884111595,
          "lng": 12.492109948883522,
          "corner": "Southwestern Perimeter"
        },
        "timestamp": "2023-03-12T16:20:00Z",
        "lighting": {
          "sunPosition": "West",
          "shadowDirection": "East",
          "shadowLength": "Long",
          "description": "Clear sky with strong directional light emphasizing the pockmarks in the travertine."
        },
        "microPhysiognomy": {
          "aerialCables": "None",
          "shutterStyle": "None",
          "treeType": "Distant Italian Cypress",
          "graffiti": "None",
          "terrain": "Smooth modern paving stones surrounding the monument base",
          "urbanElements": {
            "furniture": "Iron chains strung between low stone posts",
            "vegetationScore": 1,
            "architectureStyle": "Classical Roman"
          },
          "temporalWindow": "Present day, early spring"
        },
        "ocr": {
          "detectedText": [
            "P.ZZA DEL COLOSSEO",
            "SOUVENIRS",
            "GELATO ARTIGIANALE"
          ],
          "confidence": 0.88,
          "rapidFuzzScore": 85
        },
        "exif": {
          "fStop": "f/5.6",
          "iso": 100,
          "shutterSpeed": "1/400s",
          "focalLength": "28mm",
          "make": "Ricoh",
          "model": "GR III",
          "lensModel": "18.3 mm f/2.8",
          "dateTimeOriginal": "2023-03-12T16:20:00Z"
        },
        "category": "Pedestrian Walkway",
        "groundedFromAnchor": "Coliseo",
        "locationContext": "Coliseo",
        "validation": {
          "distanceFromCenter": 29.64291945969255,
          "isOutlier": false,
          "computedScore": 94,
          "issues": [],
          "h3Index": "891e8050cd3ffff"
        },
        "h3Index": "891e8050cd3ffff",
        "geocodingScore": 94,
        "isAnchor": true
      }
    },
    {
      "type": "Feature",
      "geometry": {
        "type": "Point",
        "coordinates": [
          12.492335899641084,
          41.889816077122475
        ]
      },
      "properties": {
        "id": "REF-0067",
        "coordinates": {
          "lat": 41.889816077122475,
          "lng": 12.492335899641084,
          "corner": "South Plaza near Arch of Constantine"
        },
        "timestamp": "2023-07-30T08:00:00Z",
        "lighting": {
          "sunPosition": "East",
          "shadowDirection": "West",
          "shadowLength": "Very Long",
          "description": "Early morning light, cool color temperature, long cast shadows from the ruins."
        },
        "microPhysiognomy": {
          "aerialCables": "None",
          "shutterStyle": "None",
          "treeType": "Large Stone Pines providing shade to the plaza",
          "graffiti": "Faint, cleaned tag on a modern trash bin",
          "terrain": "Large polygonal basalt blocks (basolati) typical of ancient Roman roads",
          "urbanElements": {
            "furniture": "Classic Roman 'nasone' drinking fountain casting water constantly",
            "vegetationScore": 5,
            "architectureStyle": "Imperial Roman (Triumphal Arch nearby)"
          },
          "temporalWindow": "Present day, quiet early morning"
        },
        "ocr": {
          "detectedText": [
            "ACQUA POTABILE",
            "DRINKING WATER"
          ],
          "confidence": 0.97,
          "rapidFuzzScore": 92.3
        },
        "exif": {
          "fStop": "f/7.1",
          "iso": 100,
          "shutterSpeed": "1/100s",
          "focalLength": "35mm",
          "make": "Panasonic",
          "model": "DC-S5",
          "lensModel": "LUMIX S 20-60mm F3.5-5.6",
          "dateTimeOriginal": "2023-07-30T08:00:00Z"
        },
        "category": "Plaza",
        "groundedFromAnchor": "Coliseo",
        "locationContext": "Coliseo",
        "validation": {
          "distanceFromCenter": 44.67077283672215,
          "isOutlier": false,
          "computedScore": 157,
          "issues": [],
          "h3Index": "891e8050cd3ffff"
        },
        "h3Index": "891e8050cd3ffff",
        "geocodingScore": 157,
        "isAnchor": true
      }
    },
    {
      "type": "Feature",
      "geometry": {
        "type": "Point",
        "coordinates": [
          12.49205687070182,
          41.8901043757821
        ]
      },
      "properties": {
        "id": "REF-0068",
        "coordinates": {
          "lat": 41.8901043757821,
          "lng": 12.49205687070182,
          "corner": "Western Façade Base"
        },
        "timestamp": "2023-04-18T19:30:00Z",
        "lighting": {
          "sunPosition": "Below Horizon",
          "shadowDirection": "None",
          "shadowLength": "None",
          "description": "Twilight blue hour with artificial monument lighting switched on, glowing warm against the cool sky."
        },
        "microPhysiognomy": {
          "aerialCables": "None",
          "shutterStyle": "None",
          "treeType": "None",
          "graffiti": "None",
          "terrain": "Sampietrini stones reflecting ambient light",
          "urbanElements": {
            "furniture": "High-intensity architectural floodlights",
            "vegetationScore": 0.5,
            "architectureStyle": "Flavian Amphitheater"
          },
          "temporalWindow": "Present day, dusk"
        },
        "ocr": {
          "detectedText": [
            "COLOSSEO",
            "FERMATA BUS",
            "TAXI"
          ],
          "confidence": 0.82,
          "rapidFuzzScore": 78.5
        },
        "exif": {
          "fStop": "f/2.8",
          "iso": 1600,
          "shutterSpeed": "1/30s",
          "focalLength": "24mm",
          "make": "Sony",
          "model": "ILCE-7RM4",
          "lensModel": "FE 16-35mm F2.8 GM",
          "dateTimeOriginal": "2023-04-18T19:30:00Z"
        },
        "category": "Night Photography",
        "groundedFromAnchor": "Coliseo",
        "locationContext": "Coliseo",
        "validation": {
          "distanceFromCenter": 18.528906925885313,
          "isOutlier": false,
          "computedScore": 84,
          "issues": [],
          "h3Index": "891e80501a7ffff"
        },
        "h3Index": "891e80501a7ffff",
        "geocodingScore": 84,
        "isAnchor": false
      }
    },
    {
      "type": "Feature",
      "geometry": {
        "type": "Point",
        "coordinates": [
          12.492075085062336,
          41.89030097454014
        ]
      },
      "properties": {
        "id": "REF-0069",
        "coordinates": {
          "lat": 41.89030097454014,
          "lng": 12.492075085062336,
          "corner": "Northwest Walkway"
        },
        "timestamp": "2023-08-12T13:15:00Z",
        "lighting": {
          "sunPosition": "High South",
          "shadowDirection": "North",
          "shadowLength": "Very Short",
          "description": "Intense summer sunlight, heavy heat haze rising from the stones."
        },
        "microPhysiognomy": {
          "aerialCables": "Overhead lines for tram route 3 visible in the background",
          "shutterStyle": "Wooden shutters on distant residential buildings",
          "treeType": "Sparse potted oleanders near an outdoor cafe",
          "graffiti": "Stickers on a traffic sign pole",
          "terrain": "Worn asphalt and traditional roman paving",
          "urbanElements": {
            "furniture": "Tour bus stop signs and a shaded kiosk",
            "vegetationScore": 2,
            "architectureStyle": "Ancient ruins mixed with 20th-century commercial kiosks"
          },
          "temporalWindow": "Present day, hot summer afternoon"
        },
        "ocr": {
          "detectedText": [
            "SIGHTSEEING ROMA",
            "HOP ON HOP OFF",
            "BIGLIETTI QUI"
          ],
          "confidence": 0.96,
          "rapidFuzzScore": 91
        },
        "exif": {
          "fStop": "f/2.2",
          "iso": 50,
          "shutterSpeed": "1/4000s",
          "focalLength": "23mm",
          "make": "Samsung",
          "model": "SM-S918B",
          "lensModel": "Galaxy S23 Ultra Main Camera",
          "dateTimeOriginal": "2023-08-12T13:15:00Z"
        },
        "category": "Street View",
        "groundedFromAnchor": "Coliseo",
        "locationContext": "Coliseo",
        "validation": {
          "distanceFromCenter": 16.333040532342523,
          "isOutlier": false,
          "computedScore": 111,
          "issues": [],
          "h3Index": "891e8052a6bffff"
        },
        "h3Index": "891e8052a6bffff",
        "geocodingScore": 111,
        "isAnchor": true
      }
    },
    {
      "type": "Feature",
      "geometry": {
        "type": "Point",
        "coordinates": [
          12.492504641114785,
          41.890221033158184
        ]
      },
      "properties": {
        "id": "REF-0070",
        "coordinates": {
          "lat": 41.890221033158184,
          "lng": 12.492504641114785,
          "corner": "Eastern Interior Staircase"
        },
        "timestamp": "2023-12-01T11:00:00Z",
        "lighting": {
          "sunPosition": "Low South-East",
          "shadowDirection": "North-West",
          "shadowLength": "Medium",
          "description": "Crisp winter light penetrating the upper tiers, casting intricate shadows of the iron grates."
        },
        "microPhysiognomy": {
          "aerialCables": "None",
          "shutterStyle": "None",
          "treeType": "None",
          "graffiti": "Modern pencil scribbles on a newly plastered restoration patch",
          "terrain": "Steep, uneven original travertine steps reinforced with modern steel treads",
          "urbanElements": {
            "furniture": "Steel mesh safety railings and informational audio-guide markers",
            "vegetationScore": 0,
            "architectureStyle": "Restored Roman Amphitheater upper levels"
          },
          "temporalWindow": "Present day, winter morning"
        },
        "ocr": {
          "detectedText": [
            "ATTENZIONE GRADINI",
            "MIND THE STEP",
            "AUDIO GUIDE POINT 12"
          ],
          "confidence": 0.93,
          "rapidFuzzScore": 87.4
        },
        "exif": {
          "fStop": "f/5.0",
          "iso": 400,
          "shutterSpeed": "1/160s",
          "focalLength": "24mm",
          "make": "Olympus",
          "model": "E-M1MarkIII",
          "lensModel": "M.12-40mm F2.8",
          "dateTimeOriginal": "2023-12-01T11:00:00Z"
        },
        "category": "Tourism Interior",
        "groundedFromAnchor": "Coliseo",
        "locationContext": "Coliseo",
        "validation": {
          "distanceFromCenter": 22.76686746118859,
          "isOutlier": false,
          "computedScore": 80,
          "issues": [
            "Entorno botánico genérico"
          ],
          "h3Index": "891e8050cd3ffff"
        },
        "h3Index": "891e8050cd3ffff",
        "geocodingScore": 80,
        "isAnchor": false
      }
    },
    {
      "type": "Feature",
      "geometry": {
        "type": "Point",
        "coordinates": [
          12.492217316010153,
          41.8901113800729
        ]
      },
      "properties": {
        "id": "REF-0071",
        "coordinates": {
          "lat": 41.8901113800729,
          "lng": 12.492217316010153,
          "corner": "NW"
        },
        "timestamp": "2023-05-14T08:15:30Z",
        "lighting": {
          "sunPosition": "Low East",
          "shadowDirection": "West",
          "shadowLength": "Long",
          "description": "Early morning golden hour lighting with long stretched shadows across the cobblestones."
        },
        "microPhysiognomy": {
          "aerialCables": "None visible",
          "shutterStyle": "None",
          "treeType": "Pinus pinea (Stone Pine)",
          "graffiti": "Minimal tagging on a metal utility box",
          "terrain": "Sampietrini (traditional basalt cobblestones)",
          "urbanElements": {
            "furniture": "Cast iron bollards and tourist wayfinding signs",
            "vegetationScore": 0.3,
            "architectureStyle": "Classical Roman Antiquity"
          },
          "temporalWindow": "Morning"
        },
        "ocr": {
          "detectedText": [
            "Piazza del Colosseo",
            "Ticket Office",
            "GELATO"
          ],
          "confidence": 0.92,
          "rapidFuzzScore": 89.5
        },
        "exif": {
          "fStop": "f/8.0",
          "iso": 100,
          "shutterSpeed": "1/250s",
          "focalLength": "35mm",
          "make": "Canon",
          "model": "EOS 5D Mark IV",
          "lensModel": "EF35mm f/1.4L II USM",
          "dateTimeOriginal": "2023-05-14T08:15:30Z"
        },
        "category": "Historical Site",
        "groundedFromAnchor": "Colosseo",
        "locationContext": "Roma",
        "validation": {
          "distanceFromCenter": 1450.3015571289436,
          "isOutlier": true,
          "computedScore": 85,
          "issues": [
            "Anomalía Geográfica (Desvío de 1450m)"
          ],
          "h3Index": "891e8050cd3ffff"
        },
        "h3Index": "891e8050cd3ffff",
        "geocodingScore": 85,
        "isAnchor": true
      }
    },
    {
      "type": "Feature",
      "geometry": {
        "type": "Point",
        "coordinates": [
          12.476854715366445,
          41.89898670176409
        ]
      },
      "properties": {
        "id": "REF-0072",
        "coordinates": {
          "lat": 41.89898670176409,
          "lng": 12.476854715366445,
          "corner": "SE"
        },
        "timestamp": "2023-06-22T13:45:10Z",
        "lighting": {
          "sunPosition": "Zenith",
          "shadowDirection": "Directly underneath",
          "shadowLength": "Very Short",
          "description": "Harsh midday overhead sunlight creating deep contrasts in the portico."
        },
        "microPhysiognomy": {
          "aerialCables": "Rare, attached to building facades",
          "shutterStyle": "Green wooden persiane (louvers)",
          "treeType": "None",
          "graffiti": "Clean facades",
          "terrain": "Paved stone blocks",
          "urbanElements": {
            "furniture": "Outdoor cafe seating (dehors), trash receptacles",
            "vegetationScore": 0.1,
            "architectureStyle": "Classical Monumental / Renaissance"
          },
          "temporalWindow": "Midday"
        },
        "ocr": {
          "detectedText": [
            "Piazza della Rotonda",
            "Caffe Tazza d'Oro",
            "M.AGRIPPA.L.F.COS.TERTIUM.FECIT"
          ],
          "confidence": 0.88,
          "rapidFuzzScore": 95.2
        },
        "exif": {
          "fStop": "f/11.0",
          "iso": 200,
          "shutterSpeed": "1/500s",
          "focalLength": "24mm",
          "make": "Sony",
          "model": "ILCE-7RM3",
          "lensModel": "FE 24-70mm F2.8 GM",
          "dateTimeOriginal": "2023-06-22T13:45:10Z"
        },
        "category": "Monument",
        "groundedFromAnchor": "Pantheon",
        "locationContext": "Roma",
        "validation": {
          "distanceFromCenter": 1669.040234796813,
          "isOutlier": true,
          "computedScore": 85,
          "issues": [
            "Entorno botánico genérico",
            "Anomalía Geográfica (Desvío de 1669m)"
          ],
          "h3Index": "891e8050527ffff"
        },
        "h3Index": "891e8050527ffff",
        "geocodingScore": 85,
        "isAnchor": true
      }
    },
    {
      "type": "Feature",
      "geometry": {
        "type": "Point",
        "coordinates": [
          12.482913229775667,
          41.9005481851748
        ]
      },
      "properties": {
        "id": "REF-0073",
        "coordinates": {
          "lat": 41.9005481851748,
          "lng": 12.482913229775667,
          "corner": "NE"
        },
        "timestamp": "2023-04-10T16:20:00Z",
        "lighting": {
          "sunPosition": "Mid-Low West",
          "shadowDirection": "East",
          "shadowLength": "Medium",
          "description": "Soft afternoon light filtering through narrow surrounding alleys onto the white marble."
        },
        "microPhysiognomy": {
          "aerialCables": "Sparse communication wires between buildings",
          "shutterStyle": "Dark brown solid shutters",
          "treeType": "None",
          "graffiti": "None",
          "terrain": "Smooth worn cobblestone",
          "urbanElements": {
            "furniture": "Metal crowd control barriers, ornate street lamps",
            "vegetationScore": 0,
            "architectureStyle": "Late Baroque"
          },
          "temporalWindow": "Late Afternoon"
        },
        "ocr": {
          "detectedText": [
            "Via delle Muratte",
            "POLIZIA ROMA CAPITALE",
            "Gelateria Valentino"
          ],
          "confidence": 0.94,
          "rapidFuzzScore": 91
        },
        "exif": {
          "fStop": "f/5.6",
          "iso": 400,
          "shutterSpeed": "1/125s",
          "focalLength": "50mm",
          "make": "Nikon",
          "model": "Z6",
          "lensModel": "NIKKOR Z 50mm f/1.8 S",
          "dateTimeOriginal": "2023-04-10T16:20:00Z"
        },
        "category": "Tourist Attraction",
        "groundedFromAnchor": "Fontana di Trevi",
        "locationContext": "Roma",
        "validation": {
          "distanceFromCenter": 1140.738359461351,
          "isOutlier": true,
          "computedScore": 81,
          "issues": [
            "Entorno botánico genérico",
            "Anomalía Geográfica (Desvío de 1141m)"
          ],
          "h3Index": "891e8052a57ffff"
        },
        "h3Index": "891e8052a57ffff",
        "geocodingScore": 81,
        "isAnchor": false
      }
    },
    {
      "type": "Feature",
      "geometry": {
        "type": "Point",
        "coordinates": [
          12.485328974579284,
          41.89215805078092
        ]
      },
      "properties": {
        "id": "REF-0074",
        "coordinates": {
          "lat": 41.89215805078092,
          "lng": 12.485328974579284,
          "corner": "SW"
        },
        "timestamp": "2023-09-05T17:45:15Z",
        "lighting": {
          "sunPosition": "Low West",
          "shadowDirection": "East",
          "shadowLength": "Long",
          "description": "Warm late afternoon sun illuminating ancient brickwork, creating deep texture."
        },
        "microPhysiognomy": {
          "aerialCables": "None",
          "shutterStyle": "None",
          "treeType": "Mediterranean Cypress",
          "graffiti": "None",
          "terrain": "Compacted dirt paths and uneven ancient stones",
          "urbanElements": {
            "furniture": "Informational plaques, low wooden fencing",
            "vegetationScore": 0.6,
            "architectureStyle": "Ancient Roman Ruins"
          },
          "temporalWindow": "Evening"
        },
        "ocr": {
          "detectedText": [
            "Via dei Fori Imperiali",
            "Vietato oltrepassare",
            "S.P.Q.R."
          ],
          "confidence": 0.87,
          "rapidFuzzScore": 84.3
        },
        "exif": {
          "fStop": "f/16.0",
          "iso": 100,
          "shutterSpeed": "1/60s",
          "focalLength": "16mm",
          "make": "Fujifilm",
          "model": "X-T4",
          "lensModel": "XF10-24mmF4 R OIS WR",
          "dateTimeOriginal": "2023-09-05T17:45:15Z"
        },
        "category": "Archaeological Site",
        "groundedFromAnchor": "Foro Romano",
        "locationContext": "Roma",
        "validation": {
          "distanceFromCenter": 1493.4326762203257,
          "isOutlier": true,
          "computedScore": 88,
          "issues": [
            "Anomalía Geográfica (Desvío de 1493m)"
          ],
          "h3Index": "891e80501b3ffff"
        },
        "h3Index": "891e80501b3ffff",
        "geocodingScore": 88,
        "isAnchor": true
      }
    },
    {
      "type": "Feature",
      "geometry": {
        "type": "Point",
        "coordinates": [
          12.473414770094953,
          41.8995201422094
        ]
      },
      "properties": {
        "id": "REF-0075",
        "coordinates": {
          "lat": 41.8995201422094,
          "lng": 12.473414770094953,
          "corner": "NW"
        },
        "timestamp": "2023-11-02T19:30:45Z",
        "lighting": {
          "sunPosition": "Below Horizon",
          "shadowDirection": "Multiple",
          "shadowLength": "Diffused",
          "description": "Blue hour twilight mixed with warm yellow artificial glow from historical lampposts."
        },
        "microPhysiognomy": {
          "aerialCables": "None",
          "shutterStyle": "Faded green persiane",
          "treeType": "None",
          "graffiti": "Small sticker bombing on a drainpipe",
          "terrain": "Sampietrini",
          "urbanElements": {
            "furniture": "Fountain basin, wrought iron benches, restaurant easels",
            "vegetationScore": 0.1,
            "architectureStyle": "Baroque"
          },
          "temporalWindow": "Night"
        },
        "ocr": {
          "detectedText": [
            "Ristorante Tre Scalini",
            "Tartufo",
            "Piazza Navona"
          ],
          "confidence": 0.96,
          "rapidFuzzScore": 98.1
        },
        "exif": {
          "fStop": "f/1.7",
          "iso": 1600,
          "shutterSpeed": "1/30s",
          "focalLength": "28mm",
          "make": "Leica",
          "model": "Q2",
          "lensModel": "Summilux 28mm f/1.7 ASPH",
          "dateTimeOriginal": "2023-11-02T19:30:45Z"
        },
        "category": "Public Square",
        "groundedFromAnchor": "Piazza Navona",
        "locationContext": "Roma",
        "validation": {
          "distanceFromCenter": 1933.802702006865,
          "isOutlier": true,
          "computedScore": 86,
          "issues": [
            "Entorno botánico genérico",
            "Anomalía Geográfica (Desvío de 1934m)"
          ],
          "h3Index": "891e8050523ffff"
        },
        "h3Index": "891e8050523ffff",
        "geocodingScore": 86,
        "isAnchor": true
      }
    },
    {
      "type": "Feature",
      "geometry": {
        "type": "Point",
        "coordinates": [
          12.465929804483666,
          41.90302726020443
        ]
      },
      "properties": {
        "id": "REF-0076",
        "coordinates": {
          "lat": 41.90302726020443,
          "lng": 12.465929804483666,
          "corner": "SE"
        },
        "timestamp": "2023-03-25T07:10:00Z",
        "lighting": {
          "sunPosition": "Low East",
          "shadowDirection": "West",
          "shadowLength": "Long",
          "description": "Crisp dawn light casting dramatic shadows from the bridge statues across the Tiber river."
        },
        "microPhysiognomy": {
          "aerialCables": "None",
          "shutterStyle": "None",
          "treeType": "Platanus (Plane trees) along the riverbanks",
          "graffiti": "Faded tags on the lower river embankments",
          "terrain": "Travertine paving on bridge, asphalt on roads",
          "urbanElements": {
            "furniture": "Stone balustrades, classical statues, street lamps",
            "vegetationScore": 0.4,
            "architectureStyle": "Medieval / Renaissance Castle"
          },
          "temporalWindow": "Morning"
        },
        "ocr": {
          "detectedText": [
            "Lungotevere Castello",
            "Museo Nazionale di Castel Sant'Angelo",
            "Biglietteria"
          ],
          "confidence": 0.91,
          "rapidFuzzScore": 87.4
        },
        "exif": {
          "fStop": "f/8.0",
          "iso": 100,
          "shutterSpeed": "1/400s",
          "focalLength": "24mm",
          "make": "Canon",
          "model": "EOS R5",
          "lensModel": "RF24-70mm F2.8 L IS USM",
          "dateTimeOriginal": "2023-03-25T07:10:00Z"
        },
        "category": "Castle",
        "groundedFromAnchor": "Castel Sant'Angelo",
        "locationContext": "Roma",
        "validation": {
          "distanceFromCenter": 2519.0009986975933,
          "isOutlier": true,
          "computedScore": 86,
          "issues": [
            "Anomalía Geográfica (Desvío de 2519m)"
          ],
          "h3Index": "891e80505abffff"
        },
        "h3Index": "891e80505abffff",
        "geocodingScore": 86,
        "isAnchor": true
      }
    },
    {
      "type": "Feature",
      "geometry": {
        "type": "Point",
        "coordinates": [
          12.491953709797599,
          41.88996450279718
        ]
      },
      "properties": {
        "id": "REF-0077",
        "coordinates": {
          "lat": 41.88996450279718,
          "lng": 12.491953709797599,
          "corner": "NE"
        },
        "timestamp": "2023-05-14T10:05:22Z",
        "lighting": {
          "sunPosition": "Mid East",
          "shadowDirection": "Northwest",
          "shadowLength": "Medium",
          "description": "Bright mid-morning light reflecting off modern paving and brick ruins."
        },
        "microPhysiognomy": {
          "aerialCables": "Overhead tram wires visible in the distance",
          "shutterStyle": "None",
          "treeType": "Oleander bushes",
          "graffiti": "Marker scribbles on the metro station signage",
          "terrain": "Modern asphalt mixed with restored cobblestones",
          "urbanElements": {
            "furniture": "Metro entrance gates, newspaper kiosks (edicola), water fountain (nasoni)",
            "vegetationScore": 0.2,
            "architectureStyle": "Modern Infrastructure / Classical"
          },
          "temporalWindow": "Morning"
        },
        "ocr": {
          "detectedText": [
            "Fermata Colosseo",
            "Metro B",
            "Acqua fredda 1 EUR"
          ],
          "confidence": 0.89,
          "rapidFuzzScore": 82.9
        },
        "exif": {
          "fStop": "f/1.8",
          "iso": 50,
          "shutterSpeed": "1/1200s",
          "focalLength": "24mm",
          "make": "Apple",
          "model": "iPhone 14 Pro",
          "lensModel": "Main Camera 24mm f/1.78",
          "dateTimeOriginal": "2023-05-14T10:05:22Z"
        },
        "category": "Historical Site",
        "groundedFromAnchor": "Colosseo",
        "locationContext": "Roma",
        "validation": {
          "distanceFromCenter": 1471.4366454554847,
          "isOutlier": true,
          "computedScore": 81,
          "issues": [
            "Anomalía Geográfica (Desvío de 1471m)"
          ],
          "h3Index": "891e80501a7ffff"
        },
        "h3Index": "891e80501a7ffff",
        "geocodingScore": 81,
        "isAnchor": false
      }
    },
    {
      "type": "Feature",
      "geometry": {
        "type": "Point",
        "coordinates": [
          12.476905243604449,
          41.89837102837016
        ]
      },
      "properties": {
        "id": "REF-0078",
        "coordinates": {
          "lat": 41.89837102837016,
          "lng": 12.476905243604449,
          "corner": "NW"
        },
        "timestamp": "2023-06-22T19:55:00Z",
        "lighting": {
          "sunPosition": "Setting West",
          "shadowDirection": "East",
          "shadowLength": "Very Long",
          "description": "Warm ambient light of sunset bouncing off ochre plastered walls in a narrow street."
        },
        "microPhysiognomy": {
          "aerialCables": "Thick black power lines strung between upper floors",
          "shutterStyle": "Brown wooden shutters, partially open",
          "treeType": "Potted plants only",
          "graffiti": "Spray paint tag on a rolling shop shutter",
          "terrain": "Worn cobblestones with visible mortar decay",
          "urbanElements": {
            "furniture": "Canvas awnings, sidewalk menu boards",
            "vegetationScore": 0.05,
            "architectureStyle": "Traditional Roman Vernacular"
          },
          "temporalWindow": "Evening"
        },
        "ocr": {
          "detectedText": [
            "Via dei Pastini",
            "Osteria",
            "Menu Turistico 15 EUR"
          ],
          "confidence": 0.93,
          "rapidFuzzScore": 94
        },
        "exif": {
          "fStop": "f/4.0",
          "iso": 800,
          "shutterSpeed": "1/60s",
          "focalLength": "35mm",
          "make": "Sony",
          "model": "DSC-RX100M7",
          "lensModel": "Zeiss Vario-Sonnar T* 24-200mm",
          "dateTimeOriginal": "2023-06-22T19:55:00Z"
        },
        "category": "Monument",
        "groundedFromAnchor": "Pantheon",
        "locationContext": "Roma",
        "validation": {
          "distanceFromCenter": 1683.6640108671945,
          "isOutlier": true,
          "computedScore": 83,
          "issues": [
            "Entorno botánico genérico",
            "Anomalía Geográfica (Desvío de 1684m)"
          ],
          "h3Index": "891e8050527ffff"
        },
        "h3Index": "891e8050527ffff",
        "geocodingScore": 83,
        "isAnchor": false
      }
    },
    {
      "type": "Feature",
      "geometry": {
        "type": "Point",
        "coordinates": [
          12.483114723407569,
          41.90067910661801
        ]
      },
      "properties": {
        "id": "REF-0079",
        "coordinates": {
          "lat": 41.90067910661801,
          "lng": 12.483114723407569,
          "corner": "SW"
        },
        "timestamp": "2023-12-15T21:10:33Z",
        "lighting": {
          "sunPosition": "Below Horizon",
          "shadowDirection": "Radial",
          "shadowLength": "Variable",
          "description": "Dramatic LED spotlighting illuminating the fountain sculptures against the night sky."
        },
        "microPhysiognomy": {
          "aerialCables": "None",
          "shutterStyle": "Closed persiane",
          "treeType": "None",
          "graffiti": "None",
          "terrain": "Wet cobblestones from fountain spray",
          "urbanElements": {
            "furniture": "Heavy iron grating over drains, coin collection ledges",
            "vegetationScore": 0,
            "architectureStyle": "High Baroque"
          },
          "temporalWindow": "Night"
        },
        "ocr": {
          "detectedText": [
            "Piazza di Trevi",
            "Cambio/Exchange",
            "Souvenirs"
          ],
          "confidence": 0.95,
          "rapidFuzzScore": 88.2
        },
        "exif": {
          "fStop": "f/2.8",
          "iso": 3200,
          "shutterSpeed": "1/40s",
          "focalLength": "24mm",
          "make": "Nikon",
          "model": "D850",
          "lensModel": "AF-S NIKKOR 24-70mm f/2.8E ED VR",
          "dateTimeOriginal": "2023-12-15T21:10:33Z"
        },
        "category": "Tourist Attraction",
        "groundedFromAnchor": "Fontana di Trevi",
        "locationContext": "Roma",
        "validation": {
          "distanceFromCenter": 1121.33987001551,
          "isOutlier": true,
          "computedScore": 80,
          "issues": [
            "Entorno botánico genérico",
            "Anomalía Geográfica (Desvío de 1121m)"
          ],
          "h3Index": "891e8052a57ffff"
        },
        "h3Index": "891e8052a57ffff",
        "geocodingScore": 80,
        "isAnchor": false
      }
    },
    {
      "type": "Feature",
      "geometry": {
        "type": "Point",
        "coordinates": [
          12.485635129436426,
          41.89276439398801
        ]
      },
      "properties": {
        "id": "REF-0080",
        "coordinates": {
          "lat": 41.89276439398801,
          "lng": 12.485635129436426,
          "corner": "NE"
        },
        "timestamp": "2023-09-06T12:05:40Z",
        "lighting": {
          "sunPosition": "Zenith",
          "shadowDirection": "Directly underneath",
          "shadowLength": "Very Short",
          "description": "High-contrast sunlight baking the exposed stone, casting deep black shadows in crevices."
        },
        "microPhysiognomy": {
          "aerialCables": "None",
          "shutterStyle": "None",
          "treeType": "Olive trees and sparse dry grass",
          "graffiti": "None",
          "terrain": "Dusty gravel and scattered ancient paving stones",
          "urbanElements": {
            "furniture": "Iron viewing fences, informative steles",
            "vegetationScore": 0.5,
            "architectureStyle": "Ancient Roman Ruins"
          },
          "temporalWindow": "Midday"
        },
        "ocr": {
          "detectedText": [
            "Belvedere",
            "Tempio di Saturno",
            "Uscita / Exit"
          ],
          "confidence": 0.85,
          "rapidFuzzScore": 91.5
        },
        "exif": {
          "fStop": "f/8.0",
          "iso": 200,
          "shutterSpeed": "1/1000s",
          "focalLength": "12mm",
          "make": "Panasonic",
          "model": "DC-GH5",
          "lensModel": "LUMIX G LEICA DG SUMMILUX 12mm f/1.4",
          "dateTimeOriginal": "2023-09-06T12:05:40Z"
        },
        "category": "Archaeological Site",
        "groundedFromAnchor": "Foro Romano",
        "locationContext": "Roma",
        "validation": {
          "distanceFromCenter": 1424.7490913732988,
          "isOutlier": true,
          "computedScore": 89,
          "issues": [
            "Anomalía Geográfica (Desvío de 1425m)"
          ],
          "h3Index": "891e8052a4fffff"
        },
        "h3Index": "891e8052a4fffff",
        "geocodingScore": 89,
        "isAnchor": true
      }
    },
    {
      "type": "Feature",
      "geometry": {
        "type": "Point",
        "coordinates": [
          12.492587248576553,
          41.89059858737085
        ]
      },
      "properties": {
        "id": "REF-0081",
        "coordinates": {
          "lat": 41.89059858737085,
          "lng": 12.492587248576553,
          "corner": "NW"
        },
        "timestamp": "2023-05-12T08:30:00Z",
        "lighting": {
          "sunPosition": "Low in the East",
          "shadowDirection": "West",
          "shadowLength": "Long",
          "description": "Morning golden hour with soft directional sunlight highlighting the travertine blocks."
        },
        "microPhysiognomy": {
          "aerialCables": "None visible, underground routing",
          "shutterStyle": "None on ancient structures, surrounding modern buildings feature dark green persiane",
          "treeType": "Pinus pinea (Stone Pine)",
          "graffiti": "Minimal tagging on modern utility box nearby",
          "terrain": "Sampietrini cobblestones intermixed with modern asphalt patches",
          "urbanElements": {
            "furniture": "Cast iron nasoni drinking fountains and heavy stone bollards",
            "vegetationScore": 3,
            "architectureStyle": "Roman Antiquity"
          },
          "temporalWindow": "Late Spring 2023"
        },
        "ocr": {
          "detectedText": [
            "Piazza del Colosseo",
            "TICKET OFFICE",
            "GELATO ARTIGIANALE"
          ],
          "confidence": 0.92,
          "rapidFuzzScore": 88
        },
        "exif": {
          "fStop": "f/8.0",
          "iso": 100,
          "shutterSpeed": "1/400s",
          "focalLength": "24mm",
          "make": "Sony",
          "model": "ILCE-7RM4",
          "lensModel": "FE 24-70mm F2.8 GM",
          "dateTimeOriginal": "2023-05-12T08:30:00Z"
        },
        "category": "Historical Site",
        "groundedFromAnchor": "Colosseo",
        "locationContext": "Roma",
        "validation": {
          "distanceFromCenter": 1390.5207340903207,
          "isOutlier": true,
          "computedScore": 125,
          "issues": [
            "Anomalía Geográfica (Desvío de 1391m)"
          ],
          "h3Index": "891e8052a6bffff"
        },
        "h3Index": "891e8052a6bffff",
        "geocodingScore": 125,
        "isAnchor": true
      }
    },
    {
      "type": "Feature",
      "geometry": {
        "type": "Point",
        "coordinates": [
          12.476532051579506,
          41.8989508656097
        ]
      },
      "properties": {
        "id": "REF-0082",
        "coordinates": {
          "lat": 41.8989508656097,
          "lng": 12.476532051579506,
          "corner": "SE"
        },
        "timestamp": "2023-06-15T12:00:00Z",
        "lighting": {
          "sunPosition": "Zenith",
          "shadowDirection": "Directly below objects",
          "shadowLength": "Minimal",
          "description": "Harsh midday lighting washing out the piazza, deep shadows inside the portico."
        },
        "microPhysiognomy": {
          "aerialCables": "Rare, isolated wires spanning alleyways",
          "shutterStyle": "Weathered wooden louvers (persiane) on ochre facades",
          "treeType": "None in immediate square",
          "graffiti": "Absent due to heavy municipal cleaning",
          "terrain": "Smooth worn sampietrini",
          "urbanElements": {
            "furniture": "Outdoor cafe seating, metallic trash bins, central obelisk fountain",
            "vegetationScore": 1,
            "architectureStyle": "Classical Roman and Renaissance"
          },
          "temporalWindow": "Summer 2023"
        },
        "ocr": {
          "detectedText": [
            "Piazza della Rotonda",
            "Caffè Tazza d'Oro",
            "Polizia di Roma Capitale"
          ],
          "confidence": 0.89,
          "rapidFuzzScore": 95
        },
        "exif": {
          "fStop": "f/11.0",
          "iso": 100,
          "shutterSpeed": "1/500s",
          "focalLength": "16mm",
          "make": "Nikon",
          "model": "Z7 II",
          "lensModel": "NIKKOR Z 14-30mm f/4 S",
          "dateTimeOriginal": "2023-06-15T12:00:00Z"
        },
        "category": "Monument",
        "groundedFromAnchor": "Pantheon",
        "locationContext": "Roma",
        "validation": {
          "distanceFromCenter": 1695.887134198558,
          "isOutlier": true,
          "computedScore": 98,
          "issues": [
            "Anomalía Geográfica (Desvío de 1696m)"
          ],
          "h3Index": "891e8050527ffff"
        },
        "h3Index": "891e8050527ffff",
        "geocodingScore": 98,
        "isAnchor": true
      }
    },
    {
      "type": "Feature",
      "geometry": {
        "type": "Point",
        "coordinates": [
          12.483311785705112,
          41.90054833728151
        ]
      },
      "properties": {
        "id": "REF-0083",
        "coordinates": {
          "lat": 41.90054833728151,
          "lng": 12.483311785705112,
          "corner": "SW"
        },
        "timestamp": "2023-09-02T16:45:00Z",
        "lighting": {
          "sunPosition": "Mid-altitude West",
          "shadowDirection": "East",
          "shadowLength": "Medium",
          "description": "Late afternoon sun bouncing off adjacent ochre buildings, illuminating the fountain statues softly."
        },
        "microPhysiognomy": {
          "aerialCables": "Discreetly pinned to building edges",
          "shutterStyle": "Dark brown wooden shutters",
          "treeType": "Potted plants on balconies only",
          "graffiti": "None visible",
          "terrain": "Wet granite slabs and cobblestones",
          "urbanElements": {
            "furniture": "Iron barriers for crowd control, scattered coin grates",
            "vegetationScore": 2,
            "architectureStyle": "Baroque"
          },
          "temporalWindow": "Early Autumn 2023"
        },
        "ocr": {
          "detectedText": [
            "Piazza di Trevi",
            "GELATERIA",
            "CAMBIO VALUTA"
          ],
          "confidence": 0.95,
          "rapidFuzzScore": 91
        },
        "exif": {
          "fStop": "f/5.6",
          "iso": 200,
          "shutterSpeed": "1/250s",
          "focalLength": "35mm",
          "make": "Canon",
          "model": "EOS R5",
          "lensModel": "RF 24-105mm F4 L IS USM",
          "dateTimeOriginal": "2023-09-02T16:45:00Z"
        },
        "category": "Tourist Attraction",
        "groundedFromAnchor": "Fontana di Trevi",
        "locationContext": "Roma",
        "validation": {
          "distanceFromCenter": 1108.5652973489898,
          "isOutlier": true,
          "computedScore": 111,
          "issues": [
            "Anomalía Geográfica (Desvío de 1109m)"
          ],
          "h3Index": "891e8052a57ffff"
        },
        "h3Index": "891e8052a57ffff",
        "geocodingScore": 111,
        "isAnchor": true
      }
    },
    {
      "type": "Feature",
      "geometry": {
        "type": "Point",
        "coordinates": [
          12.485314110635146,
          41.89259371677666
        ]
      },
      "properties": {
        "id": "REF-0084",
        "coordinates": {
          "lat": 41.89259371677666,
          "lng": 12.485314110635146,
          "corner": "NE"
        },
        "timestamp": "2023-04-20T18:15:00Z",
        "lighting": {
          "sunPosition": "Low in the West",
          "shadowDirection": "East",
          "shadowLength": "Long",
          "description": "Vibrant golden hour casting warm dramatic light over ruins, emphasizing textual depth in the bricks."
        },
        "microPhysiognomy": {
          "aerialCables": "None",
          "shutterStyle": "N/A",
          "treeType": "Cupressus sempervirens (Mediterranean Cypress) and wild olive shrubs",
          "graffiti": "None",
          "terrain": "Compacted earth, gravel, and ancient basalt paving stones",
          "urbanElements": {
            "furniture": "Informational plaques, discrete metal railings",
            "vegetationScore": 6,
            "architectureStyle": "Roman Antiquity"
          },
          "temporalWindow": "Spring 2023"
        },
        "ocr": {
          "detectedText": [
            "Via dei Fori Imperiali",
            "INGRESSO",
            "Vietato oltrepassare il limite"
          ],
          "confidence": 0.88,
          "rapidFuzzScore": 85
        },
        "exif": {
          "fStop": "f/8.0",
          "iso": 100,
          "shutterSpeed": "1/125s",
          "focalLength": "50mm",
          "make": "Fujifilm",
          "model": "X-T4",
          "lensModel": "XF 35mm f/1.4 R",
          "dateTimeOriginal": "2023-04-20T18:15:00Z"
        },
        "category": "Archaeological Site",
        "groundedFromAnchor": "Foro Romano",
        "locationContext": "Roma",
        "validation": {
          "distanceFromCenter": 1456.179554643775,
          "isOutlier": true,
          "computedScore": 169,
          "issues": [
            "Anomalía Geográfica (Desvío de 1456m)"
          ],
          "h3Index": "891e8052a4fffff"
        },
        "h3Index": "891e8052a4fffff",
        "geocodingScore": 169,
        "isAnchor": true
      }
    },
    {
      "type": "Feature",
      "geometry": {
        "type": "Point",
        "coordinates": [
          12.473152652343638,
          41.89901421895687
        ]
      },
      "properties": {
        "id": "REF-0085",
        "coordinates": {
          "lat": 41.89901421895687,
          "lng": 12.473152652343638,
          "corner": "NW"
        },
        "timestamp": "2023-11-10T14:30:00Z",
        "lighting": {
          "sunPosition": "Diffused behind clouds",
          "shadowDirection": "None",
          "shadowLength": "None",
          "description": "Overcast, providing flat and even lighting reducing contrast across the wide plaza."
        },
        "microPhysiognomy": {
          "aerialCables": "None",
          "shutterStyle": "Faded green and grey shutters on surrounding palazzos",
          "treeType": "None in square",
          "graffiti": "Sticker art on downspouts",
          "terrain": "Large smooth paving stones forming an elliptical track",
          "urbanElements": {
            "furniture": "Elaborate sculptural fountains, wooden terrace enclosures, street artist easels",
            "vegetationScore": 1,
            "architectureStyle": "Baroque"
          },
          "temporalWindow": "Autumn 2023"
        },
        "ocr": {
          "detectedText": [
            "Ristorante Tre Scalini",
            "Tartufo",
            "Sant'Agnese in Agone"
          ],
          "confidence": 0.93,
          "rapidFuzzScore": 92
        },
        "exif": {
          "fStop": "f/4.0",
          "iso": 400,
          "shutterSpeed": "1/1000s",
          "focalLength": "24mm",
          "make": "Sony",
          "model": "ILCE-7M3",
          "lensModel": "FE 24-105mm F4 G OSS",
          "dateTimeOriginal": "2023-11-10T14:30:00Z"
        },
        "category": "Public Square",
        "groundedFromAnchor": "Piazza Navona",
        "locationContext": "Roma",
        "validation": {
          "distanceFromCenter": 1966.3407501243685,
          "isOutlier": true,
          "computedScore": 97,
          "issues": [
            "Anomalía Geográfica (Desvío de 1966m)"
          ],
          "h3Index": "891e8050523ffff"
        },
        "h3Index": "891e8050523ffff",
        "geocodingScore": 97,
        "isAnchor": true
      }
    },
    {
      "type": "Feature",
      "geometry": {
        "type": "Point",
        "coordinates": [
          12.46635511155827,
          41.90314179979807
        ]
      },
      "properties": {
        "id": "REF-0086",
        "coordinates": {
          "lat": 41.90314179979807,
          "lng": 12.46635511155827,
          "corner": "SE"
        },
        "timestamp": "2023-01-25T07:45:00Z",
        "lighting": {
          "sunPosition": "Rising in the East",
          "shadowDirection": "West",
          "shadowLength": "Extremely Long",
          "description": "Cold, misty morning light creating atmospheric perspective along the river and bridge."
        },
        "microPhysiognomy": {
          "aerialCables": "Tram wires visible on nearby main roads, none on bridge",
          "shutterStyle": "Minimal on fortress, standard shutters on nearby hotels",
          "treeType": "Platanus x acerifolia (London Plane trees) lining the riverbank",
          "graffiti": "Tags along the lower stone embankments of the Tiber",
          "terrain": "Travertine paving on the bridge, asphalt on the perimeter roads",
          "urbanElements": {
            "furniture": "Marble angel statues, ornate cast-iron street lamps, stone parapets",
            "vegetationScore": 4,
            "architectureStyle": "Renaissance/Military"
          },
          "temporalWindow": "Winter 2023"
        },
        "ocr": {
          "detectedText": [
            "Lungotevere Castello",
            "Ponte Sant'Angelo",
            "MUSEO NAZIONALE"
          ],
          "confidence": 0.91,
          "rapidFuzzScore": 96
        },
        "exif": {
          "fStop": "f/2.8",
          "iso": 800,
          "shutterSpeed": "1/60s",
          "focalLength": "70mm",
          "make": "Canon",
          "model": "EOS 5D Mark IV",
          "lensModel": "EF 70-200mm f/2.8L IS III USM",
          "dateTimeOriginal": "2023-01-25T07:45:00Z"
        },
        "category": "Castle",
        "groundedFromAnchor": "Castel Sant'Angelo",
        "locationContext": "Roma",
        "validation": {
          "distanceFromCenter": 2483.974100427496,
          "isOutlier": true,
          "computedScore": 143,
          "issues": [
            "Anomalía Geográfica (Desvío de 2484m)"
          ],
          "h3Index": "891e80505abffff"
        },
        "h3Index": "891e80505abffff",
        "geocodingScore": 143,
        "isAnchor": true
      }
    },
    {
      "type": "Feature",
      "geometry": {
        "type": "Point",
        "coordinates": [
          12.49216956878292,
          41.88997666760224
        ]
      },
      "properties": {
        "id": "REF-0087",
        "coordinates": {
          "lat": 41.88997666760224,
          "lng": 12.49216956878292,
          "corner": "SW"
        },
        "timestamp": "2023-05-12T13:15:00Z",
        "lighting": {
          "sunPosition": "High in the South",
          "shadowDirection": "North",
          "shadowLength": "Short",
          "description": "Bright, punchy light emphasizing the contrast between ancient stone and modern transport infrastructure."
        },
        "microPhysiognomy": {
          "aerialCables": "Overhead tram lines intersecting near the metro station",
          "shutterStyle": "N/A",
          "treeType": "Sparse small ornamental trees near station entrance",
          "graffiti": "Extensive tagging on construction hoardings and station walls",
          "terrain": "Asphalt and modern concrete tiles",
          "urbanElements": {
            "furniture": "Metro M signage, bus stops, scaffolding, newsstands",
            "vegetationScore": 2,
            "architectureStyle": "Modern/Utilitarian"
          },
          "temporalWindow": "Late Spring 2023"
        },
        "ocr": {
          "detectedText": [
            "METRO B",
            "Colosseo",
            "Uscita",
            "Edicola"
          ],
          "confidence": 0.98,
          "rapidFuzzScore": 99
        },
        "exif": {
          "fStop": "f/5.6",
          "iso": 100,
          "shutterSpeed": "1/500s",
          "focalLength": "28mm",
          "make": "Panasonic",
          "model": "DC-S5",
          "lensModel": "LUMIX S 20-60mm F3.5-5.6",
          "dateTimeOriginal": "2023-05-12T13:15:00Z"
        },
        "category": "Historical Site",
        "groundedFromAnchor": "Colosseo",
        "locationContext": "Roma",
        "validation": {
          "distanceFromCenter": 1465.790783989497,
          "isOutlier": true,
          "computedScore": 115,
          "issues": [
            "Anomalía Geográfica (Desvío de 1466m)"
          ],
          "h3Index": "891e8050cd3ffff"
        },
        "h3Index": "891e8050cd3ffff",
        "geocodingScore": 115,
        "isAnchor": true
      }
    },
    {
      "type": "Feature",
      "geometry": {
        "type": "Point",
        "coordinates": [
          12.476991055219662,
          41.898252237771906
        ]
      },
      "properties": {
        "id": "REF-0088",
        "coordinates": {
          "lat": 41.898252237771906,
          "lng": 12.476991055219662,
          "corner": "NW"
        },
        "timestamp": "2023-06-15T19:30:00Z",
        "lighting": {
          "sunPosition": "Setting in the West",
          "shadowDirection": "East",
          "shadowLength": "Very Long",
          "description": "Deep shadows engulfing the narrow street, catching only the top cornices of the buildings."
        },
        "microPhysiognomy": {
          "aerialCables": "Multiple utility wires zigzagging between building facades",
          "shutterStyle": "Aged peeling green persiane",
          "treeType": "Ivy cascading from roof terraces",
          "graffiti": "Faded stencil art on corner walls",
          "terrain": "Uneven sampietrini with narrow basalt sidewalks",
          "urbanElements": {
            "furniture": "Wall-mounted lantern streetlights, bollards, small motorinos parked",
            "vegetationScore": 3,
            "architectureStyle": "Renaissance/Vernacular"
          },
          "temporalWindow": "Summer 2023"
        },
        "ocr": {
          "detectedText": [
            "Via della Minerva",
            "Hotel",
            "Trattoria da Luigi",
            "Senso Unico"
          ],
          "confidence": 0.85,
          "rapidFuzzScore": 82
        },
        "exif": {
          "fStop": "f/1.8",
          "iso": 1600,
          "shutterSpeed": "1/100s",
          "focalLength": "50mm",
          "make": "Sony",
          "model": "ILCE-7C",
          "lensModel": "FE 50mm F1.8",
          "dateTimeOriginal": "2023-06-15T19:30:00Z"
        },
        "category": "Monument",
        "groundedFromAnchor": "Pantheon",
        "locationContext": "Roma",
        "validation": {
          "distanceFromCenter": 1680.7852649534761,
          "isOutlier": true,
          "computedScore": 123,
          "issues": [
            "Anomalía Geográfica (Desvío de 1681m)"
          ],
          "h3Index": "891e8050527ffff"
        },
        "h3Index": "891e8050527ffff",
        "geocodingScore": 123,
        "isAnchor": true
      }
    },
    {
      "type": "Feature",
      "geometry": {
        "type": "Point",
        "coordinates": [
          12.48359671022705,
          41.9012965591687
        ]
      },
      "properties": {
        "id": "REF-0089",
        "coordinates": {
          "lat": 41.9012965591687,
          "lng": 12.48359671022705,
          "corner": "NE"
        },
        "timestamp": "2023-09-02T21:00:00Z",
        "lighting": {
          "sunPosition": "Below horizon",
          "shadowDirection": "Omnidirectional",
          "shadowLength": "Multiple short",
          "description": "Artificial high-contrast lighting from monumental spotlights and warm streetlamps, deep black skies."
        },
        "microPhysiognomy": {
          "aerialCables": "Thick black cables strung tightly against cornices",
          "shutterStyle": "Closed heavy shutters reflecting ambient light",
          "treeType": "None",
          "graffiti": "None visible in the brightly lit area",
          "terrain": "Slick cobblestones reflecting yellow lamplight",
          "urbanElements": {
            "furniture": "Souvenir stands, high-density pedestrian flow, decorative marble bollards",
            "vegetationScore": 0,
            "architectureStyle": "Baroque"
          },
          "temporalWindow": "Early Autumn 2023"
        },
        "ocr": {
          "detectedText": [
            "Via delle Muratte",
            "Pizzeria",
            "Souvenir di Roma"
          ],
          "confidence": 0.94,
          "rapidFuzzScore": 90
        },
        "exif": {
          "fStop": "f/2.8",
          "iso": 3200,
          "shutterSpeed": "1/50s",
          "focalLength": "24mm",
          "make": "Canon",
          "model": "EOS R6",
          "lensModel": "RF 24-70mm F2.8 L IS USM",
          "dateTimeOriginal": "2023-09-02T21:00:00Z"
        },
        "category": "Tourist Attraction",
        "groundedFromAnchor": "Fontana di Trevi",
        "locationContext": "Roma",
        "validation": {
          "distanceFromCenter": 1069.6144699277165,
          "isOutlier": true,
          "computedScore": 81,
          "issues": [
            "Entorno botánico genérico",
            "Anomalía Geográfica (Desvío de 1070m)"
          ],
          "h3Index": "891e8052acfffff"
        },
        "h3Index": "891e8052acfffff",
        "geocodingScore": 81,
        "isAnchor": false
      }
    },
    {
      "type": "Feature",
      "geometry": {
        "type": "Point",
        "coordinates": [
          12.485297932642732,
          41.89284097142198
        ]
      },
      "properties": {
        "id": "REF-0090",
        "coordinates": {
          "lat": 41.89284097142198,
          "lng": 12.485297932642732,
          "corner": "SW"
        },
        "timestamp": "2023-04-21T09:00:00Z",
        "lighting": {
          "sunPosition": "Mid-altitude East",
          "shadowDirection": "West",
          "shadowLength": "Medium",
          "description": "Crisp morning light, clear blue sky providing excellent color contrast against the brick ruins."
        },
        "microPhysiognomy": {
          "aerialCables": "None",
          "shutterStyle": "N/A",
          "treeType": "Umbrella pines shading the pathways",
          "graffiti": "None",
          "terrain": "Dusty gravel paths flanked by ancient Roman brickwork",
          "urbanElements": {
            "furniture": "Wooden resting benches, low rope fences to protect ruins",
            "vegetationScore": 7,
            "architectureStyle": "Roman Antiquity"
          },
          "temporalWindow": "Spring 2023"
        },
        "ocr": {
          "detectedText": [
            "Palatino",
            "Basilica di Massenzio",
            "Non salire sui ruderi"
          ],
          "confidence": 0.87,
          "rapidFuzzScore": 86
        },
        "exif": {
          "fStop": "f/7.1",
          "iso": 100,
          "shutterSpeed": "1/320s",
          "focalLength": "85mm",
          "make": "Nikon",
          "model": "D850",
          "lensModel": "AF-S NIKKOR 85mm f/1.8G",
          "dateTimeOriginal": "2023-04-21T09:00:00Z"
        },
        "category": "Archaeological Site",
        "groundedFromAnchor": "Foro Romano",
        "locationContext": "Roma",
        "validation": {
          "distanceFromCenter": 1435.7436410604448,
          "isOutlier": true,
          "computedScore": 184,
          "issues": [
            "Anomalía Geográfica (Desvío de 1436m)"
          ],
          "h3Index": "891e8052a4fffff"
        },
        "h3Index": "891e8052a4fffff",
        "geocodingScore": 184,
        "isAnchor": true
      }
    },
    {
      "type": "Feature",
      "geometry": {
        "type": "Point",
        "coordinates": [
          12.492002579758658,
          41.8905030589379
        ]
      },
      "properties": {
        "id": "REF-0091",
        "coordinates": {
          "lat": 41.8905030589379,
          "lng": 12.492002579758658,
          "corner": "NW"
        },
        "timestamp": "2023-05-14T08:23:11Z",
        "lighting": {
          "sunPosition": "Low East",
          "shadowDirection": "West",
          "shadowLength": "Long",
          "description": "Morning golden hour lighting hitting ancient travertine."
        },
        "microPhysiognomy": {
          "aerialCables": "None visible",
          "shutterStyle": "Absent",
          "treeType": "Pinus pinea",
          "graffiti": "None",
          "terrain": "Sampietrini cobblestones and modern asphalt",
          "urbanElements": {
            "furniture": "Cast iron bollards",
            "vegetationScore": 3.5,
            "architectureStyle": "Flavian / Ancient Roman"
          },
          "temporalWindow": "Morning rush hour"
        },
        "ocr": {
          "detectedText": [
            "METRO B",
            "COLOSSEO",
            "TICKET OFFICE",
            "INGRESSO"
          ],
          "confidence": 0.92,
          "rapidFuzzScore": 88
        },
        "exif": {
          "fStop": "f/8.0",
          "iso": 100,
          "shutterSpeed": "1/250s",
          "focalLength": "24mm",
          "make": "Sony",
          "model": "ILCE-7M3",
          "lensModel": "FE 24-70mm F2.8 GM",
          "dateTimeOriginal": "2023-05-14T08:23:11Z"
        },
        "category": "Historical Site",
        "groundedFromAnchor": "Colosseo",
        "locationContext": "Roma",
        "validation": {
          "distanceFromCenter": 1412.463444260178,
          "isOutlier": true,
          "computedScore": 133,
          "issues": [
            "Anomalía Geográfica (Desvío de 1412m)"
          ],
          "h3Index": "891e8052a6bffff"
        },
        "h3Index": "891e8052a6bffff",
        "geocodingScore": 133,
        "isAnchor": true
      }
    },
    {
      "type": "Feature",
      "geometry": {
        "type": "Point",
        "coordinates": [
          12.47693583440093,
          41.89834093251852
        ]
      },
      "properties": {
        "id": "REF-0092",
        "coordinates": {
          "lat": 41.89834093251852,
          "lng": 12.47693583440093,
          "corner": "SE"
        },
        "timestamp": "2023-06-20T12:05:44Z",
        "lighting": {
          "sunPosition": "Zenith",
          "shadowDirection": "Directly below",
          "shadowLength": "Minimal",
          "description": "Harsh midday sunlight creating high contrast on the portico columns."
        },
        "microPhysiognomy": {
          "aerialCables": "Buried",
          "shutterStyle": "Green wooden shutters on adjacent buildings",
          "treeType": "None",
          "graffiti": "Minimal tagging on a metal utility box",
          "terrain": "Large basalt paving stones",
          "urbanElements": {
            "furniture": "Restaurant terrace umbrellas",
            "vegetationScore": 0.5,
            "architectureStyle": "Roman Temple / Classical"
          },
          "temporalWindow": "Lunchtime peak"
        },
        "ocr": {
          "detectedText": [
            "M AGRIPPA L F COS TERTIUM FECIT",
            "PIAZZA DELLA ROTONDA",
            "GELATERIA"
          ],
          "confidence": 0.98,
          "rapidFuzzScore": 95
        },
        "exif": {
          "fStop": "f/11.0",
          "iso": 50,
          "shutterSpeed": "1/500s",
          "focalLength": "16mm",
          "make": "Canon",
          "model": "EOS R5",
          "lensModel": "RF 15-35mm F2.8 L IS USM",
          "dateTimeOriginal": "2023-06-20T12:05:44Z"
        },
        "category": "Monument",
        "groundedFromAnchor": "Pantheon",
        "locationContext": "Roma",
        "validation": {
          "distanceFromCenter": 1682.2223098399509,
          "isOutlier": true,
          "computedScore": 91,
          "issues": [
            "Anomalía Geográfica (Desvío de 1682m)"
          ],
          "h3Index": "891e8050527ffff"
        },
        "h3Index": "891e8050527ffff",
        "geocodingScore": 91,
        "isAnchor": true
      }
    },
    {
      "type": "Feature",
      "geometry": {
        "type": "Point",
        "coordinates": [
          12.482930840732601,
          41.9007659415184
        ]
      },
      "properties": {
        "id": "REF-0093",
        "coordinates": {
          "lat": 41.9007659415184,
          "lng": 12.482930840732601,
          "corner": "NE"
        },
        "timestamp": "2023-09-10T19:45:00Z",
        "lighting": {
          "sunPosition": "Below horizon",
          "shadowDirection": "Multiple artificial",
          "shadowLength": "Variable",
          "description": "Blue hour with dramatic warm artificial floodlights illuminating the statues."
        },
        "microPhysiognomy": {
          "aerialCables": "Wall-mounted electrical lines on adjacent alleys",
          "shutterStyle": "Dark brown wooden persiane",
          "treeType": "None",
          "graffiti": "None",
          "terrain": "Wet sampietrini from fountain mist",
          "urbanElements": {
            "furniture": "Iron barriers and chains",
            "vegetationScore": 0.2,
            "architectureStyle": "Late Roman Baroque"
          },
          "temporalWindow": "Evening tourist stroll"
        },
        "ocr": {
          "detectedText": [
            "CLEMENS XII PONT MAX",
            "PIAZZA DI TREVI",
            "POLIZIA ROMA CAPITALE"
          ],
          "confidence": 0.89,
          "rapidFuzzScore": 82
        },
        "exif": {
          "fStop": "f/2.8",
          "iso": 800,
          "shutterSpeed": "1/60s",
          "focalLength": "35mm",
          "make": "Nikon",
          "model": "Z8",
          "lensModel": "NIKKOR Z 35mm f/1.8 S",
          "dateTimeOriginal": "2023-09-10T19:45:00Z"
        },
        "category": "Tourist Attraction",
        "groundedFromAnchor": "Fontana di Trevi",
        "locationContext": "Roma",
        "validation": {
          "distanceFromCenter": 1134.2777736205692,
          "isOutlier": true,
          "computedScore": 81,
          "issues": [
            "Anomalía Geográfica (Desvío de 1134m)"
          ],
          "h3Index": "891e8052a57ffff"
        },
        "h3Index": "891e8052a57ffff",
        "geocodingScore": 81,
        "isAnchor": false
      }
    },
    {
      "type": "Feature",
      "geometry": {
        "type": "Point",
        "coordinates": [
          12.485498015204668,
          41.89214026969625
        ]
      },
      "properties": {
        "id": "REF-0094",
        "coordinates": {
          "lat": 41.89214026969625,
          "lng": 12.485498015204668,
          "corner": "Center"
        },
        "timestamp": "2023-04-18T15:30:22Z",
        "lighting": {
          "sunPosition": "Mid-West",
          "shadowDirection": "East",
          "shadowLength": "Medium",
          "description": "Strong afternoon sun casting distinct shadows across scattered ruins."
        },
        "microPhysiognomy": {
          "aerialCables": "None",
          "shutterStyle": "Absent",
          "treeType": "Mediterranean Cypress",
          "graffiti": "None",
          "terrain": "Dusty gravel paths and ancient stone slabs",
          "urbanElements": {
            "furniture": "Wooden informational placards",
            "vegetationScore": 4.8,
            "architectureStyle": "Ancient Roman Ruins"
          },
          "temporalWindow": "Mid-afternoon"
        },
        "ocr": {
          "detectedText": [
            "SENATVS POPVLVSQVE ROMANVS",
            "VIA SACRA",
            "DIVI TITI"
          ],
          "confidence": 0.95,
          "rapidFuzzScore": 91
        },
        "exif": {
          "fStop": "f/5.6",
          "iso": 200,
          "shutterSpeed": "1/1000s",
          "focalLength": "50mm",
          "make": "Fujifilm",
          "model": "X-T4",
          "lensModel": "XF 35mm F1.4 R",
          "dateTimeOriginal": "2023-04-18T15:30:22Z"
        },
        "category": "Archaeological Site",
        "groundedFromAnchor": "Foro Romano",
        "locationContext": "Roma",
        "validation": {
          "distanceFromCenter": 1486.4900567210157,
          "isOutlier": true,
          "computedScore": 153,
          "issues": [
            "Anomalía Geográfica (Desvío de 1486m)"
          ],
          "h3Index": "891e80501b7ffff"
        },
        "h3Index": "891e80501b7ffff",
        "geocodingScore": 153,
        "isAnchor": true
      }
    },
    {
      "type": "Feature",
      "geometry": {
        "type": "Point",
        "coordinates": [
          12.472725868988528,
          41.899458518826584
        ]
      },
      "properties": {
        "id": "REF-0095",
        "coordinates": {
          "lat": 41.899458518826584,
          "lng": 12.472725868988528,
          "corner": "SW"
        },
        "timestamp": "2023-11-05T17:15:05Z",
        "lighting": {
          "sunPosition": "Setting West",
          "shadowDirection": "East",
          "shadowLength": "Very long",
          "description": "Soft dusk light filtering through surrounding tall baroque facades."
        },
        "microPhysiognomy": {
          "aerialCables": "Occasional wires crossing building corners",
          "shutterStyle": "Faded green persiane",
          "treeType": "None",
          "graffiti": "Street artist chalk on the ground",
          "terrain": "Smooth wide cobblestone plaza",
          "urbanElements": {
            "furniture": "Nasoni water fountain and portrait artist easels",
            "vegetationScore": 0.8,
            "architectureStyle": "Baroque"
          },
          "temporalWindow": "Dusk promenade"
        },
        "ocr": {
          "detectedText": [
            "RISTORANTE TRE SCALINI",
            "TARTUFO",
            "PIAZZA NAVONA"
          ],
          "confidence": 0.91,
          "rapidFuzzScore": 87
        },
        "exif": {
          "fStop": "f/4.0",
          "iso": 400,
          "shutterSpeed": "1/125s",
          "focalLength": "28mm",
          "make": "Leica",
          "model": "Q2",
          "lensModel": "Summilux 28mm f/1.7",
          "dateTimeOriginal": "2023-11-05T17:15:05Z"
        },
        "category": "Public Square",
        "groundedFromAnchor": "Piazza Navona",
        "locationContext": "Roma",
        "validation": {
          "distanceFromCenter": 1991.0955570227406,
          "isOutlier": true,
          "computedScore": 92,
          "issues": [
            "Anomalía Geográfica (Desvío de 1991m)"
          ],
          "h3Index": "891e8050523ffff"
        },
        "h3Index": "891e8050523ffff",
        "geocodingScore": 92,
        "isAnchor": true
      }
    },
    {
      "type": "Feature",
      "geometry": {
        "type": "Point",
        "coordinates": [
          12.466198624266614,
          41.903223827177186
        ]
      },
      "properties": {
        "id": "REF-0096",
        "coordinates": {
          "lat": 41.903223827177186,
          "lng": 12.466198624266614,
          "corner": "South"
        },
        "timestamp": "2023-01-22T10:10:33Z",
        "lighting": {
          "sunPosition": "Low South",
          "shadowDirection": "North",
          "shadowLength": "Soft/Indistinct",
          "description": "Overcast winter sky providing flat, even illumination over the stone walls."
        },
        "microPhysiognomy": {
          "aerialCables": "None",
          "shutterStyle": "None on the fortress",
          "treeType": "Platanus occidentalis (Sycamore) along river",
          "graffiti": "Tags on the lower riverbank walls",
          "terrain": "Travertine bridge stones and asphalt street",
          "urbanElements": {
            "furniture": "Marble angel statues and iron lampposts",
            "vegetationScore": 3.1,
            "architectureStyle": "Hadrianic / Renaissance Castle"
          },
          "temporalWindow": "Winter morning"
        },
        "ocr": {
          "detectedText": [
            "LUNGOTEVERE CASTELLO",
            "MUSEO NAZIONALE",
            "PONTE SANT'ANGELO"
          ],
          "confidence": 0.88,
          "rapidFuzzScore": 84
        },
        "exif": {
          "fStop": "f/8.0",
          "iso": 400,
          "shutterSpeed": "1/200s",
          "focalLength": "70mm",
          "make": "Sony",
          "model": "ILCE-7RM4",
          "lensModel": "FE 70-200mm F4 G OSS",
          "dateTimeOriginal": "2023-01-22T10:10:33Z"
        },
        "category": "Castle",
        "groundedFromAnchor": "Castel Sant'Angelo",
        "locationContext": "Roma",
        "validation": {
          "distanceFromCenter": 2497.0838906264407,
          "isOutlier": true,
          "computedScore": 125,
          "issues": [
            "Anomalía Geográfica (Desvío de 2497m)"
          ],
          "h3Index": "891e80505abffff"
        },
        "h3Index": "891e80505abffff",
        "geocodingScore": 125,
        "isAnchor": true
      }
    },
    {
      "type": "Feature",
      "geometry": {
        "type": "Point",
        "coordinates": [
          12.491878941753201,
          41.89007665013701
        ]
      },
      "properties": {
        "id": "REF-0097",
        "coordinates": {
          "lat": 41.89007665013701,
          "lng": 12.491878941753201,
          "corner": "SE"
        },
        "timestamp": "2023-07-15T22:45:10Z",
        "lighting": {
          "sunPosition": "Night",
          "shadowDirection": "Omnidirectional",
          "shadowLength": "Short",
          "description": "Warm sodium vapor street lamps mixing with LED monument up-lighting."
        },
        "microPhysiognomy": {
          "aerialCables": "Tram cables overhead",
          "shutterStyle": "Closed metal shop grates nearby",
          "treeType": "Stone pines in the background",
          "graffiti": "AS Roma ultra stickers on traffic signs",
          "terrain": "Asphalt marked with pedestrian crossings",
          "urbanElements": {
            "furniture": "Green ATAC bus stop shelter",
            "vegetationScore": 2.5,
            "architectureStyle": "Ancient Roman / Modern Infrastructure"
          },
          "temporalWindow": "Late night"
        },
        "ocr": {
          "detectedText": [
            "VIA CELIO VIBENNA",
            "TOURIST INFO",
            "BAR COLOSSEO"
          ],
          "confidence": 0.85,
          "rapidFuzzScore": 80
        },
        "exif": {
          "fStop": "f/1.4",
          "iso": 3200,
          "shutterSpeed": "1/30s",
          "focalLength": "35mm",
          "make": "Sigma",
          "model": "fp",
          "lensModel": "35mm F1.4 DG DN Art",
          "dateTimeOriginal": "2023-07-15T22:45:10Z"
        },
        "category": "Historical Site",
        "groundedFromAnchor": "Colosseo",
        "locationContext": "Roma",
        "validation": {
          "distanceFromCenter": 1460.920456117061,
          "isOutlier": true,
          "computedScore": 115,
          "issues": [
            "Anomalía Geográfica (Desvío de 1461m)"
          ],
          "h3Index": "891e80501a7ffff"
        },
        "h3Index": "891e80501a7ffff",
        "geocodingScore": 115,
        "isAnchor": true
      }
    },
    {
      "type": "Feature",
      "geometry": {
        "type": "Point",
        "coordinates": [
          12.476670104093685,
          41.8982147561518
        ]
      },
      "properties": {
        "id": "REF-0098",
        "coordinates": {
          "lat": 41.8982147561518,
          "lng": 12.476670104093685,
          "corner": "West"
        },
        "timestamp": "2023-03-08T07:30:00Z",
        "lighting": {
          "sunPosition": "Low East",
          "shadowDirection": "West",
          "shadowLength": "Very long",
          "description": "Cool early morning diffused light bouncing off adjacent ochre facades."
        },
        "microPhysiognomy": {
          "aerialCables": "Facade-anchored electrical conduits",
          "shutterStyle": "Traditional Roman louvers",
          "treeType": "Potted olive trees near cafe",
          "graffiti": "Cleaned stone walls",
          "terrain": "Sampietrini with street sweeper moisture",
          "urbanElements": {
            "furniture": "Stacked cafe chairs and metal tables",
            "vegetationScore": 1.2,
            "architectureStyle": "Renaissance / Vernacular"
          },
          "temporalWindow": "Early morning setup"
        },
        "ocr": {
          "detectedText": [
            "TAZZA D'ORO",
            "CAFFE",
            "LA CASA DEL CAFFE"
          ],
          "confidence": 0.96,
          "rapidFuzzScore": 93
        },
        "exif": {
          "fStop": "f/5.6",
          "iso": 400,
          "shutterSpeed": "1/125s",
          "focalLength": "50mm",
          "make": "Panasonic",
          "model": "DC-S5",
          "lensModel": "LUMIX S 50mm F1.8",
          "dateTimeOriginal": "2023-03-08T07:30:00Z"
        },
        "category": "Monument",
        "groundedFromAnchor": "Pantheon",
        "locationContext": "Roma",
        "validation": {
          "distanceFromCenter": 1707.3810264683352,
          "isOutlier": true,
          "computedScore": 100,
          "issues": [
            "Anomalía Geográfica (Desvío de 1707m)"
          ],
          "h3Index": "891e8050527ffff"
        },
        "h3Index": "891e8050527ffff",
        "geocodingScore": 100,
        "isAnchor": true
      }
    },
    {
      "type": "Feature",
      "geometry": {
        "type": "Point",
        "coordinates": [
          12.482974705063771,
          41.90062412372817
        ]
      },
      "properties": {
        "id": "REF-0099",
        "coordinates": {
          "lat": 41.90062412372817,
          "lng": 12.482974705063771,
          "corner": "South"
        },
        "timestamp": "2023-08-12T14:15:20Z",
        "lighting": {
          "sunPosition": "High South-West",
          "shadowDirection": "North-East",
          "shadowLength": "Short",
          "description": "Blinding summer sunlight reflecting off the white marble and water."
        },
        "microPhysiognomy": {
          "aerialCables": "Barely visible thin wires between roofs",
          "shutterStyle": "White and green rolled awnings",
          "treeType": "None",
          "graffiti": "Marker tags on a nearby trash bin",
          "terrain": "Worn cobblestones polished by foot traffic",
          "urbanElements": {
            "furniture": "Souvenir kiosks and crowded benches",
            "vegetationScore": 0.1,
            "architectureStyle": "Baroque / Modern Retail"
          },
          "temporalWindow": "Summer afternoon peak"
        },
        "ocr": {
          "detectedText": [
            "BENETTON",
            "CAMBIO EXCHANGE",
            "VIA DELLE MURATTE"
          ],
          "confidence": 0.94,
          "rapidFuzzScore": 89
        },
        "exif": {
          "fStop": "f/16.0",
          "iso": 100,
          "shutterSpeed": "1/400s",
          "focalLength": "20mm",
          "make": "Sony",
          "model": "ILCE-6400",
          "lensModel": "E 10-18mm F4 OSS",
          "dateTimeOriginal": "2023-08-12T14:15:20Z"
        },
        "category": "Tourist Attraction",
        "groundedFromAnchor": "Fontana di Trevi",
        "locationContext": "Roma",
        "validation": {
          "distanceFromCenter": 1133.9547418401717,
          "isOutlier": true,
          "computedScore": 82,
          "issues": [
            "Entorno botánico genérico",
            "Anomalía Geográfica (Desvío de 1134m)"
          ],
          "h3Index": "891e8052a57ffff"
        },
        "h3Index": "891e8052a57ffff",
        "geocodingScore": 82,
        "isAnchor": false
      }
    },
    {
      "type": "Feature",
      "geometry": {
        "type": "Point",
        "coordinates": [
          12.484959493364647,
          41.892624375849046
        ]
      },
      "properties": {
        "id": "REF-0100",
        "coordinates": {
          "lat": 41.892624375849046,
          "lng": 12.484959493364647,
          "corner": "North"
        },
        "timestamp": "2023-10-02T17:50:45Z",
        "lighting": {
          "sunPosition": "Setting West",
          "shadowDirection": "East",
          "shadowLength": "Long",
          "description": "Intense orange golden hour light highlighting the textures of brick and travertine."
        },
        "microPhysiognomy": {
          "aerialCables": "None",
          "shutterStyle": "None",
          "treeType": "Mediterranean shrubs and dry grass",
          "graffiti": "None",
          "terrain": "Compacted earth and scattered basalt blocks",
          "urbanElements": {
            "furniture": "Low metal fencing protecting ruins",
            "vegetationScore": 5.5,
            "architectureStyle": "Ancient Roman Imperial"
          },
          "temporalWindow": "Sunset transition"
        },
        "ocr": {
          "detectedText": [
            "FORO DI CESARE",
            "S.P.Q.R.",
            "VIA DEI FORI IMPERIALI"
          ],
          "confidence": 0.97,
          "rapidFuzzScore": 96
        },
        "exif": {
          "fStop": "f/6.3",
          "iso": 250,
          "shutterSpeed": "1/250s",
          "focalLength": "85mm",
          "make": "Canon",
          "model": "EOS 5D Mark IV",
          "lensModel": "EF 85mm f/1.4L IS USM",
          "dateTimeOriginal": "2023-10-02T17:50:45Z"
        },
        "category": "Archaeological Site",
        "groundedFromAnchor": "Foro Romano",
        "locationContext": "Roma",
        "validation": {
          "distanceFromCenter": 1472.174951012439,
          "isOutlier": true,
          "computedScore": 166,
          "issues": [
            "Anomalía Geográfica (Desvío de 1472m)"
          ],
          "h3Index": "891e8052a4fffff"
        },
        "h3Index": "891e8052a4fffff",
        "geocodingScore": 166,
        "isAnchor": true
      }
    },
    {
      "type": "Feature",
      "geometry": {
        "type": "Point",
        "coordinates": [
          12.492313348748876,
          41.890016862635825
        ]
      },
      "properties": {
        "id": "REF-0101",
        "coordinates": {
          "lat": 41.890016862635825,
          "lng": 12.492313348748876,
          "corner": "NW"
        },
        "timestamp": "2023-10-15T09:14:22Z",
        "lighting": {
          "sunPosition": "Low Eastern",
          "shadowDirection": "West",
          "shadowLength": "Long",
          "description": "Clear morning sunlight creating deep contrast on ancient brickwork"
        },
        "microPhysiognomy": {
          "aerialCables": "None visible",
          "shutterStyle": "Absent",
          "treeType": "Pinus pinea",
          "graffiti": "None",
          "terrain": "Sanpietrini cobblestone and worn basalt slabs",
          "urbanElements": {
            "furniture": "Wrought iron fencing and informational plaques",
            "vegetationScore": 2,
            "architectureStyle": "Roman Antiquity"
          },
          "temporalWindow": "2015-2023"
        },
        "ocr": {
          "detectedText": [
            "COLOSSEO",
            "BIGLIETTERIA",
            "TICKETS",
            "INGRESSO"
          ],
          "confidence": 0.98,
          "rapidFuzzScore": 95.5
        },
        "exif": {
          "fStop": "f/8.0",
          "iso": 100,
          "shutterSpeed": "1/500s",
          "focalLength": "24mm",
          "make": "Sony",
          "model": "ILCE-7RM4",
          "lensModel": "FE 24-70mm F2.8 GM",
          "dateTimeOriginal": "2023-10-15T09:14:22Z"
        },
        "category": "Historical Site",
        "groundedFromAnchor": "Colosseo",
        "locationContext": "Roma",
        "validation": {
          "distanceFromCenter": 1458.6667743336777,
          "isOutlier": true,
          "computedScore": 113,
          "issues": [
            "Anomalía Geográfica (Desvío de 1459m)"
          ],
          "h3Index": "891e8050cd3ffff"
        },
        "h3Index": "891e8050cd3ffff",
        "geocodingScore": 113,
        "isAnchor": true
      }
    },
    {
      "type": "Feature",
      "geometry": {
        "type": "Point",
        "coordinates": [
          12.476520567123679,
          41.89844817130744
        ]
      },
      "properties": {
        "id": "REF-0102",
        "coordinates": {
          "lat": 41.89844817130744,
          "lng": 12.476520567123679,
          "corner": "SE"
        },
        "timestamp": "2023-06-10T14:30:00Z",
        "lighting": {
          "sunPosition": "High Zenith",
          "shadowDirection": "Directly below",
          "shadowLength": "Minimal",
          "description": "Harsh midday summer light bleaching the stone facades"
        },
        "microPhysiognomy": {
          "aerialCables": "Scattered power lines attached to building cornices",
          "shutterStyle": "Green wooden persiane",
          "treeType": "None",
          "graffiti": "Faded tags on a metal utility box",
          "terrain": "Large rectangular basalt paving stones",
          "urbanElements": {
            "furniture": "Cast iron nasone drinking fountain",
            "vegetationScore": 0.5,
            "architectureStyle": "Classical Antiquity mixed with Renaissance"
          },
          "temporalWindow": "2010-2023"
        },
        "ocr": {
          "detectedText": [
            "PANTHEON",
            "PIAZZA DELLA ROTONDA",
            "GELATERIA"
          ],
          "confidence": 0.92,
          "rapidFuzzScore": 89
        },
        "exif": {
          "fStop": "f/11.0",
          "iso": 200,
          "shutterSpeed": "1/250s",
          "focalLength": "35mm",
          "make": "Canon",
          "model": "EOS R5",
          "lensModel": "RF 35mm F1.8 MACRO IS STM",
          "dateTimeOriginal": "2023-06-10T14:30:00Z"
        },
        "category": "Monument",
        "groundedFromAnchor": "Pantheon",
        "locationContext": "Roma",
        "validation": {
          "distanceFromCenter": 1711.7077448329871,
          "isOutlier": true,
          "computedScore": 88,
          "issues": [
            "Anomalía Geográfica (Desvío de 1712m)"
          ],
          "h3Index": "891e8050527ffff"
        },
        "h3Index": "891e8050527ffff",
        "geocodingScore": 88,
        "isAnchor": true
      }
    },
    {
      "type": "Feature",
      "geometry": {
        "type": "Point",
        "coordinates": [
          12.483424799981979,
          41.90085008667837
        ]
      },
      "properties": {
        "id": "REF-0103",
        "coordinates": {
          "lat": 41.90085008667837,
          "lng": 12.483424799981979,
          "corner": "NE"
        },
        "timestamp": "2022-11-20T17:45:10Z",
        "lighting": {
          "sunPosition": "Setting Southwest",
          "shadowDirection": "Northeast",
          "shadowLength": "Elongated",
          "description": "Warm golden hour light illuminating the travertine marble"
        },
        "microPhysiognomy": {
          "aerialCables": "None in the immediate plaza",
          "shutterStyle": "Dark brown louvered shutters",
          "treeType": "Potted oleander near shops",
          "graffiti": "Cleaned surfaces, no visible graffiti",
          "terrain": "Sanpietrini blocks tightly packed",
          "urbanElements": {
            "furniture": "Stone benches and decorative iron street lamps",
            "vegetationScore": 1,
            "architectureStyle": "Baroque"
          },
          "temporalWindow": "2018-2022"
        },
        "ocr": {
          "detectedText": [
            "FONTANA DI TREVI",
            "VIETATO IMMERGERSI",
            "POLIZIA DI ROMA CAPITALE"
          ],
          "confidence": 0.96,
          "rapidFuzzScore": 92.3
        },
        "exif": {
          "fStop": "f/4.0",
          "iso": 800,
          "shutterSpeed": "1/60s",
          "focalLength": "16mm",
          "make": "Nikon",
          "model": "Z7 II",
          "lensModel": "NIKKOR Z 14-30mm f/4 S",
          "dateTimeOriginal": "2022-11-20T17:45:10Z"
        },
        "category": "Tourist Attraction",
        "groundedFromAnchor": "Fontana di Trevi",
        "locationContext": "Roma",
        "validation": {
          "distanceFromCenter": 1092.353883081327,
          "isOutlier": true,
          "computedScore": 97,
          "issues": [
            "Anomalía Geográfica (Desvío de 1092m)"
          ],
          "h3Index": "891e8052a57ffff"
        },
        "h3Index": "891e8052a57ffff",
        "geocodingScore": 97,
        "isAnchor": true
      }
    },
    {
      "type": "Feature",
      "geometry": {
        "type": "Point",
        "coordinates": [
          12.4855982655883,
          41.8926230726636
        ]
      },
      "properties": {
        "id": "REF-0104",
        "coordinates": {
          "lat": 41.8926230726636,
          "lng": 12.4855982655883,
          "corner": "SW"
        },
        "timestamp": "2023-04-05T11:20:45Z",
        "lighting": {
          "sunPosition": "Mid-morning South",
          "shadowDirection": "North",
          "shadowLength": "Moderate",
          "description": "Even daylight with soft shadows from scattered clouds"
        },
        "microPhysiognomy": {
          "aerialCables": "None",
          "shutterStyle": "N/A",
          "treeType": "Cypress and Olive trees",
          "graffiti": "None",
          "terrain": "Gravel paths mixed with exposed ancient bedrock",
          "urbanElements": {
            "furniture": "Wooden protective barriers and archaeological markers",
            "vegetationScore": 6.5,
            "architectureStyle": "Roman Ruins"
          },
          "temporalWindow": "2019-2023"
        },
        "ocr": {
          "detectedText": [
            "FORO ROMANO",
            "TEMPIO DI SATURNO",
            "VIA SACRA"
          ],
          "confidence": 0.99,
          "rapidFuzzScore": 97.8
        },
        "exif": {
          "fStop": "f/7.1",
          "iso": 100,
          "shutterSpeed": "1/400s",
          "focalLength": "50mm",
          "make": "Fujifilm",
          "model": "X-T4",
          "lensModel": "XF 35mm F1.4 R",
          "dateTimeOriginal": "2023-04-05T11:20:45Z"
        },
        "category": "Archaeological Site",
        "groundedFromAnchor": "Foro Romano",
        "locationContext": "Roma",
        "validation": {
          "distanceFromCenter": 1438.958308166815,
          "isOutlier": true,
          "computedScore": 182,
          "issues": [
            "Anomalía Geográfica (Desvío de 1439m)"
          ],
          "h3Index": "891e8052a4fffff"
        },
        "h3Index": "891e8052a4fffff",
        "geocodingScore": 182,
        "isAnchor": true
      }
    },
    {
      "type": "Feature",
      "geometry": {
        "type": "Point",
        "coordinates": [
          12.47302845019475,
          41.899490761021326
        ]
      },
      "properties": {
        "id": "REF-0105",
        "coordinates": {
          "lat": 41.899490761021326,
          "lng": 12.47302845019475,
          "corner": "Center"
        },
        "timestamp": "2023-08-12T19:15:30Z",
        "lighting": {
          "sunPosition": "Dusk",
          "shadowDirection": "East",
          "shadowLength": "Diffused",
          "description": "Twilight conditions with artificial street lights turning on"
        },
        "microPhysiognomy": {
          "aerialCables": "Suspended street lights wired between buildings",
          "shutterStyle": "Faded green and grey shutters",
          "treeType": "None",
          "graffiti": "Small stencil art on a side alley column",
          "terrain": "Polished Sanpietrini from heavy foot traffic",
          "urbanElements": {
            "furniture": "Restaurant terrace enclosures and easel stands",
            "vegetationScore": 0,
            "architectureStyle": "Baroque and Renaissance"
          },
          "temporalWindow": "2020-2023"
        },
        "ocr": {
          "detectedText": [
            "PIAZZA NAVONA",
            "RISTORANTE TARTUFO",
            "MENU TURISTICO"
          ],
          "confidence": 0.88,
          "rapidFuzzScore": 85.4
        },
        "exif": {
          "fStop": "f/2.8",
          "iso": 1600,
          "shutterSpeed": "1/50s",
          "focalLength": "28mm",
          "make": "Leica",
          "model": "Q2",
          "lensModel": "Summilux 28mm f/1.7 ASPH",
          "dateTimeOriginal": "2023-08-12T19:15:30Z"
        },
        "category": "Public Square",
        "groundedFromAnchor": "Piazza Navona",
        "locationContext": "Roma",
        "validation": {
          "distanceFromCenter": 1965.8229035336035,
          "isOutlier": true,
          "computedScore": 79,
          "issues": [
            "Entorno botánico genérico",
            "Anomalía Geográfica (Desvío de 1966m)"
          ],
          "h3Index": "891e8050523ffff"
        },
        "h3Index": "891e8050523ffff",
        "geocodingScore": 79,
        "isAnchor": false
      }
    },
    {
      "type": "Feature",
      "geometry": {
        "type": "Point",
        "coordinates": [
          12.466586488699722,
          41.90266443539511
        ]
      },
      "properties": {
        "id": "REF-0106",
        "coordinates": {
          "lat": 41.90266443539511,
          "lng": 12.466586488699722,
          "corner": "NW"
        },
        "timestamp": "2021-02-28T08:05:12Z",
        "lighting": {
          "sunPosition": "Low Southeast",
          "shadowDirection": "Northwest",
          "shadowLength": "Very Long",
          "description": "Cold, misty morning light casting soft silhouettes"
        },
        "microPhysiognomy": {
          "aerialCables": "None visible near the monument",
          "shutterStyle": "N/A",
          "treeType": "Platanus (Plane trees) along the riverbanks",
          "graffiti": "None on the monument, slight tags on the river walls",
          "terrain": "Asphalt meeting ancient cobblestone bridge access",
          "urbanElements": {
            "furniture": "Marble angel statues along the bridge, heavy iron chains",
            "vegetationScore": 3,
            "architectureStyle": "Medieval Fortress / Renaissance"
          },
          "temporalWindow": "2015-2021"
        },
        "ocr": {
          "detectedText": [
            "MUSEO NAZIONALE DI CASTEL SANT'ANGELO",
            "LUNGOTEVERE CASTELLO"
          ],
          "confidence": 0.94,
          "rapidFuzzScore": 91.5
        },
        "exif": {
          "fStop": "f/5.6",
          "iso": 400,
          "shutterSpeed": "1/125s",
          "focalLength": "70mm",
          "make": "Canon",
          "model": "EOS 6D Mark II",
          "lensModel": "EF 24-105mm f/4L IS II USM",
          "dateTimeOriginal": "2021-02-28T08:05:12Z"
        },
        "category": "Castle",
        "groundedFromAnchor": "Castel Sant'Angelo",
        "locationContext": "Roma",
        "validation": {
          "distanceFromCenter": 2464.550610010784,
          "isOutlier": true,
          "computedScore": 127,
          "issues": [
            "Anomalía Geográfica (Desvío de 2465m)"
          ],
          "h3Index": "891e80505abffff"
        },
        "h3Index": "891e80505abffff",
        "geocodingScore": 127,
        "isAnchor": true
      }
    },
    {
      "type": "Feature",
      "geometry": {
        "type": "Point",
        "coordinates": [
          12.49205569945827,
          41.88998594323902
        ]
      },
      "properties": {
        "id": "REF-0107",
        "coordinates": {
          "lat": 41.88998594323902,
          "lng": 12.49205569945827,
          "corner": "SW"
        },
        "timestamp": "2023-10-15T09:18:05Z",
        "lighting": {
          "sunPosition": "Low Eastern",
          "shadowDirection": "West",
          "shadowLength": "Long",
          "description": "Clear morning sunlight piercing through the arches"
        },
        "microPhysiognomy": {
          "aerialCables": "Subway construction overhead cables nearby",
          "shutterStyle": "N/A",
          "treeType": "Scrub vegetation on ruins",
          "graffiti": "None",
          "terrain": "Modern asphalt mixed with pedestrian paving",
          "urbanElements": {
            "furniture": "Metro station signage and turnstiles",
            "vegetationScore": 1.5,
            "architectureStyle": "Modern infrastructure meeting Antiquity"
          },
          "temporalWindow": "2022-2023"
        },
        "ocr": {
          "detectedText": [
            "METRO B",
            "COLOSSEO",
            "USCITA"
          ],
          "confidence": 0.99,
          "rapidFuzzScore": 100
        },
        "exif": {
          "fStop": "f/8.0",
          "iso": 100,
          "shutterSpeed": "1/400s",
          "focalLength": "35mm",
          "make": "Sony",
          "model": "ILCE-7RM4",
          "lensModel": "FE 24-70mm F2.8 GM",
          "dateTimeOriginal": "2023-10-15T09:18:05Z"
        },
        "category": "Historical Site",
        "groundedFromAnchor": "Colosseo",
        "locationContext": "Roma",
        "validation": {
          "distanceFromCenter": 1467.051877527713,
          "isOutlier": true,
          "computedScore": 108,
          "issues": [
            "Anomalía Geográfica (Desvío de 1467m)"
          ],
          "h3Index": "891e80501a7ffff"
        },
        "h3Index": "891e80501a7ffff",
        "geocodingScore": 108,
        "isAnchor": true
      }
    },
    {
      "type": "Feature",
      "geometry": {
        "type": "Point",
        "coordinates": [
          12.476579976350306,
          41.89899717419708
        ]
      },
      "properties": {
        "id": "REF-0108",
        "coordinates": {
          "lat": 41.89899717419708,
          "lng": 12.476579976350306,
          "corner": "N"
        },
        "timestamp": "2023-06-10T14:45:22Z",
        "lighting": {
          "sunPosition": "High Zenith",
          "shadowDirection": "Directly below",
          "shadowLength": "Minimal",
          "description": "Harsh overhead light reflecting off surrounding ochre buildings"
        },
        "microPhysiognomy": {
          "aerialCables": "Thick bundle of cables crossing the narrow street",
          "shutterStyle": "Closed persiane shutters blocking the heat",
          "treeType": "None",
          "graffiti": "Stickers and minor marker tags on a drainpipe",
          "terrain": "Sanpietrini paving with visible mortar decay",
          "urbanElements": {
            "furniture": "Fabric awnings extending from cafes",
            "vegetationScore": 0.2,
            "architectureStyle": "Renaissance vernacular"
          },
          "temporalWindow": "2019-2023"
        },
        "ocr": {
          "detectedText": [
            "CAFFE ROSTAS",
            "ESPRESSO",
            "CORNETTI"
          ],
          "confidence": 0.85,
          "rapidFuzzScore": 82.4
        },
        "exif": {
          "fStop": "f/9.0",
          "iso": 200,
          "shutterSpeed": "1/320s",
          "focalLength": "50mm",
          "make": "Canon",
          "model": "EOS R5",
          "lensModel": "RF 50mm F1.2 L USM",
          "dateTimeOriginal": "2023-06-10T14:45:22Z"
        },
        "category": "Monument",
        "groundedFromAnchor": "Pantheon",
        "locationContext": "Roma",
        "validation": {
          "distanceFromCenter": 1690.7581716553177,
          "isOutlier": true,
          "computedScore": 81,
          "issues": [
            "Anomalía Geográfica (Desvío de 1691m)"
          ],
          "h3Index": "891e8050527ffff"
        },
        "h3Index": "891e8050527ffff",
        "geocodingScore": 81,
        "isAnchor": false
      }
    },
    {
      "type": "Feature",
      "geometry": {
        "type": "Point",
        "coordinates": [
          12.483595820305842,
          41.90064577850386
        ]
      },
      "properties": {
        "id": "REF-0109",
        "coordinates": {
          "lat": 41.90064577850386,
          "lng": 12.483595820305842,
          "corner": "S"
        },
        "timestamp": "2022-11-20T18:02:15Z",
        "lighting": {
          "sunPosition": "Post-sunset",
          "shadowDirection": "Omnidirectional",
          "shadowLength": "None",
          "description": "Artificial spot lighting illuminating the statues and water"
        },
        "microPhysiognomy": {
          "aerialCables": "Cables hidden within architectural crevices",
          "shutterStyle": "Tall wooden shutters left open",
          "treeType": "None",
          "graffiti": "None",
          "terrain": "Wet cobblestones reflecting light",
          "urbanElements": {
            "furniture": "Metal crowd control barriers",
            "vegetationScore": 0,
            "architectureStyle": "Late Baroque"
          },
          "temporalWindow": "2021-2022"
        },
        "ocr": {
          "detectedText": [
            "GELATO ARTIGIANALE",
            "CAMBIO VALUTA",
            "EXCHANGE"
          ],
          "confidence": 0.91,
          "rapidFuzzScore": 88.7
        },
        "exif": {
          "fStop": "f/2.8",
          "iso": 1250,
          "shutterSpeed": "1/40s",
          "focalLength": "24mm",
          "make": "Nikon",
          "model": "Z7 II",
          "lensModel": "NIKKOR Z 24-70mm f/2.8 S",
          "dateTimeOriginal": "2022-11-20T18:02:15Z"
        },
        "category": "Tourist Attraction",
        "groundedFromAnchor": "Fontana di Trevi",
        "locationContext": "Roma",
        "validation": {
          "distanceFromCenter": 1083.2395151520795,
          "isOutlier": true,
          "computedScore": 80,
          "issues": [
            "Entorno botánico genérico",
            "Anomalía Geográfica (Desvío de 1083m)"
          ],
          "h3Index": "891e8052a57ffff"
        },
        "h3Index": "891e8052a57ffff",
        "geocodingScore": 80,
        "isAnchor": false
      }
    },
    {
      "type": "Feature",
      "geometry": {
        "type": "Point",
        "coordinates": [
          12.485175947372815,
          41.892103958774754
        ]
      },
      "properties": {
        "id": "REF-0110",
        "coordinates": {
          "lat": 41.892103958774754,
          "lng": 12.485175947372815,
          "corner": "SE"
        },
        "timestamp": "2023-04-05T11:45:00Z",
        "lighting": {
          "sunPosition": "Mid-day South",
          "shadowDirection": "North",
          "shadowLength": "Short",
          "description": "Bright, clear overhead daylight casting sharp shadows behind columns"
        },
        "microPhysiognomy": {
          "aerialCables": "None",
          "shutterStyle": "N/A",
          "treeType": "Umbrella pines bordering the site",
          "graffiti": "None",
          "terrain": "Dirt paths, marble fragments, and ancient brick foundations",
          "urbanElements": {
            "furniture": "Information display boards and steel walkways for tourists",
            "vegetationScore": 4.5,
            "architectureStyle": "Classical Antiquity"
          },
          "temporalWindow": "2018-2023"
        },
        "ocr": {
          "detectedText": [
            "BASILICA DI MASSENZIO",
            "ARCO DI TITO",
            "PROHIBITED TO CLIMB"
          ],
          "confidence": 0.97,
          "rapidFuzzScore": 94.1
        },
        "exif": {
          "fStop": "f/8.0",
          "iso": 100,
          "shutterSpeed": "1/500s",
          "focalLength": "70mm",
          "make": "Fujifilm",
          "model": "X-T4",
          "lensModel": "XF 50-140mm F2.8 R LM OIS WR",
          "dateTimeOriginal": "2023-04-05T11:45:00Z"
        },
        "category": "Archaeological Site",
        "groundedFromAnchor": "Foro Romano",
        "locationContext": "Roma",
        "validation": {
          "distanceFromCenter": 1505.951631616754,
          "isOutlier": true,
          "computedScore": 150,
          "issues": [
            "Anomalía Geográfica (Desvío de 1506m)"
          ],
          "h3Index": "891e80501b3ffff"
        },
        "h3Index": "891e80501b3ffff",
        "geocodingScore": 150,
        "isAnchor": true
      }
    }
  ]
}