{
  "type": "FeatureCollection",
  "features": [
    {
      "type": "Feature",
      "geometry": {
        "type": "Point",
        "coordinates": [
          12.454619396323755,
          41.90257149775495
        ]
      },
      "properties": {
        "name": "Capilla Sixtina - Acceso Sur",
        "title": "Entrada Principal a la Capilla Sixtina",
        "category": "monumento",
        "latitude": 41.90257149775495,
        "longitude": 12.454619396323755,
        "city": "Ciudad del Vaticano",
        "country": "Ciudad del Vaticano",
        "address": "Cortile delle Corazze, 00120 Città del Vaticano",
        "date": "2023-10-14 10:30",
        "id": "REF-0001",
        "groundedFromAnchor": "Capilla Sixtina",
        "computedScore": 85,
        "h3Index": "891e80505c7ffff"
      }
    },
    {
      "type": "Feature",
      "geometry": {
        "type": "Point",
        "coordinates": [
          12.45437978549888,
          41.90271932344739
        ]
      },
      "properties": {
        "name": "Museos Vaticanos - Pasillo de la Bóveda Sixtina",
        "title": "Nave Central de la Capilla Sixtina",
        "category": "monumento",
        "latitude": 41.90271932344739,
        "longitude": 12.45437978549888,
        "city": "Ciudad del Vaticano",
        "country": "Ciudad del Vaticano",
        "address": "Cappella Sistina, Viale Vaticano, 00120 Città del Vaticano",
        "date": "2023-10-14 11:15",
        "id": "REF-0002",
        "groundedFromAnchor": "Capilla Sixtina",
        "computedScore": 80,
        "h3Index": "891e80505c7ffff"
      }
    },
    {
      "type": "Feature",
      "geometry": {
        "type": "Point",
        "coordinates": [
          12.454456029526524,
          41.90301909373595
        ]
      },
      "properties": {
        "name": "El Juicio Final - Muro del Altar",
        "title": "Fresco del Juicio Final de Miguel Ángel",
        "category": "monumento",
        "latitude": 41.90301909373595,
        "longitude": 12.454456029526524,
        "city": "Ciudad del Vaticano",
        "country": "Ciudad del Vaticano",
        "address": "Muro del Altar, Capilla Sixtina, 00120 Città del Vaticano",
        "date": "2023-10-14 12:00",
        "id": "REF-0003",
        "groundedFromAnchor": "Capilla Sixtina",
        "computedScore": 78,
        "h3Index": "891e80505c7ffff"
      }
    },
    {
      "type": "Feature",
      "geometry": {
        "type": "Point",
        "coordinates": [
          12.454433446033601,
          41.902705953991884
        ]
      },
      "properties": {
        "name": "Capilla Sixtina - Muro Lateral de Botticelli",
        "title": "Frescos Laterales de Perugino y Botticelli",
        "category": "actividad",
        "latitude": 41.902705953991884,
        "longitude": 12.454433446033601,
        "city": "Ciudad del Vaticano",
        "country": "Ciudad del Vaticano",
        "address": "Pared Sur, Capilla Sixtina, 00120 Città del Vaticano",
        "date": "2023-10-14 14:20",
        "id": "REF-0004",
        "groundedFromAnchor": "Capilla Sixtina",
        "computedScore": 81,
        "h3Index": "891e80505c7ffff"
      }
    },
    {
      "type": "Feature",
      "geometry": {
        "type": "Point",
        "coordinates": [
          12.454795966864207,
          41.90301540858057
        ]
      },
      "properties": {
        "name": "Sala Regia - Conexión Capilla Sixtina",
        "title": "Vestíbulo de la Sala Regia",
        "category": "monumento",
        "latitude": 41.90301540858057,
        "longitude": 12.454795966864207,
        "city": "Ciudad del Vaticano",
        "country": "Ciudad del Vaticano",
        "address": "Palacio Apostólico, 00120 Città del Vaticano",
        "date": "2023-10-14 15:45",
        "id": "REF-0005",
        "groundedFromAnchor": "Capilla Sixtina",
        "computedScore": 85,
        "h3Index": "891e80505c7ffff"
      }
    },
    {
      "type": "Feature",
      "geometry": {
        "type": "Point",
        "coordinates": [
          12.454592627312794,
          41.90283167512716
        ]
      },
      "properties": {
        "name": "Capilla Sixtina - Bóveda Central",
        "title": "Interior Bóveda Miguel Ángel",
        "category": "monumento",
        "latitude": 41.90283167512716,
        "longitude": 12.454592627312794,
        "city": "Ciudad del Vaticano",
        "country": "Ciudad del Vaticano",
        "address": "00120 Ciudad del Vaticano",
        "date": "2023-10-15 10:15",
        "id": "REF-0006",
        "groundedFromAnchor": "Capilla Sixtina",
        "computedScore": 82,
        "h3Index": "891e80505c7ffff"
      }
    },
    {
      "type": "Feature",
      "geometry": {
        "type": "Point",
        "coordinates": [
          12.454203013306193,
          41.902723209053896
        ]
      },
      "properties": {
        "name": "Museos Vaticanos - Sala de los Tapices",
        "title": "Acceso Suroeste a Capilla Sixtina",
        "category": "monumento",
        "latitude": 41.902723209053896,
        "longitude": 12.454203013306193,
        "city": "Ciudad del Vaticano",
        "country": "Ciudad del Vaticano",
        "address": "Viale Vaticano, 00120 Ciudad del Vaticano",
        "date": "2023-10-15 10:22",
        "id": "REF-0007",
        "groundedFromAnchor": "Capilla Sixtina",
        "computedScore": 98,
        "h3Index": "891e80505c7ffff"
      }
    },
    {
      "type": "Feature",
      "geometry": {
        "type": "Point",
        "coordinates": [
          12.454368701591664,
          41.902972119686495
        ]
      },
      "properties": {
        "name": "Capilla Sixtina - Muro del Juicio Final",
        "title": "Muro del Altar Mayor",
        "category": "monumento",
        "latitude": 41.902972119686495,
        "longitude": 12.454368701591664,
        "city": "Ciudad del Vaticano",
        "country": "Ciudad del Vaticano",
        "address": "Cortile del Belvedere, 00120 Ciudad del Vaticano",
        "date": "2023-10-15 10:30",
        "id": "REF-0008",
        "groundedFromAnchor": "Capilla Sixtina",
        "computedScore": 80,
        "h3Index": "891e80505c7ffff"
      }
    },
    {
      "type": "Feature",
      "geometry": {
        "type": "Point",
        "coordinates": [
          12.45471224381996,
          41.903209719881325
        ]
      },
      "properties": {
        "name": "Estancias de Rafael - Sala de la Signatura",
        "title": "Acceso Noreste Palacio Apostólico",
        "category": "actividad",
        "latitude": 41.903209719881325,
        "longitude": 12.45471224381996,
        "city": "Ciudad del Vaticano",
        "country": "Ciudad del Vaticano",
        "address": "Palacio Apostólico, 00120 Ciudad del Vaticano",
        "date": "2023-10-15 10:45",
        "id": "REF-0009",
        "groundedFromAnchor": "Capilla Sixtina",
        "computedScore": 113,
        "h3Index": "891e80505c7ffff"
      }
    },
    {
      "type": "Feature",
      "geometry": {
        "type": "Point",
        "coordinates": [
          12.454857938387786,
          41.90280804807546
        ]
      },
      "properties": {
        "name": "Sala Regia - Acceso Vestíbulo Sixtino",
        "title": "Salón Ceremonial Vaticano",
        "category": "monumento",
        "latitude": 41.90280804807546,
        "longitude": 12.454857938387786,
        "city": "Ciudad del Vaticano",
        "country": "Ciudad del Vaticano",
        "address": "Palazzo Apostolico, 00120 Ciudad del Vaticano",
        "date": "2023-10-15 11:00",
        "id": "REF-0010",
        "groundedFromAnchor": "Capilla Sixtina",
        "computedScore": 79,
        "h3Index": "891e80505c7ffff"
      }
    },
    {
      "type": "Feature",
      "geometry": {
        "type": "Point",
        "coordinates": [
          12.454747168160822,
          41.902635170419906
        ]
      },
      "properties": {
        "name": "Capilla Sixtina - Acceso Sur",
        "title": "Entrada Principal a la Capilla Sixtina",
        "category": "monumento",
        "latitude": 41.902635170419906,
        "longitude": 12.454747168160822,
        "city": "Ciudad del Vaticano",
        "country": "Ciudad del Vaticano",
        "address": "Cortile del Pappagallo, 00120 Citta del Vaticano",
        "date": "2023-10-15 10:30",
        "id": "REF-0011",
        "groundedFromAnchor": "Capilla Sixtina",
        "computedScore": 83,
        "h3Index": "891e80505c7ffff"
      }
    },
    {
      "type": "Feature",
      "geometry": {
        "type": "Point",
        "coordinates": [
          12.454821357847923,
          41.903058689265855
        ]
      },
      "properties": {
        "name": "Galería de los Tapices - Salida Sixtina",
        "title": "Corredor de Acceso del Palacio Apostólico",
        "category": "monumento",
        "latitude": 41.903058689265855,
        "longitude": 12.454821357847923,
        "city": "Ciudad del Vaticano",
        "country": "Ciudad del Vaticano",
        "address": "Viale Vaticano, 00120 Citta del Vaticano",
        "date": "2023-10-15 11:15",
        "id": "REF-0012",
        "groundedFromAnchor": "Capilla Sixtina",
        "computedScore": 82,
        "h3Index": "891e80505c7ffff"
      }
    },
    {
      "type": "Feature",
      "geometry": {
        "type": "Point",
        "coordinates": [
          12.454661094392858,
          41.90332848745434
        ]
      },
      "properties": {
        "name": "Cortile del Belvedere - Mirador Norte Capilla",
        "title": "Patio Central con Vista al Complejo Sixtino",
        "category": "actividad",
        "latitude": 41.90332848745434,
        "longitude": 12.454661094392858,
        "city": "Ciudad del Vaticano",
        "country": "Ciudad del Vaticano",
        "address": "Cortile del Belvedere, 00120 Citta del Vaticano",
        "date": "2023-10-15 12:00",
        "id": "REF-0013",
        "groundedFromAnchor": "Capilla Sixtina",
        "computedScore": 83,
        "h3Index": "891e80505c7ffff"
      }
    },
    {
      "type": "Feature",
      "geometry": {
        "type": "Point",
        "coordinates": [
          12.454398044178763,
          41.90325381338157
        ]
      },
      "properties": {
        "name": "Capilla Paolina - Pasaje de Conexión",
        "title": "Corredor entre Capilla Paolina y Sixtina",
        "category": "monumento",
        "latitude": 41.90325381338157,
        "longitude": 12.454398044178763,
        "city": "Ciudad del Vaticano",
        "country": "Ciudad del Vaticano",
        "address": "Palazzo Apostolico, 00120 Citta del Vaticano",
        "date": "2023-10-15 14:10",
        "id": "REF-0014",
        "groundedFromAnchor": "Capilla Sixtina",
        "computedScore": 82,
        "h3Index": "891e80505c7ffff"
      }
    },
    {
      "type": "Feature",
      "geometry": {
        "type": "Point",
        "coordinates": [
          12.454733292177965,
          41.90259214527767
        ]
      },
      "properties": {
        "name": "Torre Borgia - Muro Exterior Sur",
        "title": "Base de la Torre Borgia e Inmediaciones",
        "category": "monumento",
        "latitude": 41.90259214527767,
        "longitude": 12.454733292177965,
        "city": "Ciudad del Vaticano",
        "country": "Ciudad del Vaticano",
        "address": "Cortile del Pappagallo Sur, 00120 Citta del Vaticano",
        "date": "2023-10-15 16:00",
        "id": "REF-0015",
        "groundedFromAnchor": "Capilla Sixtina",
        "computedScore": 83,
        "h3Index": "891e80505c7ffff"
      }
    },
    {
      "type": "Feature",
      "geometry": {
        "type": "Point",
        "coordinates": [
          12.453389,
          41.902682
        ]
      },
      "properties": {
        "name": "Basílica de San Pedro",
        "title": "Templo principal de la Cristiandad",
        "category": "monumento",
        "latitude": 41.902682,
        "longitude": 12.453389,
        "city": "Ciudad del Vaticano",
        "country": "Ciudad del Vaticano",
        "address": "Piazza San Pietro, 00120 Citta del Vaticano",
        "date": "2023-10-15 10:30",
        "id": "REF-0016",
        "groundedFromAnchor": "Basílica de San Pedro",
        "computedScore": 85,
        "h3Index": "891e80505c7ffff"
      }
    },
    {
      "type": "Feature",
      "geometry": {
        "type": "Point",
        "coordinates": [
          12.456662,
          41.902165
        ]
      },
      "properties": {
        "name": "Plaza de San Pedro",
        "title": "Plaza eliptica monumental con la columnata de Bernini",
        "category": "monumento",
        "latitude": 41.902165,
        "longitude": 12.456662,
        "city": "Ciudad del Vaticano",
        "country": "Ciudad del Vaticano",
        "address": "Piazza San Pietro, 00120 Citta del Vaticano",
        "date": "2023-10-15 11:15",
        "id": "REF-0017",
        "groundedFromAnchor": "Plaza de San Pedro",
        "computedScore": 83,
        "h3Index": "891e805051bffff"
      }
    },
    {
      "type": "Feature",
      "geometry": {
        "type": "Point",
        "coordinates": [
          12.453612,
          41.906487
        ]
      },
      "properties": {
        "name": "Museos Vaticanos y Capilla Sixtina",
        "title": "Entrada principal a los Museos Vaticanos",
        "category": "actividad",
        "latitude": 41.906487,
        "longitude": 12.453612,
        "city": "Ciudad del Vaticano",
        "country": "Ciudad del Vaticano",
        "address": "Viale Vaticano, 00165 Citta del Vaticano",
        "date": "2023-10-15 12:45",
        "id": "REF-0018",
        "groundedFromAnchor": "Museos Vaticanos",
        "computedScore": 90,
        "h3Index": "891e805058bffff"
      }
    },
    {
      "type": "Feature",
      "geometry": {
        "type": "Point",
        "coordinates": [
          12.448523,
          41.903811
        ]
      },
      "properties": {
        "name": "Jardines del Vaticano",
        "title": "Jardines urbanos y bosque renacentista",
        "category": "naturaleza",
        "latitude": 41.903811,
        "longitude": 12.448523,
        "city": "Ciudad del Vaticano",
        "country": "Ciudad del Vaticano",
        "address": "Casina Pio IV, 00120 Citta del Vaticano",
        "date": "2023-10-15 14:20",
        "id": "REF-0019",
        "groundedFromAnchor": "Jardines del Vaticano",
        "computedScore": 95,
        "h3Index": "891e80505c3ffff"
      }
    },
    {
      "type": "Feature",
      "geometry": {
        "type": "Point",
        "coordinates": [
          12.458215,
          41.903521
        ]
      },
      "properties": {
        "name": "Ristorante Arlu",
        "title": "Restaurante de cocina tradicional romana junto al Vaticano",
        "category": "restaurante",
        "latitude": 41.903521,
        "longitude": 12.458215,
        "city": "Roma",
        "country": "Italia",
        "address": "Borgo Pio 135, 00193 Roma",
        "date": "2023-10-15 15:00",
        "id": "REF-0020",
        "groundedFromAnchor": "Borgo Pio",
        "computedScore": 86,
        "h3Index": "891e8050513ffff"
      }
    },
    {
      "type": "Feature",
      "geometry": {
        "type": "Point",
        "coordinates": [
          12.45393,
          41.90212
        ]
      },
      "properties": {
        "name": "Basílica de San Pedro",
        "title": "Catedral insigne del Vaticano",
        "category": "monumento",
        "latitude": 41.90212,
        "longitude": 12.45393,
        "city": "Ciudad del Vaticano",
        "country": "Ciudad del Vaticano",
        "address": "Piazza San Pietro, 00120 Città del Vaticano",
        "date": "2023-10-12 10:30",
        "id": "REF-0021",
        "groundedFromAnchor": "Basílica de San Pedro",
        "computedScore": 85,
        "h3Index": "891e80505c7ffff"
      }
    },
    {
      "type": "Feature",
      "geometry": {
        "type": "Point",
        "coordinates": [
          12.45612,
          41.90223
        ]
      },
      "properties": {
        "name": "Plaza de San Pedro",
        "title": "Esplanada monumental de Bernini",
        "category": "monumento",
        "latitude": 41.90223,
        "longitude": 12.45612,
        "city": "Ciudad del Vaticano",
        "country": "Ciudad del Vaticano",
        "address": "Piazza San Pietro, 00120 Città del Vaticano",
        "date": "2023-10-12 11:15",
        "id": "REF-0022",
        "groundedFromAnchor": "Plaza de San Pedro",
        "computedScore": 83,
        "h3Index": "891e805051bffff"
      }
    },
    {
      "type": "Feature",
      "geometry": {
        "type": "Point",
        "coordinates": [
          12.45361,
          41.90649
        ]
      },
      "properties": {
        "name": "Museos Vaticanos",
        "title": "Complejo museológico vaticano",
        "category": "actividad",
        "latitude": 41.90649,
        "longitude": 12.45361,
        "city": "Ciudad del Vaticano",
        "country": "Ciudad del Vaticano",
        "address": "Viale Vaticano, 00120 Città del Vaticano",
        "date": "2023-10-12 12:45",
        "id": "REF-0023",
        "groundedFromAnchor": "Museos Vaticanos",
        "computedScore": 90,
        "h3Index": "891e805058bffff"
      }
    },
    {
      "type": "Feature",
      "geometry": {
        "type": "Point",
        "coordinates": [
          12.44911,
          41.90382
        ]
      },
      "properties": {
        "name": "Jardines del Vaticano",
        "title": "Espacio verde e histórico vaticano",
        "category": "naturaleza",
        "latitude": 41.90382,
        "longitude": 12.44911,
        "city": "Ciudad del Vaticano",
        "country": "Ciudad del Vaticano",
        "address": "Sierra de San Pedro, 00120 Città del Vaticano",
        "date": "2023-10-12 14:20",
        "id": "REF-0024",
        "groundedFromAnchor": "Jardines del Vaticano",
        "computedScore": 93,
        "h3Index": "891e80505c3ffff"
      }
    },
    {
      "type": "Feature",
      "geometry": {
        "type": "Point",
        "coordinates": [
          12.45448,
          41.90295
        ]
      },
      "properties": {
        "name": "Capilla Sixtina",
        "title": "Capilla del Palacio Apostólico",
        "category": "monumento",
        "latitude": 41.90295,
        "longitude": 12.45448,
        "city": "Ciudad del Vaticano",
        "country": "Ciudad del Vaticano",
        "address": "Cortile del Belvedere, 00120 Città del Vaticano",
        "date": "2023-10-12 15:50",
        "id": "REF-0025",
        "groundedFromAnchor": "Basílica de San Pedro",
        "computedScore": 84,
        "h3Index": "891e80505c7ffff"
      }
    },
    {
      "type": "Feature",
      "geometry": {
        "type": "Point",
        "coordinates": [
          12.453937,
          41.902167
        ]
      },
      "properties": {
        "name": "Basílica de San Pedro",
        "title": "Basílica papal principal de la cristiandad",
        "category": "monumento",
        "latitude": 41.902167,
        "longitude": 12.453937,
        "city": "Ciudad del Vaticano",
        "country": "Ciudad del Vaticano",
        "address": "Piazza San Pietro, 00120 Città del Vaticano",
        "date": "2023-10-14 10:30",
        "id": "REF-0026",
        "groundedFromAnchor": "Basílica de San Pedro",
        "computedScore": 84,
        "h3Index": "891e80505c7ffff"
      }
    },
    {
      "type": "Feature",
      "geometry": {
        "type": "Point",
        "coordinates": [
          12.457222,
          41.902222
        ]
      },
      "properties": {
        "name": "Plaza de San Pedro",
        "title": "Plaza elíptica frente a la Basílica de San Pedro",
        "category": "monumento",
        "latitude": 41.902222,
        "longitude": 12.457222,
        "city": "Ciudad del Vaticano",
        "country": "Ciudad del Vaticano",
        "address": "Piazza San Pietro, 00120 Città del Vaticano",
        "date": "2023-10-14 11:45",
        "id": "REF-0027",
        "groundedFromAnchor": "Plaza de San Pedro",
        "computedScore": 82,
        "h3Index": "891e805051bffff"
      }
    },
    {
      "type": "Feature",
      "geometry": {
        "type": "Point",
        "coordinates": [
          12.454444,
          41.906389
        ]
      },
      "properties": {
        "name": "Museos Vaticanos",
        "title": "Complejo museístico pontificio",
        "category": "actividad",
        "latitude": 41.906389,
        "longitude": 12.454444,
        "city": "Ciudad del Vaticano",
        "country": "Ciudad del Vaticano",
        "address": "Viale Vaticano, 00120 Città del Vaticano",
        "date": "2023-10-14 14:15",
        "id": "REF-0028",
        "groundedFromAnchor": "Museos Vaticanos",
        "computedScore": 89,
        "h3Index": "891e805058bffff"
      }
    },
    {
      "type": "Feature",
      "geometry": {
        "type": "Point",
        "coordinates": [
          12.450278,
          41.903611
        ]
      },
      "properties": {
        "name": "Jardines del Vaticano",
        "title": "Jardines urbanos e históricos del Estado Vaticano",
        "category": "naturaleza",
        "latitude": 41.903611,
        "longitude": 12.450278,
        "city": "Ciudad del Vaticano",
        "country": "Ciudad del Vaticano",
        "address": "Viale dell'Apostolato, 00120 Città del Vaticano",
        "date": "2023-10-14 15:30",
        "id": "REF-0029",
        "groundedFromAnchor": "Jardines del Vaticano",
        "computedScore": 94,
        "h3Index": "891e80505c3ffff"
      }
    },
    {
      "type": "Feature",
      "geometry": {
        "type": "Point",
        "coordinates": [
          12.454444,
          41.903056
        ]
      },
      "properties": {
        "name": "Capilla Sixtina",
        "title": "Capilla del Palacio Apostólico",
        "category": "monumento",
        "latitude": 41.903056,
        "longitude": 12.454444,
        "city": "Ciudad del Vaticano",
        "country": "Ciudad del Vaticano",
        "address": "Palacio Apostólico, 00120 Città del Vaticano",
        "date": "2023-10-14 16:45",
        "id": "REF-0030",
        "groundedFromAnchor": "Capilla Sixtina",
        "computedScore": 83,
        "h3Index": "891e80505c7ffff"
      }
    },
    {
      "type": "Feature",
      "geometry": {
        "type": "Point",
        "coordinates": [
          12.45447351993484,
          41.90307558307111
        ]
      },
      "properties": {
        "name": "Capilla Sixtina - Bóveda Miguel Ángel",
        "title": "Fresco del Juicio Final",
        "category": "monumento",
        "latitude": 41.90307558307111,
        "longitude": 12.45447351993484,
        "city": "Ciudad del Vaticano",
        "country": "Ciudad del Vaticano",
        "address": "Cortile del Belvedere, 00120 Città del Vaticano",
        "date": "2024-05-15 11:30",
        "id": "REF-0031",
        "groundedFromAnchor": "Capilla Sixtina",
        "computedScore": 83,
        "h3Index": "891e80505c7ffff"
      }
    },
    {
      "type": "Feature",
      "geometry": {
        "type": "Point",
        "coordinates": [
          12.454675625140155,
          41.90317117047503
        ]
      },
      "properties": {
        "name": "Museos Vaticanos - Pasillo de acceso a la Capilla Sixtina",
        "title": "Galería de Exposición Norte",
        "category": "actividad",
        "latitude": 41.90317117047503,
        "longitude": 12.454675625140155,
        "city": "Ciudad del Vaticano",
        "country": "Ciudad del Vaticano",
        "address": "Viale Vaticano, 00165 Città del Vaticano",
        "date": "2024-05-15 11:45",
        "id": "REF-0032",
        "groundedFromAnchor": "Capilla Sixtina",
        "computedScore": 84,
        "h3Index": "891e80505c7ffff"
      }
    },
    {
      "type": "Feature",
      "geometry": {
        "type": "Point",
        "coordinates": [
          12.45421385231206,
          41.90308635096464
        ]
      },
      "properties": {
        "name": "Patio Borgia - Cercanías de la Capilla Sixtina",
        "title": "Patio Interior Apostólico",
        "category": "monumento",
        "latitude": 41.90308635096464,
        "longitude": 12.45421385231206,
        "city": "Ciudad del Vaticano",
        "country": "Ciudad del Vaticano",
        "address": "Cortile del Pappagallo, 00120 Città del Vaticano",
        "date": "2024-05-15 12:00",
        "id": "REF-0033",
        "groundedFromAnchor": "Capilla Sixtina",
        "computedScore": 83,
        "h3Index": "891e80505c7ffff"
      }
    },
    {
      "type": "Feature",
      "geometry": {
        "type": "Point",
        "coordinates": [
          12.454122324001535,
          41.90255893635337
        ]
      },
      "properties": {
        "name": "Paso de la Scala Regia hacia la Capilla Sixtina",
        "title": "Paso Palacial Sur",
        "category": "monumento",
        "latitude": 41.90255893635337,
        "longitude": 12.454122324001535,
        "city": "Ciudad del Vaticano",
        "country": "Ciudad del Vaticano",
        "address": "Palazzo Apostolico, 00120 Città del Vaticano",
        "date": "2024-05-15 12:15",
        "id": "REF-0034",
        "groundedFromAnchor": "Capilla Sixtina",
        "computedScore": 83,
        "h3Index": "891e80505c7ffff"
      }
    },
    {
      "type": "Feature",
      "geometry": {
        "type": "Point",
        "coordinates": [
          12.454782834910205,
          41.903157493846
        ]
      },
      "properties": {
        "name": "Sala Ducale y Entrada Oriental Sixtina",
        "title": "Antecámara Papal",
        "category": "monumento",
        "latitude": 41.903157493846,
        "longitude": 12.454782834910205,
        "city": "Ciudad del Vaticano",
        "country": "Ciudad del Vaticano",
        "address": "Palazzi Pontifici, 00120 Città del Vaticano",
        "date": "2024-05-15 12:30",
        "id": "REF-0035",
        "groundedFromAnchor": "Capilla Sixtina",
        "computedScore": 81,
        "h3Index": "891e80505c7ffff"
      }
    },
    {
      "type": "Feature",
      "geometry": {
        "type": "Point",
        "coordinates": [
          12.454791397616196,
          41.903271642117105
        ]
      },
      "properties": {
        "name": "Museos Vaticanos - Salida Capilla Sixtina",
        "title": "Acceso norte a la Capilla Sixtina",
        "category": "monumento",
        "latitude": 41.903271642117105,
        "longitude": 12.454791397616196,
        "city": "Ciudad del Vaticano",
        "country": "Ciudad del Vaticano",
        "address": "Viale Vaticano, 00120 Ciudad del Vaticano",
        "date": "2023-10-14 10:15",
        "id": "REF-0036",
        "groundedFromAnchor": "Capilla Sixtina",
        "computedScore": 83,
        "h3Index": "891e80505c7ffff"
      }
    },
    {
      "type": "Feature",
      "geometry": {
        "type": "Point",
        "coordinates": [
          12.454702245882995,
          41.90299359207884
        ]
      },
      "properties": {
        "name": "Capilla Sixtina - Portal del Juicio Final",
        "title": "Pared Este de la Capilla Sixtina",
        "category": "monumento",
        "latitude": 41.90299359207884,
        "longitude": 12.454702245882995,
        "city": "Ciudad del Vaticano",
        "country": "Ciudad del Vaticano",
        "address": "Città del Vaticano, 00120",
        "date": "2023-10-14 11:30",
        "id": "REF-0037",
        "groundedFromAnchor": "Capilla Sixtina",
        "computedScore": 80,
        "h3Index": "891e80505c7ffff"
      }
    },
    {
      "type": "Feature",
      "geometry": {
        "type": "Point",
        "coordinates": [
          12.454868922041761,
          41.90318368393909
        ]
      },
      "properties": {
        "name": "Galería de Conexión Sixtina - Palacio Apostólico",
        "title": "Pasillo de acceso oriental",
        "category": "monumento",
        "latitude": 41.90318368393909,
        "longitude": 12.454868922041761,
        "city": "Ciudad del Vaticano",
        "country": "Ciudad del Vaticano",
        "address": "Cortile del Belvedere s/n, 00120",
        "date": "2023-10-14 12:10",
        "id": "REF-0038",
        "groundedFromAnchor": "Capilla Sixtina",
        "computedScore": 82,
        "h3Index": "891e80505c7ffff"
      }
    },
    {
      "type": "Feature",
      "geometry": {
        "type": "Point",
        "coordinates": [
          12.454599265126355,
          41.90275359376302
        ]
      },
      "properties": {
        "name": "Muro Sur de la Capilla Sixtina - Giardino Quadrato",
        "title": "Perímetro sur exterior de la nave",
        "category": "monumento",
        "latitude": 41.90275359376302,
        "longitude": 12.454599265126355,
        "city": "Ciudad del Vaticano",
        "country": "Ciudad del Vaticano",
        "address": "Via delle Fondamenta, 00120",
        "date": "2023-10-14 14:05",
        "id": "REF-0039",
        "groundedFromAnchor": "Capilla Sixtina",
        "computedScore": 84,
        "h3Index": "891e80505c7ffff"
      }
    },
    {
      "type": "Feature",
      "geometry": {
        "type": "Point",
        "coordinates": [
          12.45440788349871,
          41.90295047955294
        ]
      },
      "properties": {
        "name": "Nave Central de la Capilla Sixtina - Altas Bóvedas",
        "title": "Centro de la Capilla Sixtina",
        "category": "monumento",
        "latitude": 41.90295047955294,
        "longitude": 12.45440788349871,
        "city": "Ciudad del Vaticano",
        "country": "Ciudad del Vaticano",
        "address": "Cortile del Belvedere, 00120 Ciudad del Vaticano",
        "date": "2023-10-14 15:30",
        "id": "REF-0040",
        "groundedFromAnchor": "Capilla Sixtina",
        "computedScore": 81,
        "h3Index": "891e80505c7ffff"
      }
    },
    {
      "type": "Feature",
      "geometry": {
        "type": "Point",
        "coordinates": [
          12.45439328595517,
          41.90266018948026
        ]
      },
      "properties": {
        "name": "Capilla Sixtina - Nave Principal",
        "title": "Bóveda y Juicio Final de Miguel Ángel",
        "category": "monumento",
        "latitude": 41.90266018948026,
        "longitude": 12.45439328595517,
        "city": "Ciudad del Vaticano",
        "country": "Ciudad del Vaticano",
        "address": "Viale Vaticano, 00165 Citta del Vaticano",
        "date": "2023-10-15 11:30",
        "id": "REF-0041",
        "groundedFromAnchor": "Capilla Sixtina",
        "computedScore": 83,
        "h3Index": "891e80505c7ffff"
      }
    },
    {
      "type": "Feature",
      "geometry": {
        "type": "Point",
        "coordinates": [
          12.454732727095783,
          41.90296950746687
        ]
      },
      "properties": {
        "name": "Cortile del Belvedere - Galería de Acceso",
        "title": "Acceso Este a la Capilla Sixtina",
        "category": "monumento",
        "latitude": 41.90296950746687,
        "longitude": 12.454732727095783,
        "city": "Ciudad del Vaticano",
        "country": "Ciudad del Vaticano",
        "address": "Cortile del Belvedere, 00165 Citta del Vaticano",
        "date": "2023-10-15 11:45",
        "id": "REF-0042",
        "groundedFromAnchor": "Capilla Sixtina",
        "computedScore": 86,
        "h3Index": "891e80505c7ffff"
      }
    },
    {
      "type": "Feature",
      "geometry": {
        "type": "Point",
        "coordinates": [
          12.45436806529698,
          41.90275867382266
        ]
      },
      "properties": {
        "name": "Sala Regia - Conexión Palacio Apostólico",
        "title": "Acceso Ceremonial Privado a la Sixtina",
        "category": "monumento",
        "latitude": 41.90275867382266,
        "longitude": 12.45436806529698,
        "city": "Ciudad del Vaticano",
        "country": "Ciudad del Vaticano",
        "address": "Palazzo Apostolico, 00165 Citta del Vaticano",
        "date": "2023-10-15 12:00",
        "id": "REF-0043",
        "groundedFromAnchor": "Capilla Sixtina",
        "computedScore": 80,
        "h3Index": "891e80505c7ffff"
      }
    },
    {
      "type": "Feature",
      "geometry": {
        "type": "Point",
        "coordinates": [
          12.454219913624291,
          41.903341696583574
        ]
      },
      "properties": {
        "name": "Galería de los Mapas - Tramo Norte hacia Sixtina",
        "title": "Pasillo de Conexión de Museos Vaticanos",
        "category": "actividad",
        "latitude": 41.903341696583574,
        "longitude": 12.454219913624291,
        "city": "Ciudad del Vaticano",
        "country": "Ciudad del Vaticano",
        "address": "Viale Vaticano, 00165 Citta del Vaticano",
        "date": "2023-10-15 12:15",
        "id": "REF-0044",
        "groundedFromAnchor": "Capilla Sixtina",
        "computedScore": 83,
        "h3Index": "891e80505c7ffff"
      }
    },
    {
      "type": "Feature",
      "geometry": {
        "type": "Point",
        "coordinates": [
          12.45415001312997,
          41.90321965683707
        ]
      },
      "properties": {
        "name": "Capilla Paulina - Salida Oeste",
        "title": "Capilla Conexa del Palacio Apostólico",
        "category": "monumento",
        "latitude": 41.90321965683707,
        "longitude": 12.45415001312997,
        "city": "Ciudad del Vaticano",
        "country": "Ciudad del Vaticano",
        "address": "Palazzo Apostolico, 00165 Citta del Vaticano",
        "date": "2023-10-15 12:30",
        "id": "REF-0045",
        "groundedFromAnchor": "Capilla Sixtina",
        "computedScore": 80,
        "h3Index": "891e80505c7ffff"
      }
    },
    {
      "type": "Feature",
      "geometry": {
        "type": "Point",
        "coordinates": [
          12.454106123025044,
          41.90266486755673
        ]
      },
      "properties": {
        "name": "Capilla Sixtina - Bóveda de Miguel Ángel",
        "title": "Frescos renacentistas de la Bóveda",
        "category": "monumento",
        "latitude": 41.90266486755673,
        "longitude": 12.454106123025044,
        "city": "Ciudad del Vaticano",
        "country": "Ciudad del Vaticano",
        "address": "Cortile del Pappagallo, 00120 Città del Vaticano",
        "date": "2023-10-15 10:30",
        "id": "REF-0046",
        "groundedFromAnchor": "Capilla Sixtina",
        "computedScore": 83,
        "h3Index": "891e80505c7ffff"
      }
    },
    {
      "type": "Feature",
      "geometry": {
        "type": "Point",
        "coordinates": [
          12.454357287166353,
          41.90257766125755
        ]
      },
      "properties": {
        "name": "Juicio Final de Miguel Ángel",
        "title": "Mural del Juicio Final en el Altar",
        "category": "monumento",
        "latitude": 41.90257766125755,
        "longitude": 12.454357287166353,
        "city": "Ciudad del Vaticano",
        "country": "Ciudad del Vaticano",
        "address": "Pared del Altar, Capilla Sixtina, 00120 Città del Vaticano",
        "date": "2023-10-15 11:15",
        "id": "REF-0047",
        "groundedFromAnchor": "Capilla Sixtina",
        "computedScore": 81,
        "h3Index": "891e80505c7ffff"
      }
    },
    {
      "type": "Feature",
      "geometry": {
        "type": "Point",
        "coordinates": [
          12.454675686214097,
          41.90327245364451
        ]
      },
      "properties": {
        "name": "Cortile del Belvedere - Acceso Sixtina",
        "title": "Patio del Belvedere y paso a galerías",
        "category": "actividad",
        "latitude": 41.90327245364451,
        "longitude": 12.454675686214097,
        "city": "Ciudad del Vaticano",
        "country": "Ciudad del Vaticano",
        "address": "Viale Vaticano, 00120 Città del Vaticano",
        "date": "2023-10-15 12:00",
        "id": "REF-0048",
        "groundedFromAnchor": "Capilla Sixtina",
        "computedScore": 88,
        "h3Index": "891e80505c7ffff"
      }
    },
    {
      "type": "Feature",
      "geometry": {
        "type": "Point",
        "coordinates": [
          12.454521407214507,
          41.90305922568797
        ]
      },
      "properties": {
        "name": "Cortile della Pigna - Cafetería Museos Vaticanos",
        "title": "Área de descanso y restauración",
        "category": "restaurante",
        "latitude": 41.90305922568797,
        "longitude": 12.454521407214507,
        "city": "Ciudad del Vaticano",
        "country": "Ciudad del Vaticano",
        "address": "Cortile della Pigna, 00120 Città del Vaticano",
        "date": "2023-10-15 13:10",
        "id": "REF-0049",
        "groundedFromAnchor": "Capilla Sixtina",
        "computedScore": 90,
        "h3Index": "891e80505c7ffff"
      }
    },
    {
      "type": "Feature",
      "geometry": {
        "type": "Point",
        "coordinates": [
          12.454114507923373,
          41.9029682676782
        ]
      },
      "properties": {
        "name": "Sala Regia y Vestíbulo del Palacio Apostólico",
        "title": "Paso de acceso reservado hacia la Capilla Sixtina",
        "category": "monumento",
        "latitude": 41.9029682676782,
        "longitude": 12.454114507923373,
        "city": "Ciudad del Vaticano",
        "country": "Ciudad del Vaticano",
        "address": "Palazzo Apostolico, Cortile del Maresciallo, 00120 Città del Vaticano",
        "date": "2023-10-15 14:05",
        "id": "REF-0050",
        "groundedFromAnchor": "Capilla Sixtina",
        "computedScore": 80,
        "h3Index": "891e80505c7ffff"
      }
    },
    {
      "type": "Feature",
      "geometry": {
        "type": "Point",
        "coordinates": [
          12.45484941186757,
          41.90276568065822
        ]
      },
      "properties": {
        "name": "Capilla Sixtina - Bóveda Central",
        "title": "Techo de la Capilla Sixtina",
        "category": "monumento",
        "latitude": 41.90276568065822,
        "longitude": 12.45484941186757,
        "city": "Ciudad del Vaticano",
        "country": "Ciudad del Vaticano",
        "address": "Viale Vaticano, 00120 Città del Vaticano",
        "date": "2023-10-15 11:30",
        "id": "REF-0051",
        "groundedFromAnchor": "Capilla Sixtina",
        "computedScore": 83,
        "h3Index": "891e80505c7ffff"
      }
    },
    {
      "type": "Feature",
      "geometry": {
        "type": "Point",
        "coordinates": [
          12.454500579832738,
          41.90301272974809
        ]
      },
      "properties": {
        "name": "Capilla Sixtina - Muro del Juicio Final",
        "title": "Fresco del Juicio Final",
        "category": "monumento",
        "latitude": 41.90301272974809,
        "longitude": 12.454500579832738,
        "city": "Ciudad del Vaticano",
        "country": "Ciudad del Vaticano",
        "address": "Cortile del Belvedere, 00120 Città del Vaticano",
        "date": "2023-10-15 11:35",
        "id": "REF-0052",
        "groundedFromAnchor": "Capilla Sixtina",
        "computedScore": 81,
        "h3Index": "891e80505c7ffff"
      }
    },
    {
      "type": "Feature",
      "geometry": {
        "type": "Point",
        "coordinates": [
          12.454674092731446,
          41.9029883845713
        ]
      },
      "properties": {
        "name": "Galería de los Tapices - Acceso Sixtina",
        "title": "Pasaje hacia la Capilla Sixtina",
        "category": "actividad",
        "latitude": 41.9029883845713,
        "longitude": 12.454674092731446,
        "city": "Ciudad del Vaticano",
        "country": "Ciudad del Vaticano",
        "address": "Viale Vaticano, 00120 Città del Vaticano",
        "date": "2023-10-15 11:40",
        "id": "REF-0053",
        "groundedFromAnchor": "Capilla Sixtina",
        "computedScore": 83,
        "h3Index": "891e80505c7ffff"
      }
    },
    {
      "type": "Feature",
      "geometry": {
        "type": "Point",
        "coordinates": [
          12.454468466080868,
          41.90334184962462
        ]
      },
      "properties": {
        "name": "Patio del Belvedere - Muro Norte Sixtina",
        "title": "Exterior Norte de la Capilla Sixtina",
        "category": "monumento",
        "latitude": 41.90334184962462,
        "longitude": 12.454468466080868,
        "city": "Ciudad del Vaticano",
        "country": "Ciudad del Vaticano",
        "address": "Cortile del Belvedere, 00120 Città del Vaticano",
        "date": "2023-10-15 11:45",
        "id": "REF-0054",
        "groundedFromAnchor": "Capilla Sixtina",
        "computedScore": 82,
        "h3Index": "891e80505c7ffff"
      }
    },
    {
      "type": "Feature",
      "geometry": {
        "type": "Point",
        "coordinates": [
          12.454599455373412,
          41.90265424369591
        ]
      },
      "properties": {
        "name": "Sala Regia - Palacio Apostólico",
        "title": "Acceso Privado al Conclave",
        "category": "monumento",
        "latitude": 41.90265424369591,
        "longitude": 12.454599455373412,
        "city": "Ciudad del Vaticano",
        "country": "Ciudad del Vaticano",
        "address": "Piazza San Pietro, 00120 Città del Vaticano",
        "date": "2023-10-15 11:50",
        "id": "REF-0055",
        "groundedFromAnchor": "Capilla Sixtina",
        "computedScore": 81,
        "h3Index": "891e80505c7ffff"
      }
    },
    {
      "type": "Feature",
      "geometry": {
        "type": "Point",
        "coordinates": [
          12.454616022522863,
          41.90262778435418
        ]
      },
      "properties": {
        "name": "Bóveda de la Capilla Sixtina - La Creación de Adán",
        "title": "Fresco central de Miguel Ángel",
        "category": "monumento",
        "latitude": 41.90262778435418,
        "longitude": 12.454616022522863,
        "city": "Ciudad del Vaticano",
        "country": "Ciudad del Vaticano",
        "address": "Viale Vaticano, 00120 Città del Vaticano",
        "date": "2023-10-14 11:30",
        "id": "REF-0056",
        "groundedFromAnchor": "Capilla Sixtina",
        "computedScore": 83,
        "h3Index": "891e80505c7ffff"
      }
    },
    {
      "type": "Feature",
      "geometry": {
        "type": "Point",
        "coordinates": [
          12.454650817890874,
          41.90324187898233
        ]
      },
      "properties": {
        "name": "Galería de Acceso a la Capilla Sixtina - Pared Norte",
        "title": "Corredor de conexión con el Palacio Apostólico",
        "category": "monumento",
        "latitude": 41.90324187898233,
        "longitude": 12.454650817890874,
        "city": "Ciudad del Vaticano",
        "country": "Ciudad del Vaticano",
        "address": "Cortile del Belvedere, 00120 Città del Vaticano",
        "date": "2023-10-14 11:45",
        "id": "REF-0057",
        "groundedFromAnchor": "Capilla Sixtina",
        "computedScore": 83,
        "h3Index": "891e80505c7ffff"
      }
    },
    {
      "type": "Feature",
      "geometry": {
        "type": "Point",
        "coordinates": [
          12.45449133911356,
          41.90300218644109
        ]
      },
      "properties": {
        "name": "El Juicio Final - Pared Altar Capilla Sixtina",
        "title": "Mural monumental del Juicio Final",
        "category": "monumento",
        "latitude": 41.90300218644109,
        "longitude": 12.45449133911356,
        "city": "Ciudad del Vaticano",
        "country": "Ciudad del Vaticano",
        "address": "Capilla Sixtina, 00120 Città del Vaticano",
        "date": "2023-10-14 12:00",
        "id": "REF-0058",
        "groundedFromAnchor": "Capilla Sixtina",
        "computedScore": 80,
        "h3Index": "891e80505c7ffff"
      }
    },
    {
      "type": "Feature",
      "geometry": {
        "type": "Point",
        "coordinates": [
          12.45445063374785,
          41.902674763183036
        ]
      },
      "properties": {
        "name": "Pasaje Sur del Palacio Apostólico",
        "title": "Salida VIP hacia las Estancias de Rafael",
        "category": "monumento",
        "latitude": 41.902674763183036,
        "longitude": 12.45445063374785,
        "city": "Ciudad del Vaticano",
        "country": "Ciudad del Vaticano",
        "address": "Via delle Fondamenta, 00120 Città del Vaticano",
        "date": "2023-10-14 12:15",
        "id": "REF-0059",
        "groundedFromAnchor": "Capilla Sixtina",
        "computedScore": 83,
        "h3Index": "891e80505c7ffff"
      }
    },
    {
      "type": "Feature",
      "geometry": {
        "type": "Point",
        "coordinates": [
          12.454440948352307,
          41.902876491782955
        ]
      },
      "properties": {
        "name": "Patio del Belvedere - Acceso Capilla Sixtina",
        "title": "Punto de control de flujo de visitantes",
        "category": "actividad",
        "latitude": 41.902876491782955,
        "longitude": 12.454440948352307,
        "city": "Ciudad del Vaticano",
        "country": "Ciudad del Vaticano",
        "address": "Cortile del Belvedere, 00120 Città del Vaticano",
        "date": "2023-10-14 12:30",
        "id": "REF-0060",
        "groundedFromAnchor": "Capilla Sixtina",
        "computedScore": 88,
        "h3Index": "891e80505c7ffff"
      }
    },
    {
      "type": "Feature",
      "geometry": {
        "type": "Point",
        "coordinates": [
          12.454161546084187,
          41.902780480804076
        ]
      },
      "properties": {
        "name": "Capilla Sixtina - Sala Regia / Acceso Oeste",
        "title": "Entrada interior a la Capilla Sixtina",
        "category": "monumento",
        "latitude": 41.902780480804076,
        "longitude": 12.454161546084187,
        "city": "Ciudad del Vaticano",
        "country": "Ciudad del Vaticano",
        "address": "Cortile del Belvedere, 00120 Città del Vaticano",
        "date": "2023-10-14 11:30",
        "id": "REF-0061",
        "groundedFromAnchor": "Capilla Sixtina",
        "computedScore": 82,
        "h3Index": "891e80505c7ffff"
      }
    },
    {
      "type": "Feature",
      "geometry": {
        "type": "Point",
        "coordinates": [
          12.45442109545038,
          41.90285677974111
        ]
      },
      "properties": {
        "name": "Frescos del Juicio Final de Miguel Ángel",
        "title": "Altar Mayor y Bóveda Sixtina",
        "category": "monumento",
        "latitude": 41.90285677974111,
        "longitude": 12.45442109545038,
        "city": "Ciudad del Vaticano",
        "country": "Ciudad del Vaticano",
        "address": "Viale Vaticano, 00120 Città del Vaticano",
        "date": "2023-10-14 11:35",
        "id": "REF-0062",
        "groundedFromAnchor": "Capilla Sixtina",
        "computedScore": 80,
        "h3Index": "891e80505c7ffff"
      }
    },
    {
      "type": "Feature",
      "geometry": {
        "type": "Point",
        "coordinates": [
          12.454655480778168,
          41.90256373268781
        ]
      },
      "properties": {
        "name": "Cappella Paolina - Palacios Apostólicos",
        "title": "Capilla adyacente en el Palacio Apostólico",
        "category": "monumento",
        "latitude": 41.90256373268781,
        "longitude": 12.454655480778168,
        "city": "Ciudad del Vaticano",
        "country": "Ciudad del Vaticano",
        "address": "Cortile San Damaso, 00120 Città del Vaticano",
        "date": "2023-10-14 11:40",
        "id": "REF-0063",
        "groundedFromAnchor": "Capilla Sixtina",
        "computedScore": 79,
        "h3Index": "891e80505c7ffff"
      }
    },
    {
      "type": "Feature",
      "geometry": {
        "type": "Point",
        "coordinates": [
          12.454399998592827,
          41.90286009258765
        ]
      },
      "properties": {
        "name": "Bóveda de la Capilla Sixtina - Creación de Adán",
        "title": "Bóveda Central de la Capilla Sixtina",
        "category": "actividad",
        "latitude": 41.90286009258765,
        "longitude": 12.454399998592827,
        "city": "Ciudad del Vaticano",
        "country": "Ciudad del Vaticano",
        "address": "Musei Vaticani, 00120 Città del Vaticano",
        "date": "2023-10-14 11:42",
        "id": "REF-0064",
        "groundedFromAnchor": "Capilla Sixtina",
        "computedScore": 81,
        "h3Index": "891e80505c7ffff"
      }
    },
    {
      "type": "Feature",
      "geometry": {
        "type": "Point",
        "coordinates": [
          12.454432324406257,
          41.90278549012122
        ]
      },
      "properties": {
        "name": "Coro de la Capilla Sixtina (Cantoria)",
        "title": "Zona del Coro Papal",
        "category": "monumento",
        "latitude": 41.90278549012122,
        "longitude": 12.454432324406257,
        "city": "Ciudad del Vaticano",
        "country": "Ciudad del Vaticano",
        "address": "Via Vaticano, 00120 Città del Vaticano",
        "date": "2023-10-14 11:45",
        "id": "REF-0065",
        "groundedFromAnchor": "Capilla Sixtina",
        "computedScore": 79,
        "h3Index": "891e80505c7ffff"
      }
    },
    {
      "type": "Feature",
      "geometry": {
        "type": "Point",
        "coordinates": [
          12.45410915342606,
          41.90282133937014
        ]
      },
      "properties": {
        "name": "Ingreso a la Capilla Sixtina desde la Cappella Paolina",
        "title": "Acceso Sur Capilla Sixtina",
        "category": "monumento",
        "latitude": 41.90282133937014,
        "longitude": 12.45410915342606,
        "city": "Ciudad del Vaticano",
        "country": "Ciudad del Vaticano",
        "address": "Viale Vaticano, 00120 Ciudad del Vaticano",
        "date": "2023-10-15 10:30",
        "id": "REF-0066",
        "groundedFromAnchor": "Capilla Sixtina",
        "computedScore": 82,
        "h3Index": "891e80505c7ffff"
      }
    },
    {
      "type": "Feature",
      "geometry": {
        "type": "Point",
        "coordinates": [
          12.454166694089585,
          41.9033110706893
        ]
      },
      "properties": {
        "name": "Galería de los Tapices y Pasaje Norte",
        "title": "Pasillo de Conexión Museos Vaticanos",
        "category": "actividad",
        "latitude": 41.9033110706893,
        "longitude": 12.454166694089585,
        "city": "Ciudad del Vaticano",
        "country": "Ciudad del Vaticano",
        "address": "Cortile del Belvedere, 00120 Ciudad del Vaticano",
        "date": "2023-10-15 11:15",
        "id": "REF-0067",
        "groundedFromAnchor": "Capilla Sixtina",
        "computedScore": 83,
        "h3Index": "891e80505c7ffff"
      }
    },
    {
      "type": "Feature",
      "geometry": {
        "type": "Point",
        "coordinates": [
          12.454527613541226,
          41.90256876162409
        ]
      },
      "properties": {
        "name": "Sala Regia del Palacio Apostólico",
        "title": "Vestíbulo de Estado Apostólico",
        "category": "monumento",
        "latitude": 41.90256876162409,
        "longitude": 12.454527613541226,
        "city": "Ciudad del Vaticano",
        "country": "Ciudad del Vaticano",
        "address": "Palazzo Apostolico, 00120 Ciudad del Vaticano",
        "date": "2023-10-15 12:00",
        "id": "REF-0068",
        "groundedFromAnchor": "Capilla Sixtina",
        "computedScore": 80,
        "h3Index": "891e80505c7ffff"
      }
    },
    {
      "type": "Feature",
      "geometry": {
        "type": "Point",
        "coordinates": [
          12.454799985501301,
          41.902808926460935
        ]
      },
      "properties": {
        "name": "Cortile San Damaso",
        "title": "Patio de San Dámaso",
        "category": "monumento",
        "latitude": 41.902808926460935,
        "longitude": 12.454799985501301,
        "city": "Ciudad del Vaticano",
        "country": "Ciudad del Vaticano",
        "address": "Cortile di San Damaso, 00120 Ciudad del Vaticano",
        "date": "2023-10-15 14:20",
        "id": "REF-0069",
        "groundedFromAnchor": "Capilla Sixtina",
        "computedScore": 84,
        "h3Index": "891e80505c7ffff"
      }
    },
    {
      "type": "Feature",
      "geometry": {
        "type": "Point",
        "coordinates": [
          12.454319269449714,
          41.903007067623946
        ]
      },
      "properties": {
        "name": "Bóveda y Juicio Final de la Capilla Sixtina",
        "title": "Nave Central Capilla Sixtina",
        "category": "monumento",
        "latitude": 41.903007067623946,
        "longitude": 12.454319269449714,
        "city": "Ciudad del Vaticano",
        "country": "Ciudad del Vaticano",
        "address": "Via Mascherino, 00120 Ciudad del Vaticano",
        "date": "2023-10-15 15:45",
        "id": "REF-0070",
        "groundedFromAnchor": "Capilla Sixtina",
        "computedScore": 84,
        "h3Index": "891e80505c7ffff"
      }
    },
    {
      "type": "Feature",
      "geometry": {
        "type": "Point",
        "coordinates": [
          12.453300507661456,
          41.902539802868965
        ]
      },
      "properties": {
        "name": "Basílica Papal de San Pedro",
        "title": "Templo mayor de la cristiandad",
        "category": "monumento",
        "latitude": 41.902539802868965,
        "longitude": 12.453300507661456,
        "city": "Ciudad del Vaticano",
        "country": "Ciudad del Vaticano",
        "address": "Piazza San Pietro, 00120 Città del Vaticano",
        "date": "2023-10-15 10:30",
        "id": "REF-0071",
        "groundedFromAnchor": "Basílica de San Pedro",
        "computedScore": 85,
        "h3Index": "891e80505c7ffff"
      }
    },
    {
      "type": "Feature",
      "geometry": {
        "type": "Point",
        "coordinates": [
          12.457686177743483,
          41.90233569236012
        ]
      },
      "properties": {
        "name": "Plaza de San Pedro",
        "title": "Gran explanada con la columnata de Bernini",
        "category": "monumento",
        "latitude": 41.90233569236012,
        "longitude": 12.457686177743483,
        "city": "Ciudad del Vaticano",
        "country": "Ciudad del Vaticano",
        "address": "Piazza San Pietro, 00120 Città del Vaticano",
        "date": "2023-10-15 11:15",
        "id": "REF-0072",
        "groundedFromAnchor": "Plaza de San Pedro",
        "computedScore": 83,
        "h3Index": "891e8050513ffff"
      }
    },
    {
      "type": "Feature",
      "geometry": {
        "type": "Point",
        "coordinates": [
          12.453910991433137,
          41.906880573352204
        ]
      },
      "properties": {
        "name": "Museos Vaticanos - Acceso Viale Vaticano",
        "title": "Entrada principal a las galerías pontificias",
        "category": "actividad",
        "latitude": 41.906880573352204,
        "longitude": 12.453910991433137,
        "city": "Ciudad del Vaticano",
        "country": "Ciudad del Vaticano",
        "address": "Viale Vaticano, 00165 Città del Vaticano",
        "date": "2023-10-15 14:00",
        "id": "REF-0073",
        "groundedFromAnchor": "Museos Vaticanos",
        "computedScore": 89,
        "h3Index": "891e805058bffff"
      }
    },
    {
      "type": "Feature",
      "geometry": {
        "type": "Point",
        "coordinates": [
          12.454230727380594,
          41.902877243222775
        ]
      },
      "properties": {
        "name": "Capilla Sixtina",
        "title": "Recinto del cónclave y frescos de Miguel Ángel",
        "category": "monumento",
        "latitude": 41.902877243222775,
        "longitude": 12.454230727380594,
        "city": "Ciudad del Vaticano",
        "country": "Ciudad del Vaticano",
        "address": "Cortile del Belvedere, 00120 Città del Vaticano",
        "date": "2023-10-15 15:20",
        "id": "REF-0074",
        "groundedFromAnchor": "Capilla Sixtina",
        "computedScore": 80,
        "h3Index": "891e80505c7ffff"
      }
    },
    {
      "type": "Feature",
      "geometry": {
        "type": "Point",
        "coordinates": [
          12.450039348734476,
          41.90390234879197
        ]
      },
      "properties": {
        "name": "Jardines Vaticanos - Sector Casina Pio IV",
        "title": "Jardines botánicos y monumentales del Vaticano",
        "category": "naturaleza",
        "latitude": 41.90390234879197,
        "longitude": 12.450039348734476,
        "city": "Ciudad del Vaticano",
        "country": "Ciudad del Vaticano",
        "address": "Viale dell'Osservatorio, 00120 Città del Vaticano",
        "date": "2023-10-15 16:45",
        "id": "REF-0075",
        "groundedFromAnchor": "Jardines Vaticanos",
        "computedScore": 96,
        "h3Index": "891e80505c3ffff"
      }
    },
    {
      "type": "Feature",
      "geometry": {
        "type": "Point",
        "coordinates": [
          12.453704218839949,
          41.90241479944332
        ]
      },
      "properties": {
        "name": "Basílica de San Pedro",
        "title": "Fachada Principal y Atrio de San Pedro",
        "category": "monumento",
        "latitude": 41.90241479944332,
        "longitude": 12.453704218839949,
        "city": "Ciudad del Vaticano",
        "country": "Ciudad del Vaticano",
        "address": "Piazza San Pietro, 00120 Citta del Vaticano",
        "date": "2023-10-15 10:30",
        "id": "REF-0076",
        "groundedFromAnchor": "Basílica de San Pedro",
        "computedScore": 84,
        "h3Index": "891e80505c7ffff"
      }
    },
    {
      "type": "Feature",
      "geometry": {
        "type": "Point",
        "coordinates": [
          12.457197726054579,
          41.902027420578875
        ]
      },
      "properties": {
        "name": "Plaza de San Pedro",
        "title": "Columnata de Bernini y Obelisco Vaticano",
        "category": "monumento",
        "latitude": 41.902027420578875,
        "longitude": 12.457197726054579,
        "city": "Ciudad del Vaticano",
        "country": "Ciudad del Vaticano",
        "address": "Piazza San Pietro, 00120 Citta del Vaticano",
        "date": "2023-10-15 11:15",
        "id": "REF-0077",
        "groundedFromAnchor": "Plaza de San Pedro",
        "computedScore": 84,
        "h3Index": "891e805051bffff"
      }
    },
    {
      "type": "Feature",
      "geometry": {
        "type": "Point",
        "coordinates": [
          12.453422593600312,
          41.90663264293491
        ]
      },
      "properties": {
        "name": "Museos Vaticanos",
        "title": "Acceso Principal Viale Vaticano",
        "category": "actividad",
        "latitude": 41.90663264293491,
        "longitude": 12.453422593600312,
        "city": "Ciudad del Vaticano",
        "country": "Ciudad del Vaticano",
        "address": "Viale Vaticano, 00165 Citta del Vaticano",
        "date": "2023-10-15 12:45",
        "id": "REF-0078",
        "groundedFromAnchor": "Museos Vaticanos",
        "computedScore": 89,
        "h3Index": "891e80505d7ffff"
      }
    },
    {
      "type": "Feature",
      "geometry": {
        "type": "Point",
        "coordinates": [
          12.454557405104833,
          41.90295336040535
        ]
      },
      "properties": {
        "name": "Capilla Sixtina",
        "title": "Interior de la Capilla Sixtina y Palacio Apostólico",
        "category": "monumento",
        "latitude": 41.90295336040535,
        "longitude": 12.454557405104833,
        "city": "Ciudad del Vaticano",
        "country": "Ciudad del Vaticano",
        "address": "Cortile del Pappagallo, 00120 Citta del Vaticano",
        "date": "2023-10-15 14:20",
        "id": "REF-0079",
        "groundedFromAnchor": "Capilla Sixtina",
        "computedScore": 81,
        "h3Index": "891e80505c7ffff"
      }
    },
    {
      "type": "Feature",
      "geometry": {
        "type": "Point",
        "coordinates": [
          12.450037033739507,
          41.90379451263488
        ]
      },
      "properties": {
        "name": "Jardines Vaticanos",
        "title": "Jardines Franceses y Fuente del Águila",
        "category": "naturaleza",
        "latitude": 41.90379451263488,
        "longitude": 12.450037033739507,
        "city": "Ciudad del Vaticano",
        "country": "Ciudad del Vaticano",
        "address": "Viale dell'Esposizione, 00120 Citta del Vaticano",
        "date": "2023-10-15 16:00",
        "id": "REF-0080",
        "groundedFromAnchor": "Jardines Vaticanos",
        "computedScore": 94,
        "h3Index": "891e80505c3ffff"
      }
    },
    {
      "type": "Feature",
      "geometry": {
        "type": "Point",
        "coordinates": [
          12.453730729848838,
          41.90207737757657
        ]
      },
      "properties": {
        "name": "Basílica de San Pedro - Fachada Principal",
        "title": "Vista frontal de la Basílica de San Pedro",
        "category": "monumento",
        "latitude": 41.90207737757657,
        "longitude": 12.453730729848838,
        "city": "Ciudad del Vaticano",
        "country": "Ciudad del Vaticano",
        "address": "Piazza San Pietro, 00120 Città del Vaticano",
        "date": "2023-10-15 10:30",
        "id": "REF-0081",
        "groundedFromAnchor": "Basílica de San Pedro",
        "computedScore": 83,
        "h3Index": "891e80505c7ffff"
      }
    },
    {
      "type": "Feature",
      "geometry": {
        "type": "Point",
        "coordinates": [
          12.457152199074281,
          41.90234623873688
        ]
      },
      "properties": {
        "name": "Plaza de San Pedro - Obelisco Vaticano",
        "title": "Centro de la Plaza de San Pedro junto al Obelisco",
        "category": "monumento",
        "latitude": 41.90234623873688,
        "longitude": 12.457152199074281,
        "city": "Ciudad del Vaticano",
        "country": "Ciudad del Vaticano",
        "address": "Piazza San Pietro, 00120 Città del Vaticano",
        "date": "2023-10-15 11:15",
        "id": "REF-0082",
        "groundedFromAnchor": "Plaza de San Pedro",
        "computedScore": 83,
        "h3Index": "891e8050513ffff"
      }
    },
    {
      "type": "Feature",
      "geometry": {
        "type": "Point",
        "coordinates": [
          12.453463602030098,
          41.90664407176286
        ]
      },
      "properties": {
        "name": "Museos Vaticanos - Portal de Entrada Viale Vaticano",
        "title": "Acceso principal a los Museos Vaticanos",
        "category": "actividad",
        "latitude": 41.90664407176286,
        "longitude": 12.453463602030098,
        "city": "Ciudad del Vaticano",
        "country": "Ciudad del Vaticano",
        "address": "Viale Vaticano, 00165 Città del Vaticano",
        "date": "2023-10-15 12:45",
        "id": "REF-0083",
        "groundedFromAnchor": "Museos Vaticanos",
        "computedScore": 90,
        "h3Index": "891e80505d7ffff"
      }
    },
    {
      "type": "Feature",
      "geometry": {
        "type": "Point",
        "coordinates": [
          12.454574277587565,
          41.902640944569704
        ]
      },
      "properties": {
        "name": "Capilla Sixtina y Palacio Apostólico - Cortile del Belvedere",
        "title": "Fachada exterior contigua a la Capilla Sixtina",
        "category": "monumento",
        "latitude": 41.902640944569704,
        "longitude": 12.454574277587565,
        "city": "Ciudad del Vaticano",
        "country": "Ciudad del Vaticano",
        "address": "Cortile del Belvedere, 00120 Città del Vaticano",
        "date": "2023-10-15 14:20",
        "id": "REF-0084",
        "groundedFromAnchor": "Capilla Sixtina",
        "computedScore": 83,
        "h3Index": "891e80505c7ffff"
      }
    },
    {
      "type": "Feature",
      "geometry": {
        "type": "Point",
        "coordinates": [
          12.450142074983669,
          41.903861589289946
        ]
      },
      "properties": {
        "name": "Jardines Vaticanos - Sector Fontana dell'Aquilone",
        "title": "Zona boscosa y fuentes de los Jardines Vaticanos",
        "category": "naturaleza",
        "latitude": 41.903861589289946,
        "longitude": 12.450142074983669,
        "city": "Ciudad del Vaticano",
        "country": "Ciudad del Vaticano",
        "address": "Giardini Vaticani, 00120 Città del Vaticano",
        "date": "2023-10-15 16:00",
        "id": "REF-0085",
        "groundedFromAnchor": "Jardines Vaticanos",
        "computedScore": 93,
        "h3Index": "891e80505c3ffff"
      }
    },
    {
      "type": "Feature",
      "geometry": {
        "type": "Point",
        "coordinates": [
          12.453277179560098,
          41.90226885116532
        ]
      },
      "properties": {
        "name": "Basílica de San Pedro",
        "title": "Fachada Principal y Atrio de San Pedro",
        "category": "monumento",
        "latitude": 41.90226885116532,
        "longitude": 12.453277179560098,
        "city": "Ciudad del Vaticano",
        "country": "Ciudad del Vaticano",
        "address": "Piazza San Pietro, 00120 Citta del Vaticano",
        "date": "2023-10-15 10:30",
        "id": "REF-0086",
        "groundedFromAnchor": "Basílica de San Pedro",
        "computedScore": 85,
        "h3Index": "891e80505c7ffff"
      }
    },
    {
      "type": "Feature",
      "geometry": {
        "type": "Point",
        "coordinates": [
          12.457685119423598,
          41.90220743236516
        ]
      },
      "properties": {
        "name": "Plaza de San Pedro",
        "title": "Colonada de Bernini y Obelisco Vaticano",
        "category": "monumento",
        "latitude": 41.90220743236516,
        "longitude": 12.457685119423598,
        "city": "Ciudad del Vaticano",
        "country": "Ciudad del Vaticano",
        "address": "Piazza San Pietro, 00120 Citta del Vaticano",
        "date": "2023-10-15 11:15",
        "id": "REF-0087",
        "groundedFromAnchor": "Plaza de San Pedro",
        "computedScore": 83,
        "h3Index": "891e8050513ffff"
      }
    },
    {
      "type": "Feature",
      "geometry": {
        "type": "Point",
        "coordinates": [
          12.453642956522732,
          41.90654982739283
        ]
      },
      "properties": {
        "name": "Museos Vaticanos",
        "title": "Entrada Principal Viale Vaticano",
        "category": "actividad",
        "latitude": 41.90654982739283,
        "longitude": 12.453642956522732,
        "city": "Ciudad del Vaticano",
        "country": "Ciudad del Vaticano",
        "address": "Viale Vaticano, 00120 Citta del Vaticano",
        "date": "2023-10-15 09:00",
        "id": "REF-0088",
        "groundedFromAnchor": "Museos Vaticanos",
        "computedScore": 89,
        "h3Index": "891e805058bffff"
      }
    },
    {
      "type": "Feature",
      "geometry": {
        "type": "Point",
        "coordinates": [
          12.454767966119203,
          41.90275196376629
        ]
      },
      "properties": {
        "name": "Capilla Sixtina",
        "title": "Palacio Apostólico - Capilla Sixtina",
        "category": "monumento",
        "latitude": 41.90275196376629,
        "longitude": 12.454767966119203,
        "city": "Ciudad del Vaticano",
        "country": "Ciudad del Vaticano",
        "address": "Cortile del Belvedere, 00120 Citta del Vaticano",
        "date": "2023-10-15 14:20",
        "id": "REF-0089",
        "groundedFromAnchor": "Capilla Sixtina",
        "computedScore": 83,
        "h3Index": "891e80505c7ffff"
      }
    },
    {
      "type": "Feature",
      "geometry": {
        "type": "Point",
        "coordinates": [
          12.45027884490906,
          41.903645405604436
        ]
      },
      "properties": {
        "name": "Jardines Vaticanos",
        "title": "Bosquete y Paseos del Monte Vaticano",
        "category": "naturaleza",
        "latitude": 41.903645405604436,
        "longitude": 12.45027884490906,
        "city": "Ciudad del Vaticano",
        "country": "Ciudad del Vaticano",
        "address": "Viale dell'Osservatorio, 00120 Citta del Vaticano",
        "date": "2023-10-15 16:00",
        "id": "REF-0090",
        "groundedFromAnchor": "Jardines Vaticanos",
        "computedScore": 96,
        "h3Index": "891e80505c3ffff"
      }
    },
    {
      "type": "Feature",
      "geometry": {
        "type": "Point",
        "coordinates": [
          12.453827180255109,
          41.90244572004023
        ]
      },
      "properties": {
        "name": "Basílica de San Pedro",
        "title": "Interior y Altar Mayor de San Pedro",
        "category": "monumento",
        "latitude": 41.90244572004023,
        "longitude": 12.453827180255109,
        "city": "Ciudad del Vaticano",
        "country": "Ciudad del Vaticano",
        "address": "Piazza San Pietro, 00120 Citta del Vaticano",
        "date": "2023-10-14 10:30",
        "id": "REF-0091",
        "groundedFromAnchor": "Basílica de San Pedro",
        "computedScore": 83,
        "h3Index": "891e80505c7ffff"
      }
    },
    {
      "type": "Feature",
      "geometry": {
        "type": "Point",
        "coordinates": [
          12.457008977127131,
          41.902275697485436
        ]
      },
      "properties": {
        "name": "Plaza de San Pedro",
        "title": "Colonagado de Bernini y Obelisco Vaticano",
        "category": "monumento",
        "latitude": 41.902275697485436,
        "longitude": 12.457008977127131,
        "city": "Ciudad del Vaticano",
        "country": "Ciudad del Vaticano",
        "address": "Piazza San Pietro, 00120 Citta del Vaticano",
        "date": "2023-10-14 11:45",
        "id": "REF-0092",
        "groundedFromAnchor": "Plaza de San Pedro",
        "computedScore": 83,
        "h3Index": "891e805051bffff"
      }
    },
    {
      "type": "Feature",
      "geometry": {
        "type": "Point",
        "coordinates": [
          12.454006583722968,
          41.90616508556604
        ]
      },
      "properties": {
        "name": "Museos Vaticanos",
        "title": "Patio del Belvedere y Galería de Exposición",
        "category": "actividad",
        "latitude": 41.90616508556604,
        "longitude": 12.454006583722968,
        "city": "Ciudad del Vaticano",
        "country": "Ciudad del Vaticano",
        "address": "Viale Vaticano, 00165 Citta del Vaticano",
        "date": "2023-10-14 14:15",
        "id": "REF-0093",
        "groundedFromAnchor": "Museos Vaticanos",
        "computedScore": 89,
        "h3Index": "891e805058bffff"
      }
    },
    {
      "type": "Feature",
      "geometry": {
        "type": "Point",
        "coordinates": [
          12.454634303878052,
          41.90304470328978
        ]
      },
      "properties": {
        "name": "Capilla Sixtina",
        "title": "Bóveda y Juicio Final en la Capilla Sixtina",
        "category": "monumento",
        "latitude": 41.90304470328978,
        "longitude": 12.454634303878052,
        "city": "Ciudad del Vaticano",
        "country": "Ciudad del Vaticano",
        "address": "00120 Citta del Vaticano",
        "date": "2023-10-14 15:30",
        "id": "REF-0094",
        "groundedFromAnchor": "Capilla Sixtina",
        "computedScore": 81,
        "h3Index": "891e80505c7ffff"
      }
    },
    {
      "type": "Feature",
      "geometry": {
        "type": "Point",
        "coordinates": [
          12.450360065160877,
          41.90418531179989
        ]
      },
      "properties": {
        "name": "Jardines Vaticanos",
        "title": "Senderos Botánicos y Casina Pio IV",
        "category": "naturaleza",
        "latitude": 41.90418531179989,
        "longitude": 12.450360065160877,
        "city": "Ciudad del Vaticano",
        "country": "Ciudad del Vaticano",
        "address": "Viale dell'Osservatorio, 00120 Citta del Vaticano",
        "date": "2023-10-14 16:45",
        "id": "REF-0095",
        "groundedFromAnchor": "Jardines Vaticanos",
        "computedScore": 96,
        "h3Index": "891e80505c3ffff"
      }
    },
    {
      "type": "Feature",
      "geometry": {
        "type": "Point",
        "coordinates": [
          12.453366610588379,
          41.90180198251305
        ]
      },
      "properties": {
        "name": "Basílica de San Pedro",
        "title": "Fachada Principal de la Basílica Papal de San Pedro",
        "category": "monumento",
        "latitude": 41.90180198251305,
        "longitude": 12.453366610588379,
        "city": "Ciudad del Vaticano",
        "country": "Ciudad del Vaticano",
        "address": "Piazza San Pietro, 00120 Citta del Vaticano",
        "date": "2023-10-15 10:30",
        "id": "REF-0096",
        "groundedFromAnchor": "Basílica de San Pedro",
        "computedScore": 85,
        "h3Index": "891e80505c7ffff"
      }
    },
    {
      "type": "Feature",
      "geometry": {
        "type": "Point",
        "coordinates": [
          12.457451607788148,
          41.90224970684084
        ]
      },
      "properties": {
        "name": "Plaza de San Pedro",
        "title": "Colonada de Bernini en la Plaza de San Pedro",
        "category": "monumento",
        "latitude": 41.90224970684084,
        "longitude": 12.457451607788148,
        "city": "Ciudad del Vaticano",
        "country": "Ciudad del Vaticano",
        "address": "Piazza San Pietro, 00120 Citta del Vaticano",
        "date": "2023-10-15 11:15",
        "id": "REF-0097",
        "groundedFromAnchor": "Plaza de San Pedro",
        "computedScore": 82,
        "h3Index": "891e8050513ffff"
      }
    },
    {
      "type": "Feature",
      "geometry": {
        "type": "Point",
        "coordinates": [
          12.453568985015488,
          41.906872282102874
        ]
      },
      "properties": {
        "name": "Museos Vaticanos",
        "title": "Entrada Principal a los Museos Vaticanos",
        "category": "actividad",
        "latitude": 41.906872282102874,
        "longitude": 12.453568985015488,
        "city": "Ciudad del Vaticano",
        "country": "Ciudad del Vaticano",
        "address": "Viale Vaticano, 00165 Citta del Vaticano",
        "date": "2023-10-15 12:45",
        "id": "REF-0098",
        "groundedFromAnchor": "Museos Vaticanos",
        "computedScore": 89,
        "h3Index": "891e805058bffff"
      }
    },
    {
      "type": "Feature",
      "geometry": {
        "type": "Point",
        "coordinates": [
          12.45448973783646,
          41.90275277975968
        ]
      },
      "properties": {
        "name": "Capilla Sixtina",
        "title": "Capilla Sixtina del Palacio Apostólico",
        "category": "monumento",
        "latitude": 41.90275277975968,
        "longitude": 12.45448973783646,
        "city": "Ciudad del Vaticano",
        "country": "Ciudad del Vaticano",
        "address": "Cortile del Belvedere, 00120 Citta del Vaticano",
        "date": "2023-10-15 14:10",
        "id": "REF-0099",
        "groundedFromAnchor": "Capilla Sixtina",
        "computedScore": 83,
        "h3Index": "891e80505c7ffff"
      }
    },
    {
      "type": "Feature",
      "geometry": {
        "type": "Point",
        "coordinates": [
          12.449981326587482,
          41.90371142788957
        ]
      },
      "properties": {
        "name": "Jardines Vaticanos",
        "title": "Senderos Principales de los Jardines Vaticanos",
        "category": "naturaleza",
        "latitude": 41.90371142788957,
        "longitude": 12.449981326587482,
        "city": "Ciudad del Vaticano",
        "country": "Ciudad del Vaticano",
        "address": "Jardines del Vaticano, 00120 Citta del Vaticano",
        "date": "2023-10-15 16:00",
        "id": "REF-0100",
        "groundedFromAnchor": "Jardines Vaticanos",
        "computedScore": 94,
        "h3Index": "891e80505c3ffff"
      }
    },
    {
      "type": "Feature",
      "geometry": {
        "type": "Point",
        "coordinates": [
          12.453440003885326,
          41.90253889265846
        ]
      },
      "properties": {
        "name": "Basílica de San Pedro",
        "title": "Altar Papal y Cúpula de San Pedro",
        "category": "monumento",
        "latitude": 41.90253889265846,
        "longitude": 12.453440003885326,
        "city": "Ciudad del Vaticano",
        "country": "Ciudad del Vaticano",
        "address": "Piazza San Pietro, 00120 Città del Vaticano",
        "date": "2023-10-14 10:30",
        "id": "REF-0101",
        "groundedFromAnchor": "Basílica de San Pedro",
        "computedScore": 83,
        "h3Index": "891e80505c7ffff"
      }
    },
    {
      "type": "Feature",
      "geometry": {
        "type": "Point",
        "coordinates": [
          12.457501603094894,
          41.90197408196893
        ]
      },
      "properties": {
        "name": "Plaza de San Pedro",
        "title": "Columnata de Bernini y Obelisco Vaticano",
        "category": "monumento",
        "latitude": 41.90197408196893,
        "longitude": 12.457501603094894,
        "city": "Ciudad del Vaticano",
        "country": "Ciudad del Vaticano",
        "address": "Piazza San Pietro, 00120 Città del Vaticano",
        "date": "2023-10-14 11:15",
        "id": "REF-0102",
        "groundedFromAnchor": "Plaza de San Pedro",
        "computedScore": 83,
        "h3Index": "891e805051bffff"
      }
    },
    {
      "type": "Feature",
      "geometry": {
        "type": "Point",
        "coordinates": [
          12.453781058524529,
          41.906100117381456
        ]
      },
      "properties": {
        "name": "Museos Vaticanos",
        "title": "Cortile della Pigna y Galerías Pontificias",
        "category": "actividad",
        "latitude": 41.906100117381456,
        "longitude": 12.453781058524529,
        "city": "Ciudad del Vaticano",
        "country": "Ciudad del Vaticano",
        "address": "Viale Vaticano, 00120 Città del Vaticano",
        "date": "2023-10-14 14:20",
        "id": "REF-0103",
        "groundedFromAnchor": "Museos Vaticanos",
        "computedScore": 89,
        "h3Index": "891e805058bffff"
      }
    },
    {
      "type": "Feature",
      "geometry": {
        "type": "Point",
        "coordinates": [
          12.454486992660149,
          41.90262765312435
        ]
      },
      "properties": {
        "name": "Capilla Sixtina",
        "title": "Recinto de la Capilla Sixtina y Palacio Apostólico",
        "category": "monumento",
        "latitude": 41.90262765312435,
        "longitude": 12.454486992660149,
        "city": "Ciudad del Vaticano",
        "country": "Ciudad del Vaticano",
        "address": "Cortile del Belvedere, 00120 Città del Vaticano",
        "date": "2023-10-14 15:45",
        "id": "REF-0104",
        "groundedFromAnchor": "Capilla Sixtina",
        "computedScore": 81,
        "h3Index": "891e80505c7ffff"
      }
    },
    {
      "type": "Feature",
      "geometry": {
        "type": "Point",
        "coordinates": [
          12.449789489491781,
          41.903693656238545
        ]
      },
      "properties": {
        "name": "Jardines Vaticanos",
        "title": "Sendero de la Fuente de la Galera",
        "category": "naturaleza",
        "latitude": 41.903693656238545,
        "longitude": 12.449789489491781,
        "city": "Ciudad del Vaticano",
        "country": "Ciudad del Vaticano",
        "address": "Giardini Vaticani, 00120 Città del Vaticano",
        "date": "2023-10-14 16:50",
        "id": "REF-0105",
        "groundedFromAnchor": "Jardines Vaticanos",
        "computedScore": 95,
        "h3Index": "891e80505c3ffff"
      }
    },
    {
      "type": "Feature",
      "geometry": {
        "type": "Point",
        "coordinates": [
          12.453695804985879,
          41.90219764645674
        ]
      },
      "properties": {
        "name": "Basílica de San Pedro",
        "title": "Fachada Principal de la Basílica Papal de San Pedro",
        "category": "monumento",
        "latitude": 41.90219764645674,
        "longitude": 12.453695804985879,
        "city": "Ciudad del Vaticano",
        "country": "Ciudad del Vaticano",
        "address": "Piazza San Pietro, 00120 Città del Vaticano",
        "date": "2023-10-14 10:30",
        "id": "REF-0106",
        "groundedFromAnchor": "Basílica de San Pedro",
        "computedScore": 83,
        "h3Index": "891e80505c7ffff"
      }
    },
    {
      "type": "Feature",
      "geometry": {
        "type": "Point",
        "coordinates": [
          12.457495177981938,
          41.90228217090764
        ]
      },
      "properties": {
        "name": "Plaza de San Pedro",
        "title": "Colonada de Bernini y Obelisco Vaticano",
        "category": "monumento",
        "latitude": 41.90228217090764,
        "longitude": 12.457495177981938,
        "city": "Ciudad del Vaticano",
        "country": "Ciudad del Vaticano",
        "address": "Piazza San Pietro, 00120 Città del Vaticano",
        "date": "2023-10-14 11:15",
        "id": "REF-0107",
        "groundedFromAnchor": "Plaza de San Pedro",
        "computedScore": 82,
        "h3Index": "891e8050513ffff"
      }
    },
    {
      "type": "Feature",
      "geometry": {
        "type": "Point",
        "coordinates": [
          12.45348165744557,
          41.9064966123901
        ]
      },
      "properties": {
        "name": "Museos Vaticanos",
        "title": "Pabellón de Entrada a los Museos Vaticanos",
        "category": "actividad",
        "latitude": 41.9064966123901,
        "longitude": 12.45348165744557,
        "city": "Ciudad del Vaticano",
        "country": "Ciudad del Vaticano",
        "address": "Viale Vaticano, 00165 Città del Vaticano",
        "date": "2023-10-14 12:45",
        "id": "REF-0108",
        "groundedFromAnchor": "Museos Vaticanos",
        "computedScore": 89,
        "h3Index": "891e80505d7ffff"
      }
    },
    {
      "type": "Feature",
      "geometry": {
        "type": "Point",
        "coordinates": [
          12.454421566850542,
          41.903139580552036
        ]
      },
      "properties": {
        "name": "Capilla Sixtina",
        "title": "Fachada Externa de la Capilla Sixtina",
        "category": "monumento",
        "latitude": 41.903139580552036,
        "longitude": 12.454421566850542,
        "city": "Ciudad del Vaticano",
        "country": "Ciudad del Vaticano",
        "address": "Cortile del Belvedere, 00120 Città del Vaticano",
        "date": "2023-10-14 14:20",
        "id": "REF-0109",
        "groundedFromAnchor": "Capilla Sixtina",
        "computedScore": 83,
        "h3Index": "891e80505c7ffff"
      }
    },
    {
      "type": "Feature",
      "geometry": {
        "type": "Point",
        "coordinates": [
          12.44970522556654,
          41.90388725073864
        ]
      },
      "properties": {
        "name": "Jardines Vaticanos",
        "title": "Bosquete y Senderos Botánicos de los Jardines Vaticanos",
        "category": "naturaleza",
        "latitude": 41.90388725073864,
        "longitude": 12.44970522556654,
        "city": "Ciudad del Vaticano",
        "country": "Ciudad del Vaticano",
        "address": "Giardini Vaticani, 00120 Città del Vaticano",
        "date": "2023-10-14 16:00",
        "id": "REF-0110",
        "groundedFromAnchor": "Jardines Vaticanos",
        "computedScore": 96,
        "h3Index": "891e80505c3ffff"
      }
    },
    {
      "type": "Feature",
      "geometry": {
        "type": "Point",
        "coordinates": [
          12.454013873983207,
          41.902329414212176
        ]
      },
      "properties": {
        "name": "Altar Papal y Baldaquino de Bernini",
        "title": "Estructura Barroca sobre la Tumba de San Pedro",
        "category": "monumento",
        "latitude": 41.902329414212176,
        "longitude": 12.454013873983207,
        "city": "Ciudad del Vaticano",
        "country": "Ciudad del Vaticano",
        "address": "Piazza San Pietro, 00120 Città del Vaticano",
        "date": "2023-10-15 11:30",
        "id": "REF-0111",
        "groundedFromAnchor": "Basílica de San Pedro",
        "computedScore": 84,
        "h3Index": "891e80505c7ffff"
      }
    },
    {
      "type": "Feature",
      "geometry": {
        "type": "Point",
        "coordinates": [
          12.45408858599869,
          41.90201664405164
        ]
      },
      "properties": {
        "name": "Nave Central de la Basílica de San Pedro",
        "title": "Corredor Principal y Mosaicos Flanqueantes",
        "category": "monumento",
        "latitude": 41.90201664405164,
        "longitude": 12.45408858599869,
        "city": "Ciudad del Vaticano",
        "country": "Ciudad del Vaticano",
        "address": "Piazza San Pietro, 00120 Città del Vaticano",
        "date": "2023-10-15 11:35",
        "id": "REF-0112",
        "groundedFromAnchor": "Basílica de San Pedro",
        "computedScore": 85,
        "h3Index": "891e80505c7ffff"
      }
    },
    {
      "type": "Feature",
      "geometry": {
        "type": "Point",
        "coordinates": [
          12.454276497765168,
          41.90198079056496
        ]
      },
      "properties": {
        "name": "Estatua de San Longinos y Pilar de San Andrés",
        "title": "Pilar del Crucero Suroeste",
        "category": "monumento",
        "latitude": 41.90198079056496,
        "longitude": 12.454276497765168,
        "city": "Ciudad del Vaticano",
        "country": "Ciudad del Vaticano",
        "address": "Piazza San Pietro, 00120 Città del Vaticano",
        "date": "2023-10-15 11:40",
        "id": "REF-0113",
        "groundedFromAnchor": "Basílica de San Pedro",
        "computedScore": 83,
        "h3Index": "891e80505c7ffff"
      }
    },
    {
      "type": "Feature",
      "geometry": {
        "type": "Point",
        "coordinates": [
          12.453885845707376,
          41.90194978656443
        ]
      },
      "properties": {
        "name": "Capilla del Santísimo Sacramento",
        "title": "Capilla Lateral de Adoración Perpetua",
        "category": "monumento",
        "latitude": 41.90194978656443,
        "longitude": 12.453885845707376,
        "city": "Ciudad del Vaticano",
        "country": "Ciudad del Vaticano",
        "address": "Piazza San Pietro, 00120 Città del Vaticano",
        "date": "2023-10-15 11:45",
        "id": "REF-0114",
        "groundedFromAnchor": "Basílica de San Pedro",
        "computedScore": 84,
        "h3Index": "891e80505c7ffff"
      }
    },
    {
      "type": "Feature",
      "geometry": {
        "type": "Point",
        "coordinates": [
          12.454116873616654,
          41.90199736862677
        ]
      },
      "properties": {
        "name": "Capilla de la Piedad de Miguel Ángel",
        "title": "Obra Maestra del Renacimiento Escultórico",
        "category": "monumento",
        "latitude": 41.90199736862677,
        "longitude": 12.454116873616654,
        "city": "Ciudad del Vaticano",
        "country": "Ciudad del Vaticano",
        "address": "Piazza San Pietro, 00120 Città del Vaticano",
        "date": "2023-10-15 11:50",
        "id": "REF-0115",
        "groundedFromAnchor": "Basílica de San Pedro",
        "computedScore": 82,
        "h3Index": "891e80505c7ffff"
      }
    },
    {
      "type": "Feature",
      "geometry": {
        "type": "Point",
        "coordinates": [
          12.453928676432533,
          41.90222303676531
        ]
      },
      "properties": {
        "name": "Basílica de San Pedro - Baldaquino de Bernini",
        "title": "Baldaquino de San Pedro y Altar Mayor",
        "category": "monumento",
        "latitude": 41.90222303676531,
        "longitude": 12.453928676432533,
        "city": "Ciudad del Vaticano",
        "country": "Estado de la Ciudad del Vaticano",
        "address": "Piazza San Pietro, 00120 Città del Vaticano",
        "date": "2023-10-14 11:30",
        "id": "REF-0116",
        "groundedFromAnchor": "Basílica de San Pedro",
        "computedScore": 82,
        "h3Index": "891e80505c7ffff"
      }
    },
    {
      "type": "Feature",
      "geometry": {
        "type": "Point",
        "coordinates": [
          12.45409774952221,
          41.902444143953254
        ]
      },
      "properties": {
        "name": "Estatua de San Pedro en Cátedra",
        "title": "Estatua en bronce de San Pedro por Arnolfo di Cambio",
        "category": "monumento",
        "latitude": 41.902444143953254,
        "longitude": 12.45409774952221,
        "city": "Ciudad del Vaticano",
        "country": "Estado de la Ciudad del Vaticano",
        "address": "Lado derecho de la Nave Central, Basílica de San Pedro, 00120",
        "date": "2023-10-14 12:15",
        "id": "REF-0117",
        "groundedFromAnchor": "Basílica de San Pedro",
        "computedScore": 80,
        "h3Index": "891e80505c7ffff"
      }
    },
    {
      "type": "Feature",
      "geometry": {
        "type": "Point",
        "coordinates": [
          12.454113007475076,
          41.90244165754146
        ]
      },
      "properties": {
        "name": "Ábside y Cátedra de San Pedro",
        "title": "Altar de la Cátedra de Bernini",
        "category": "monumento",
        "latitude": 41.90244165754146,
        "longitude": 12.454113007475076,
        "city": "Ciudad del Vaticano",
        "country": "Estado de la Ciudad del Vaticano",
        "address": "Ábside Posterior, Basílica de San Pedro, 00120",
        "date": "2023-10-14 13:00",
        "id": "REF-0118",
        "groundedFromAnchor": "Basílica de San Pedro",
        "computedScore": 83,
        "h3Index": "891e80505c7ffff"
      }
    },
    {
      "type": "Feature",
      "geometry": {
        "type": "Point",
        "coordinates": [
          12.453888832418793,
          41.902415204519556
        ]
      },
      "properties": {
        "name": "Capilla del Santísimo Sacramento",
        "title": "Capilla del Santísimo y Tabernáculo de Bernini",
        "category": "monumento",
        "latitude": 41.902415204519556,
        "longitude": 12.453888832418793,
        "city": "Ciudad del Vaticano",
        "country": "Estado de la Ciudad del Vaticano",
        "address": "Nave Derecha, Basílica de San Pedro, 00120",
        "date": "2023-10-14 14:10",
        "id": "REF-0119",
        "groundedFromAnchor": "Basílica de San Pedro",
        "computedScore": 81,
        "h3Index": "891e80505c7ffff"
      }
    },
    {
      "type": "Feature",
      "geometry": {
        "type": "Point",
        "coordinates": [
          12.453595606604914,
          41.902240143084526
        ]
      },
      "properties": {
        "name": "Pórtico de la Basílica de San Pedro",
        "title": "Atrio Principal y Puerta Filarete",
        "category": "monumento",
        "latitude": 41.902240143084526,
        "longitude": 12.453595606604914,
        "city": "Ciudad del Vaticano",
        "country": "Estado de la Ciudad del Vaticano",
        "address": "Atrio de la Basílica de San Pedro, 00120",
        "date": "2023-10-14 15:25",
        "id": "REF-0120",
        "groundedFromAnchor": "Basílica de San Pedro",
        "computedScore": 83,
        "h3Index": "891e80505c7ffff"
      }
    },
    {
      "type": "Feature",
      "geometry": {
        "type": "Point",
        "coordinates": [
          12.453886623480834,
          41.902432839960014
        ]
      },
      "properties": {
        "name": "Basílica de San Pedro - Fachada Principal",
        "title": "Vista de la Fachada Monumental de Maderno",
        "category": "monumento",
        "latitude": 41.902432839960014,
        "longitude": 12.453886623480834,
        "city": "Ciudad del Vaticano",
        "country": "Ciudad del Vaticano",
        "address": "Piazza San Pietro, 00120 Città del Vaticano",
        "date": "2023-10-15 10:30",
        "id": "REF-0121",
        "groundedFromAnchor": "Basílica de San Pedro",
        "computedScore": 82,
        "h3Index": "891e80505c7ffff"
      }
    },
    {
      "type": "Feature",
      "geometry": {
        "type": "Point",
        "coordinates": [
          12.453968746597068,
          41.90223657804299
        ]
      },
      "properties": {
        "name": "Basílica de San Pedro - Nave Central y Baldaquino",
        "title": "Interior de la Nave Principal de San Pedro",
        "category": "monumento",
        "latitude": 41.90223657804299,
        "longitude": 12.453968746597068,
        "city": "Ciudad del Vaticano",
        "country": "Ciudad del Vaticano",
        "address": "Piazza San Pietro, 00120 Città del Vaticano",
        "date": "2023-10-15 11:15",
        "id": "REF-0122",
        "groundedFromAnchor": "Basílica de San Pedro",
        "computedScore": 83,
        "h3Index": "891e80505c7ffff"
      }
    },
    {
      "type": "Feature",
      "geometry": {
        "type": "Point",
        "coordinates": [
          12.454266993273492,
          41.90211480761617
        ]
      },
      "properties": {
        "name": "Atrio de San Pedro - Porta Santa",
        "title": "Puerta Santa de la Basílica de San Pedro",
        "category": "monumento",
        "latitude": 41.90211480761617,
        "longitude": 12.454266993273492,
        "city": "Ciudad del Vaticano",
        "country": "Ciudad del Vaticano",
        "address": "Atrio de la Basílica de San Pedro, 00120 Città del Vaticano",
        "date": "2023-10-15 12:00",
        "id": "REF-0123",
        "groundedFromAnchor": "Basílica de San Pedro",
        "computedScore": 81,
        "h3Index": "891e80505c7ffff"
      }
    },
    {
      "type": "Feature",
      "geometry": {
        "type": "Point",
        "coordinates": [
          12.454226933275146,
          41.90231080065372
        ]
      },
      "properties": {
        "name": "Mirador de la Cúpula de San Pedro",
        "title": "Vista panorámica desde la Terraza Superior",
        "category": "actividad",
        "latitude": 41.90231080065372,
        "longitude": 12.454226933275146,
        "city": "Ciudad del Vaticano",
        "country": "Ciudad del Vaticano",
        "address": "Via della Sagrestia, 00120 Città del Vaticano",
        "date": "2023-10-15 14:20",
        "id": "REF-0124",
        "groundedFromAnchor": "Basílica de San Pedro",
        "computedScore": 80,
        "h3Index": "891e80505c7ffff"
      }
    },
    {
      "type": "Feature",
      "geometry": {
        "type": "Point",
        "coordinates": [
          12.454303387904107,
          41.90202487773993
        ]
      },
      "properties": {
        "name": "Escalinata de Acceso a la Basílica de San Pedro",
        "title": "Gradas y Estatuas de San Pedro y San Pablo",
        "category": "monumento",
        "latitude": 41.90202487773993,
        "longitude": 12.454303387904107,
        "city": "Ciudad del Vaticano",
        "country": "Ciudad del Vaticano",
        "address": "Piazza San Pietro, 00120 Città del Vaticano",
        "date": "2023-10-15 16:00",
        "id": "REF-0125",
        "groundedFromAnchor": "Basílica de San Pedro",
        "computedScore": 83,
        "h3Index": "891e80505c7ffff"
      }
    },
    {
      "type": "Feature",
      "geometry": {
        "type": "Point",
        "coordinates": [
          12.453921259778452,
          41.90240501237326
        ]
      },
      "properties": {
        "name": "Ábside de la Cátedra de San Pedro",
        "title": "Cátedra de San Pedro y Gloria de Bernini",
        "category": "monumento",
        "latitude": 41.90240501237326,
        "longitude": 12.453921259778452,
        "city": "Ciudad del Vaticano",
        "country": "Ciudad del Vaticano",
        "address": "Piazza San Pietro, 00120 Città del Vaticano",
        "date": "2023-10-14 10:30",
        "id": "REF-0126",
        "groundedFromAnchor": "Basílica de San Pedro",
        "computedScore": 83,
        "h3Index": "891e80505c7ffff"
      }
    },
    {
      "type": "Feature",
      "geometry": {
        "type": "Point",
        "coordinates": [
          12.454133716331235,
          41.90180957530965
        ]
      },
      "properties": {
        "name": "Pórtico de la Basílica de San Pedro - Puerta Santa",
        "title": "Atrio de ingreso y Puerta Santa",
        "category": "monumento",
        "latitude": 41.90180957530965,
        "longitude": 12.454133716331235,
        "city": "Ciudad del Vaticano",
        "country": "Ciudad del Vaticano",
        "address": "Piazza San Pietro, Entrada Principal, 00120 Città del Vaticano",
        "date": "2023-10-14 11:15",
        "id": "REF-0127",
        "groundedFromAnchor": "Basílica de San Pedro",
        "computedScore": 84,
        "h3Index": "891e80505c7ffff"
      }
    },
    {
      "type": "Feature",
      "geometry": {
        "type": "Point",
        "coordinates": [
          12.453907604577692,
          41.90193732918548
        ]
      },
      "properties": {
        "name": "Baldaquino de San Pedro por Bernini",
        "title": "Altar Mayor y Baldaquino de Bronce",
        "category": "monumento",
        "latitude": 41.90193732918548,
        "longitude": 12.453907604577692,
        "city": "Ciudad del Vaticano",
        "country": "Ciudad del Vaticano",
        "address": "Crucero Central, Basílica de San Pedro, 00120 Città del Vaticano",
        "date": "2023-10-14 12:00",
        "id": "REF-0128",
        "groundedFromAnchor": "Basílica de San Pedro",
        "computedScore": 85,
        "h3Index": "891e80505c7ffff"
      }
    },
    {
      "type": "Feature",
      "geometry": {
        "type": "Point",
        "coordinates": [
          12.453613804761458,
          41.90193628851421
        ]
      },
      "properties": {
        "name": "Transepto Izquierdo - Capilla de San José",
        "title": "Transepto Sur e Altare Laterale",
        "category": "monumento",
        "latitude": 41.90193628851421,
        "longitude": 12.453613804761458,
        "city": "Ciudad del Vaticano",
        "country": "Ciudad del Vaticano",
        "address": "Transepto Izquierdo, Basílica de San Pedro, 00120 Città del Vaticano",
        "date": "2023-10-14 12:45",
        "id": "REF-0129",
        "groundedFromAnchor": "Basílica de San Pedro",
        "computedScore": 82,
        "h3Index": "891e80505c7ffff"
      }
    },
    {
      "type": "Feature",
      "geometry": {
        "type": "Point",
        "coordinates": [
          12.454042973705059,
          41.902359731651096
        ]
      },
      "properties": {
        "name": "Ascensor a la Cúpula de San Pedro",
        "title": "Acceso a la Terraza de la Cúpula",
        "category": "actividad",
        "latitude": 41.902359731651096,
        "longitude": 12.454042973705059,
        "city": "Ciudad del Vaticano",
        "country": "Ciudad del Vaticano",
        "address": "Pórtico Exterior Norte, Basílica de San Pedro, 00120 Città del Vaticano",
        "date": "2023-10-14 13:30",
        "id": "REF-0130",
        "groundedFromAnchor": "Basílica de San Pedro",
        "computedScore": 84,
        "h3Index": "891e80505c7ffff"
      }
    },
    {
      "type": "Feature",
      "geometry": {
        "type": "Point",
        "coordinates": [
          12.453610042926414,
          41.90182054041818
        ]
      },
      "properties": {
        "name": "Capilla de la Piedad - Basílica de San Pedro",
        "title": "Estatua de la Pietà de Miguel Ángel",
        "category": "monumento",
        "latitude": 41.90182054041818,
        "longitude": 12.453610042926414,
        "city": "Ciudad del Vaticano",
        "country": "Ciudad del Vaticano",
        "address": "Piazza San Pietro, 00120 Città del Vaticano",
        "date": "2023-10-14 10:15",
        "id": "REF-0131",
        "groundedFromAnchor": "Basílica de San Pedro",
        "computedScore": 83,
        "h3Index": "891e80505c7ffff"
      }
    },
    {
      "type": "Feature",
      "geometry": {
        "type": "Point",
        "coordinates": [
          12.453988066090568,
          41.90180613390898
        ]
      },
      "properties": {
        "name": "Estatua Bronzea de San Pedro",
        "title": "Escultura Histórica de San Pedro en Cátedra",
        "category": "monumento",
        "latitude": 41.90180613390898,
        "longitude": 12.453988066090568,
        "city": "Ciudad del Vaticano",
        "country": "Ciudad del Vaticano",
        "address": "Nave Central, Basílica de San Pedro, 00120 Città del Vaticano",
        "date": "2023-10-14 11:30",
        "id": "REF-0132",
        "groundedFromAnchor": "Basílica de San Pedro",
        "computedScore": 81,
        "h3Index": "891e80505c7ffff"
      }
    },
    {
      "type": "Feature",
      "geometry": {
        "type": "Point",
        "coordinates": [
          12.453777032162252,
          41.902264061116156
        ]
      },
      "properties": {
        "name": "Baldaquino de San Pedro por Gian Lorenzo Bernini",
        "title": "Baldaquino de Bronce sobre el Altar Papal",
        "category": "monumento",
        "latitude": 41.902264061116156,
        "longitude": 12.453777032162252,
        "city": "Ciudad del Vaticano",
        "country": "Ciudad del Vaticano",
        "address": "Crucero Central, Basílica de San Pedro, 00120 Città del Vaticano",
        "date": "2023-10-14 12:45",
        "id": "REF-0133",
        "groundedFromAnchor": "Basílica de San Pedro",
        "computedScore": 84,
        "h3Index": "891e80505c7ffff"
      }
    },
    {
      "type": "Feature",
      "geometry": {
        "type": "Point",
        "coordinates": [
          12.454308576891743,
          41.90225551261187
        ]
      },
      "properties": {
        "name": "Pórtico Principal y Puerta Santa",
        "title": "Atrio Monumental de la Basílica",
        "category": "monumento",
        "latitude": 41.90225551261187,
        "longitude": 12.454308576891743,
        "city": "Ciudad del Vaticano",
        "country": "Ciudad del Vaticano",
        "address": "Atrio de la Basílica de San Pedro, 00120 Città del Vaticano",
        "date": "2023-10-14 14:10",
        "id": "REF-0134",
        "groundedFromAnchor": "Basílica de San Pedro",
        "computedScore": 83,
        "h3Index": "891e80505c7ffff"
      }
    },
    {
      "type": "Feature",
      "geometry": {
        "type": "Point",
        "coordinates": [
          12.453782167325294,
          41.902053181422524
        ]
      },
      "properties": {
        "name": "Altar de la Cátedra de San Pedro",
        "title": "Gloria de Bernini y Cátedra de San Pedro",
        "category": "monumento",
        "latitude": 41.902053181422524,
        "longitude": 12.453782167325294,
        "city": "Ciudad del Vaticano",
        "country": "Ciudad del Vaticano",
        "address": "Ábside Posterior, Basílica de San Pedro, 00120 Città del Vaticano",
        "date": "2023-10-14 15:30",
        "id": "REF-0135",
        "groundedFromAnchor": "Basílica de San Pedro",
        "computedScore": 82,
        "h3Index": "891e80505c7ffff"
      }
    },
    {
      "type": "Feature",
      "geometry": {
        "type": "Point",
        "coordinates": [
          12.4535985395229,
          41.90227008889696
        ]
      },
      "properties": {
        "name": "Pórtico de la Basílica de San Pedro",
        "title": "Entrada Principal de la Basílica",
        "category": "monumento",
        "latitude": 41.90227008889696,
        "longitude": 12.4535985395229,
        "city": "Ciudad del Vaticano",
        "country": "Ciudad del Vaticano",
        "address": "Piazza San Pietro, 00120 Città del Vaticano",
        "date": "2023-10-14 10:30",
        "id": "REF-0136",
        "groundedFromAnchor": "Basílica de San Pedro",
        "computedScore": 84,
        "h3Index": "891e80505c7ffff"
      }
    },
    {
      "type": "Feature",
      "geometry": {
        "type": "Point",
        "coordinates": [
          12.454042744122308,
          41.90198063766446
        ]
      },
      "properties": {
        "name": "Plaza de San Pedro (Piazza San Pietro)",
        "title": "Espacio Central de la Plaza",
        "category": "monumento",
        "latitude": 41.90198063766446,
        "longitude": 12.454042744122308,
        "city": "Ciudad del Vaticano",
        "country": "Ciudad del Vaticano",
        "address": "Piazza San Pietro, 00120 Città del Vaticano",
        "date": "2023-10-14 11:15",
        "id": "REF-0137",
        "groundedFromAnchor": "Basílica de San Pedro",
        "computedScore": 82,
        "h3Index": "891e80505c7ffff"
      }
    },
    {
      "type": "Feature",
      "geometry": {
        "type": "Point",
        "coordinates": [
          12.45369796285258,
          41.90182504712015
        ]
      },
      "properties": {
        "name": "Estatua de San Pedro y Acceso Sur",
        "title": "Semicírculo Sur del Sagrato",
        "category": "monumento",
        "latitude": 41.90182504712015,
        "longitude": 12.45369796285258,
        "city": "Ciudad del Vaticano",
        "country": "Ciudad del Vaticano",
        "address": "Piazza San Pietro - Brazo Sur, 00120 Città del Vaticano",
        "date": "2023-10-14 12:00",
        "id": "REF-0138",
        "groundedFromAnchor": "Basílica de San Pedro",
        "computedScore": 86,
        "h3Index": "891e80505c7ffff"
      }
    },
    {
      "type": "Feature",
      "geometry": {
        "type": "Point",
        "coordinates": [
          12.45394925762845,
          41.902060595400606
        ]
      },
      "properties": {
        "name": "Escalinata del Sagrato de San Pedro",
        "title": "Escalinata Principal del Sagrato",
        "category": "actividad",
        "latitude": 41.902060595400606,
        "longitude": 12.45394925762845,
        "city": "Ciudad del Vaticano",
        "country": "Ciudad del Vaticano",
        "address": "Sagrato della Basilica di San Pietro, 00120 Città del Vaticano",
        "date": "2023-10-14 14:20",
        "id": "REF-0139",
        "groundedFromAnchor": "Basílica de San Pedro",
        "computedScore": 82,
        "h3Index": "891e80505c7ffff"
      }
    },
    {
      "type": "Feature",
      "geometry": {
        "type": "Point",
        "coordinates": [
          12.453889234537133,
          41.901985422397985
        ]
      },
      "properties": {
        "name": "Puerta Filarete y Atrio Central",
        "title": "Acceso Portal Central",
        "category": "monumento",
        "latitude": 41.901985422397985,
        "longitude": 12.453889234537133,
        "city": "Ciudad del Vaticano",
        "country": "Ciudad del Vaticano",
        "address": "Portico della Basilica di San Pietro, 00120 Città del Vaticano",
        "date": "2023-10-14 16:00",
        "id": "REF-0140",
        "groundedFromAnchor": "Basílica de San Pedro",
        "computedScore": 83,
        "h3Index": "891e80505c7ffff"
      }
    },
    {
      "type": "Feature",
      "geometry": {
        "type": "Point",
        "coordinates": [
          12.454306764127933,
          41.90252693351487
        ]
      },
      "properties": {
        "name": "Piazza San Pietro - Atrio Nord",
        "title": "Prensa y acceso norte a la Fachada de la Basílica de San Pedro",
        "category": "monumento",
        "latitude": 41.90252693351487,
        "longitude": 12.454306764127933,
        "city": "Ciudad del Vaticano",
        "country": "Ciudad del Vaticano",
        "address": "Piazza San Pietro, 00120 Città del Vaticano",
        "date": "2023-10-15 10:30",
        "id": "REF-0141",
        "groundedFromAnchor": "Basílica de San Pedro",
        "computedScore": 84,
        "h3Index": "891e80505c7ffff"
      }
    },
    {
      "type": "Feature",
      "geometry": {
        "type": "Point",
        "coordinates": [
          12.454281012148687,
          41.90221559047584
        ]
      },
      "properties": {
        "name": "Estatua de San Pedro",
        "title": "Estatua monumental de San Pedro en el Sagrado de la Basílica",
        "category": "monumento",
        "latitude": 41.90221559047584,
        "longitude": 12.454281012148687,
        "city": "Ciudad del Vaticano",
        "country": "Ciudad del Vaticano",
        "address": "Piazza San Pietro, Sagrato della Basilica, 00120 Città del Vaticano",
        "date": "2023-10-15 11:15",
        "id": "REF-0142",
        "groundedFromAnchor": "Basílica de San Pedro",
        "computedScore": 83,
        "h3Index": "891e80505c7ffff"
      }
    },
    {
      "type": "Feature",
      "geometry": {
        "type": "Point",
        "coordinates": [
          12.454069848902652,
          41.902120938053
        ]
      },
      "properties": {
        "name": "Puerta Filarete - Basílica de San Pedro",
        "title": "Acceso central de bronce a la Basílica Vaticana",
        "category": "monumento",
        "latitude": 41.902120938053,
        "longitude": 12.454069848902652,
        "city": "Ciudad del Vaticano",
        "country": "Ciudad del Vaticano",
        "address": "Piazza San Pietro, Portico della Basilica, 00120 Città del Vaticano",
        "date": "2023-10-15 12:00",
        "id": "REF-0143",
        "groundedFromAnchor": "Basílica de San Pedro",
        "computedScore": 85,
        "h3Index": "891e80505c7ffff"
      }
    },
    {
      "type": "Feature",
      "geometry": {
        "type": "Point",
        "coordinates": [
          12.453748012185125,
          41.90233687032347
        ]
      },
      "properties": {
        "name": "Altar de la Cátedra de San Pedro",
        "title": "Sector nave principal y baldaquino de Bernini",
        "category": "monumento",
        "latitude": 41.90233687032347,
        "longitude": 12.453748012185125,
        "city": "Ciudad del Vaticano",
        "country": "Ciudad del Vaticano",
        "address": "Piazza San Pietro, Interior Basilica, 00120 Città del Vaticano",
        "date": "2023-10-15 13:45",
        "id": "REF-0144",
        "groundedFromAnchor": "Basílica de San Pedro",
        "computedScore": 82,
        "h3Index": "891e80505c7ffff"
      }
    },
    {
      "type": "Feature",
      "geometry": {
        "type": "Point",
        "coordinates": [
          12.453676220460565,
          41.902257265434514
        ]
      },
      "properties": {
        "name": "Cúpula de San Pedro - Mirador Exterior",
        "title": "Vista panorámica sobre la Columnata de Bernini",
        "category": "actividad",
        "latitude": 41.902257265434514,
        "longitude": 12.453676220460565,
        "city": "Ciudad del Vaticano",
        "country": "Ciudad del Vaticano",
        "address": "Cupola di San Pietro, Via della Sagrestia, 00120 Città del Vaticano",
        "date": "2023-10-15 15:10",
        "id": "REF-0145",
        "groundedFromAnchor": "Basílica de San Pedro",
        "computedScore": 85,
        "h3Index": "891e80505c7ffff"
      }
    },
    {
      "type": "Feature",
      "geometry": {
        "type": "Point",
        "coordinates": [
          12.454106799159474,
          41.90256309195189
        ]
      },
      "properties": {
        "name": "Fachada Principal de la Basílica de San Pedro",
        "title": "Atrio e Inscripción Frontal de Maderno",
        "category": "monumento",
        "latitude": 41.90256309195189,
        "longitude": 12.454106799159474,
        "city": "Ciudad del Vaticano",
        "country": "Ciudad del Vaticano",
        "address": "Piazza San Pietro, 00120 Citta del Vaticano",
        "date": "2023-10-15 10:30",
        "id": "REF-0146",
        "groundedFromAnchor": "Basílica de San Pedro",
        "computedScore": 84,
        "h3Index": "891e80505c7ffff"
      }
    },
    {
      "type": "Feature",
      "geometry": {
        "type": "Point",
        "coordinates": [
          12.453860711113675,
          41.90187047315758
        ]
      },
      "properties": {
        "name": "Colonnato de Bernini - Hemiciclo Sur",
        "title": "Pórtico Sur de la Plaza de San Pedro",
        "category": "monumento",
        "latitude": 41.90187047315758,
        "longitude": 12.453860711113675,
        "city": "Ciudad del Vaticano",
        "country": "Ciudad del Vaticano",
        "address": "Piazza San Pietro, Brazo Sur, 00120 Citta del Vaticano",
        "date": "2023-10-15 11:15",
        "id": "REF-0147",
        "groundedFromAnchor": "Basílica de San Pedro",
        "computedScore": 83,
        "h3Index": "891e80505c7ffff"
      }
    },
    {
      "type": "Feature",
      "geometry": {
        "type": "Point",
        "coordinates": [
          12.453722395594282,
          41.90243078328573
        ]
      },
      "properties": {
        "name": "Altar Papal y Cúpula Central de San Pedro",
        "title": "Interior de la Nave Central y Baldaquino",
        "category": "monumento",
        "latitude": 41.90243078328573,
        "longitude": 12.453722395594282,
        "city": "Ciudad del Vaticano",
        "country": "Ciudad del Vaticano",
        "address": "Interior Basílica de San Pedro, 00120 Citta del Vaticano",
        "date": "2023-10-15 12:00",
        "id": "REF-0148",
        "groundedFromAnchor": "Basílica de San Pedro",
        "computedScore": 84,
        "h3Index": "891e80505c7ffff"
      }
    },
    {
      "type": "Feature",
      "geometry": {
        "type": "Point",
        "coordinates": [
          12.454236041585311,
          41.90230882072105
        ]
      },
      "properties": {
        "name": "Puesto de Guardias Suizos - Portone di Bronzo",
        "title": "Control de Acceso Norte al Palacio Apostólico",
        "category": "actividad",
        "latitude": 41.90230882072105,
        "longitude": 12.454236041585311,
        "city": "Ciudad del Vaticano",
        "country": "Ciudad del Vaticano",
        "address": "Via del Sant'Uffizio, 00120 Citta del Vaticano",
        "date": "2023-10-15 14:10",
        "id": "REF-0149",
        "groundedFromAnchor": "Basílica de San Pedro",
        "computedScore": 81,
        "h3Index": "891e80505c7ffff"
      }
    },
    {
      "type": "Feature",
      "geometry": {
        "type": "Point",
        "coordinates": [
          12.45381618667686,
          41.90188991918537
        ]
      },
      "properties": {
        "name": "Oficina Móvil de Correos Vaticanos - Plaza San Pedro",
        "title": "Poste Vaticane Sur",
        "category": "transporte",
        "latitude": 41.90188991918537,
        "longitude": 12.45381618667686,
        "city": "Ciudad del Vaticano",
        "country": "Ciudad del Vaticano",
        "address": "Piazza San Pietro, Brazo Sur, 00120 Citta del Vaticano",
        "date": "2023-10-15 15:45",
        "id": "REF-0150",
        "groundedFromAnchor": "Basílica de San Pedro",
        "computedScore": 83,
        "h3Index": "891e80505c7ffff"
      }
    },
    {
      "type": "Feature",
      "geometry": {
        "type": "Point",
        "coordinates": [
          12.453300507661456,
          41.902539802868965
        ]
      },
      "properties": {
        "name": "Basílica Papal de San Pedro",
        "title": "Templo mayor de la cristiandad",
        "category": "monumento",
        "latitude": 41.902539802868965,
        "longitude": 12.453300507661456,
        "city": "Ciudad del Vaticano",
        "country": "Ciudad del Vaticano",
        "address": "Piazza San Pietro, 00120 Città del Vaticano",
        "date": "2023-10-15 10:30",
        "id": "REF-0151",
        "groundedFromAnchor": "Basílica de San Pedro",
        "computedScore": 85,
        "h3Index": "891e80505c7ffff"
      }
    },
    {
      "type": "Feature",
      "geometry": {
        "type": "Point",
        "coordinates": [
          12.457686177743483,
          41.90233569236012
        ]
      },
      "properties": {
        "name": "Plaza de San Pedro",
        "title": "Gran explanada con la columnata de Bernini",
        "category": "monumento",
        "latitude": 41.90233569236012,
        "longitude": 12.457686177743483,
        "city": "Ciudad del Vaticano",
        "country": "Ciudad del Vaticano",
        "address": "Piazza San Pietro, 00120 Città del Vaticano",
        "date": "2023-10-15 11:15",
        "id": "REF-0152",
        "groundedFromAnchor": "Plaza de San Pedro",
        "computedScore": 83,
        "h3Index": "891e8050513ffff"
      }
    },
    {
      "type": "Feature",
      "geometry": {
        "type": "Point",
        "coordinates": [
          12.453910991433137,
          41.906880573352204
        ]
      },
      "properties": {
        "name": "Museos Vaticanos - Acceso Viale Vaticano",
        "title": "Entrada principal a las galerías pontificias",
        "category": "actividad",
        "latitude": 41.906880573352204,
        "longitude": 12.453910991433137,
        "city": "Ciudad del Vaticano",
        "country": "Ciudad del Vaticano",
        "address": "Viale Vaticano, 00165 Città del Vaticano",
        "date": "2023-10-15 14:00",
        "id": "REF-0153",
        "groundedFromAnchor": "Museos Vaticanos",
        "computedScore": 89,
        "h3Index": "891e805058bffff"
      }
    },
    {
      "type": "Feature",
      "geometry": {
        "type": "Point",
        "coordinates": [
          12.454230727380594,
          41.902877243222775
        ]
      },
      "properties": {
        "name": "Capilla Sixtina",
        "title": "Recinto del cónclave y frescos de Miguel Ángel",
        "category": "monumento",
        "latitude": 41.902877243222775,
        "longitude": 12.454230727380594,
        "city": "Ciudad del Vaticano",
        "country": "Ciudad del Vaticano",
        "address": "Cortile del Belvedere, 00120 Città del Vaticano",
        "date": "2023-10-15 15:20",
        "id": "REF-0154",
        "groundedFromAnchor": "Capilla Sixtina",
        "computedScore": 80,
        "h3Index": "891e80505c7ffff"
      }
    },
    {
      "type": "Feature",
      "geometry": {
        "type": "Point",
        "coordinates": [
          12.450039348734476,
          41.90390234879197
        ]
      },
      "properties": {
        "name": "Jardines Vaticanos - Sector Casina Pio IV",
        "title": "Jardines botánicos y monumentales del Vaticano",
        "category": "naturaleza",
        "latitude": 41.90390234879197,
        "longitude": 12.450039348734476,
        "city": "Ciudad del Vaticano",
        "country": "Ciudad del Vaticano",
        "address": "Viale dell'Osservatorio, 00120 Città del Vaticano",
        "date": "2023-10-15 16:45",
        "id": "REF-0155",
        "groundedFromAnchor": "Jardines Vaticanos",
        "computedScore": 96,
        "h3Index": "891e80505c3ffff"
      }
    },
    {
      "type": "Feature",
      "geometry": {
        "type": "Point",
        "coordinates": [
          12.453704218839949,
          41.90241479944332
        ]
      },
      "properties": {
        "name": "Basílica de San Pedro",
        "title": "Fachada Principal y Atrio de San Pedro",
        "category": "monumento",
        "latitude": 41.90241479944332,
        "longitude": 12.453704218839949,
        "city": "Ciudad del Vaticano",
        "country": "Ciudad del Vaticano",
        "address": "Piazza San Pietro, 00120 Citta del Vaticano",
        "date": "2023-10-15 10:30",
        "id": "REF-0156",
        "groundedFromAnchor": "Basílica de San Pedro",
        "computedScore": 84,
        "h3Index": "891e80505c7ffff"
      }
    },
    {
      "type": "Feature",
      "geometry": {
        "type": "Point",
        "coordinates": [
          12.457197726054579,
          41.902027420578875
        ]
      },
      "properties": {
        "name": "Plaza de San Pedro",
        "title": "Columnata de Bernini y Obelisco Vaticano",
        "category": "monumento",
        "latitude": 41.902027420578875,
        "longitude": 12.457197726054579,
        "city": "Ciudad del Vaticano",
        "country": "Ciudad del Vaticano",
        "address": "Piazza San Pietro, 00120 Citta del Vaticano",
        "date": "2023-10-15 11:15",
        "id": "REF-0157",
        "groundedFromAnchor": "Plaza de San Pedro",
        "computedScore": 84,
        "h3Index": "891e805051bffff"
      }
    },
    {
      "type": "Feature",
      "geometry": {
        "type": "Point",
        "coordinates": [
          12.453422593600312,
          41.90663264293491
        ]
      },
      "properties": {
        "name": "Museos Vaticanos",
        "title": "Acceso Principal Viale Vaticano",
        "category": "actividad",
        "latitude": 41.90663264293491,
        "longitude": 12.453422593600312,
        "city": "Ciudad del Vaticano",
        "country": "Ciudad del Vaticano",
        "address": "Viale Vaticano, 00165 Citta del Vaticano",
        "date": "2023-10-15 12:45",
        "id": "REF-0158",
        "groundedFromAnchor": "Museos Vaticanos",
        "computedScore": 89,
        "h3Index": "891e80505d7ffff"
      }
    },
    {
      "type": "Feature",
      "geometry": {
        "type": "Point",
        "coordinates": [
          12.454557405104833,
          41.90295336040535
        ]
      },
      "properties": {
        "name": "Capilla Sixtina",
        "title": "Interior de la Capilla Sixtina y Palacio Apostólico",
        "category": "monumento",
        "latitude": 41.90295336040535,
        "longitude": 12.454557405104833,
        "city": "Ciudad del Vaticano",
        "country": "Ciudad del Vaticano",
        "address": "Cortile del Pappagallo, 00120 Citta del Vaticano",
        "date": "2023-10-15 14:20",
        "id": "REF-0159",
        "groundedFromAnchor": "Capilla Sixtina",
        "computedScore": 81,
        "h3Index": "891e80505c7ffff"
      }
    },
    {
      "type": "Feature",
      "geometry": {
        "type": "Point",
        "coordinates": [
          12.450037033739507,
          41.90379451263488
        ]
      },
      "properties": {
        "name": "Jardines Vaticanos",
        "title": "Jardines Franceses y Fuente del Águila",
        "category": "naturaleza",
        "latitude": 41.90379451263488,
        "longitude": 12.450037033739507,
        "city": "Ciudad del Vaticano",
        "country": "Ciudad del Vaticano",
        "address": "Viale dell'Esposizione, 00120 Citta del Vaticano",
        "date": "2023-10-15 16:00",
        "id": "REF-0160",
        "groundedFromAnchor": "Jardines Vaticanos",
        "computedScore": 94,
        "h3Index": "891e80505c3ffff"
      }
    },
    {
      "type": "Feature",
      "geometry": {
        "type": "Point",
        "coordinates": [
          12.453730729848838,
          41.90207737757657
        ]
      },
      "properties": {
        "name": "Basílica de San Pedro - Fachada Principal",
        "title": "Vista frontal de la Basílica de San Pedro",
        "category": "monumento",
        "latitude": 41.90207737757657,
        "longitude": 12.453730729848838,
        "city": "Ciudad del Vaticano",
        "country": "Ciudad del Vaticano",
        "address": "Piazza San Pietro, 00120 Città del Vaticano",
        "date": "2023-10-15 10:30",
        "id": "REF-0161",
        "groundedFromAnchor": "Basílica de San Pedro",
        "computedScore": 83,
        "h3Index": "891e80505c7ffff"
      }
    },
    {
      "type": "Feature",
      "geometry": {
        "type": "Point",
        "coordinates": [
          12.457152199074281,
          41.90234623873688
        ]
      },
      "properties": {
        "name": "Plaza de San Pedro - Obelisco Vaticano",
        "title": "Centro de la Plaza de San Pedro junto al Obelisco",
        "category": "monumento",
        "latitude": 41.90234623873688,
        "longitude": 12.457152199074281,
        "city": "Ciudad del Vaticano",
        "country": "Ciudad del Vaticano",
        "address": "Piazza San Pietro, 00120 Città del Vaticano",
        "date": "2023-10-15 11:15",
        "id": "REF-0162",
        "groundedFromAnchor": "Plaza de San Pedro",
        "computedScore": 83,
        "h3Index": "891e8050513ffff"
      }
    },
    {
      "type": "Feature",
      "geometry": {
        "type": "Point",
        "coordinates": [
          12.453463602030098,
          41.90664407176286
        ]
      },
      "properties": {
        "name": "Museos Vaticanos - Portal de Entrada Viale Vaticano",
        "title": "Acceso principal a los Museos Vaticanos",
        "category": "actividad",
        "latitude": 41.90664407176286,
        "longitude": 12.453463602030098,
        "city": "Ciudad del Vaticano",
        "country": "Ciudad del Vaticano",
        "address": "Viale Vaticano, 00165 Città del Vaticano",
        "date": "2023-10-15 12:45",
        "id": "REF-0163",
        "groundedFromAnchor": "Museos Vaticanos",
        "computedScore": 90,
        "h3Index": "891e80505d7ffff"
      }
    },
    {
      "type": "Feature",
      "geometry": {
        "type": "Point",
        "coordinates": [
          12.454574277587565,
          41.902640944569704
        ]
      },
      "properties": {
        "name": "Capilla Sixtina y Palacio Apostólico - Cortile del Belvedere",
        "title": "Fachada exterior contigua a la Capilla Sixtina",
        "category": "monumento",
        "latitude": 41.902640944569704,
        "longitude": 12.454574277587565,
        "city": "Ciudad del Vaticano",
        "country": "Ciudad del Vaticano",
        "address": "Cortile del Belvedere, 00120 Città del Vaticano",
        "date": "2023-10-15 14:20",
        "id": "REF-0164",
        "groundedFromAnchor": "Capilla Sixtina",
        "computedScore": 83,
        "h3Index": "891e80505c7ffff"
      }
    },
    {
      "type": "Feature",
      "geometry": {
        "type": "Point",
        "coordinates": [
          12.450142074983669,
          41.903861589289946
        ]
      },
      "properties": {
        "name": "Jardines Vaticanos - Sector Fontana dell'Aquilone",
        "title": "Zona boscosa y fuentes de los Jardines Vaticanos",
        "category": "naturaleza",
        "latitude": 41.903861589289946,
        "longitude": 12.450142074983669,
        "city": "Ciudad del Vaticano",
        "country": "Ciudad del Vaticano",
        "address": "Giardini Vaticani, 00120 Città del Vaticano",
        "date": "2023-10-15 16:00",
        "id": "REF-0165",
        "groundedFromAnchor": "Jardines Vaticanos",
        "computedScore": 93,
        "h3Index": "891e80505c3ffff"
      }
    },
    {
      "type": "Feature",
      "geometry": {
        "type": "Point",
        "coordinates": [
          12.453277179560098,
          41.90226885116532
        ]
      },
      "properties": {
        "name": "Basílica de San Pedro",
        "title": "Fachada Principal y Atrio de San Pedro",
        "category": "monumento",
        "latitude": 41.90226885116532,
        "longitude": 12.453277179560098,
        "city": "Ciudad del Vaticano",
        "country": "Ciudad del Vaticano",
        "address": "Piazza San Pietro, 00120 Citta del Vaticano",
        "date": "2023-10-15 10:30",
        "id": "REF-0166",
        "groundedFromAnchor": "Basílica de San Pedro",
        "computedScore": 85,
        "h3Index": "891e80505c7ffff"
      }
    },
    {
      "type": "Feature",
      "geometry": {
        "type": "Point",
        "coordinates": [
          12.457685119423598,
          41.90220743236516
        ]
      },
      "properties": {
        "name": "Plaza de San Pedro",
        "title": "Colonada de Bernini y Obelisco Vaticano",
        "category": "monumento",
        "latitude": 41.90220743236516,
        "longitude": 12.457685119423598,
        "city": "Ciudad del Vaticano",
        "country": "Ciudad del Vaticano",
        "address": "Piazza San Pietro, 00120 Citta del Vaticano",
        "date": "2023-10-15 11:15",
        "id": "REF-0167",
        "groundedFromAnchor": "Plaza de San Pedro",
        "computedScore": 83,
        "h3Index": "891e8050513ffff"
      }
    },
    {
      "type": "Feature",
      "geometry": {
        "type": "Point",
        "coordinates": [
          12.453642956522732,
          41.90654982739283
        ]
      },
      "properties": {
        "name": "Museos Vaticanos",
        "title": "Entrada Principal Viale Vaticano",
        "category": "actividad",
        "latitude": 41.90654982739283,
        "longitude": 12.453642956522732,
        "city": "Ciudad del Vaticano",
        "country": "Ciudad del Vaticano",
        "address": "Viale Vaticano, 00120 Citta del Vaticano",
        "date": "2023-10-15 09:00",
        "id": "REF-0168",
        "groundedFromAnchor": "Museos Vaticanos",
        "computedScore": 89,
        "h3Index": "891e805058bffff"
      }
    },
    {
      "type": "Feature",
      "geometry": {
        "type": "Point",
        "coordinates": [
          12.454767966119203,
          41.90275196376629
        ]
      },
      "properties": {
        "name": "Capilla Sixtina",
        "title": "Palacio Apostólico - Capilla Sixtina",
        "category": "monumento",
        "latitude": 41.90275196376629,
        "longitude": 12.454767966119203,
        "city": "Ciudad del Vaticano",
        "country": "Ciudad del Vaticano",
        "address": "Cortile del Belvedere, 00120 Citta del Vaticano",
        "date": "2023-10-15 14:20",
        "id": "REF-0169",
        "groundedFromAnchor": "Capilla Sixtina",
        "computedScore": 83,
        "h3Index": "891e80505c7ffff"
      }
    },
    {
      "type": "Feature",
      "geometry": {
        "type": "Point",
        "coordinates": [
          12.45027884490906,
          41.903645405604436
        ]
      },
      "properties": {
        "name": "Jardines Vaticanos",
        "title": "Bosquete y Paseos del Monte Vaticano",
        "category": "naturaleza",
        "latitude": 41.903645405604436,
        "longitude": 12.45027884490906,
        "city": "Ciudad del Vaticano",
        "country": "Ciudad del Vaticano",
        "address": "Viale dell'Osservatorio, 00120 Citta del Vaticano",
        "date": "2023-10-15 16:00",
        "id": "REF-0170",
        "groundedFromAnchor": "Jardines Vaticanos",
        "computedScore": 96,
        "h3Index": "891e80505c3ffff"
      }
    },
    {
      "type": "Feature",
      "geometry": {
        "type": "Point",
        "coordinates": [
          12.453827180255109,
          41.90244572004023
        ]
      },
      "properties": {
        "name": "Basílica de San Pedro",
        "title": "Interior y Altar Mayor de San Pedro",
        "category": "monumento",
        "latitude": 41.90244572004023,
        "longitude": 12.453827180255109,
        "city": "Ciudad del Vaticano",
        "country": "Ciudad del Vaticano",
        "address": "Piazza San Pietro, 00120 Citta del Vaticano",
        "date": "2023-10-14 10:30",
        "id": "REF-0171",
        "groundedFromAnchor": "Basílica de San Pedro",
        "computedScore": 83,
        "h3Index": "891e80505c7ffff"
      }
    },
    {
      "type": "Feature",
      "geometry": {
        "type": "Point",
        "coordinates": [
          12.457008977127131,
          41.902275697485436
        ]
      },
      "properties": {
        "name": "Plaza de San Pedro",
        "title": "Colonagado de Bernini y Obelisco Vaticano",
        "category": "monumento",
        "latitude": 41.902275697485436,
        "longitude": 12.457008977127131,
        "city": "Ciudad del Vaticano",
        "country": "Ciudad del Vaticano",
        "address": "Piazza San Pietro, 00120 Citta del Vaticano",
        "date": "2023-10-14 11:45",
        "id": "REF-0172",
        "groundedFromAnchor": "Plaza de San Pedro",
        "computedScore": 83,
        "h3Index": "891e805051bffff"
      }
    },
    {
      "type": "Feature",
      "geometry": {
        "type": "Point",
        "coordinates": [
          12.454006583722968,
          41.90616508556604
        ]
      },
      "properties": {
        "name": "Museos Vaticanos",
        "title": "Patio del Belvedere y Galería de Exposición",
        "category": "actividad",
        "latitude": 41.90616508556604,
        "longitude": 12.454006583722968,
        "city": "Ciudad del Vaticano",
        "country": "Ciudad del Vaticano",
        "address": "Viale Vaticano, 00165 Citta del Vaticano",
        "date": "2023-10-14 14:15",
        "id": "REF-0173",
        "groundedFromAnchor": "Museos Vaticanos",
        "computedScore": 89,
        "h3Index": "891e805058bffff"
      }
    },
    {
      "type": "Feature",
      "geometry": {
        "type": "Point",
        "coordinates": [
          12.454634303878052,
          41.90304470328978
        ]
      },
      "properties": {
        "name": "Capilla Sixtina",
        "title": "Bóveda y Juicio Final en la Capilla Sixtina",
        "category": "monumento",
        "latitude": 41.90304470328978,
        "longitude": 12.454634303878052,
        "city": "Ciudad del Vaticano",
        "country": "Ciudad del Vaticano",
        "address": "00120 Citta del Vaticano",
        "date": "2023-10-14 15:30",
        "id": "REF-0174",
        "groundedFromAnchor": "Capilla Sixtina",
        "computedScore": 81,
        "h3Index": "891e80505c7ffff"
      }
    },
    {
      "type": "Feature",
      "geometry": {
        "type": "Point",
        "coordinates": [
          12.450360065160877,
          41.90418531179989
        ]
      },
      "properties": {
        "name": "Jardines Vaticanos",
        "title": "Senderos Botánicos y Casina Pio IV",
        "category": "naturaleza",
        "latitude": 41.90418531179989,
        "longitude": 12.450360065160877,
        "city": "Ciudad del Vaticano",
        "country": "Ciudad del Vaticano",
        "address": "Viale dell'Osservatorio, 00120 Citta del Vaticano",
        "date": "2023-10-14 16:45",
        "id": "REF-0175",
        "groundedFromAnchor": "Jardines Vaticanos",
        "computedScore": 96,
        "h3Index": "891e80505c3ffff"
      }
    },
    {
      "type": "Feature",
      "geometry": {
        "type": "Point",
        "coordinates": [
          12.453366610588379,
          41.90180198251305
        ]
      },
      "properties": {
        "name": "Basílica de San Pedro",
        "title": "Fachada Principal de la Basílica Papal de San Pedro",
        "category": "monumento",
        "latitude": 41.90180198251305,
        "longitude": 12.453366610588379,
        "city": "Ciudad del Vaticano",
        "country": "Ciudad del Vaticano",
        "address": "Piazza San Pietro, 00120 Citta del Vaticano",
        "date": "2023-10-15 10:30",
        "id": "REF-0176",
        "groundedFromAnchor": "Basílica de San Pedro",
        "computedScore": 85,
        "h3Index": "891e80505c7ffff"
      }
    },
    {
      "type": "Feature",
      "geometry": {
        "type": "Point",
        "coordinates": [
          12.457451607788148,
          41.90224970684084
        ]
      },
      "properties": {
        "name": "Plaza de San Pedro",
        "title": "Colonada de Bernini en la Plaza de San Pedro",
        "category": "monumento",
        "latitude": 41.90224970684084,
        "longitude": 12.457451607788148,
        "city": "Ciudad del Vaticano",
        "country": "Ciudad del Vaticano",
        "address": "Piazza San Pietro, 00120 Citta del Vaticano",
        "date": "2023-10-15 11:15",
        "id": "REF-0177",
        "groundedFromAnchor": "Plaza de San Pedro",
        "computedScore": 82,
        "h3Index": "891e8050513ffff"
      }
    },
    {
      "type": "Feature",
      "geometry": {
        "type": "Point",
        "coordinates": [
          12.453568985015488,
          41.906872282102874
        ]
      },
      "properties": {
        "name": "Museos Vaticanos",
        "title": "Entrada Principal a los Museos Vaticanos",
        "category": "actividad",
        "latitude": 41.906872282102874,
        "longitude": 12.453568985015488,
        "city": "Ciudad del Vaticano",
        "country": "Ciudad del Vaticano",
        "address": "Viale Vaticano, 00165 Citta del Vaticano",
        "date": "2023-10-15 12:45",
        "id": "REF-0178",
        "groundedFromAnchor": "Museos Vaticanos",
        "computedScore": 89,
        "h3Index": "891e805058bffff"
      }
    },
    {
      "type": "Feature",
      "geometry": {
        "type": "Point",
        "coordinates": [
          12.45448973783646,
          41.90275277975968
        ]
      },
      "properties": {
        "name": "Capilla Sixtina",
        "title": "Capilla Sixtina del Palacio Apostólico",
        "category": "monumento",
        "latitude": 41.90275277975968,
        "longitude": 12.45448973783646,
        "city": "Ciudad del Vaticano",
        "country": "Ciudad del Vaticano",
        "address": "Cortile del Belvedere, 00120 Citta del Vaticano",
        "date": "2023-10-15 14:10",
        "id": "REF-0179",
        "groundedFromAnchor": "Capilla Sixtina",
        "computedScore": 83,
        "h3Index": "891e80505c7ffff"
      }
    },
    {
      "type": "Feature",
      "geometry": {
        "type": "Point",
        "coordinates": [
          12.449981326587482,
          41.90371142788957
        ]
      },
      "properties": {
        "name": "Jardines Vaticanos",
        "title": "Senderos Principales de los Jardines Vaticanos",
        "category": "naturaleza",
        "latitude": 41.90371142788957,
        "longitude": 12.449981326587482,
        "city": "Ciudad del Vaticano",
        "country": "Ciudad del Vaticano",
        "address": "Jardines del Vaticano, 00120 Citta del Vaticano",
        "date": "2023-10-15 16:00",
        "id": "REF-0180",
        "groundedFromAnchor": "Jardines Vaticanos",
        "computedScore": 94,
        "h3Index": "891e80505c3ffff"
      }
    },
    {
      "type": "Feature",
      "geometry": {
        "type": "Point",
        "coordinates": [
          12.453440003885326,
          41.90253889265846
        ]
      },
      "properties": {
        "name": "Basílica de San Pedro",
        "title": "Altar Papal y Cúpula de San Pedro",
        "category": "monumento",
        "latitude": 41.90253889265846,
        "longitude": 12.453440003885326,
        "city": "Ciudad del Vaticano",
        "country": "Ciudad del Vaticano",
        "address": "Piazza San Pietro, 00120 Città del Vaticano",
        "date": "2023-10-14 10:30",
        "id": "REF-0181",
        "groundedFromAnchor": "Basílica de San Pedro",
        "computedScore": 83,
        "h3Index": "891e80505c7ffff"
      }
    },
    {
      "type": "Feature",
      "geometry": {
        "type": "Point",
        "coordinates": [
          12.457501603094894,
          41.90197408196893
        ]
      },
      "properties": {
        "name": "Plaza de San Pedro",
        "title": "Columnata de Bernini y Obelisco Vaticano",
        "category": "monumento",
        "latitude": 41.90197408196893,
        "longitude": 12.457501603094894,
        "city": "Ciudad del Vaticano",
        "country": "Ciudad del Vaticano",
        "address": "Piazza San Pietro, 00120 Città del Vaticano",
        "date": "2023-10-14 11:15",
        "id": "REF-0182",
        "groundedFromAnchor": "Plaza de San Pedro",
        "computedScore": 83,
        "h3Index": "891e805051bffff"
      }
    },
    {
      "type": "Feature",
      "geometry": {
        "type": "Point",
        "coordinates": [
          12.453781058524529,
          41.906100117381456
        ]
      },
      "properties": {
        "name": "Museos Vaticanos",
        "title": "Cortile della Pigna y Galerías Pontificias",
        "category": "actividad",
        "latitude": 41.906100117381456,
        "longitude": 12.453781058524529,
        "city": "Ciudad del Vaticano",
        "country": "Ciudad del Vaticano",
        "address": "Viale Vaticano, 00120 Città del Vaticano",
        "date": "2023-10-14 14:20",
        "id": "REF-0183",
        "groundedFromAnchor": "Museos Vaticanos",
        "computedScore": 89,
        "h3Index": "891e805058bffff"
      }
    },
    {
      "type": "Feature",
      "geometry": {
        "type": "Point",
        "coordinates": [
          12.454486992660149,
          41.90262765312435
        ]
      },
      "properties": {
        "name": "Capilla Sixtina",
        "title": "Recinto de la Capilla Sixtina y Palacio Apostólico",
        "category": "monumento",
        "latitude": 41.90262765312435,
        "longitude": 12.454486992660149,
        "city": "Ciudad del Vaticano",
        "country": "Ciudad del Vaticano",
        "address": "Cortile del Belvedere, 00120 Città del Vaticano",
        "date": "2023-10-14 15:45",
        "id": "REF-0184",
        "groundedFromAnchor": "Capilla Sixtina",
        "computedScore": 81,
        "h3Index": "891e80505c7ffff"
      }
    },
    {
      "type": "Feature",
      "geometry": {
        "type": "Point",
        "coordinates": [
          12.449789489491781,
          41.903693656238545
        ]
      },
      "properties": {
        "name": "Jardines Vaticanos",
        "title": "Sendero de la Fuente de la Galera",
        "category": "naturaleza",
        "latitude": 41.903693656238545,
        "longitude": 12.449789489491781,
        "city": "Ciudad del Vaticano",
        "country": "Ciudad del Vaticano",
        "address": "Giardini Vaticani, 00120 Città del Vaticano",
        "date": "2023-10-14 16:50",
        "id": "REF-0185",
        "groundedFromAnchor": "Jardines Vaticanos",
        "computedScore": 95,
        "h3Index": "891e80505c3ffff"
      }
    },
    {
      "type": "Feature",
      "geometry": {
        "type": "Point",
        "coordinates": [
          12.453695804985879,
          41.90219764645674
        ]
      },
      "properties": {
        "name": "Basílica de San Pedro",
        "title": "Fachada Principal de la Basílica Papal de San Pedro",
        "category": "monumento",
        "latitude": 41.90219764645674,
        "longitude": 12.453695804985879,
        "city": "Ciudad del Vaticano",
        "country": "Ciudad del Vaticano",
        "address": "Piazza San Pietro, 00120 Città del Vaticano",
        "date": "2023-10-14 10:30",
        "id": "REF-0186",
        "groundedFromAnchor": "Basílica de San Pedro",
        "computedScore": 83,
        "h3Index": "891e80505c7ffff"
      }
    },
    {
      "type": "Feature",
      "geometry": {
        "type": "Point",
        "coordinates": [
          12.457495177981938,
          41.90228217090764
        ]
      },
      "properties": {
        "name": "Plaza de San Pedro",
        "title": "Colonada de Bernini y Obelisco Vaticano",
        "category": "monumento",
        "latitude": 41.90228217090764,
        "longitude": 12.457495177981938,
        "city": "Ciudad del Vaticano",
        "country": "Ciudad del Vaticano",
        "address": "Piazza San Pietro, 00120 Città del Vaticano",
        "date": "2023-10-14 11:15",
        "id": "REF-0187",
        "groundedFromAnchor": "Plaza de San Pedro",
        "computedScore": 82,
        "h3Index": "891e8050513ffff"
      }
    },
    {
      "type": "Feature",
      "geometry": {
        "type": "Point",
        "coordinates": [
          12.45348165744557,
          41.9064966123901
        ]
      },
      "properties": {
        "name": "Museos Vaticanos",
        "title": "Pabellón de Entrada a los Museos Vaticanos",
        "category": "actividad",
        "latitude": 41.9064966123901,
        "longitude": 12.45348165744557,
        "city": "Ciudad del Vaticano",
        "country": "Ciudad del Vaticano",
        "address": "Viale Vaticano, 00165 Città del Vaticano",
        "date": "2023-10-14 12:45",
        "id": "REF-0188",
        "groundedFromAnchor": "Museos Vaticanos",
        "computedScore": 89,
        "h3Index": "891e80505d7ffff"
      }
    },
    {
      "type": "Feature",
      "geometry": {
        "type": "Point",
        "coordinates": [
          12.454421566850542,
          41.903139580552036
        ]
      },
      "properties": {
        "name": "Capilla Sixtina",
        "title": "Fachada Externa de la Capilla Sixtina",
        "category": "monumento",
        "latitude": 41.903139580552036,
        "longitude": 12.454421566850542,
        "city": "Ciudad del Vaticano",
        "country": "Ciudad del Vaticano",
        "address": "Cortile del Belvedere, 00120 Città del Vaticano",
        "date": "2023-10-14 14:20",
        "id": "REF-0189",
        "groundedFromAnchor": "Capilla Sixtina",
        "computedScore": 83,
        "h3Index": "891e80505c7ffff"
      }
    },
    {
      "type": "Feature",
      "geometry": {
        "type": "Point",
        "coordinates": [
          12.44970522556654,
          41.90388725073864
        ]
      },
      "properties": {
        "name": "Jardines Vaticanos",
        "title": "Bosquete y Senderos Botánicos de los Jardines Vaticanos",
        "category": "naturaleza",
        "latitude": 41.90388725073864,
        "longitude": 12.44970522556654,
        "city": "Ciudad del Vaticano",
        "country": "Ciudad del Vaticano",
        "address": "Giardini Vaticani, 00120 Città del Vaticano",
        "date": "2023-10-14 16:00",
        "id": "REF-0190",
        "groundedFromAnchor": "Jardines Vaticanos",
        "computedScore": 96,
        "h3Index": "891e80505c3ffff"
      }
    },
    {
      "type": "Feature",
      "geometry": {
        "type": "Point",
        "coordinates": [
          12.47667166596354,
          41.89843000776755
        ]
      },
      "properties": {
        "name": "La Casa del Caffè Tazza d'Oro",
        "title": "Cafetería histórica junto al Panteón",
        "category": "restaurante",
        "latitude": 41.89843000776755,
        "longitude": 12.47667166596354,
        "city": "Roma",
        "country": "Italia",
        "address": "Via dei Pastini 11, 00186 Roma RM, Italia",
        "date": "2023-10-14 11:30",
        "id": "REF-0191",
        "groundedFromAnchor": "Panteón de Agripa",
        "computedScore": 85,
        "h3Index": "891e8050527ffff"
      }
    },
    {
      "type": "Feature",
      "geometry": {
        "type": "Point",
        "coordinates": [
          12.476850364593997,
          41.89882743419272
        ]
      },
      "properties": {
        "name": "Ristorante Di Rienzo",
        "title": "Restaurante con terraza frente al Panteón",
        "category": "restaurante",
        "latitude": 41.89882743419272,
        "longitude": 12.476850364593997,
        "city": "Roma",
        "country": "Italia",
        "address": "Piazza della Rotonda 8/9, 00186 Roma RM, Italia",
        "date": "2023-10-14 12:15",
        "id": "REF-0192",
        "groundedFromAnchor": "Panteón de Agripa",
        "computedScore": 83,
        "h3Index": "891e8050527ffff"
      }
    },
    {
      "type": "Feature",
      "geometry": {
        "type": "Point",
        "coordinates": [
          12.477117381496516,
          41.89869986516184
        ]
      },
      "properties": {
        "name": "Antica Salumeria al Pantheon",
        "title": "Charcutería gourmet y degustación tradicional",
        "category": "restaurante",
        "latitude": 41.89869986516184,
        "longitude": 12.477117381496516,
        "city": "Roma",
        "country": "Italia",
        "address": "Piazza della Rotonda 4, 00186 Roma RM, Italia",
        "date": "2023-10-14 14:00",
        "id": "REF-0193",
        "groundedFromAnchor": "Panteón de Agripa",
        "computedScore": 81,
        "h3Index": "891e8050527ffff"
      }
    },
    {
      "type": "Feature",
      "geometry": {
        "type": "Point",
        "coordinates": [
          12.476884680346442,
          41.898903727272376
        ]
      },
      "properties": {
        "name": "Hotel Abruzzi",
        "title": "Hotel boutique con vistas al Panteón",
        "category": "hotel",
        "latitude": 41.898903727272376,
        "longitude": 12.476884680346442,
        "city": "Roma",
        "country": "Italia",
        "address": "Piazza della Rotonda 69, 00186 Roma RM, Italia",
        "date": "2023-10-14 16:45",
        "id": "REF-0194",
        "groundedFromAnchor": "Panteón de Agripa",
        "computedScore": 86,
        "h3Index": "891e8050527ffff"
      }
    },
    {
      "type": "Feature",
      "geometry": {
        "type": "Point",
        "coordinates": [
          12.476863961804295,
          41.898601308938716
        ]
      },
      "properties": {
        "name": "Panteón de Agripa",
        "title": "Templo romano antiguo y Basílica de Santa María de los Mártires",
        "category": "monumento",
        "latitude": 41.898601308938716,
        "longitude": 12.476863961804295,
        "city": "Roma",
        "country": "Italia",
        "address": "Piazza della Rotonda, 00186 Roma RM, Italia",
        "date": "2023-10-14 10:00",
        "id": "REF-0195",
        "groundedFromAnchor": "Panteón de Agripa",
        "computedScore": 85,
        "h3Index": "891e8050527ffff"
      }
    },
    {
      "type": "Feature",
      "geometry": {
        "type": "Point",
        "coordinates": [
          12.477018312722382,
          41.898851004932446
        ]
      },
      "properties": {
        "name": "Panteón de Agripa - Pórtico Principal",
        "title": "Fachada y Portón Romano del Panteón",
        "category": "monumento",
        "latitude": 41.898851004932446,
        "longitude": 12.477018312722382,
        "city": "Roma",
        "country": "Italia",
        "address": "Piazza della Rotonda, 00186 Roma RM, Italia",
        "date": "2023-10-14 11:30",
        "id": "REF-0196",
        "groundedFromAnchor": "Panteón de Agripa",
        "computedScore": 84,
        "h3Index": "891e8050527ffff"
      }
    },
    {
      "type": "Feature",
      "geometry": {
        "type": "Point",
        "coordinates": [
          12.476783454870546,
          41.89879798542612
        ]
      },
      "properties": {
        "name": "Fuente del Panteón",
        "title": "Fontana del Pantheon y Obelisco Macuteyo",
        "category": "monumento",
        "latitude": 41.89879798542612,
        "longitude": 12.476783454870546,
        "city": "Roma",
        "country": "Italia",
        "address": "Piazza della Rotonda, 00186 Roma RM, Italia",
        "date": "2023-10-14 12:15",
        "id": "REF-0197",
        "groundedFromAnchor": "Panteón de Agripa",
        "computedScore": 82,
        "h3Index": "891e8050527ffff"
      }
    },
    {
      "type": "Feature",
      "geometry": {
        "type": "Point",
        "coordinates": [
          12.47713066064091,
          41.898829861527894
        ]
      },
      "properties": {
        "name": "Ristorante Di Rienzo",
        "title": "Terraza Gastronómica Piazza della Rotonda",
        "category": "restaurante",
        "latitude": 41.898829861527894,
        "longitude": 12.47713066064091,
        "city": "Roma",
        "country": "Italia",
        "address": "Piazza della Rotonda 8, 00186 Roma RM, Italia",
        "date": "2023-10-14 13:00",
        "id": "REF-0198",
        "groundedFromAnchor": "Panteón de Agripa",
        "computedScore": 87,
        "h3Index": "891e8050527ffff"
      }
    },
    {
      "type": "Feature",
      "geometry": {
        "type": "Point",
        "coordinates": [
          12.476631387557243,
          41.89864255361808
        ]
      },
      "properties": {
        "name": "Hotel Albergo Abruzzi",
        "title": "Alojamiento Histórico con vista al Panteón",
        "category": "hotel",
        "latitude": 41.89864255361808,
        "longitude": 12.476631387557243,
        "city": "Roma",
        "country": "Italia",
        "address": "Piazza della Rotonda 69, 00186 Roma RM, Italia",
        "date": "2023-10-14 14:10",
        "id": "REF-0199",
        "groundedFromAnchor": "Panteón de Agripa",
        "computedScore": 81,
        "h3Index": "891e8050527ffff"
      }
    },
    {
      "type": "Feature",
      "geometry": {
        "type": "Point",
        "coordinates": [
          12.477093345037225,
          41.898809332486465
        ]
      },
      "properties": {
        "name": "Antico Caffè della Rotonda",
        "title": "Cafetería Tradicional y Gelateria",
        "category": "restaurante",
        "latitude": 41.898809332486465,
        "longitude": 12.477093345037225,
        "city": "Roma",
        "country": "Italia",
        "address": "Piazza della Rotonda 71, 00186 Roma RM, Italia",
        "date": "2023-10-14 15:30",
        "id": "REF-0200",
        "groundedFromAnchor": "Panteón de Agripa",
        "computedScore": 86,
        "h3Index": "891e8050527ffff"
      }
    },
    {
      "type": "Feature",
      "geometry": {
        "type": "Point",
        "coordinates": [
          12.476834327399818,
          41.89887627794278
        ]
      },
      "properties": {
        "name": "Fontana del Pantheon",
        "title": "Fuente de la Piazza della Rotonda",
        "category": "monumento",
        "latitude": 41.89887627794278,
        "longitude": 12.476834327399818,
        "city": "Roma",
        "country": "Italia",
        "address": "Piazza della Rotonda, 00186 Roma RM, Italia",
        "date": "2023-10-15 11:30",
        "id": "REF-0201",
        "groundedFromAnchor": "Panteón de Agripa",
        "computedScore": 84,
        "h3Index": "891e8050527ffff"
      }
    },
    {
      "type": "Feature",
      "geometry": {
        "type": "Point",
        "coordinates": [
          12.477147416240925,
          41.8985591300414
        ]
      },
      "properties": {
        "name": "Ristorante Di Rienzo",
        "title": "Restaurante con terraza en Piazza della Rotonda",
        "category": "restaurante",
        "latitude": 41.8985591300414,
        "longitude": 12.477147416240925,
        "city": "Roma",
        "country": "Italia",
        "address": "Piazza della Rotonda 8, 00186 Roma RM, Italia",
        "date": "2023-10-15 13:15",
        "id": "REF-0202",
        "groundedFromAnchor": "Panteón de Agripa",
        "computedScore": 83,
        "h3Index": "891e8050527ffff"
      }
    },
    {
      "type": "Feature",
      "geometry": {
        "type": "Point",
        "coordinates": [
          12.476655243055076,
          41.898416565243224
        ]
      },
      "properties": {
        "name": "Via della Palombella Monument",
        "title": "Muro Posterior del Panteon de Agripa",
        "category": "monumento",
        "latitude": 41.898416565243224,
        "longitude": 12.476655243055076,
        "city": "Roma",
        "country": "Italia",
        "address": "Via della Palombella 2, 00186 Roma RM, Italia",
        "date": "2023-10-15 16:45",
        "id": "REF-0203",
        "groundedFromAnchor": "Panteón de Agripa",
        "computedScore": 83,
        "h3Index": "891e8050527ffff"
      }
    },
    {
      "type": "Feature",
      "geometry": {
        "type": "Point",
        "coordinates": [
          12.477139435944066,
          41.89888536248807
        ]
      },
      "properties": {
        "name": "Grand Hotel De La Minerve",
        "title": "Hotel Historico Junto al Panteon",
        "category": "hotel",
        "latitude": 41.89888536248807,
        "longitude": 12.477139435944066,
        "city": "Roma",
        "country": "Italia",
        "address": "Piazza della Minerva 69, 00186 Roma RM, Italia",
        "date": "2023-10-15 18:20",
        "id": "REF-0204",
        "groundedFromAnchor": "Panteón de Agripa",
        "computedScore": 81,
        "h3Index": "891e8050527ffff"
      }
    },
    {
      "type": "Feature",
      "geometry": {
        "type": "Point",
        "coordinates": [
          12.47695962154787,
          41.898695158455475
        ]
      },
      "properties": {
        "name": "Panteon de Agripa - Portico Principal",
        "title": "Acceso Frontal al Panteon",
        "category": "monumento",
        "latitude": 41.898695158455475,
        "longitude": 12.47695962154787,
        "city": "Roma",
        "country": "Italia",
        "address": "Piazza della Rotonda, 00186 Roma RM, Italia",
        "date": "2023-10-15 10:00",
        "id": "REF-0205",
        "groundedFromAnchor": "Panteón de Agripa",
        "computedScore": 85,
        "h3Index": "891e8050527ffff"
      }
    },
    {
      "type": "Feature",
      "geometry": {
        "type": "Point",
        "coordinates": [
          12.476838172325257,
          41.89866216082315
        ]
      },
      "properties": {
        "name": "Panteón de Agripa",
        "title": "Pórtico del Panteón de Roma",
        "category": "monumento",
        "latitude": 41.89866216082315,
        "longitude": 12.476838172325257,
        "city": "Roma",
        "country": "Italia",
        "address": "Piazza della Rotonda, 00186 Roma RM, Italia",
        "date": "2023-10-15 11:30",
        "id": "REF-0206",
        "groundedFromAnchor": "Panteón de Agripa",
        "computedScore": 85,
        "h3Index": "891e8050527ffff"
      }
    },
    {
      "type": "Feature",
      "geometry": {
        "type": "Point",
        "coordinates": [
          12.477323034417477,
          41.89893785749537
        ]
      },
      "properties": {
        "name": "Ristorante Di Rienzo",
        "title": "Restaurante Terraza Piazza della Rotonda",
        "category": "restaurante",
        "latitude": 41.89893785749537,
        "longitude": 12.477323034417477,
        "city": "Roma",
        "country": "Italia",
        "address": "Piazza della Rotonda, 8/9, 00186 Roma RM, Italia",
        "date": "2023-10-15 13:15",
        "id": "REF-0207",
        "groundedFromAnchor": "Panteón de Agripa",
        "computedScore": 86,
        "h3Index": "891e8050527ffff"
      }
    },
    {
      "type": "Feature",
      "geometry": {
        "type": "Point",
        "coordinates": [
          12.476760854746212,
          41.898862700295595
        ]
      },
      "properties": {
        "name": "Fuente del Panteón",
        "title": "Fontana della Rotonda con Obelisco Macuteyo",
        "category": "monumento",
        "latitude": 41.898862700295595,
        "longitude": 12.476760854746212,
        "city": "Roma",
        "country": "Italia",
        "address": "Piazza della Rotonda, 00186 Roma RM, Italia",
        "date": "2023-10-15 15:45",
        "id": "REF-0208",
        "groundedFromAnchor": "Panteón de Agripa",
        "computedScore": 81,
        "h3Index": "891e8050527ffff"
      }
    },
    {
      "type": "Feature",
      "geometry": {
        "type": "Point",
        "coordinates": [
          12.477237906531164,
          41.89821280015653
        ]
      },
      "properties": {
        "name": "Grand Hotel De La Minerve",
        "title": "Fachada Hotel de la Minerva",
        "category": "hotel",
        "latitude": 41.89821280015653,
        "longitude": 12.477237906531164,
        "city": "Roma",
        "country": "Italia",
        "address": "Piazza della Minerva, 69, 00186 Roma RM, Italia",
        "date": "2023-10-15 17:10",
        "id": "REF-0209",
        "groundedFromAnchor": "Panteón de Agripa",
        "computedScore": 85,
        "h3Index": "891e8050527ffff"
      }
    },
    {
      "type": "Feature",
      "geometry": {
        "type": "Point",
        "coordinates": [
          12.477188816037033,
          41.8982791544932
        ]
      },
      "properties": {
        "name": "Estatua del Elefante y Obelisco",
        "title": "Pulcino della Minerva de Bernini",
        "category": "monumento",
        "latitude": 41.8982791544932,
        "longitude": 12.477188816037033,
        "city": "Roma",
        "country": "Italia",
        "address": "Piazza della Minerva, 42, 00186 Roma RM, Italia",
        "date": "2023-10-15 18:00",
        "id": "REF-0210",
        "groundedFromAnchor": "Panteón de Agripa",
        "computedScore": 80,
        "h3Index": "891e8050527ffff"
      }
    },
    {
      "type": "Feature",
      "geometry": {
        "type": "Point",
        "coordinates": [
          12.477066735375526,
          41.89836409713686
        ]
      },
      "properties": {
        "name": "Fontana del Pantheon",
        "title": "Fuente monumental en la Piazza della Rotonda",
        "category": "monumento",
        "latitude": 41.89836409713686,
        "longitude": 12.477066735375526,
        "city": "Roma",
        "country": "Italia",
        "address": "Piazza della Rotonda, 00186 Roma RM, Italia",
        "date": "2023-10-15 11:30",
        "id": "REF-0211",
        "groundedFromAnchor": "Panteón de Agripa",
        "computedScore": 84,
        "h3Index": "891e8050527ffff"
      }
    },
    {
      "type": "Feature",
      "geometry": {
        "type": "Point",
        "coordinates": [
          12.477308152579049,
          41.89845714910296
        ]
      },
      "properties": {
        "name": "Ristorante Di Rienzo",
        "title": "Restaurante con terraza frente al Panteón",
        "category": "restaurante",
        "latitude": 41.89845714910296,
        "longitude": 12.477308152579049,
        "city": "Roma",
        "country": "Italia",
        "address": "Piazza della Rotonda, 8, 00186 Roma RM, Italia",
        "date": "2023-10-15 13:15",
        "id": "REF-0212",
        "groundedFromAnchor": "Panteón de Agripa",
        "computedScore": 87,
        "h3Index": "891e8050527ffff"
      }
    },
    {
      "type": "Feature",
      "geometry": {
        "type": "Point",
        "coordinates": [
          12.476696040029571,
          41.89826344329539
        ]
      },
      "properties": {
        "name": "Albergo Abruzzi",
        "title": "Hotel boutique histórico",
        "category": "hotel",
        "latitude": 41.89826344329539,
        "longitude": 12.476696040029571,
        "city": "Roma",
        "country": "Italia",
        "address": "Piazza della Rotonda, 69, 00186 Roma RM, Italia",
        "date": "2023-10-15 16:45",
        "id": "REF-0213",
        "groundedFromAnchor": "Panteón de Agripa",
        "computedScore": 81,
        "h3Index": "891e8050527ffff"
      }
    },
    {
      "type": "Feature",
      "geometry": {
        "type": "Point",
        "coordinates": [
          12.476738298187046,
          41.898362610955914
        ]
      },
      "properties": {
        "name": "Punto de Encuentro Tours Via de' Crescenzi",
        "title": "Punto de encuentro para tours guiados del Panteón",
        "category": "actividad",
        "latitude": 41.898362610955914,
        "longitude": 12.476738298187046,
        "city": "Roma",
        "country": "Italia",
        "address": "Via de' Crescenzi, 2, 00186 Roma RM, Italia",
        "date": "2023-10-15 09:15",
        "id": "REF-0214",
        "groundedFromAnchor": "Panteón de Agripa",
        "computedScore": 79,
        "h3Index": "891e8050527ffff"
      }
    },
    {
      "type": "Feature",
      "geometry": {
        "type": "Point",
        "coordinates": [
          12.476843782838229,
          41.89898132399074
        ]
      },
      "properties": {
        "name": "Parada de Autobús Via del Pantheon",
        "title": "Acceso de transporte público al Panteón",
        "category": "transporte",
        "latitude": 41.89898132399074,
        "longitude": 12.476843782838229,
        "city": "Roma",
        "country": "Italia",
        "address": "Via del Pantheon, 00186 Roma RM, Italia",
        "date": "2023-10-15 18:00",
        "id": "REF-0215",
        "groundedFromAnchor": "Panteón de Agripa",
        "computedScore": 84,
        "h3Index": "891e8050527ffff"
      }
    },
    {
      "type": "Feature",
      "geometry": {
        "type": "Point",
        "coordinates": [
          12.477109931876802,
          41.89894880469703
        ]
      },
      "properties": {
        "name": "Fontana del Pantheon",
        "title": "Fuente monumental con obelisco egipcio",
        "category": "monumento",
        "latitude": 41.89894880469703,
        "longitude": 12.477109931876802,
        "city": "Roma",
        "country": "Italia",
        "address": "Piazza della Rotonda, 00186 Roma RM, Italia",
        "date": "2023-10-14 11:30",
        "id": "REF-0216",
        "groundedFromAnchor": "Panteón de Agripa",
        "computedScore": 84,
        "h3Index": "891e8050527ffff"
      }
    },
    {
      "type": "Feature",
      "geometry": {
        "type": "Point",
        "coordinates": [
          12.476613638643695,
          41.898779250583864
        ]
      },
      "properties": {
        "name": "Ristorante Da Fortunato al Pantheon",
        "title": "Trattoria tradicional romana",
        "category": "restaurante",
        "latitude": 41.898779250583864,
        "longitude": 12.476613638643695,
        "city": "Roma",
        "country": "Italia",
        "address": "Via del Pantheon, 55, 00186 Roma RM, Italia",
        "date": "2023-10-14 13:15",
        "id": "REF-0217",
        "groundedFromAnchor": "Panteón de Agripa",
        "computedScore": 83,
        "h3Index": "891e8050527ffff"
      }
    },
    {
      "type": "Feature",
      "geometry": {
        "type": "Point",
        "coordinates": [
          12.476710897755147,
          41.89835614290129
        ]
      },
      "properties": {
        "name": "Piazza della Minerva Sotto il Pantheon",
        "title": "Acceso sur posterior al Panteón",
        "category": "actividad",
        "latitude": 41.89835614290129,
        "longitude": 12.476710897755147,
        "city": "Roma",
        "country": "Italia",
        "address": "Piazza della Minerva, 42, 00186 Roma RM, Italia",
        "date": "2023-10-14 15:45",
        "id": "REF-0218",
        "groundedFromAnchor": "Panteón de Agripa",
        "computedScore": 80,
        "h3Index": "891e8050527ffff"
      }
    },
    {
      "type": "Feature",
      "geometry": {
        "type": "Point",
        "coordinates": [
          12.47717005409532,
          41.89874783639437
        ]
      },
      "properties": {
        "name": "Gran Caffè del Pantheon",
        "title": "Cafetería y terraza histórica",
        "category": "restaurante",
        "latitude": 41.89874783639437,
        "longitude": 12.47717005409532,
        "city": "Roma",
        "country": "Italia",
        "address": "Piazza della Rotonda, 81, 00186 Roma RM, Italia",
        "date": "2023-10-14 17:10",
        "id": "REF-0219",
        "groundedFromAnchor": "Panteón de Agripa",
        "computedScore": 85,
        "h3Index": "891e8050527ffff"
      }
    },
    {
      "type": "Feature",
      "geometry": {
        "type": "Point",
        "coordinates": [
          12.47666251670384,
          41.89897280612187
        ]
      },
      "properties": {
        "name": "Hotel Abruzzi",
        "title": "Alojamiento boutique frente a la fachada principal",
        "category": "hotel",
        "latitude": 41.89897280612187,
        "longitude": 12.47666251670384,
        "city": "Roma",
        "country": "Italia",
        "address": "Piazza della Rotonda, 69, 00186 Roma RM, Italia",
        "date": "2023-10-14 09:15",
        "id": "REF-0220",
        "groundedFromAnchor": "Panteón de Agripa",
        "computedScore": 81,
        "h3Index": "891e8050527ffff"
      }
    },
    {
      "type": "Feature",
      "geometry": {
        "type": "Point",
        "coordinates": [
          12.477072291283081,
          41.89828939831418
        ]
      },
      "properties": {
        "name": "Fontana del Pantheon",
        "title": "Fuente Monumental de la Piazza della Rotonda",
        "category": "monumento",
        "latitude": 41.89828939831418,
        "longitude": 12.477072291283081,
        "city": "Roma",
        "country": "Italia",
        "address": "Piazza della Rotonda, 00186 Roma RM, Italia",
        "date": "2023-10-15 11:30",
        "id": "REF-0221",
        "groundedFromAnchor": "Panteón de Agripa (41.898611, 12.476944)",
        "computedScore": 84,
        "h3Index": "891e8050527ffff"
      }
    },
    {
      "type": "Feature",
      "geometry": {
        "type": "Point",
        "coordinates": [
          12.476657539279056,
          41.89858641517434
        ]
      },
      "properties": {
        "name": "Ristorante Armando al Pantheon",
        "title": "Trattoria tradicional romana cerca de la fachada oeste",
        "category": "restaurante",
        "latitude": 41.89858641517434,
        "longitude": 12.476657539279056,
        "city": "Roma",
        "country": "Italia",
        "address": "Salita de' Crescenzi, 31, 00186 Roma RM, Italia",
        "date": "2023-10-15 12:15",
        "id": "REF-0222",
        "groundedFromAnchor": "Panteón de Agripa (41.898611, 12.476944)",
        "computedScore": 84,
        "h3Index": "891e8050527ffff"
      }
    },
    {
      "type": "Feature",
      "geometry": {
        "type": "Point",
        "coordinates": [
          12.476787673380889,
          41.898862860736244
        ]
      },
      "properties": {
        "name": "Hotel Sole al Pantheon",
        "title": "Hotel histórico con vistas a la fachada del Panteón",
        "category": "hotel",
        "latitude": 41.898862860736244,
        "longitude": 12.476787673380889,
        "city": "Roma",
        "country": "Italia",
        "address": "Piazza della Rotonda, 63, 00186 Roma RM, Italia",
        "date": "2023-10-15 14:00",
        "id": "REF-0223",
        "groundedFromAnchor": "Panteón de Agripa (41.898611, 12.476944)",
        "computedScore": 84,
        "h3Index": "891e8050527ffff"
      }
    },
    {
      "type": "Feature",
      "geometry": {
        "type": "Point",
        "coordinates": [
          12.476911028623844,
          41.89870533577883
        ]
      },
      "properties": {
        "name": "Pórtico del Panteón de Agripa",
        "title": "Pórtico Monumental con Columnas Corintias",
        "category": "monumento",
        "latitude": 41.89870533577883,
        "longitude": 12.476911028623844,
        "city": "Roma",
        "country": "Italia",
        "address": "Piazza della Rotonda, 00186 Roma RM, Italia",
        "date": "2023-10-15 15:45",
        "id": "REF-0224",
        "groundedFromAnchor": "Panteón de Agripa (41.898611, 12.476944)",
        "computedScore": 84,
        "h3Index": "891e8050527ffff"
      }
    },
    {
      "type": "Feature",
      "geometry": {
        "type": "Point",
        "coordinates": [
          12.477268852439169,
          41.8986526735606
        ]
      },
      "properties": {
        "name": "Antica Caffe della Rotonda",
        "title": "Cafetería y terraza histórica del costado este",
        "category": "restaurante",
        "latitude": 41.8986526735606,
        "longitude": 12.477268852439169,
        "city": "Roma",
        "country": "Italia",
        "address": "Piazza della Rotonda, 81, 00186 Roma RM, Italia",
        "date": "2023-10-15 16:30",
        "id": "REF-0225",
        "groundedFromAnchor": "Panteón de Agripa (41.898611, 12.476944)",
        "computedScore": 82,
        "h3Index": "891e8050527ffff"
      }
    },
    {
      "type": "Feature",
      "geometry": {
        "type": "Point",
        "coordinates": [
          12.476704324833621,
          41.898481593559055
        ]
      },
      "properties": {
        "name": "Piazza della Rotonda - Frente al Panteón",
        "title": "Entrada Principal de la Piazza della Rotonda",
        "category": "monumento",
        "latitude": 41.898481593559055,
        "longitude": 12.476704324833621,
        "city": "Roma",
        "country": "Italia",
        "address": "Piazza della Rotonda, 00186 Roma RM, Italia",
        "date": "2023-10-14 11:30",
        "id": "REF-0226",
        "groundedFromAnchor": "Panteón de Agripa",
        "computedScore": 85,
        "h3Index": "891e8050527ffff"
      }
    },
    {
      "type": "Feature",
      "geometry": {
        "type": "Point",
        "coordinates": [
          12.477199185058803,
          41.89840687966035
        ]
      },
      "properties": {
        "name": "Ristorante Di Rienzo",
        "title": "Terraza Gastronómica Piazza della Rotonda",
        "category": "restaurante",
        "latitude": 41.89840687966035,
        "longitude": 12.477199185058803,
        "city": "Roma",
        "country": "Italia",
        "address": "Piazza della Rotonda 8, 00186 Roma RM, Italia",
        "date": "2023-10-14 12:15",
        "id": "REF-0227",
        "groundedFromAnchor": "Panteón de Agripa",
        "computedScore": 85,
        "h3Index": "891e8050527ffff"
      }
    },
    {
      "type": "Feature",
      "geometry": {
        "type": "Point",
        "coordinates": [
          12.47683627308406,
          41.89858114422594
        ]
      },
      "properties": {
        "name": "Fuente del Panteón (Fontana del Pantheon)",
        "title": "Fuente y Obelisco Macuteyo",
        "category": "monumento",
        "latitude": 41.89858114422594,
        "longitude": 12.47683627308406,
        "city": "Roma",
        "country": "Italia",
        "address": "Piazza della Rotonda, 00186 Roma RM, Italia",
        "date": "2023-10-14 14:00",
        "id": "REF-0228",
        "groundedFromAnchor": "Panteón de Agripa",
        "computedScore": 83,
        "h3Index": "891e8050527ffff"
      }
    },
    {
      "type": "Feature",
      "geometry": {
        "type": "Point",
        "coordinates": [
          12.477127264469914,
          41.89855594381301
        ]
      },
      "properties": {
        "name": "Hotel Abruzzi",
        "title": "Alojamiento Histórico Vista Panteón",
        "category": "hotel",
        "latitude": 41.89855594381301,
        "longitude": 12.477127264469914,
        "city": "Roma",
        "country": "Italia",
        "address": "Piazza della Rotonda 69, 00186 Roma RM, Italia",
        "date": "2023-10-14 16:20",
        "id": "REF-0229",
        "groundedFromAnchor": "Panteón de Agripa",
        "computedScore": 84,
        "h3Index": "891e8050527ffff"
      }
    },
    {
      "type": "Feature",
      "geometry": {
        "type": "Point",
        "coordinates": [
          12.477131471614989,
          41.89838017023492
        ]
      },
      "properties": {
        "name": "Minerva Gelato & Coffee",
        "title": "Heladería Artesanal Via della Minerva",
        "category": "restaurante",
        "latitude": 41.89838017023492,
        "longitude": 12.477131471614989,
        "city": "Roma",
        "country": "Italia",
        "address": "Via della Minerva 5, 00186 Roma RM, Italia",
        "date": "2023-10-14 17:45",
        "id": "REF-0230",
        "groundedFromAnchor": "Panteón de Agripa",
        "computedScore": 81,
        "h3Index": "891e8050527ffff"
      }
    },
    {
      "type": "Feature",
      "geometry": {
        "type": "Point",
        "coordinates": [
          12.492217316010153,
          41.8901113800729
        ]
      },
      "properties": {
        "name": "Colosseo",
        "title": "NW",
        "category": "monumento",
        "latitude": 41.8901113800729,
        "longitude": 12.492217316010153,
        "city": "Roma",
        "country": "Roma",
        "address": "NW, Roma",
        "date": "2023-05-14 08:15",
        "id": "REF-0231",
        "groundedFromAnchor": "Colosseo",
        "computedScore": 85,
        "h3Index": "891e8050cd3ffff"
      }
    },
    {
      "type": "Feature",
      "geometry": {
        "type": "Point",
        "coordinates": [
          12.476854715366445,
          41.89898670176409
        ]
      },
      "properties": {
        "name": "Pantheon",
        "title": "SE",
        "category": "monumento",
        "latitude": 41.89898670176409,
        "longitude": 12.476854715366445,
        "city": "Roma",
        "country": "Roma",
        "address": "SE, Roma",
        "date": "2023-06-22 13:45",
        "id": "REF-0232",
        "groundedFromAnchor": "Pantheon",
        "computedScore": 85,
        "h3Index": "891e8050527ffff"
      }
    },
    {
      "type": "Feature",
      "geometry": {
        "type": "Point",
        "coordinates": [
          12.482913229775667,
          41.9005481851748
        ]
      },
      "properties": {
        "name": "Fontana di Trevi",
        "title": "NE",
        "category": "actividad",
        "latitude": 41.9005481851748,
        "longitude": 12.482913229775667,
        "city": "Roma",
        "country": "Roma",
        "address": "NE, Roma",
        "date": "2023-04-10 16:20",
        "id": "REF-0233",
        "groundedFromAnchor": "Fontana di Trevi",
        "computedScore": 81,
        "h3Index": "891e8052a57ffff"
      }
    },
    {
      "type": "Feature",
      "geometry": {
        "type": "Point",
        "coordinates": [
          12.485328974579284,
          41.89215805078092
        ]
      },
      "properties": {
        "name": "Foro Romano",
        "title": "SW",
        "category": "monumento",
        "latitude": 41.89215805078092,
        "longitude": 12.485328974579284,
        "city": "Roma",
        "country": "Roma",
        "address": "SW, Roma",
        "date": "2023-09-05 17:45",
        "id": "REF-0234",
        "groundedFromAnchor": "Foro Romano",
        "computedScore": 88,
        "h3Index": "891e80501b3ffff"
      }
    },
    {
      "type": "Feature",
      "geometry": {
        "type": "Point",
        "coordinates": [
          12.473414770094953,
          41.8995201422094
        ]
      },
      "properties": {
        "name": "Piazza Navona",
        "title": "NW",
        "category": "monumento",
        "latitude": 41.8995201422094,
        "longitude": 12.473414770094953,
        "city": "Roma",
        "country": "Roma",
        "address": "NW, Roma",
        "date": "2023-11-02 19:30",
        "id": "REF-0235",
        "groundedFromAnchor": "Piazza Navona",
        "computedScore": 86,
        "h3Index": "891e8050523ffff"
      }
    },
    {
      "type": "Feature",
      "geometry": {
        "type": "Point",
        "coordinates": [
          12.465929804483666,
          41.90302726020443
        ]
      },
      "properties": {
        "name": "Castel Sant'Angelo",
        "title": "SE",
        "category": "monumento",
        "latitude": 41.90302726020443,
        "longitude": 12.465929804483666,
        "city": "Roma",
        "country": "Roma",
        "address": "SE, Roma",
        "date": "2023-03-25 07:10",
        "id": "REF-0236",
        "groundedFromAnchor": "Castel Sant'Angelo",
        "computedScore": 86,
        "h3Index": "891e80505abffff"
      }
    },
    {
      "type": "Feature",
      "geometry": {
        "type": "Point",
        "coordinates": [
          12.491953709797599,
          41.88996450279718
        ]
      },
      "properties": {
        "name": "Colosseo",
        "title": "NE",
        "category": "monumento",
        "latitude": 41.88996450279718,
        "longitude": 12.491953709797599,
        "city": "Roma",
        "country": "Roma",
        "address": "NE, Roma",
        "date": "2023-05-14 10:05",
        "id": "REF-0237",
        "groundedFromAnchor": "Colosseo",
        "computedScore": 81,
        "h3Index": "891e80501a7ffff"
      }
    },
    {
      "type": "Feature",
      "geometry": {
        "type": "Point",
        "coordinates": [
          12.476905243604449,
          41.89837102837016
        ]
      },
      "properties": {
        "name": "Pantheon",
        "title": "NW",
        "category": "monumento",
        "latitude": 41.89837102837016,
        "longitude": 12.476905243604449,
        "city": "Roma",
        "country": "Roma",
        "address": "NW, Roma",
        "date": "2023-06-22 19:55",
        "id": "REF-0238",
        "groundedFromAnchor": "Pantheon",
        "computedScore": 83,
        "h3Index": "891e8050527ffff"
      }
    },
    {
      "type": "Feature",
      "geometry": {
        "type": "Point",
        "coordinates": [
          12.483114723407569,
          41.90067910661801
        ]
      },
      "properties": {
        "name": "Fontana di Trevi",
        "title": "SW",
        "category": "actividad",
        "latitude": 41.90067910661801,
        "longitude": 12.483114723407569,
        "city": "Roma",
        "country": "Roma",
        "address": "SW, Roma",
        "date": "2023-12-15 21:10",
        "id": "REF-0239",
        "groundedFromAnchor": "Fontana di Trevi",
        "computedScore": 80,
        "h3Index": "891e8052a57ffff"
      }
    },
    {
      "type": "Feature",
      "geometry": {
        "type": "Point",
        "coordinates": [
          12.485635129436426,
          41.89276439398801
        ]
      },
      "properties": {
        "name": "Foro Romano",
        "title": "NE",
        "category": "monumento",
        "latitude": 41.89276439398801,
        "longitude": 12.485635129436426,
        "city": "Roma",
        "country": "Roma",
        "address": "NE, Roma",
        "date": "2023-09-06 12:05",
        "id": "REF-0240",
        "groundedFromAnchor": "Foro Romano",
        "computedScore": 89,
        "h3Index": "891e8052a4fffff"
      }
    },
    {
      "type": "Feature",
      "geometry": {
        "type": "Point",
        "coordinates": [
          12.492587248576553,
          41.89059858737085
        ]
      },
      "properties": {
        "name": "Colosseo",
        "title": "NW",
        "category": "monumento",
        "latitude": 41.89059858737085,
        "longitude": 12.492587248576553,
        "city": "Roma",
        "country": "Roma",
        "address": "NW, Roma",
        "date": "2023-05-12 08:30",
        "id": "REF-0241",
        "groundedFromAnchor": "Colosseo",
        "computedScore": 125,
        "h3Index": "891e8052a6bffff"
      }
    },
    {
      "type": "Feature",
      "geometry": {
        "type": "Point",
        "coordinates": [
          12.476532051579506,
          41.8989508656097
        ]
      },
      "properties": {
        "name": "Pantheon",
        "title": "SE",
        "category": "monumento",
        "latitude": 41.8989508656097,
        "longitude": 12.476532051579506,
        "city": "Roma",
        "country": "Roma",
        "address": "SE, Roma",
        "date": "2023-06-15 12:00",
        "id": "REF-0242",
        "groundedFromAnchor": "Pantheon",
        "computedScore": 98,
        "h3Index": "891e8050527ffff"
      }
    },
    {
      "type": "Feature",
      "geometry": {
        "type": "Point",
        "coordinates": [
          12.483311785705112,
          41.90054833728151
        ]
      },
      "properties": {
        "name": "Fontana di Trevi",
        "title": "SW",
        "category": "actividad",
        "latitude": 41.90054833728151,
        "longitude": 12.483311785705112,
        "city": "Roma",
        "country": "Roma",
        "address": "SW, Roma",
        "date": "2023-09-02 16:45",
        "id": "REF-0243",
        "groundedFromAnchor": "Fontana di Trevi",
        "computedScore": 111,
        "h3Index": "891e8052a57ffff"
      }
    },
    {
      "type": "Feature",
      "geometry": {
        "type": "Point",
        "coordinates": [
          12.485314110635146,
          41.89259371677666
        ]
      },
      "properties": {
        "name": "Foro Romano",
        "title": "NE",
        "category": "monumento",
        "latitude": 41.89259371677666,
        "longitude": 12.485314110635146,
        "city": "Roma",
        "country": "Roma",
        "address": "NE, Roma",
        "date": "2023-04-20 18:15",
        "id": "REF-0244",
        "groundedFromAnchor": "Foro Romano",
        "computedScore": 169,
        "h3Index": "891e8052a4fffff"
      }
    },
    {
      "type": "Feature",
      "geometry": {
        "type": "Point",
        "coordinates": [
          12.473152652343638,
          41.89901421895687
        ]
      },
      "properties": {
        "name": "Piazza Navona",
        "title": "NW",
        "category": "monumento",
        "latitude": 41.89901421895687,
        "longitude": 12.473152652343638,
        "city": "Roma",
        "country": "Roma",
        "address": "NW, Roma",
        "date": "2023-11-10 14:30",
        "id": "REF-0245",
        "groundedFromAnchor": "Piazza Navona",
        "computedScore": 97,
        "h3Index": "891e8050523ffff"
      }
    },
    {
      "type": "Feature",
      "geometry": {
        "type": "Point",
        "coordinates": [
          12.46635511155827,
          41.90314179979807
        ]
      },
      "properties": {
        "name": "Castel Sant'Angelo",
        "title": "SE",
        "category": "monumento",
        "latitude": 41.90314179979807,
        "longitude": 12.46635511155827,
        "city": "Roma",
        "country": "Roma",
        "address": "SE, Roma",
        "date": "2023-01-25 07:45",
        "id": "REF-0246",
        "groundedFromAnchor": "Castel Sant'Angelo",
        "computedScore": 143,
        "h3Index": "891e80505abffff"
      }
    },
    {
      "type": "Feature",
      "geometry": {
        "type": "Point",
        "coordinates": [
          12.49216956878292,
          41.88997666760224
        ]
      },
      "properties": {
        "name": "Colosseo",
        "title": "SW",
        "category": "monumento",
        "latitude": 41.88997666760224,
        "longitude": 12.49216956878292,
        "city": "Roma",
        "country": "Roma",
        "address": "SW, Roma",
        "date": "2023-05-12 13:15",
        "id": "REF-0247",
        "groundedFromAnchor": "Colosseo",
        "computedScore": 115,
        "h3Index": "891e8050cd3ffff"
      }
    },
    {
      "type": "Feature",
      "geometry": {
        "type": "Point",
        "coordinates": [
          12.476991055219662,
          41.898252237771906
        ]
      },
      "properties": {
        "name": "Pantheon",
        "title": "NW",
        "category": "monumento",
        "latitude": 41.898252237771906,
        "longitude": 12.476991055219662,
        "city": "Roma",
        "country": "Roma",
        "address": "NW, Roma",
        "date": "2023-06-15 19:30",
        "id": "REF-0248",
        "groundedFromAnchor": "Pantheon",
        "computedScore": 123,
        "h3Index": "891e8050527ffff"
      }
    },
    {
      "type": "Feature",
      "geometry": {
        "type": "Point",
        "coordinates": [
          12.48359671022705,
          41.9012965591687
        ]
      },
      "properties": {
        "name": "Fontana di Trevi",
        "title": "NE",
        "category": "actividad",
        "latitude": 41.9012965591687,
        "longitude": 12.48359671022705,
        "city": "Roma",
        "country": "Roma",
        "address": "NE, Roma",
        "date": "2023-09-02 21:00",
        "id": "REF-0249",
        "groundedFromAnchor": "Fontana di Trevi",
        "computedScore": 81,
        "h3Index": "891e8052acfffff"
      }
    },
    {
      "type": "Feature",
      "geometry": {
        "type": "Point",
        "coordinates": [
          12.485297932642732,
          41.89284097142198
        ]
      },
      "properties": {
        "name": "Foro Romano",
        "title": "SW",
        "category": "monumento",
        "latitude": 41.89284097142198,
        "longitude": 12.485297932642732,
        "city": "Roma",
        "country": "Roma",
        "address": "SW, Roma",
        "date": "2023-04-21 09:00",
        "id": "REF-0250",
        "groundedFromAnchor": "Foro Romano",
        "computedScore": 184,
        "h3Index": "891e8052a4fffff"
      }
    },
    {
      "type": "Feature",
      "geometry": {
        "type": "Point",
        "coordinates": [
          12.492002579758658,
          41.8905030589379
        ]
      },
      "properties": {
        "name": "Colosseo",
        "title": "NW",
        "category": "monumento",
        "latitude": 41.8905030589379,
        "longitude": 12.492002579758658,
        "city": "Roma",
        "country": "Roma",
        "address": "NW, Roma",
        "date": "2023-05-14 08:23",
        "id": "REF-0251",
        "groundedFromAnchor": "Colosseo",
        "computedScore": 133,
        "h3Index": "891e8052a6bffff"
      }
    },
    {
      "type": "Feature",
      "geometry": {
        "type": "Point",
        "coordinates": [
          12.47693583440093,
          41.89834093251852
        ]
      },
      "properties": {
        "name": "Pantheon",
        "title": "SE",
        "category": "monumento",
        "latitude": 41.89834093251852,
        "longitude": 12.47693583440093,
        "city": "Roma",
        "country": "Roma",
        "address": "SE, Roma",
        "date": "2023-06-20 12:05",
        "id": "REF-0252",
        "groundedFromAnchor": "Pantheon",
        "computedScore": 91,
        "h3Index": "891e8050527ffff"
      }
    },
    {
      "type": "Feature",
      "geometry": {
        "type": "Point",
        "coordinates": [
          12.482930840732601,
          41.9007659415184
        ]
      },
      "properties": {
        "name": "Fontana di Trevi",
        "title": "NE",
        "category": "actividad",
        "latitude": 41.9007659415184,
        "longitude": 12.482930840732601,
        "city": "Roma",
        "country": "Roma",
        "address": "NE, Roma",
        "date": "2023-09-10 19:45",
        "id": "REF-0253",
        "groundedFromAnchor": "Fontana di Trevi",
        "computedScore": 81,
        "h3Index": "891e8052a57ffff"
      }
    },
    {
      "type": "Feature",
      "geometry": {
        "type": "Point",
        "coordinates": [
          12.485498015204668,
          41.89214026969625
        ]
      },
      "properties": {
        "name": "Foro Romano",
        "title": "Center",
        "category": "monumento",
        "latitude": 41.89214026969625,
        "longitude": 12.485498015204668,
        "city": "Roma",
        "country": "Roma",
        "address": "Center, Roma",
        "date": "2023-04-18 15:30",
        "id": "REF-0254",
        "groundedFromAnchor": "Foro Romano",
        "computedScore": 153,
        "h3Index": "891e80501b7ffff"
      }
    },
    {
      "type": "Feature",
      "geometry": {
        "type": "Point",
        "coordinates": [
          12.472725868988528,
          41.899458518826584
        ]
      },
      "properties": {
        "name": "Piazza Navona",
        "title": "SW",
        "category": "monumento",
        "latitude": 41.899458518826584,
        "longitude": 12.472725868988528,
        "city": "Roma",
        "country": "Roma",
        "address": "SW, Roma",
        "date": "2023-11-05 17:15",
        "id": "REF-0255",
        "groundedFromAnchor": "Piazza Navona",
        "computedScore": 92,
        "h3Index": "891e8050523ffff"
      }
    },
    {
      "type": "Feature",
      "geometry": {
        "type": "Point",
        "coordinates": [
          12.466198624266614,
          41.903223827177186
        ]
      },
      "properties": {
        "name": "Castel Sant'Angelo",
        "title": "South",
        "category": "monumento",
        "latitude": 41.903223827177186,
        "longitude": 12.466198624266614,
        "city": "Roma",
        "country": "Roma",
        "address": "South, Roma",
        "date": "2023-01-22 10:10",
        "id": "REF-0256",
        "groundedFromAnchor": "Castel Sant'Angelo",
        "computedScore": 125,
        "h3Index": "891e80505abffff"
      }
    },
    {
      "type": "Feature",
      "geometry": {
        "type": "Point",
        "coordinates": [
          12.491878941753201,
          41.89007665013701
        ]
      },
      "properties": {
        "name": "Colosseo",
        "title": "SE",
        "category": "monumento",
        "latitude": 41.89007665013701,
        "longitude": 12.491878941753201,
        "city": "Roma",
        "country": "Roma",
        "address": "SE, Roma",
        "date": "2023-07-15 22:45",
        "id": "REF-0257",
        "groundedFromAnchor": "Colosseo",
        "computedScore": 115,
        "h3Index": "891e80501a7ffff"
      }
    },
    {
      "type": "Feature",
      "geometry": {
        "type": "Point",
        "coordinates": [
          12.476670104093685,
          41.8982147561518
        ]
      },
      "properties": {
        "name": "Pantheon",
        "title": "West",
        "category": "monumento",
        "latitude": 41.8982147561518,
        "longitude": 12.476670104093685,
        "city": "Roma",
        "country": "Roma",
        "address": "West, Roma",
        "date": "2023-03-08 07:30",
        "id": "REF-0258",
        "groundedFromAnchor": "Pantheon",
        "computedScore": 100,
        "h3Index": "891e8050527ffff"
      }
    },
    {
      "type": "Feature",
      "geometry": {
        "type": "Point",
        "coordinates": [
          12.482974705063771,
          41.90062412372817
        ]
      },
      "properties": {
        "name": "Fontana di Trevi",
        "title": "South",
        "category": "actividad",
        "latitude": 41.90062412372817,
        "longitude": 12.482974705063771,
        "city": "Roma",
        "country": "Roma",
        "address": "South, Roma",
        "date": "2023-08-12 14:15",
        "id": "REF-0259",
        "groundedFromAnchor": "Fontana di Trevi",
        "computedScore": 82,
        "h3Index": "891e8052a57ffff"
      }
    },
    {
      "type": "Feature",
      "geometry": {
        "type": "Point",
        "coordinates": [
          12.484959493364647,
          41.892624375849046
        ]
      },
      "properties": {
        "name": "Foro Romano",
        "title": "North",
        "category": "monumento",
        "latitude": 41.892624375849046,
        "longitude": 12.484959493364647,
        "city": "Roma",
        "country": "Roma",
        "address": "North, Roma",
        "date": "2023-10-02 17:50",
        "id": "REF-0260",
        "groundedFromAnchor": "Foro Romano",
        "computedScore": 166,
        "h3Index": "891e8052a4fffff"
      }
    },
    {
      "type": "Feature",
      "geometry": {
        "type": "Point",
        "coordinates": [
          12.492313348748876,
          41.890016862635825
        ]
      },
      "properties": {
        "name": "Colosseo",
        "title": "NW",
        "category": "monumento",
        "latitude": 41.890016862635825,
        "longitude": 12.492313348748876,
        "city": "Roma",
        "country": "Roma",
        "address": "NW, Roma",
        "date": "2023-10-15 09:14",
        "id": "REF-0261",
        "groundedFromAnchor": "Colosseo",
        "computedScore": 113,
        "h3Index": "891e8050cd3ffff"
      }
    },
    {
      "type": "Feature",
      "geometry": {
        "type": "Point",
        "coordinates": [
          12.476520567123679,
          41.89844817130744
        ]
      },
      "properties": {
        "name": "Pantheon",
        "title": "SE",
        "category": "monumento",
        "latitude": 41.89844817130744,
        "longitude": 12.476520567123679,
        "city": "Roma",
        "country": "Roma",
        "address": "SE, Roma",
        "date": "2023-06-10 14:30",
        "id": "REF-0262",
        "groundedFromAnchor": "Pantheon",
        "computedScore": 88,
        "h3Index": "891e8050527ffff"
      }
    },
    {
      "type": "Feature",
      "geometry": {
        "type": "Point",
        "coordinates": [
          12.483424799981979,
          41.90085008667837
        ]
      },
      "properties": {
        "name": "Fontana di Trevi",
        "title": "NE",
        "category": "actividad",
        "latitude": 41.90085008667837,
        "longitude": 12.483424799981979,
        "city": "Roma",
        "country": "Roma",
        "address": "NE, Roma",
        "date": "2022-11-20 17:45",
        "id": "REF-0263",
        "groundedFromAnchor": "Fontana di Trevi",
        "computedScore": 97,
        "h3Index": "891e8052a57ffff"
      }
    },
    {
      "type": "Feature",
      "geometry": {
        "type": "Point",
        "coordinates": [
          12.4855982655883,
          41.8926230726636
        ]
      },
      "properties": {
        "name": "Foro Romano",
        "title": "SW",
        "category": "monumento",
        "latitude": 41.8926230726636,
        "longitude": 12.4855982655883,
        "city": "Roma",
        "country": "Roma",
        "address": "SW, Roma",
        "date": "2023-04-05 11:20",
        "id": "REF-0264",
        "groundedFromAnchor": "Foro Romano",
        "computedScore": 182,
        "h3Index": "891e8052a4fffff"
      }
    },
    {
      "type": "Feature",
      "geometry": {
        "type": "Point",
        "coordinates": [
          12.47302845019475,
          41.899490761021326
        ]
      },
      "properties": {
        "name": "Piazza Navona",
        "title": "Center",
        "category": "monumento",
        "latitude": 41.899490761021326,
        "longitude": 12.47302845019475,
        "city": "Roma",
        "country": "Roma",
        "address": "Center, Roma",
        "date": "2023-08-12 19:15",
        "id": "REF-0265",
        "groundedFromAnchor": "Piazza Navona",
        "computedScore": 79,
        "h3Index": "891e8050523ffff"
      }
    },
    {
      "type": "Feature",
      "geometry": {
        "type": "Point",
        "coordinates": [
          12.466586488699722,
          41.90266443539511
        ]
      },
      "properties": {
        "name": "Castel Sant'Angelo",
        "title": "NW",
        "category": "monumento",
        "latitude": 41.90266443539511,
        "longitude": 12.466586488699722,
        "city": "Roma",
        "country": "Roma",
        "address": "NW, Roma",
        "date": "2021-02-28 08:05",
        "id": "REF-0266",
        "groundedFromAnchor": "Castel Sant'Angelo",
        "computedScore": 127,
        "h3Index": "891e80505abffff"
      }
    },
    {
      "type": "Feature",
      "geometry": {
        "type": "Point",
        "coordinates": [
          12.49205569945827,
          41.88998594323902
        ]
      },
      "properties": {
        "name": "Colosseo",
        "title": "SW",
        "category": "monumento",
        "latitude": 41.88998594323902,
        "longitude": 12.49205569945827,
        "city": "Roma",
        "country": "Roma",
        "address": "SW, Roma",
        "date": "2023-10-15 09:18",
        "id": "REF-0267",
        "groundedFromAnchor": "Colosseo",
        "computedScore": 108,
        "h3Index": "891e80501a7ffff"
      }
    },
    {
      "type": "Feature",
      "geometry": {
        "type": "Point",
        "coordinates": [
          12.476579976350306,
          41.89899717419708
        ]
      },
      "properties": {
        "name": "Pantheon",
        "title": "N",
        "category": "monumento",
        "latitude": 41.89899717419708,
        "longitude": 12.476579976350306,
        "city": "Roma",
        "country": "Roma",
        "address": "N, Roma",
        "date": "2023-06-10 14:45",
        "id": "REF-0268",
        "groundedFromAnchor": "Pantheon",
        "computedScore": 81,
        "h3Index": "891e8050527ffff"
      }
    },
    {
      "type": "Feature",
      "geometry": {
        "type": "Point",
        "coordinates": [
          12.483595820305842,
          41.90064577850386
        ]
      },
      "properties": {
        "name": "Fontana di Trevi",
        "title": "S",
        "category": "actividad",
        "latitude": 41.90064577850386,
        "longitude": 12.483595820305842,
        "city": "Roma",
        "country": "Roma",
        "address": "S, Roma",
        "date": "2022-11-20 18:02",
        "id": "REF-0269",
        "groundedFromAnchor": "Fontana di Trevi",
        "computedScore": 80,
        "h3Index": "891e8052a57ffff"
      }
    },
    {
      "type": "Feature",
      "geometry": {
        "type": "Point",
        "coordinates": [
          12.485175947372815,
          41.892103958774754
        ]
      },
      "properties": {
        "name": "Foro Romano",
        "title": "SE",
        "category": "monumento",
        "latitude": 41.892103958774754,
        "longitude": 12.485175947372815,
        "city": "Roma",
        "country": "Roma",
        "address": "SE, Roma",
        "date": "2023-04-05 11:45",
        "id": "REF-0270",
        "groundedFromAnchor": "Foro Romano",
        "computedScore": 150,
        "h3Index": "891e80501b3ffff"
      }
    }
  ]
}